accident_id,latitude,longitude,date,time,weather,road_type,lighting,traffic_density,vehicle_type,speed_kmh,speed_limit_kmh,severity,datetime,hour,day_of_week,month,is_weekend,is_night,severity_code
ACC00001,28.629663976849912,77.18625331132084,2025-07-14,18:52:44,clear,highway,dusk_dawn,moderate,motorcycle,131.9,80,severe,2025-07-14 18:52:44,18,0,7,0,0,2
ACC00002,28.612939121448527,77.19105775055154,2022-10-12,11:04:22,cloudy,expressway,night_lit,heavy,motorcycle,87.9,97,minor,2022-10-12 11:04:22,11,2,10,0,0,0
ACC00003,28.64758795949725,77.19354600775291,2022-09-04,16:06:29,clear,expressway,night_unlit,low,motorcycle,106.8,94,fatal,2022-09-04 16:06:29,16,6,9,1,0,3
ACC00004,28.645555838708574,77.20005506344796,2024-06-07,18:34:00,clear,highway,dusk_dawn,heavy,car,77.6,81,moderate,2024-06-07 18:34:00,18,4,6,0,0,1
ACC00005,28.631320613951225,77.22799548453446,2024-11-06,22:33:00,clear,urban,night_unlit,heavy,car,28.9,45,severe,2024-11-06 22:33:00,22,2,11,0,1,2
ACC00006,28.65254482413936,77.2018904188928,2022-07-09,12:45:00,fog,rural,dusk_dawn,moderate,car,118.7,45,moderate,2022-07-09 12:45:00,12,5,7,1,0,1
ACC00007,28.63935018684504,77.21243674891922,2025-11-27,16:54:10,cloudy,urban,daylight,moderate,bus,57.7,47,minor,2025-11-27 16:54:10,16,3,11,0,0,0
ACC00008,28.61281415074233,77.24598456595572,2023-05-14,12:11:20,cloudy,expressway,night_unlit,low,motorcycle,95.9,90,moderate,2023-05-14 12:11:20,12,6,5,1,0,1
ACC00009,28.63737501568165,77.21287472057877,2024-12-20,18:20:03,rain,highway,dusk_dawn,moderate,motorcycle,70.6,85,moderate,2024-12-20 18:20:03,18,4,12,0,0,1
ACC00010,28.61082234798342,77.23475031136934,2025-05-19,20:51:09,cloudy,rural,night_unlit,low,truck,114.9,80,fatal,2025-05-19 20:51:09,20,0,5,0,1,3
ACC00011,28.647569006026146,77.2013276463998,2022-03-01,21:03:50,cloudy,urban,night_lit,low,car,71.7,59,severe,2022-03-01 21:03:50,21,1,3,0,1,2
ACC00012,28.629001481780275,77.21589124884265,2025-11-21,08:49:51,cloudy,highway,dusk_dawn,low,car,99.9,78,moderate,2025-11-21 08:49:51,8,4,11,0,0,1
ACC00013,28.62630275272909,77.20099955890178,2026-05-13,08:56:17,clear,rural,night_unlit,moderate,motorcycle,59.8,78,moderate,2026-05-13 08:56:17,8,2,5,0,0,1
ACC00014,28.61638140911192,77.21321933848199,2026-04-24,18:05:56,cloudy,highway,dusk_dawn,low,bus,96.8,64,severe,2026-04-24 18:05:56,18,4,4,0,0,2
ACC00015,28.65445082677348,77.23680616274915,2022-08-18,16:08:07,clear,highway,daylight,moderate,bus,62.1,60,severe,2022-08-18 16:08:07,16,3,8,0,0,2
ACC00016,28.62690941035862,77.18545359153615,2023-10-07,20:41:01,heavy_rain,highway,night_lit,moderate,car,67.3,69,moderate,2023-10-07 20:41:01,20,5,10,1,1,1
ACC00017,28.621433443556736,77.22868847287091,2023-01-17,10:28:21,cloudy,highway,dusk_dawn,low,car,105.1,89,minor,2023-01-17 10:28:21,10,1,1,0,0,0
ACC00018,28.622957328990235,77.22475471204665,2024-01-11,19:59:15,clear,highway,dusk_dawn,moderate,motorcycle,117.3,89,fatal,2024-01-11 19:59:15,19,3,1,0,0,3
ACC00019,28.640646183711063,77.20811700088606,2026-05-20,17:32:04,cloudy,urban,night_lit,low,car,24.7,59,severe,2026-05-20 17:32:04,17,2,5,0,0,2
ACC00020,28.63730888128728,77.19107884291223,2025-06-07,08:39:50,clear,highway,night_lit,low,auto,112.9,84,moderate,2025-06-07 08:39:50,8,5,6,1,0,1
ACC00021,28.63825465223192,77.22144259015428,2025-06-20,07:14:58,cloudy,highway,dusk_dawn,low,car,117.6,90,severe,2025-06-20 07:14:58,7,4,6,0,0,2
ACC00022,28.63861642006016,77.20941014581872,2023-11-24,17:19:16,heavy_rain,highway,daylight,low,car,98.3,92,severe,2023-11-24 17:19:16,17,4,11,0,0,2
ACC00023,28.67283295201741,77.2246535242271,2026-03-18,08:10:18,rain,rural,daylight,moderate,car,115.7,75,moderate,2026-03-18 08:10:18,8,2,3,0,0,1
ACC00024,28.621871699672308,77.22043704291046,2026-02-19,18:08:43,rain,highway,dusk_dawn,low,bus,87.2,85,severe,2026-02-19 18:08:43,18,3,2,0,0,2
ACC00025,28.61975514541857,77.25203557782642,2025-08-17,15:06:55,cloudy,rural,daylight,moderate,motorcycle,33.5,62,minor,2025-08-17 15:06:55,15,6,8,1,0,0
ACC00026,28.61372454543504,77.21521288745053,2025-08-30,13:53:17,cloudy,highway,daylight,heavy,car,115.0,79,moderate,2025-08-30 13:53:17,13,5,8,1,0,1
ACC00027,28.64231958845151,77.19953005014756,2024-12-06,09:04:40,clear,highway,night_lit,moderate,motorcycle,81.7,68,severe,2024-12-06 09:04:40,9,4,12,0,0,2
ACC00028,28.652579445854418,77.22358551269913,2022-06-06,23:30:01,cloudy,urban,night_lit,moderate,car,73.7,48,severe,2022-06-06 23:30:01,23,0,6,0,1,2
ACC00029,28.6277210508469,77.22439993367944,2023-04-13,17:30:33,cloudy,urban,daylight,heavy,car,44.2,50,moderate,2023-04-13 17:30:33,17,3,4,0,0,1
ACC00030,28.613196870460747,77.2471837515048,2025-06-16,18:03:59,clear,urban,dusk_dawn,heavy,auto,21.7,46,minor,2025-06-16 18:03:59,18,0,6,0,0,0
ACC00031,28.61351037568617,77.23670222491829,2023-06-21,18:50:28,clear,rural,dusk_dawn,moderate,truck,104.6,72,severe,2023-06-21 18:50:28,18,2,6,0,0,2
ACC00032,28.64301185575649,77.22713742118299,2022-10-11,16:30:38,clear,highway,daylight,moderate,motorcycle,110.3,64,minor,2022-10-11 16:30:38,16,1,10,0,0,0
ACC00033,28.64486508342407,77.24926605782439,2026-04-05,21:07:41,clear,highway,night_lit,low,motorcycle,67.3,64,moderate,2026-04-05 21:07:41,21,6,4,1,1,1
ACC00034,28.640863085366103,77.19622473891354,2024-03-12,16:07:37,clear,rural,daylight,moderate,motorcycle,107.4,80,moderate,2024-03-12 16:07:37,16,1,3,0,0,1
ACC00035,28.616689805854225,77.207204969345,2025-11-14,14:42:41,cloudy,highway,night_unlit,moderate,truck,103.0,64,fatal,2025-11-14 14:42:41,14,4,11,0,0,3
ACC00036,28.63464322646133,77.20146848117189,2023-04-12,09:37:53,cloudy,rural,night_lit,heavy,car,52.6,59,minor,2023-04-12 09:37:53,9,2,4,0,0,0
ACC00037,28.632333716182814,77.21220380393689,2023-08-14,09:24:00,cloudy,urban,night_lit,heavy,truck,25.0,41,severe,2023-08-14 09:24:00,9,0,8,0,0,2
ACC00038,28.63437377193458,77.19246627704888,2023-07-18,18:24:53,clear,highway,dusk_dawn,low,motorcycle,117.5,90,moderate,2023-07-18 18:24:53,18,1,7,0,0,1
ACC00039,28.64742857555896,77.23270301893629,2023-09-05,10:02:54,cloudy,highway,night_lit,heavy,car,85.3,87,moderate,2023-09-05 10:02:54,10,1,9,0,0,1
ACC00040,28.63447191097549,77.21555554605803,2023-12-20,17:01:54,rain,urban,night_lit,heavy,car,20.0,34,moderate,2023-12-20 17:01:54,17,2,12,0,0,1
ACC00041,28.64357827126144,77.19058387410995,2023-05-04,21:32:22,clear,urban,night_unlit,moderate,bus,55.5,50,moderate,2023-05-04 21:32:22,21,3,5,0,1,1
ACC00042,28.631351581389776,77.19968841837584,2025-08-29,13:21:34,clear,expressway,night_lit,heavy,auto,133.5,80,moderate,2025-08-29 13:21:34,13,4,8,0,0,1
ACC00043,28.6357823879738,77.22627027694901,2023-06-20,06:15:21,cloudy,highway,dusk_dawn,moderate,car,65.8,86,minor,2023-06-20 06:15:21,6,1,6,0,0,0
ACC00044,28.64262576451677,77.23676253135788,2023-12-26,17:22:50,clear,expressway,daylight,moderate,car,81.3,83,fatal,2023-12-26 17:22:50,17,1,12,0,0,3
ACC00045,28.600856883602887,77.25993461783384,2025-11-14,01:36:24,clear,highway,night_unlit,heavy,truck,114.1,80,severe,2025-11-14 01:36:24,1,4,11,0,1,2
ACC00046,28.62360657567285,77.27827724932014,2023-12-19,18:17:18,cloudy,highway,dusk_dawn,low,truck,126.1,82,fatal,2023-12-19 18:17:18,18,1,12,0,0,3
ACC00047,28.620592546914143,77.22828818866552,2022-01-18,15:20:41,clear,urban,daylight,heavy,motorcycle,36.2,56,minor,2022-01-18 15:20:41,15,1,1,0,0,0
ACC00048,28.61722244303513,77.20020923759937,2022-01-01,14:16:02,rain,expressway,night_unlit,heavy,bus,69.1,82,moderate,2022-01-01 14:16:02,14,5,1,1,0,1
ACC00049,28.624497154975465,77.17735907438538,2023-12-17,15:39:22,rain,urban,daylight,heavy,bus,48.1,51,moderate,2023-12-17 15:39:22,15,6,12,1,0,1
ACC00050,28.659898826224687,77.22535422924688,2024-11-30,14:03:12,cloudy,rural,night_unlit,low,car,92.1,80,fatal,2024-11-30 14:03:12,14,5,11,1,0,3
ACC00051,28.612683377686132,77.2037411780938,2026-03-29,10:55:22,cloudy,urban,night_lit,moderate,car,63.7,39,moderate,2026-03-29 10:55:22,10,6,3,1,0,1
ACC00052,28.649365567091827,77.21169285479641,2022-08-03,09:33:26,fog,rural,daylight,low,car,81.7,73,moderate,2022-08-03 09:33:26,9,2,8,0,0,1
ACC00053,28.59634260456768,77.2077580640188,2024-06-10,12:14:03,cloudy,rural,daylight,heavy,bus,64.1,65,minor,2024-06-10 12:14:03,12,0,6,0,0,0
ACC00054,28.623302299400283,77.21718418227167,2023-04-20,20:45:51,storm,urban,night_lit,moderate,motorcycle,45.2,48,severe,2023-04-20 20:45:51,20,3,4,0,1,2
ACC00055,28.633255061302098,77.24131960461575,2024-01-10,07:56:24,rain,urban,daylight,moderate,auto,31.8,42,moderate,2024-01-10 07:56:24,7,2,1,0,0,1
ACC00056,28.641724446627183,77.22314097134891,2023-12-28,10:03:21,clear,urban,night_unlit,heavy,truck,70.3,60,severe,2023-12-28 10:03:21,10,3,12,0,0,2
ACC00057,28.644224531595857,77.21682730325922,2023-05-28,08:12:08,clear,expressway,daylight,moderate,truck,67.9,95,moderate,2023-05-28 08:12:08,8,6,5,1,0,1
ACC00058,28.645866944704,77.19928692494348,2022-01-30,12:08:59,clear,urban,daylight,moderate,car,32.4,45,moderate,2022-01-30 12:08:59,12,6,1,1,0,1
ACC00059,28.62302549855503,77.18650634110591,2022-05-02,07:04:51,rain,highway,night_lit,moderate,car,97.2,70,minor,2022-05-02 07:04:51,7,0,5,0,0,0
ACC00060,28.620752964146707,77.21027384181853,2024-05-07,18:44:28,clear,rural,dusk_dawn,moderate,auto,43.8,77,severe,2024-05-07 18:44:28,18,1,5,0,0,2
ACC00061,28.64715951762514,77.21892434898363,2023-01-04,07:11:20,rain,urban,daylight,heavy,motorcycle,63.5,44,moderate,2023-01-04 07:11:20,7,2,1,0,0,1
ACC00062,28.626173913502367,77.2553585982716,2023-06-21,17:23:28,cloudy,urban,night_lit,heavy,auto,61.3,59,minor,2023-06-21 17:23:28,17,2,6,0,0,0
ACC00063,28.60448627353324,77.22260549042946,2022-05-29,09:48:57,rain,urban,daylight,low,car,68.1,35,minor,2022-05-29 09:48:57,9,6,5,1,0,0
ACC00064,28.60733425571993,77.23965479022046,2022-03-23,13:36:13,rain,highway,daylight,moderate,motorcycle,87.6,60,minor,2022-03-23 13:36:13,13,2,3,0,0,0
ACC00065,28.611610954279968,77.21001408802921,2022-07-28,08:40:41,clear,urban,night_lit,moderate,motorcycle,46.7,38,severe,2022-07-28 08:40:41,8,3,7,0,0,2
ACC00066,28.639943214881075,77.19630112467166,2023-09-12,17:05:54,clear,highway,dusk_dawn,low,car,104.0,94,moderate,2023-09-12 17:05:54,17,1,9,0,0,1
ACC00067,28.63284851472141,77.20069766475535,2022-09-26,21:58:45,cloudy,rural,night_unlit,heavy,motorcycle,120.0,56,moderate,2022-09-26 21:58:45,21,0,9,0,1,1
ACC00068,28.643809707081356,77.20549547870928,2023-01-16,08:04:52,rain,urban,night_lit,moderate,bus,75.7,36,severe,2023-01-16 08:04:52,8,0,1,0,0,2
ACC00069,28.621454947073268,77.26256939464871,2023-05-11,21:42:56,rain,rural,night_unlit,low,motorcycle,139.1,48,fatal,2023-05-11 21:42:56,21,3,5,0,1,3
ACC00070,28.63317079382153,77.2035722664155,2023-04-24,10:38:03,cloudy,highway,daylight,moderate,motorcycle,127.4,85,moderate,2023-04-24 10:38:03,10,0,4,0,0,1
ACC00071,28.642511807879345,77.23676978407472,2022-01-19,15:24:14,rain,expressway,night_unlit,moderate,truck,83.1,85,severe,2022-01-19 15:24:14,15,2,1,0,0,2
ACC00072,28.623813069205596,77.20194145643826,2022-07-12,17:50:08,cloudy,urban,daylight,heavy,truck,27.3,51,severe,2022-07-12 17:50:08,17,1,7,0,0,2
ACC00073,28.63913550475115,77.23863146025748,2026-04-10,08:53:34,clear,urban,night_unlit,low,truck,52.2,51,moderate,2026-04-10 08:53:34,8,4,4,0,0,1
ACC00074,28.616761481178667,77.22769901932212,2025-01-01,13:04:24,heavy_rain,expressway,night_lit,low,motorcycle,60.8,96,moderate,2025-01-01 13:04:24,13,2,1,0,0,1
ACC00075,28.6227389230687,77.21686724204683,2022-07-23,06:57:02,cloudy,urban,night_lit,low,motorcycle,62.4,51,minor,2022-07-23 06:57:02,6,5,7,1,0,0
ACC00076,28.622365242120036,77.2191847494773,2023-04-11,17:14:33,rain,expressway,dusk_dawn,moderate,motorcycle,113.7,95,moderate,2023-04-11 17:14:33,17,1,4,0,0,1
ACC00077,28.60608320708822,77.20690424609141,2023-09-22,12:47:06,clear,urban,daylight,heavy,auto,71.9,58,minor,2023-09-22 12:47:06,12,4,9,0,0,0
ACC00078,28.63973944961571,77.22892144402964,2026-01-27,20:49:24,cloudy,highway,daylight,moderate,bus,105.0,98,minor,2026-01-27 20:49:24,20,1,1,0,1,0
ACC00079,28.620611953195944,77.21090033039319,2025-12-15,09:33:21,clear,urban,night_lit,low,motorcycle,58.9,30,moderate,2025-12-15 09:33:21,9,0,12,0,0,1
ACC00080,28.630249882374557,77.19548788472466,2025-06-19,21:51:53,cloudy,rural,night_unlit,moderate,car,51.0,79,minor,2025-06-19 21:51:53,21,3,6,0,1,0
ACC00081,28.63961493317812,77.19444124851361,2022-06-24,07:49:40,clear,urban,dusk_dawn,moderate,bus,59.7,37,minor,2022-06-24 07:49:40,7,4,6,0,0,0
ACC00082,28.6389306235206,77.22345175835444,2024-03-16,16:31:37,rain,rural,dusk_dawn,heavy,car,103.1,60,fatal,2024-03-16 16:31:37,16,5,3,1,0,3
ACC00083,28.643307702179456,77.25158182512821,2024-03-05,10:10:49,clear,highway,daylight,low,car,101.2,91,minor,2024-03-05 10:10:49,10,1,3,0,0,0
ACC00084,28.62803029030981,77.22319983227146,2024-11-12,08:26:10,clear,urban,daylight,heavy,motorcycle,77.7,42,severe,2024-11-12 08:26:10,8,1,11,0,0,2
ACC00085,28.621534033759115,77.2176272334778,2025-10-19,06:54:15,clear,rural,dusk_dawn,moderate,truck,21.5,68,severe,2025-10-19 06:54:15,6,6,10,1,0,2
ACC00086,28.62840563578187,77.22571652279206,2023-06-12,17:12:45,cloudy,expressway,daylight,moderate,car,122.7,97,minor,2023-06-12 17:12:45,17,0,6,0,0,0
ACC00087,19.096120034834136,72.88655976353594,2024-07-03,09:59:44,cloudy,highway,daylight,moderate,car,128.0,75,minor,2024-07-03 09:59:44,9,2,7,0,0,0
ACC00088,19.07438765002728,72.86406858092931,2023-03-10,15:10:01,rain,highway,daylight,low,truck,71.6,79,moderate,2023-03-10 15:10:01,15,4,3,0,0,1
ACC00089,19.06178145538333,72.87133091631719,2022-12-12,22:39:13,rain,highway,night_lit,low,truck,126.6,75,minor,2022-12-12 22:39:13,22,0,12,0,1,0
ACC00090,19.0921257742012,72.85605152353399,2023-05-30,10:38:13,cloudy,highway,night_unlit,heavy,car,103.3,62,severe,2023-05-30 10:38:13,10,1,5,0,0,2
ACC00091,19.078575128769234,72.8897916786919,2025-04-22,03:11:00,cloudy,rural,daylight,moderate,car,97.5,75,minor,2025-04-22 03:11:00,3,1,4,0,1,0
ACC00092,19.10071511983992,72.8464339275377,2023-12-20,07:28:39,clear,urban,dusk_dawn,moderate,truck,44.7,36,minor,2023-12-20 07:28:39,7,2,12,0,0,0
ACC00093,19.07366468874444,72.88564700684836,2025-01-23,07:08:03,cloudy,highway,dusk_dawn,moderate,car,129.7,68,moderate,2025-01-23 07:08:03,7,3,1,0,0,1
ACC00094,19.04551061936559,72.8661869788499,2025-02-08,13:21:50,heavy_rain,rural,night_lit,low,car,106.9,46,minor,2025-02-08 13:21:50,13,5,2,1,0,0
ACC00095,19.042636816015087,72.89342494186936,2023-08-18,18:57:35,cloudy,rural,dusk_dawn,moderate,auto,22.9,73,minor,2023-08-18 18:57:35,18,4,8,0,0,0
ACC00096,19.103018558644624,72.88501737977462,2026-04-18,10:03:45,fog,urban,night_lit,moderate,motorcycle,52.0,31,moderate,2026-04-18 10:03:45,10,5,4,1,0,1
ACC00097,19.104473314415667,72.90641292315294,2022-03-18,07:52:29,clear,expressway,dusk_dawn,low,motorcycle,105.4,98,moderate,2022-03-18 07:52:29,7,4,3,0,0,1
ACC00098,19.066409615734347,72.88461549382278,2026-01-12,16:40:58,rain,urban,night_lit,heavy,motorcycle,60.4,37,severe,2026-01-12 16:40:58,16,0,1,0,0,2
ACC00099,19.06233625357728,72.83855919488694,2022-01-13,10:44:16,rain,highway,daylight,low,truck,131.5,71,moderate,2022-01-13 10:44:16,10,3,1,0,0,1
ACC00100,19.099228885844845,72.86866093654204,2023-09-20,15:16:33,rain,rural,night_lit,moderate,motorcycle,36.3,68,severe,2023-09-20 15:16:33,15,2,9,0,0,2
ACC00101,19.04785908635913,72.8465598561481,2025-09-17,21:56:00,rain,highway,night_unlit,moderate,truck,126.6,96,fatal,2025-09-17 21:56:00,21,2,9,0,1,3
ACC00102,19.052105459620883,72.85963440315268,2025-01-28,09:15:49,clear,expressway,dusk_dawn,heavy,truck,86.1,82,fatal,2025-01-28 09:15:49,9,1,1,0,0,3
ACC00103,19.082866535893785,72.90022456866554,2023-06-12,14:30:34,rain,urban,night_lit,heavy,car,36.1,34,minor,2023-06-12 14:30:34,14,0,6,0,0,0
ACC00104,19.06210789754281,72.88275067621795,2025-12-25,18:02:10,cloudy,expressway,dusk_dawn,moderate,motorcycle,111.5,93,moderate,2025-12-25 18:02:10,18,3,12,0,0,1
ACC00105,19.0698975626656,72.85602139142843,2022-08-15,17:53:49,cloudy,highway,night_lit,moderate,car,105.4,67,severe,2022-08-15 17:53:49,17,0,8,0,0,2
ACC00106,19.06673114202951,72.8497256526712,2025-01-06,18:42:59,clear,urban,dusk_dawn,heavy,truck,43.2,59,severe,2025-01-06 18:42:59,18,0,1,0,0,2
ACC00107,19.07675149097598,72.87065564185752,2024-05-01,18:09:04,clear,rural,dusk_dawn,moderate,truck,92.8,76,severe,2024-05-01 18:09:04,18,2,5,0,0,2
ACC00108,19.098149637226275,72.84566879701238,2022-12-07,15:39:50,heavy_rain,rural,daylight,low,truck,135.0,48,moderate,2022-12-07 15:39:50,15,2,12,0,0,1
ACC00109,19.071811698138035,72.85657719445207,2026-02-21,15:10:44,clear,rural,daylight,heavy,motorcycle,73.8,79,moderate,2026-02-21 15:10:44,15,5,2,1,0,1
ACC00110,19.082878775865534,72.87624018943103,2025-06-10,17:26:21,clear,highway,dusk_dawn,moderate,motorcycle,102.8,61,minor,2025-06-10 17:26:21,17,1,6,0,0,0
ACC00111,19.02899655797938,72.89310624072213,2022-01-14,17:30:38,clear,urban,night_lit,low,truck,61.3,32,minor,2022-01-14 17:30:38,17,4,1,0,0,0
ACC00112,19.0690256319614,72.8821752294445,2022-05-23,17:55:47,cloudy,urban,night_lit,heavy,car,43.7,36,moderate,2022-05-23 17:55:47,17,0,5,0,0,1
ACC00113,19.053135394594143,72.82417420982804,2022-04-03,11:19:28,rain,highway,night_lit,heavy,auto,68.8,85,minor,2022-04-03 11:19:28,11,6,4,1,0,0
ACC00114,19.045623738791527,72.8760873345806,2023-11-14,19:00:39,fog,urban,night_lit,low,motorcycle,74.5,37,minor,2023-11-14 19:00:39,19,1,11,0,0,0
ACC00115,19.052436952661424,72.87144067146465,2023-11-16,09:25:02,cloudy,rural,daylight,moderate,motorcycle,131.2,45,minor,2023-11-16 09:25:02,9,3,11,0,0,0
ACC00116,19.063317531185984,72.87827780570746,2025-04-03,07:55:55,clear,urban,dusk_dawn,low,truck,54.1,52,severe,2025-04-03 07:55:55,7,3,4,0,0,2
ACC00117,19.08831805084712,72.90232419363304,2025-01-14,11:47:55,clear,highway,night_unlit,heavy,truck,61.9,72,severe,2025-01-14 11:47:55,11,1,1,0,0,2
ACC00118,19.043472145645207,72.8287352344639,2022-01-25,09:03:12,clear,rural,daylight,heavy,motorcycle,33.7,51,moderate,2022-01-25 09:03:12,9,1,1,0,0,1
ACC00119,19.07061262985189,72.85817793149619,2024-02-21,17:03:28,cloudy,expressway,daylight,heavy,motorcycle,87.4,89,severe,2024-02-21 17:03:28,17,2,2,0,0,2
ACC00120,19.060316611333327,72.88181812645587,2025-07-12,09:45:14,storm,urban,night_lit,low,motorcycle,61.7,51,severe,2025-07-12 09:45:14,9,5,7,1,0,2
ACC00121,19.06344653811276,72.83836811201093,2026-01-13,17:43:23,clear,rural,daylight,low,motorcycle,84.0,61,minor,2026-01-13 17:43:23,17,1,1,0,0,0
ACC00122,19.090055156506093,72.89951898096108,2023-04-25,14:33:16,clear,rural,dusk_dawn,moderate,motorcycle,116.5,63,severe,2023-04-25 14:33:16,14,1,4,0,0,2
ACC00123,19.08076230874008,72.87736713225402,2022-03-14,07:05:51,rain,highway,dusk_dawn,low,truck,99.8,64,minor,2022-03-14 07:05:51,7,0,3,0,0,0
ACC00124,19.096747962148854,72.88693167971687,2022-09-09,09:16:41,cloudy,rural,dusk_dawn,low,car,59.5,75,minor,2022-09-09 09:16:41,9,4,9,0,0,0
ACC00125,19.066909886415,72.85858112676956,2023-07-13,14:50:50,rain,expressway,night_unlit,low,truck,104.2,96,moderate,2023-07-13 14:50:50,14,3,7,0,0,1
ACC00126,19.056081147766587,72.88627527379933,2023-12-29,17:08:47,cloudy,rural,night_unlit,heavy,car,62.7,46,severe,2023-12-29 17:08:47,17,4,12,0,0,2
ACC00127,19.06552282366239,72.89136943111978,2023-07-31,12:12:43,clear,highway,dusk_dawn,moderate,truck,101.4,75,moderate,2023-07-31 12:12:43,12,0,7,0,0,1
ACC00128,19.074849935825423,72.87465756040275,2022-05-29,09:27:09,cloudy,urban,night_unlit,heavy,car,29.7,56,minor,2022-05-29 09:27:09,9,6,5,1,0,0
ACC00129,19.07353146716908,72.87468801785398,2023-07-13,10:44:49,clear,rural,daylight,low,motorcycle,75.2,78,moderate,2023-07-13 10:44:49,10,3,7,0,0,1
ACC00130,19.048312238555333,72.87540686478565,2023-04-22,06:49:46,rain,urban,dusk_dawn,heavy,car,78.2,34,severe,2023-04-22 06:49:46,6,5,4,1,0,2
ACC00131,19.07180979563256,72.85273309470521,2024-03-11,02:35:07,clear,highway,night_lit,moderate,car,71.7,61,severe,2024-03-11 02:35:07,2,0,3,0,1,2
ACC00132,19.074564566602778,72.8670494263952,2022-05-10,22:29:05,cloudy,highway,night_lit,moderate,motorcycle,125.4,78,minor,2022-05-10 22:29:05,22,1,5,0,1,0
ACC00133,19.12034948075068,72.86694954935096,2025-07-22,06:23:45,fog,rural,dusk_dawn,moderate,motorcycle,40.5,61,severe,2025-07-22 06:23:45,6,1,7,0,0,2
ACC00134,19.107536892225635,72.87766787728708,2023-11-16,07:02:23,cloudy,urban,daylight,heavy,motorcycle,79.7,56,minor,2023-11-16 07:02:23,7,3,11,0,0,0
ACC00135,19.052935132988825,72.88999648493821,2023-06-06,19:16:19,clear,expressway,dusk_dawn,low,auto,117.6,81,severe,2023-06-06 19:16:19,19,1,6,0,0,2
ACC00136,19.064252332769016,72.84882927836044,2026-01-28,17:12:23,fog,urban,daylight,heavy,car,60.2,42,minor,2026-01-28 17:12:23,17,2,1,0,0,0
ACC00137,19.04073115996326,72.86749981939361,2025-05-07,13:03:52,clear,rural,daylight,moderate,motorcycle,137.8,67,fatal,2025-05-07 13:03:52,13,2,5,0,0,3
ACC00138,19.05818585972073,72.89962911095319,2022-08-13,16:44:21,rain,highway,night_unlit,moderate,motorcycle,129.1,93,moderate,2022-08-13 16:44:21,16,5,8,1,0,1
ACC00139,19.076312100071807,72.85512823542375,2022-08-29,21:21:22,clear,rural,night_lit,heavy,truck,117.8,43,moderate,2022-08-29 21:21:22,21,0,8,0,1,1
ACC00140,19.094117072417767,72.8535549996542,2022-01-04,06:30:23,heavy_rain,rural,dusk_dawn,heavy,car,118.6,47,severe,2022-01-04 06:30:23,6,1,1,0,0,2
ACC00141,19.055418323245128,72.87404612383664,2024-07-09,09:12:03,clear,urban,dusk_dawn,moderate,motorcycle,32.6,55,moderate,2024-07-09 09:12:03,9,1,7,0,0,1
ACC00142,19.056917071198644,72.8868877038097,2023-08-06,19:35:02,clear,highway,daylight,moderate,truck,130.7,83,moderate,2023-08-06 19:35:02,19,6,8,1,0,1
ACC00143,19.027054219405223,72.87022852111122,2023-09-08,18:08:24,fog,expressway,dusk_dawn,moderate,motorcycle,126.6,89,moderate,2023-09-08 18:08:24,18,4,9,0,0,1
ACC00144,19.066746681589105,72.89657921180874,2024-04-16,23:40:01,cloudy,rural,night_lit,heavy,bus,112.0,57,moderate,2024-04-16 23:40:01,23,1,4,0,1,1
ACC00145,19.048751711762808,72.88713587965134,2024-06-04,10:44:45,clear,urban,night_lit,heavy,car,52.6,47,minor,2024-06-04 10:44:45,10,1,6,0,0,0
ACC00146,19.05941121145268,72.8868364013378,2022-01-02,21:18:25,clear,urban,night_unlit,heavy,car,25.9,45,moderate,2022-01-02 21:18:25,21,6,1,1,1,1
ACC00147,19.05246278443665,72.88108233002649,2022-06-26,11:12:30,clear,expressway,night_unlit,heavy,motorcycle,113.1,100,severe,2022-06-26 11:12:30,11,6,6,1,0,2
ACC00148,19.068114748914947,72.91655306200693,2025-07-19,17:46:20,clear,rural,night_lit,moderate,car,87.0,62,minor,2025-07-19 17:46:20,17,5,7,1,0,0
ACC00149,19.03484543217287,72.86589676622269,2026-04-15,20:13:45,cloudy,urban,night_unlit,heavy,motorcycle,23.3,36,minor,2026-04-15 20:13:45,20,2,4,0,1,0
ACC00150,19.04065909509218,72.82992955415867,2025-10-06,08:10:25,cloudy,urban,night_unlit,low,car,38.2,31,severe,2025-10-06 08:10:25,8,0,10,0,0,2
ACC00151,19.112584942240566,72.90208508723035,2026-01-28,08:20:02,fog,highway,daylight,moderate,motorcycle,95.2,97,moderate,2026-01-28 08:20:02,8,2,1,0,0,1
ACC00152,19.04425154837452,72.86084601138087,2024-02-01,16:57:29,rain,rural,night_unlit,moderate,bus,68.6,61,moderate,2024-02-01 16:57:29,16,3,2,0,0,1
ACC00153,19.048064288430908,72.87215760888687,2025-09-18,19:27:10,fog,rural,dusk_dawn,moderate,auto,32.2,46,minor,2025-09-18 19:27:10,19,3,9,0,0,0
ACC00154,19.106738270566428,72.89619101369722,2025-12-19,06:15:35,cloudy,urban,dusk_dawn,moderate,car,33.4,38,moderate,2025-12-19 06:15:35,6,4,12,0,0,1
ACC00155,19.12810134338481,72.83795480917883,2026-01-05,19:30:33,cloudy,highway,dusk_dawn,heavy,car,110.8,100,severe,2026-01-05 19:30:33,19,0,1,0,0,2
ACC00156,19.046568667423493,72.84496705571789,2022-09-03,11:20:28,cloudy,highway,night_lit,heavy,bus,79.8,94,minor,2022-09-03 11:20:28,11,5,9,1,0,0
ACC00157,19.06263502086424,72.83797444125763,2022-08-29,12:39:23,clear,highway,night_lit,heavy,motorcycle,133.8,91,minor,2022-08-29 12:39:23,12,0,8,0,0,0
ACC00158,19.07683111101881,72.8541172741995,2023-10-24,11:26:35,clear,expressway,night_lit,heavy,motorcycle,110.6,80,moderate,2023-10-24 11:26:35,11,1,10,0,0,1
ACC00159,19.104573952888117,72.87879273212035,2024-04-07,20:35:40,rain,rural,night_lit,heavy,truck,59.4,68,minor,2024-04-07 20:35:40,20,6,4,1,1,0
ACC00160,19.050262858431434,72.88048375685626,2026-04-23,07:26:52,rain,urban,dusk_dawn,moderate,motorcycle,77.5,36,fatal,2026-04-23 07:26:52,7,3,4,0,0,3
ACC00161,19.06509444308116,72.87552548358657,2023-06-07,15:28:57,clear,highway,dusk_dawn,low,motorcycle,107.9,83,severe,2023-06-07 15:28:57,15,2,6,0,0,2
ACC00162,19.085546751521235,72.84174468232216,2025-09-27,07:26:04,cloudy,highway,dusk_dawn,heavy,bus,106.4,63,minor,2025-09-27 07:26:04,7,5,9,1,0,0
ACC00163,19.07869532148933,72.82379793126735,2025-12-28,21:23:39,clear,rural,night_lit,low,motorcycle,64.4,49,minor,2025-12-28 21:23:39,21,6,12,1,1,0
ACC00164,19.0624768785754,72.8710870717078,2026-05-04,18:57:05,cloudy,highway,night_lit,heavy,truck,114.7,74,minor,2026-05-04 18:57:05,18,0,5,0,0,0
ACC00165,19.06732354070968,72.86056447932724,2022-11-08,09:15:25,clear,highway,night_lit,low,bus,114.8,97,severe,2022-11-08 09:15:25,9,1,11,0,0,2
ACC00166,19.0425020838326,72.87918771543434,2023-02-02,10:48:44,heavy_rain,expressway,daylight,moderate,motorcycle,63.5,89,moderate,2023-02-02 10:48:44,10,3,2,0,0,1
ACC00167,19.065236525120508,72.88403907252443,2022-12-28,11:42:32,cloudy,urban,night_lit,moderate,bus,64.9,47,minor,2022-12-28 11:42:32,11,2,12,0,0,0
ACC00168,19.06467225019982,72.87276482864118,2025-04-22,12:31:48,cloudy,rural,night_unlit,heavy,car,122.0,48,severe,2025-04-22 12:31:48,12,1,4,0,0,2
ACC00169,19.074643397792524,72.88520266170752,2025-02-01,19:19:54,rain,highway,daylight,heavy,bus,93.9,63,moderate,2025-02-01 19:19:54,19,5,2,1,0,1
ACC00170,19.05889345562362,72.8745842274823,2023-10-31,15:29:58,heavy_rain,highway,daylight,low,car,138.0,91,moderate,2023-10-31 15:29:58,15,1,10,0,0,1
ACC00171,19.0794307704509,72.88060129411204,2022-05-26,12:50:40,rain,rural,daylight,low,car,67.1,44,minor,2022-05-26 12:50:40,12,3,5,0,0,0
ACC00172,19.0902543163564,72.8559065347426,2024-05-05,17:10:40,cloudy,rural,daylight,heavy,truck,58.1,75,moderate,2024-05-05 17:10:40,17,6,5,1,0,1
ACC00173,19.07310858655337,72.86640777172337,2025-04-17,13:35:48,clear,rural,daylight,low,bus,109.4,67,moderate,2025-04-17 13:35:48,13,3,4,0,0,1
ACC00174,19.077035128167985,72.87393552193315,2024-02-18,07:45:13,rain,urban,night_lit,heavy,truck,62.8,52,moderate,2024-02-18 07:45:13,7,6,2,1,0,1
ACC00175,19.07106310695156,72.88641056950836,2023-03-17,07:38:18,rain,highway,dusk_dawn,heavy,truck,120.7,76,fatal,2023-03-17 07:38:18,7,4,3,0,0,3
ACC00176,19.07000168786183,72.86212517655551,2024-08-30,10:08:20,storm,urban,night_lit,heavy,auto,65.7,51,minor,2024-08-30 10:08:20,10,4,8,0,0,0
ACC00177,19.055568839329144,72.88042334511465,2024-12-21,16:30:44,cloudy,highway,night_unlit,low,motorcycle,75.3,98,moderate,2024-12-21 16:30:44,16,5,12,1,0,1
ACC00178,19.076329885233463,72.8646832241617,2024-08-28,07:10:21,rain,highway,daylight,heavy,bus,94.2,67,moderate,2024-08-28 07:10:21,7,2,8,0,0,1
ACC00179,19.06805426803173,72.86764915665344,2025-12-04,15:55:08,clear,urban,daylight,heavy,car,41.6,55,moderate,2025-12-04 15:55:08,15,3,12,0,0,1
ACC00180,19.11186336617861,72.88659038084049,2023-05-31,09:21:47,clear,highway,daylight,moderate,car,96.9,77,severe,2023-05-31 09:21:47,9,2,5,0,0,2
ACC00181,19.101467098049504,72.83013879257892,2024-09-27,17:25:44,clear,highway,night_lit,heavy,car,138.3,93,minor,2024-09-27 17:25:44,17,4,9,0,0,0
ACC00182,19.07771693105113,72.84407055343851,2025-11-04,03:51:35,clear,highway,night_lit,low,auto,136.1,76,severe,2025-11-04 03:51:35,3,1,11,0,1,2
ACC00183,19.054738855806104,72.84035629205115,2022-12-16,13:25:52,cloudy,highway,night_lit,heavy,car,66.2,94,minor,2022-12-16 13:25:52,13,4,12,0,0,0
ACC00184,19.04775177056033,72.82332767760303,2023-04-08,05:11:47,clear,rural,night_unlit,low,motorcycle,49.3,41,severe,2023-04-08 05:11:47,5,5,4,1,1,2
ACC00185,19.093822859061778,72.8564347111969,2022-03-22,10:53:54,rain,expressway,night_lit,moderate,car,81.2,86,severe,2022-03-22 10:53:54,10,1,3,0,0,2
ACC00186,19.075254984502944,72.88498867799456,2023-09-08,01:38:15,cloudy,highway,night_lit,low,car,65.8,74,minor,2023-09-08 01:38:15,1,4,9,0,1,0
ACC00187,19.079602868067838,72.86430231867236,2022-03-15,13:36:06,clear,highway,night_unlit,heavy,motorcycle,75.5,79,severe,2022-03-15 13:36:06,13,1,3,0,0,2
ACC00188,19.03510828026052,72.87395580163884,2025-05-10,18:04:20,rain,rural,night_unlit,moderate,car,80.1,45,fatal,2025-05-10 18:04:20,18,5,5,1,0,3
ACC00189,19.088548769631164,72.89178434993423,2022-05-26,06:26:49,clear,highway,night_lit,low,bus,95.9,89,moderate,2022-05-26 06:26:49,6,3,5,0,0,1
ACC00190,19.07908840676429,72.89655372264536,2025-02-10,18:27:55,clear,rural,daylight,low,bus,67.7,65,minor,2025-02-10 18:27:55,18,0,2,0,0,0
ACC00191,19.04779138631171,72.86861724130549,2024-08-10,16:15:06,storm,highway,night_lit,heavy,motorcycle,108.0,72,severe,2024-08-10 16:15:06,16,5,8,1,0,2
ACC00192,19.060569503851003,72.89707171779139,2026-06-11,14:33:51,clear,urban,night_unlit,low,motorcycle,79.6,44,fatal,2026-06-11 14:33:51,14,3,6,0,0,3
ACC00193,19.07527434408713,72.87184253316869,2023-07-26,16:14:28,clear,highway,night_lit,moderate,bus,125.0,93,minor,2023-07-26 16:14:28,16,2,7,0,0,0
ACC00194,19.071049335967125,72.85325203552345,2023-07-21,10:28:49,cloudy,rural,night_lit,moderate,motorcycle,80.8,66,moderate,2023-07-21 10:28:49,10,4,7,0,0,1
ACC00195,19.064156576283928,72.85811199295603,2023-02-04,17:48:40,clear,urban,daylight,heavy,car,54.9,37,minor,2023-02-04 17:48:40,17,5,2,1,0,0
ACC00196,19.06793023463868,72.8403892697487,2024-06-01,18:44:03,clear,highway,dusk_dawn,moderate,car,67.0,88,minor,2024-06-01 18:44:03,18,5,6,1,0,0
ACC00197,19.064960452435862,72.85223732292533,2022-12-27,18:16:29,rain,urban,night_lit,heavy,motorcycle,32.6,41,moderate,2022-12-27 18:16:29,18,1,12,0,0,1
ACC00198,19.07305125024205,72.86283966623851,2022-07-06,09:12:05,cloudy,urban,night_unlit,low,motorcycle,60.4,40,severe,2022-07-06 09:12:05,9,2,7,0,0,2
ACC00199,19.099429839459862,72.88607170038757,2026-04-07,17:00:20,cloudy,expressway,daylight,moderate,motorcycle,82.5,96,severe,2026-04-07 17:00:20,17,1,4,0,0,2
ACC00200,19.01866683118137,72.90441539662332,2025-01-20,07:20:45,heavy_rain,urban,daylight,low,truck,53.2,56,moderate,2025-01-20 07:20:45,7,0,1,0,0,1
ACC00201,19.065262994709805,72.84235636969247,2022-07-15,14:01:41,clear,highway,daylight,moderate,motorcycle,108.8,95,moderate,2022-07-15 14:01:41,14,4,7,0,0,1
ACC00202,19.07353024842745,72.8778565493652,2024-10-11,00:07:42,cloudy,urban,night_lit,moderate,car,56.5,50,moderate,2024-10-11 00:07:42,0,4,10,0,1,1
ACC00203,19.07591987979374,72.84918912121685,2023-05-16,08:58:39,clear,highway,night_lit,moderate,motorcycle,96.8,85,fatal,2023-05-16 08:58:39,8,1,5,0,0,3
ACC00204,19.062561708373572,72.87949394176927,2022-10-23,16:51:00,clear,rural,daylight,heavy,truck,26.0,77,minor,2022-10-23 16:51:00,16,6,10,1,0,0
ACC00205,19.03486556435043,72.86737826698625,2024-02-14,20:33:34,storm,rural,night_unlit,heavy,car,70.5,79,severe,2024-02-14 20:33:34,20,2,2,0,1,2
ACC00206,19.076559909674284,72.83338188348306,2025-07-17,05:46:29,rain,highway,night_lit,moderate,car,84.7,95,minor,2025-07-17 05:46:29,5,3,7,0,1,0
ACC00207,19.104547004283283,72.88856593983138,2022-01-01,15:29:31,clear,urban,night_lit,moderate,truck,36.0,55,severe,2022-01-01 15:29:31,15,5,1,1,0,2
ACC00208,19.03932277190168,72.85789998574383,2023-08-07,16:36:12,cloudy,urban,dusk_dawn,heavy,motorcycle,55.1,39,severe,2023-08-07 16:36:12,16,0,8,0,0,2
ACC00209,19.087276560273963,72.85932199523253,2026-02-21,21:55:42,clear,highway,night_lit,heavy,car,74.2,83,severe,2026-02-21 21:55:42,21,5,2,1,1,2
ACC00210,19.06342949553754,72.8486049517742,2023-10-10,17:04:36,rain,urban,daylight,low,motorcycle,24.5,38,minor,2023-10-10 17:04:36,17,1,10,0,0,0
ACC00211,19.068773513083425,72.85691433446625,2022-06-12,07:21:24,clear,urban,dusk_dawn,moderate,motorcycle,68.9,56,minor,2022-06-12 07:21:24,7,6,6,1,0,0
ACC00212,19.04894202978592,72.87855780881391,2023-12-05,07:07:03,heavy_rain,urban,night_lit,moderate,car,56.3,52,severe,2023-12-05 07:07:03,7,1,12,0,0,2
ACC00213,19.063310876552883,72.86621511318128,2025-01-25,16:47:04,clear,urban,daylight,moderate,truck,59.8,31,moderate,2025-01-25 16:47:04,16,5,1,1,0,1
ACC00214,19.09600089189398,72.87657324004566,2026-06-24,08:49:21,clear,urban,daylight,moderate,motorcycle,54.6,49,moderate,2026-06-24 08:49:21,8,2,6,0,0,1
ACC00215,19.08165310483976,72.87723843707857,2024-10-29,21:43:32,fog,rural,night_unlit,low,car,126.3,75,severe,2024-10-29 21:43:32,21,1,10,0,1,2
ACC00216,19.1046462321082,72.89641323311056,2022-03-24,21:36:59,heavy_rain,urban,night_lit,low,bus,79.2,30,minor,2022-03-24 21:36:59,21,3,3,0,1,0
ACC00217,19.093548237779554,72.86314427698272,2025-08-21,21:28:43,clear,rural,night_unlit,heavy,motorcycle,119.9,74,severe,2025-08-21 21:28:43,21,3,8,0,1,2
ACC00218,19.07878173357859,72.84046284366309,2025-07-04,09:01:29,cloudy,urban,night_lit,low,auto,25.0,32,moderate,2025-07-04 09:01:29,9,4,7,0,0,1
ACC00219,19.10487869052336,72.89134444833144,2024-12-05,17:46:17,heavy_rain,urban,daylight,moderate,car,48.1,32,fatal,2024-12-05 17:46:17,17,3,12,0,0,3
ACC00220,19.078779863174766,72.86337023655805,2026-01-12,17:53:10,rain,highway,daylight,moderate,motorcycle,116.7,78,moderate,2026-01-12 17:53:10,17,0,1,0,0,1
ACC00221,12.992291848891549,77.59379686785675,2025-06-17,03:57:08,cloudy,urban,night_lit,moderate,truck,60.3,31,fatal,2025-06-17 03:57:08,3,1,6,0,1,3
ACC00222,12.97766754226365,77.56090355029485,2023-01-17,09:20:04,rain,urban,daylight,moderate,bus,56.1,44,minor,2023-01-17 09:20:04,9,1,1,0,0,0
ACC00223,12.967377249395934,77.61672372200024,2023-11-23,08:12:54,fog,highway,daylight,heavy,truck,78.8,97,moderate,2023-11-23 08:12:54,8,3,11,0,0,1
ACC00224,12.976975517880929,77.61495899970119,2024-04-13,11:39:00,cloudy,highway,night_lit,moderate,motorcycle,114.8,77,severe,2024-04-13 11:39:00,11,5,4,1,0,2
ACC00225,13.009020251202529,77.58494965331394,2024-03-13,21:01:51,clear,urban,night_lit,low,truck,63.3,30,moderate,2024-03-13 21:01:51,21,2,3,0,1,1
ACC00226,13.011539610581076,77.59726908675678,2024-11-14,19:03:35,cloudy,highway,daylight,low,car,133.3,71,moderate,2024-11-14 19:03:35,19,3,11,0,0,1
ACC00227,12.971387622702656,77.54180156068401,2025-02-26,09:49:37,rain,urban,daylight,moderate,truck,78.8,47,minor,2025-02-26 09:49:37,9,2,2,0,0,0
ACC00228,12.973203811866345,77.5668730467947,2022-06-20,15:57:57,cloudy,urban,daylight,moderate,motorcycle,49.1,34,minor,2022-06-20 15:57:57,15,0,6,0,0,0
ACC00229,12.991524803149328,77.58412442159695,2024-07-22,08:24:47,clear,urban,night_lit,heavy,car,67.9,37,moderate,2024-07-22 08:24:47,8,0,7,0,0,1
ACC00230,12.953086779344654,77.56855733957147,2022-03-05,09:30:08,rain,expressway,daylight,moderate,car,77.3,88,moderate,2022-03-05 09:30:08,9,5,3,1,0,1
ACC00231,12.976661407452363,77.60428792965261,2024-04-19,06:32:58,cloudy,rural,dusk_dawn,moderate,car,106.1,61,severe,2024-04-19 06:32:58,6,4,4,0,0,2
ACC00232,12.969482743040924,77.62994593061497,2023-11-25,16:08:10,fog,expressway,dusk_dawn,heavy,car,117.7,85,fatal,2023-11-25 16:08:10,16,5,11,1,0,3
ACC00233,12.976278164229152,77.56646770561142,2022-12-04,17:13:34,clear,expressway,daylight,heavy,car,124.1,92,moderate,2022-12-04 17:13:34,17,6,12,1,0,1
ACC00234,12.953332623881012,77.5732507319183,2026-06-15,19:17:38,rain,highway,dusk_dawn,heavy,car,110.6,93,moderate,2026-06-15 19:17:38,19,0,6,0,0,1
ACC00235,12.938208650133822,77.5947089673662,2023-02-28,19:50:14,cloudy,highway,night_lit,moderate,truck,86.0,73,moderate,2023-02-28 19:50:14,19,1,2,0,0,1
ACC00236,12.928540331280177,77.62222232296999,2022-04-03,08:26:37,clear,highway,night_lit,low,motorcycle,79.2,61,moderate,2022-04-03 08:26:37,8,6,4,1,0,1
ACC00237,12.947652317740207,77.56555251374921,2023-08-12,18:43:38,cloudy,highway,dusk_dawn,moderate,car,123.0,62,moderate,2023-08-12 18:43:38,18,5,8,1,0,1
ACC00238,12.960826494301214,77.59498072244614,2025-05-28,07:11:58,clear,rural,dusk_dawn,low,truck,133.6,78,moderate,2025-05-28 07:11:58,7,2,5,0,0,1
ACC00239,12.964136168267023,77.62642597701627,2022-01-16,11:57:54,rain,rural,night_lit,moderate,car,62.8,45,minor,2022-01-16 11:57:54,11,6,1,1,0,0
ACC00240,13.00874462324859,77.55696481703642,2024-03-20,14:53:23,rain,urban,night_unlit,heavy,motorcycle,49.9,33,fatal,2024-03-20 14:53:23,14,2,3,0,0,3
ACC00241,12.992119867398149,77.56437861586309,2023-11-17,05:28:41,clear,rural,night_lit,moderate,bus,32.9,64,minor,2023-11-17 05:28:41,5,4,11,0,1,0
ACC00242,12.950758177673167,77.58152786787079,2025-11-22,08:13:49,cloudy,rural,night_lit,low,truck,101.9,44,minor,2025-11-22 08:13:49,8,5,11,1,0,0
ACC00243,12.97695416904902,77.57958823174289,2022-01-05,09:58:01,fog,urban,daylight,low,motorcycle,64.4,37,fatal,2022-01-05 09:58:01,9,2,1,0,0,3
ACC00244,12.961858435272994,77.60625202575508,2022-01-29,07:48:41,clear,highway,dusk_dawn,heavy,motorcycle,86.1,89,moderate,2022-01-29 07:48:41,7,5,1,1,0,1
ACC00245,12.964312723239198,77.59483319439641,2024-07-16,21:30:55,heavy_rain,expressway,night_lit,low,car,124.5,84,severe,2024-07-16 21:30:55,21,1,7,0,1,2
ACC00246,12.973706512988308,77.55450075880717,2022-10-22,09:16:07,clear,urban,dusk_dawn,moderate,motorcycle,50.0,33,minor,2022-10-22 09:16:07,9,5,10,1,0,0
ACC00247,12.982383422339508,77.60030820805802,2025-03-02,14:37:45,clear,urban,dusk_dawn,heavy,car,47.1,46,moderate,2025-03-02 14:37:45,14,6,3,1,0,1
ACC00248,12.96321483032232,77.57844922225289,2023-04-02,23:22:03,cloudy,highway,night_unlit,low,motorcycle,127.3,69,severe,2023-04-02 23:22:03,23,6,4,1,1,2
ACC00249,12.991277030654688,77.61548894433882,2024-07-12,15:40:24,clear,rural,night_lit,heavy,auto,118.1,71,moderate,2024-07-12 15:40:24,15,4,7,0,0,1
ACC00250,12.947161235477152,77.57744824927127,2022-03-03,12:49:49,heavy_rain,rural,night_lit,low,truck,133.6,69,severe,2022-03-03 12:49:49,12,3,3,0,0,2
ACC00251,12.970126781247243,77.57726769433796,2025-02-12,21:29:59,rain,urban,night_unlit,heavy,motorcycle,77.9,42,fatal,2025-02-12 21:29:59,21,2,2,0,1,3
ACC00252,13.021953474531918,77.6008226322161,2024-04-30,08:02:43,rain,expressway,dusk_dawn,low,truck,129.6,90,moderate,2024-04-30 08:02:43,8,1,4,0,0,1
ACC00253,12.974461594852508,77.60525852964675,2022-01-01,08:33:43,rain,urban,daylight,low,truck,61.1,58,severe,2022-01-01 08:33:43,8,5,1,1,0,2
ACC00254,12.998664290132124,77.59896198727873,2023-03-13,15:51:15,rain,expressway,night_unlit,low,motorcycle,125.3,90,severe,2023-03-13 15:51:15,15,0,3,0,0,2
ACC00255,12.971830403563464,77.55628805365231,2022-04-08,12:13:49,rain,urban,daylight,heavy,bus,60.9,52,minor,2022-04-08 12:13:49,12,4,4,0,0,0
ACC00256,12.981615541906596,77.60076068879857,2022-03-15,18:57:39,rain,rural,daylight,moderate,motorcycle,127.8,80,minor,2022-03-15 18:57:39,18,1,3,0,0,0
ACC00257,12.968864336112146,77.56931383896652,2025-02-20,04:21:56,rain,expressway,night_lit,heavy,truck,132.0,100,minor,2025-02-20 04:21:56,4,3,2,0,1,0
ACC00258,12.966591848376716,77.59470552223176,2023-12-04,16:41:36,cloudy,rural,dusk_dawn,moderate,car,116.3,45,moderate,2023-12-04 16:41:36,16,0,12,0,0,1
ACC00259,12.954410352065493,77.56152531129202,2025-08-11,17:42:02,clear,highway,daylight,heavy,motorcycle,134.4,75,fatal,2025-08-11 17:42:02,17,0,8,0,0,3
ACC00260,12.978606027179152,77.59892644295087,2023-02-28,22:10:30,cloudy,rural,night_lit,moderate,motorcycle,42.4,69,moderate,2023-02-28 22:10:30,22,1,2,0,1,1
ACC00261,12.952969256216283,77.57386802191385,2025-03-24,07:02:46,cloudy,urban,dusk_dawn,moderate,car,51.2,42,moderate,2025-03-24 07:02:46,7,0,3,0,0,1
ACC00262,12.983311704726267,77.56434730699479,2024-10-07,09:56:47,clear,highway,daylight,moderate,motorcycle,99.5,79,minor,2024-10-07 09:56:47,9,0,10,0,0,0
ACC00263,12.99170574008892,77.60427640272965,2024-12-24,21:42:23,cloudy,urban,night_lit,low,bus,24.1,44,moderate,2024-12-24 21:42:23,21,1,12,0,1,1
ACC00264,12.977330628144744,77.59483289043354,2025-09-21,16:37:10,clear,urban,night_unlit,heavy,truck,41.5,30,severe,2025-09-21 16:37:10,16,6,9,1,0,2
ACC00265,12.964275025328886,77.57772046397214,2025-03-07,04:18:52,clear,urban,night_unlit,heavy,car,23.0,47,moderate,2025-03-07 04:18:52,4,4,3,0,1,1
ACC00266,12.979079311586174,77.61902357698042,2025-05-09,06:06:49,rain,urban,dusk_dawn,low,car,64.4,47,minor,2025-05-09 06:06:49,6,4,5,0,0,0
ACC00267,12.963826538889071,77.58118695156861,2025-04-29,18:16:52,rain,highway,dusk_dawn,heavy,car,83.3,75,moderate,2025-04-29 18:16:52,18,1,4,0,0,1
ACC00268,12.988710942509304,77.59064215347942,2024-01-04,15:32:40,clear,highway,night_unlit,low,car,75.1,93,moderate,2024-01-04 15:32:40,15,3,1,0,0,1
ACC00269,12.9333718783157,77.59537826895358,2025-04-04,15:41:49,fog,rural,night_unlit,moderate,car,58.3,42,moderate,2025-04-04 15:41:49,15,4,4,0,0,1
ACC00270,12.963287852637627,77.57760668131743,2025-10-14,20:19:24,fog,highway,night_lit,heavy,car,91.3,94,severe,2025-10-14 20:19:24,20,1,10,0,1,2
ACC00271,12.93018376009752,77.599422725868,2025-04-26,09:12:46,heavy_rain,urban,night_lit,low,car,67.8,40,minor,2025-04-26 09:12:46,9,5,4,1,0,0
ACC00272,12.940098783395456,77.57933095305671,2024-09-24,08:14:29,clear,urban,daylight,low,car,21.9,39,minor,2024-09-24 08:14:29,8,1,9,0,0,0
ACC00273,12.99727724459628,77.58176723355568,2022-05-02,16:57:47,clear,highway,night_lit,heavy,car,80.3,67,minor,2022-05-02 16:57:47,16,0,5,0,0,0
ACC00274,12.987903699639434,77.61725285279607,2023-12-18,20:37:08,cloudy,highway,night_lit,moderate,bus,127.4,62,moderate,2023-12-18 20:37:08,20,0,12,0,1,1
ACC00275,12.955610395334304,77.56918827894975,2022-04-14,09:59:17,rain,urban,dusk_dawn,moderate,auto,49.9,50,minor,2022-04-14 09:59:17,9,3,4,0,0,0
ACC00276,12.939949930879182,77.5417443933814,2022-06-20,17:00:12,cloudy,rural,daylight,heavy,truck,28.8,43,minor,2022-06-20 17:00:12,17,0,6,0,0,0
ACC00277,12.910709423243167,77.62221873990025,2023-08-16,07:27:24,rain,expressway,daylight,low,car,127.3,92,moderate,2023-08-16 07:27:24,7,2,8,0,0,1
ACC00278,12.959130089841349,77.64098655905214,2024-02-02,08:27:48,rain,urban,night_lit,low,car,74.1,49,moderate,2024-02-02 08:27:48,8,4,2,0,0,1
ACC00279,13.018408300244948,77.58189461469102,2024-05-16,20:24:06,fog,highway,night_lit,heavy,motorcycle,95.4,81,severe,2024-05-16 20:24:06,20,3,5,0,1,2
ACC00280,12.978697685429273,77.5512632391876,2026-01-18,07:23:43,cloudy,urban,dusk_dawn,moderate,truck,26.4,40,moderate,2026-01-18 07:23:43,7,6,1,1,0,1
ACC00281,12.958808554279011,77.58379032047608,2025-06-06,02:04:49,heavy_rain,urban,night_lit,moderate,truck,41.4,53,minor,2025-06-06 02:04:49,2,4,6,0,1,0
ACC00282,12.979301604190006,77.5842755410032,2023-11-26,18:01:40,rain,urban,dusk_dawn,moderate,truck,27.1,39,minor,2023-11-26 18:01:40,18,6,11,1,0,0
ACC00283,12.938780832940113,77.58620152317955,2023-07-04,11:46:38,clear,urban,daylight,heavy,motorcycle,49.9,43,moderate,2023-07-04 11:46:38,11,1,7,0,0,1
ACC00284,12.964053532746048,77.56773223916157,2025-03-16,12:26:08,rain,urban,daylight,low,auto,52.0,59,minor,2025-03-16 12:26:08,12,6,3,1,0,0
ACC00285,12.971989549460316,77.60159122284954,2023-03-28,18:09:36,clear,highway,dusk_dawn,low,truck,124.7,94,moderate,2023-03-28 18:09:36,18,1,3,0,0,1
ACC00286,12.96827798696358,77.60049014750572,2025-12-21,08:20:13,clear,rural,night_lit,moderate,car,83.0,58,severe,2025-12-21 08:20:13,8,6,12,1,0,2
ACC00287,12.985816122433802,77.56011188760361,2025-07-07,16:55:14,storm,urban,night_lit,heavy,motorcycle,43.5,51,minor,2025-07-07 16:55:14,16,0,7,0,0,0
ACC00288,12.97689290452472,77.6039839346339,2025-01-25,10:28:51,cloudy,highway,night_unlit,low,motorcycle,111.3,72,severe,2025-01-25 10:28:51,10,5,1,1,0,2
ACC00289,12.98336652036216,77.63105369963893,2023-02-14,07:59:36,cloudy,expressway,daylight,moderate,car,106.0,99,severe,2023-02-14 07:59:36,7,1,2,0,0,2
ACC00290,12.956232554355385,77.59343920664874,2024-10-17,17:09:59,fog,urban,daylight,moderate,motorcycle,70.2,43,moderate,2024-10-17 17:09:59,17,3,10,0,0,1
ACC00291,12.987956308168211,77.58325349675863,2025-09-09,10:07:27,clear,highway,night_lit,moderate,motorcycle,124.9,76,fatal,2025-09-09 10:07:27,10,1,9,0,0,3
ACC00292,13.00257873895248,77.58715993571185,2022-04-29,19:33:21,clear,highway,daylight,low,motorcycle,124.4,92,minor,2022-04-29 19:33:21,19,4,4,0,0,0
ACC00293,12.950597009606971,77.60230513533938,2022-10-18,21:40:59,clear,rural,night_unlit,moderate,bus,45.7,79,severe,2022-10-18 21:40:59,21,1,10,0,1,2
ACC00294,12.95224608688571,77.55538656788985,2024-04-25,19:58:37,cloudy,urban,dusk_dawn,moderate,car,44.6,47,severe,2024-04-25 19:58:37,19,3,4,0,0,2
ACC00295,12.996715686726406,77.59328781405955,2023-08-14,10:27:51,clear,urban,daylight,moderate,bus,26.6,43,fatal,2023-08-14 10:27:51,10,0,8,0,0,3
ACC00296,12.9661731202661,77.58219072101075,2025-03-11,09:12:02,clear,highway,dusk_dawn,low,car,124.0,77,minor,2025-03-11 09:12:02,9,1,3,0,0,0
ACC00297,12.998076427841331,77.62695650025913,2023-10-21,20:32:31,rain,highway,night_unlit,heavy,bus,103.6,86,fatal,2023-10-21 20:32:31,20,5,10,1,1,3
ACC00298,12.961149285762158,77.5865165453239,2026-06-25,13:18:49,clear,urban,night_unlit,moderate,car,67.8,35,severe,2026-06-25 13:18:49,13,3,6,0,0,2
ACC00299,12.999100911525415,77.62335775222239,2023-05-07,17:10:48,cloudy,urban,daylight,low,motorcycle,32.8,32,moderate,2023-05-07 17:10:48,17,6,5,1,0,1
ACC00300,12.97262971633611,77.56792518604436,2023-08-15,19:05:42,clear,urban,dusk_dawn,moderate,auto,63.4,55,minor,2023-08-15 19:05:42,19,1,8,0,0,0
ACC00301,12.975164576466454,77.60174518333606,2022-01-06,09:43:09,cloudy,urban,daylight,low,car,46.1,58,moderate,2022-01-06 09:43:09,9,3,1,0,0,1
ACC00302,13.001294360433398,77.59638800527583,2023-02-11,07:38:32,cloudy,rural,dusk_dawn,moderate,truck,96.8,47,minor,2023-02-11 07:38:32,7,5,2,1,0,0
ACC00303,12.962764590451116,77.57261905504271,2023-01-22,16:09:06,cloudy,urban,dusk_dawn,heavy,motorcycle,33.1,57,minor,2023-01-22 16:09:06,16,6,1,1,0,0
ACC00304,12.951177558081502,77.59354792229274,2025-06-06,16:33:48,clear,urban,daylight,low,motorcycle,26.0,41,severe,2025-06-06 16:33:48,16,4,6,0,0,2
ACC00305,12.961028715839433,77.61425037673663,2023-07-09,09:53:37,clear,urban,daylight,heavy,truck,69.6,42,moderate,2023-07-09 09:53:37,9,6,7,1,0,1
ACC00306,12.979046679012864,77.58352416591427,2022-12-01,16:49:11,clear,highway,daylight,moderate,car,85.7,96,severe,2022-12-01 16:49:11,16,3,12,0,0,2
ACC00307,12.938684818556393,77.5561607470166,2023-05-30,18:27:43,clear,urban,night_lit,low,truck,33.1,51,minor,2023-05-30 18:27:43,18,1,5,0,0,0
ACC00308,12.982749418053023,77.58964874347045,2024-07-12,11:03:43,cloudy,highway,daylight,low,car,92.3,62,moderate,2024-07-12 11:03:43,11,4,7,0,0,1
ACC00309,12.959224573647646,77.57195153810416,2025-07-13,09:38:03,clear,rural,daylight,low,truck,75.8,52,minor,2025-07-13 09:38:03,9,6,7,1,0,0
ACC00310,12.992956253214672,77.58315318122672,2026-05-27,17:30:05,clear,urban,night_lit,heavy,motorcycle,79.3,41,minor,2026-05-27 17:30:05,17,2,5,0,0,0
ACC00311,12.922114793901992,77.5883682446063,2022-03-19,18:55:12,clear,urban,dusk_dawn,moderate,car,51.4,50,severe,2022-03-19 18:55:12,18,5,3,1,0,2
ACC00312,12.954268684497915,77.5558869556797,2025-10-12,22:33:04,rain,rural,night_lit,heavy,car,21.9,73,minor,2025-10-12 22:33:04,22,6,10,1,1,0
ACC00313,12.93627063697532,77.5576868332136,2023-10-01,07:44:32,cloudy,urban,dusk_dawn,low,motorcycle,63.6,45,minor,2023-10-01 07:44:32,7,6,10,1,0,0
ACC00314,12.953475410672722,77.59964133671052,2025-08-20,20:31:52,cloudy,highway,night_lit,moderate,car,114.5,62,fatal,2025-08-20 20:31:52,20,2,8,0,1,3
ACC00315,12.97495331802218,77.57954562607661,2022-03-03,18:32:03,cloudy,rural,dusk_dawn,moderate,motorcycle,105.6,80,minor,2022-03-03 18:32:03,18,3,3,0,0,0
ACC00316,12.966415467491004,77.53870511316359,2024-10-25,17:19:36,clear,urban,night_lit,moderate,auto,54.0,57,fatal,2024-10-25 17:19:36,17,4,10,0,0,3
ACC00317,12.96493244862104,77.60569688073217,2026-03-09,10:24:25,clear,urban,daylight,low,car,79.9,56,minor,2026-03-09 10:24:25,10,0,3,0,0,0
ACC00318,12.9668163025724,77.5954473951055,2022-03-06,02:17:50,clear,highway,night_unlit,low,motorcycle,132.8,66,moderate,2022-03-06 02:17:50,2,6,3,1,1,1
ACC00319,12.9740677648124,77.57572250351927,2025-07-21,14:27:28,cloudy,urban,night_lit,heavy,bus,34.4,57,moderate,2025-07-21 14:27:28,14,0,7,0,0,1
ACC00320,12.949829279161138,77.56366339577883,2022-07-07,09:57:40,clear,urban,night_lit,moderate,auto,43.5,54,minor,2022-07-07 09:57:40,9,3,7,0,0,0
ACC00321,12.984136992817982,77.60671615792629,2026-06-01,09:20:55,clear,rural,night_lit,low,car,26.1,62,moderate,2026-06-01 09:20:55,9,0,6,0,0,1
ACC00322,12.98325331940771,77.59698701245121,2025-05-07,21:27:08,heavy_rain,rural,night_unlit,heavy,truck,51.0,53,severe,2025-05-07 21:27:08,21,2,5,0,1,2
ACC00323,12.977700758753125,77.63765204565368,2026-02-03,07:56:18,rain,urban,dusk_dawn,moderate,car,73.0,34,minor,2026-02-03 07:56:18,7,1,2,0,0,0
ACC00324,12.981130668855029,77.5984037719745,2026-01-13,21:09:16,clear,rural,night_lit,heavy,truck,80.4,75,moderate,2026-01-13 21:09:16,21,1,1,0,1,1
ACC00325,12.975928360016171,77.59775406282525,2023-06-03,14:15:10,heavy_rain,rural,night_unlit,heavy,motorcycle,69.2,60,moderate,2023-06-03 14:15:10,14,5,6,1,0,1
ACC00326,13.010701466054622,77.58666144139784,2023-11-14,19:29:38,clear,highway,daylight,low,car,117.8,81,moderate,2023-11-14 19:29:38,19,1,11,0,0,1
ACC00327,12.96825811657895,77.60633551734402,2025-02-09,09:24:00,clear,urban,night_lit,heavy,motorcycle,31.5,54,moderate,2025-02-09 09:24:00,9,6,2,1,0,1
ACC00328,12.96385833563331,77.60250170402496,2022-10-15,16:20:23,clear,highway,night_lit,low,car,123.3,91,moderate,2022-10-15 16:20:23,16,5,10,1,0,1
ACC00329,12.954929448392852,77.6150345001713,2023-05-19,15:46:07,fog,highway,night_lit,low,motorcycle,83.4,65,minor,2023-05-19 15:46:07,15,4,5,0,0,0
ACC00330,12.949354746588444,77.57957354162725,2022-06-12,21:29:36,clear,rural,night_lit,moderate,motorcycle,102.0,55,moderate,2022-06-12 21:29:36,21,6,6,1,1,1
ACC00331,12.94511056424798,77.58129185054112,2025-12-29,08:21:45,rain,rural,night_lit,heavy,auto,123.8,49,moderate,2025-12-29 08:21:45,8,0,12,0,0,1
ACC00332,12.952224053735382,77.58041793658177,2023-02-12,08:28:28,cloudy,rural,night_lit,low,motorcycle,101.0,77,minor,2023-02-12 08:28:28,8,6,2,1,0,0
ACC00333,12.96858639236696,77.60581603442358,2023-11-06,21:53:26,cloudy,urban,night_lit,low,truck,57.7,33,moderate,2023-11-06 21:53:26,21,0,11,0,1,1
ACC00334,12.976685902569956,77.61996748880594,2024-01-14,06:59:26,clear,highway,night_lit,low,car,95.1,87,minor,2024-01-14 06:59:26,6,6,1,1,0,0
ACC00335,12.971022841171044,77.58082319013701,2023-09-10,16:14:11,clear,highway,daylight,moderate,auto,119.7,63,minor,2023-09-10 16:14:11,16,6,9,1,0,0
ACC00336,12.954689294451406,77.58150452544415,2025-07-01,05:02:22,rain,highway,daylight,moderate,motorcycle,129.7,64,minor,2025-07-01 05:02:22,5,1,7,0,1,0
ACC00337,12.9880036912804,77.59628154447739,2026-02-09,06:01:55,clear,urban,dusk_dawn,low,car,73.8,52,minor,2026-02-09 06:01:55,6,0,2,0,0,0
ACC00338,12.98478825344602,77.58508476999974,2024-07-29,16:26:02,cloudy,urban,daylight,heavy,motorcycle,79.5,57,minor,2024-07-29 16:26:02,16,0,7,0,0,0
ACC00339,12.96680703385156,77.6090410730628,2025-10-05,15:37:47,clear,urban,night_lit,heavy,car,68.0,56,minor,2025-10-05 15:37:47,15,6,10,1,0,0
ACC00340,12.956941677106707,77.54496445418762,2022-07-01,15:03:09,rain,highway,night_lit,heavy,car,101.0,98,moderate,2022-07-01 15:03:09,15,4,7,0,0,1
ACC00341,12.980968558416595,77.57346589906166,2026-05-06,13:30:06,rain,highway,daylight,low,car,61.5,72,minor,2026-05-06 13:30:06,13,2,5,0,0,0
ACC00342,12.973759471749725,77.57435167332078,2022-07-10,18:23:17,cloudy,highway,dusk_dawn,low,motorcycle,130.9,77,minor,2022-07-10 18:23:17,18,6,7,1,0,0
ACC00343,12.9410374548117,77.54359287975228,2022-04-20,23:55:16,cloudy,rural,night_lit,moderate,car,49.9,58,moderate,2022-04-20 23:55:16,23,2,4,0,1,1
ACC00344,12.968640394880312,77.57072723111263,2022-02-06,09:36:18,clear,highway,night_unlit,moderate,truck,67.8,71,moderate,2022-02-06 09:36:18,9,6,2,1,0,1
ACC00345,12.975240716241489,77.57169687768308,2023-02-04,10:25:50,clear,highway,daylight,moderate,car,102.4,73,minor,2023-02-04 10:25:50,10,5,2,1,0,0
ACC00346,12.952006104270245,77.58597790690963,2025-10-06,10:35:54,clear,urban,dusk_dawn,low,car,24.2,38,severe,2025-10-06 10:35:54,10,0,10,0,0,2
ACC00347,17.402259317833206,78.47844211783844,2023-05-10,18:08:41,rain,highway,night_lit,heavy,car,98.3,79,minor,2023-05-10 18:08:41,18,2,5,0,0,0
ACC00348,17.375098786976185,78.4950576962994,2025-07-22,11:28:08,clear,urban,night_lit,moderate,motorcycle,54.1,52,moderate,2025-07-22 11:28:08,11,1,7,0,0,1
ACC00349,17.359383725594576,78.47992084517178,2023-11-28,17:19:56,clear,rural,night_unlit,moderate,car,89.6,80,fatal,2023-11-28 17:19:56,17,1,11,0,0,3
ACC00350,17.378860909175728,78.47743867832548,2022-06-20,13:10:50,clear,highway,night_unlit,moderate,car,137.0,68,fatal,2022-06-20 13:10:50,13,0,6,0,0,3
ACC00351,17.400983472428827,78.49622905668606,2024-02-16,16:23:04,clear,highway,daylight,low,car,70.0,61,fatal,2024-02-16 16:23:04,16,4,2,0,0,3
ACC00352,17.3604808236777,78.4819601483974,2023-01-17,19:38:23,cloudy,highway,daylight,low,auto,113.1,88,moderate,2023-01-17 19:38:23,19,1,1,0,0,1
ACC00353,17.36178850232157,78.49488208777956,2023-04-24,14:34:46,rain,highway,night_lit,heavy,car,84.9,81,minor,2023-04-24 14:34:46,14,0,4,0,0,0
ACC00354,17.391170979185482,78.49546408045704,2024-04-29,13:57:05,cloudy,expressway,daylight,moderate,car,94.7,85,minor,2024-04-29 13:57:05,13,0,4,0,0,0
ACC00355,17.375569277685383,78.46721141997817,2025-07-21,09:16:04,cloudy,urban,night_unlit,low,motorcycle,61.2,55,fatal,2025-07-21 09:16:04,9,0,7,0,0,3
ACC00356,17.392949693814188,78.48037517752269,2024-08-21,14:41:36,cloudy,urban,night_lit,low,motorcycle,38.3,31,severe,2024-08-21 14:41:36,14,2,8,0,0,2
ACC00357,17.379727064164094,78.51875553879833,2023-01-02,09:33:20,cloudy,urban,night_lit,low,car,60.6,42,moderate,2023-01-02 09:33:20,9,0,1,0,0,1
ACC00358,17.39403327296179,78.46675840974531,2025-03-24,19:52:26,rain,highway,dusk_dawn,heavy,bus,93.3,82,minor,2025-03-24 19:52:26,19,0,3,0,0,0
ACC00359,17.359298437719186,78.44766691102059,2025-02-17,12:54:45,rain,urban,daylight,heavy,truck,74.6,35,moderate,2025-02-17 12:54:45,12,0,2,0,0,1
ACC00360,17.379758306984233,78.45276309693514,2023-01-25,07:42:32,rain,highway,dusk_dawn,moderate,motorcycle,87.9,66,minor,2023-01-25 07:42:32,7,2,1,0,0,0
ACC00361,17.375786199712735,78.49058219893153,2025-10-30,09:25:42,rain,rural,night_lit,heavy,motorcycle,49.9,47,moderate,2025-10-30 09:25:42,9,3,10,0,0,1
ACC00362,17.355682181517917,78.49061834556065,2025-10-16,15:32:07,heavy_rain,rural,night_lit,moderate,truck,26.1,62,fatal,2025-10-16 15:32:07,15,3,10,0,0,3
ACC00363,17.348730441042626,78.48764778289149,2024-09-18,20:39:00,cloudy,highway,night_lit,heavy,car,130.4,89,minor,2024-09-18 20:39:00,20,2,9,0,1,0
ACC00364,17.393714980705493,78.51428379657857,2023-05-02,10:48:15,cloudy,rural,daylight,moderate,auto,31.3,57,moderate,2023-05-02 10:48:15,10,1,5,0,0,1
ACC00365,17.37298095235564,78.43654331133794,2023-08-05,09:13:12,rain,highway,night_lit,heavy,car,117.7,90,minor,2023-08-05 09:13:12,9,5,8,1,0,0
ACC00366,17.359554394367052,78.49791867748861,2023-12-23,12:52:19,clear,highway,daylight,heavy,motorcycle,131.9,79,moderate,2023-12-23 12:52:19,12,5,12,1,0,1
ACC00367,17.378076421261532,78.52122876403607,2022-11-05,22:48:46,clear,highway,night_lit,moderate,car,124.7,82,moderate,2022-11-05 22:48:46,22,5,11,1,1,1
ACC00368,17.402560377146987,78.46744438470216,2023-05-18,19:05:09,heavy_rain,highway,dusk_dawn,low,truck,93.3,75,minor,2023-05-18 19:05:09,19,3,5,0,0,0
ACC00369,17.334385243092562,78.4824038697642,2022-08-09,07:16:07,cloudy,highway,dusk_dawn,low,truck,64.9,92,moderate,2022-08-09 07:16:07,7,1,8,0,0,1
ACC00370,17.350067226201933,78.47494216165542,2022-09-11,16:14:12,clear,expressway,daylight,low,motorcycle,83.9,80,severe,2022-09-11 16:14:12,16,6,9,1,0,2
ACC00371,17.361542271162094,78.47211307907844,2025-05-06,18:34:19,cloudy,highway,dusk_dawn,low,car,87.7,97,severe,2025-05-06 18:34:19,18,1,5,0,0,2
ACC00372,17.409223577334405,78.48347475989954,2022-07-30,18:12:11,clear,urban,dusk_dawn,moderate,truck,58.8,40,minor,2022-07-30 18:12:11,18,5,7,1,0,0
ACC00373,17.385651739658385,78.51854970567369,2024-02-10,14:18:11,clear,highway,daylight,moderate,auto,68.2,85,moderate,2024-02-10 14:18:11,14,5,2,1,0,1
ACC00374,17.395346344809223,78.52674773350975,2023-12-06,17:11:34,cloudy,highway,daylight,low,car,72.3,64,minor,2023-12-06 17:11:34,17,2,12,0,0,0
ACC00375,17.357196781617475,78.48328121549919,2022-03-18,16:04:06,cloudy,highway,daylight,heavy,car,61.8,97,moderate,2022-03-18 16:04:06,16,4,3,0,0,1
ACC00376,17.35760928249459,78.52810120428128,2025-09-27,08:27:09,cloudy,highway,night_lit,low,motorcycle,95.1,82,moderate,2025-09-27 08:27:09,8,5,9,1,0,1
ACC00377,17.388956274334454,78.49071152953968,2026-06-04,05:19:50,clear,highway,night_unlit,low,truck,73.6,99,minor,2026-06-04 05:19:50,5,3,6,0,1,0
ACC00378,17.38116548661871,78.52507382053402,2024-11-14,11:30:01,cloudy,highway,night_lit,low,car,81.7,89,minor,2024-11-14 11:30:01,11,3,11,0,0,0
ACC00379,17.39097477637728,78.48813402700692,2025-01-07,05:12:03,clear,highway,night_lit,heavy,car,98.5,85,minor,2025-01-07 05:12:03,5,1,1,0,1,0
ACC00380,17.37624658018143,78.49262115652091,2023-01-18,12:17:04,cloudy,urban,dusk_dawn,moderate,motorcycle,49.6,57,moderate,2023-01-18 12:17:04,12,2,1,0,0,1
ACC00381,17.385562874529093,78.49730948945285,2025-10-18,19:53:32,cloudy,expressway,dusk_dawn,low,truck,73.1,87,severe,2025-10-18 19:53:32,19,5,10,1,0,2
ACC00382,17.383162381698103,78.55357707358735,2025-07-11,19:48:41,clear,highway,dusk_dawn,low,car,65.2,72,severe,2025-07-11 19:48:41,19,4,7,0,0,2
ACC00383,17.3955553477817,78.5070257114969,2023-12-21,03:15:41,heavy_rain,rural,night_lit,moderate,motorcycle,34.1,47,fatal,2023-12-21 03:15:41,3,3,12,0,1,3
ACC00384,17.39614016563889,78.47585470940096,2025-03-04,06:09:41,cloudy,urban,daylight,heavy,truck,65.5,35,severe,2025-03-04 06:09:41,6,1,3,0,0,2
ACC00385,17.347602560112165,78.50937995740551,2026-04-18,17:58:03,clear,urban,night_lit,moderate,car,37.8,50,moderate,2026-04-18 17:58:03,17,5,4,1,0,1
ACC00386,17.335054628893182,78.4827633492583,2024-09-16,14:40:20,clear,urban,daylight,moderate,car,60.1,60,severe,2024-09-16 14:40:20,14,0,9,0,0,2
ACC00387,17.400034907953028,78.48020499634197,2022-11-24,07:29:38,clear,urban,daylight,moderate,car,50.4,55,minor,2022-11-24 07:29:38,7,3,11,0,0,0
ACC00388,17.403754501865237,78.50817202719784,2023-06-27,18:41:40,clear,expressway,dusk_dawn,low,truck,121.3,89,moderate,2023-06-27 18:41:40,18,1,6,0,0,1
ACC00389,17.35958753960973,78.49062171175542,2022-10-31,08:13:20,heavy_rain,highway,daylight,moderate,truck,130.8,85,fatal,2022-10-31 08:13:20,8,0,10,0,0,3
ACC00390,17.342803291869085,78.49557151829023,2023-06-29,06:25:50,rain,urban,dusk_dawn,moderate,truck,56.7,31,moderate,2023-06-29 06:25:50,6,3,6,0,0,1
ACC00391,17.381980696420143,78.4902797044373,2026-01-01,18:23:50,rain,urban,dusk_dawn,heavy,motorcycle,49.4,59,moderate,2026-01-01 18:23:50,18,3,1,0,0,1
ACC00392,17.39861676452701,78.4967316625321,2022-11-08,16:43:45,cloudy,expressway,night_lit,low,car,87.0,88,moderate,2022-11-08 16:43:45,16,1,11,0,0,1
ACC00393,17.415951890448685,78.49849931794871,2026-01-04,12:11:47,heavy_rain,urban,daylight,low,motorcycle,44.9,46,severe,2026-01-04 12:11:47,12,6,1,1,0,2
ACC00394,17.390325951442026,78.45126066134588,2023-04-14,17:29:58,heavy_rain,expressway,daylight,moderate,motorcycle,97.0,80,moderate,2023-04-14 17:29:58,17,4,4,0,0,1
ACC00395,17.372565666068287,78.50333145337218,2024-03-30,20:50:47,clear,urban,night_unlit,heavy,truck,23.1,60,minor,2024-03-30 20:50:47,20,5,3,1,1,0
ACC00396,17.362137387568303,78.47035961160339,2024-05-17,03:11:35,clear,urban,night_lit,moderate,auto,57.3,52,fatal,2024-05-17 03:11:35,3,4,5,0,1,3
ACC00397,17.380229025833412,78.4611540172888,2022-07-26,16:07:23,clear,rural,night_lit,heavy,motorcycle,61.1,80,fatal,2022-07-26 16:07:23,16,1,7,0,0,3
ACC00398,17.374014705922296,78.48883177512282,2022-10-30,08:49:21,clear,rural,dusk_dawn,heavy,motorcycle,76.1,42,moderate,2022-10-30 08:49:21,8,6,10,1,0,1
ACC00399,17.359698641885423,78.49167962006628,2023-05-17,13:52:49,cloudy,urban,daylight,heavy,car,78.6,53,minor,2023-05-17 13:52:49,13,2,5,0,0,0
ACC00400,17.420975113017263,78.47612987670855,2022-04-09,12:25:17,clear,rural,daylight,moderate,motorcycle,59.7,40,severe,2022-04-09 12:25:17,12,5,4,1,0,2
ACC00401,17.41570336804144,78.50662063715336,2025-05-23,12:02:37,rain,highway,night_lit,heavy,truck,83.1,69,severe,2025-05-23 12:02:37,12,4,5,0,0,2
ACC00402,17.40272097367111,78.46315649667258,2024-06-15,08:32:30,clear,expressway,night_unlit,heavy,truck,97.0,80,severe,2024-06-15 08:32:30,8,5,6,1,0,2
ACC00403,17.361582992043818,78.48186112502454,2025-10-21,18:17:22,rain,rural,dusk_dawn,moderate,auto,136.5,77,moderate,2025-10-21 18:17:22,18,1,10,0,0,1
ACC00404,17.397100386485945,78.47830251730133,2025-11-18,11:35:27,clear,urban,dusk_dawn,moderate,auto,41.3,42,fatal,2025-11-18 11:35:27,11,1,11,0,0,3
ACC00405,17.392792528189958,78.4890682545932,2023-07-25,20:08:04,clear,highway,night_unlit,low,motorcycle,67.1,74,moderate,2023-07-25 20:08:04,20,1,7,0,1,1
ACC00406,17.38885091248408,78.49557728569295,2025-09-03,11:48:42,rain,highway,daylight,moderate,bus,96.8,86,minor,2025-09-03 11:48:42,11,2,9,0,0,0
ACC00407,17.404993305340874,78.46984214100752,2022-04-11,19:41:04,cloudy,highway,dusk_dawn,heavy,truck,96.9,98,severe,2022-04-11 19:41:04,19,0,4,0,0,2
ACC00408,17.392707422857224,78.50448565354912,2023-12-07,15:38:04,rain,highway,night_unlit,heavy,motorcycle,84.6,82,moderate,2023-12-07 15:38:04,15,3,12,0,0,1
ACC00409,17.394800284726085,78.4912600473667,2024-12-29,12:30:15,heavy_rain,urban,daylight,moderate,car,57.5,34,severe,2024-12-29 12:30:15,12,6,12,1,0,2
ACC00410,17.392738125667442,78.45216107493376,2024-02-05,17:13:31,clear,rural,daylight,heavy,auto,103.8,50,moderate,2024-02-05 17:13:31,17,0,2,0,0,1
ACC00411,17.386815828160042,78.45082817119206,2025-04-29,18:56:17,clear,urban,dusk_dawn,low,auto,63.4,39,moderate,2025-04-29 18:56:17,18,1,4,0,0,1
ACC00412,17.344327777405717,78.4897536141414,2025-11-10,14:15:52,clear,urban,daylight,heavy,motorcycle,56.2,45,fatal,2025-11-10 14:15:52,14,0,11,0,0,3
ACC00413,17.38167242154821,78.48558065364426,2023-11-28,12:21:55,clear,expressway,night_unlit,moderate,car,129.4,91,fatal,2023-11-28 12:21:55,12,1,11,0,0,3
ACC00414,17.368876160823017,78.4879315977285,2023-03-27,15:55:23,fog,rural,daylight,moderate,car,71.0,60,moderate,2023-03-27 15:55:23,15,0,3,0,0,1
ACC00415,17.3544031808472,78.48944035086939,2024-08-15,16:02:59,rain,urban,night_unlit,moderate,car,74.0,34,severe,2024-08-15 16:02:59,16,3,8,0,0,2
ACC00416,17.413636332386016,78.4945111967902,2025-11-27,12:07:05,clear,urban,daylight,heavy,truck,75.9,30,severe,2025-11-27 12:07:05,12,3,11,0,0,2
ACC00417,17.414579906817714,78.50895299219697,2026-06-10,18:45:08,rain,urban,dusk_dawn,low,motorcycle,72.3,36,moderate,2026-06-10 18:45:08,18,2,6,0,0,1
ACC00418,17.40718441200591,78.46777790198165,2025-09-01,12:22:20,heavy_rain,urban,dusk_dawn,moderate,motorcycle,45.2,54,minor,2025-09-01 12:22:20,12,0,9,0,0,0
ACC00419,17.385104268337116,78.46656056814197,2023-02-07,13:34:56,clear,highway,night_unlit,heavy,car,93.6,93,minor,2023-02-07 13:34:56,13,1,2,0,0,0
ACC00420,17.407012502419054,78.46813352284225,2022-12-04,16:34:30,clear,urban,daylight,low,motorcycle,28.4,59,moderate,2022-12-04 16:34:30,16,6,12,1,0,1
ACC00421,17.380241063612036,78.49577833334337,2024-07-29,23:49:42,rain,urban,daylight,moderate,truck,44.0,55,minor,2024-07-29 23:49:42,23,0,7,0,1,0
ACC00422,17.384055945537956,78.51489894757293,2023-10-23,09:37:39,rain,highway,daylight,moderate,bus,71.9,77,severe,2023-10-23 09:37:39,9,0,10,0,0,2
ACC00423,17.35813057259076,78.48137321123521,2024-09-30,09:25:29,clear,expressway,daylight,heavy,motorcycle,120.0,85,severe,2024-09-30 09:25:29,9,0,9,0,0,2
ACC00424,17.387939826089976,78.43996600311681,2026-02-25,08:32:55,cloudy,rural,night_lit,heavy,car,55.4,44,severe,2026-02-25 08:32:55,8,2,2,0,0,2
ACC00425,17.381207718568486,78.45592014274779,2024-06-20,17:44:57,clear,urban,night_unlit,low,car,51.4,42,severe,2024-06-20 17:44:57,17,3,6,0,0,2
ACC00426,17.35394695766331,78.47333926554407,2023-08-07,13:22:26,cloudy,highway,night_lit,moderate,bus,71.7,70,minor,2023-08-07 13:22:26,13,0,8,0,0,0
ACC00427,17.378976057763666,78.47884542225009,2025-11-28,12:10:42,cloudy,highway,daylight,moderate,bus,66.8,63,severe,2025-11-28 12:10:42,12,4,11,0,0,2
ACC00428,17.378405408722863,78.4818322274549,2023-12-23,08:29:37,clear,urban,night_lit,moderate,motorcycle,22.5,45,minor,2023-12-23 08:29:37,8,5,12,1,0,0
ACC00429,17.415951223332893,78.49077162245962,2024-09-20,20:59:35,rain,rural,night_unlit,low,car,95.2,48,severe,2024-09-20 20:59:35,20,4,9,0,1,2
ACC00430,17.397884266570266,78.48376507338355,2022-08-11,13:06:06,cloudy,urban,daylight,low,truck,70.3,31,minor,2022-08-11 13:06:06,13,3,8,0,0,0
ACC00431,17.380228908781827,78.51098679221086,2024-04-13,16:10:12,rain,highway,daylight,moderate,truck,89.5,70,fatal,2024-04-13 16:10:12,16,5,4,1,0,3
ACC00432,17.38497574619602,78.47647965388637,2023-12-01,07:59:59,cloudy,highway,dusk_dawn,low,truck,123.8,64,moderate,2023-12-01 07:59:59,7,4,12,0,0,1
ACC00433,17.380884247562083,78.47275364081048,2022-07-21,07:49:14,cloudy,highway,dusk_dawn,heavy,car,136.1,90,fatal,2022-07-21 07:49:14,7,3,7,0,0,3
ACC00434,17.375941720304088,78.49957751077041,2022-12-14,06:07:39,clear,urban,dusk_dawn,low,auto,73.1,46,fatal,2022-12-14 06:07:39,6,2,12,0,0,3
ACC00435,17.358351456052233,78.45928715860147,2025-02-28,11:12:54,clear,urban,night_lit,heavy,motorcycle,57.9,42,minor,2025-02-28 11:12:54,11,4,2,0,0,0
ACC00436,17.37697896244786,78.49779383410639,2022-10-24,13:41:36,rain,highway,night_lit,heavy,motorcycle,112.6,64,moderate,2022-10-24 13:41:36,13,0,10,0,0,1
ACC00437,17.365078034866947,78.49205106367452,2022-08-05,09:46:12,cloudy,urban,night_unlit,moderate,car,54.8,41,severe,2022-08-05 09:46:12,9,4,8,0,0,2
ACC00438,17.354993689221537,78.48705115020164,2022-04-05,11:44:51,clear,rural,night_unlit,heavy,car,45.4,74,moderate,2022-04-05 11:44:51,11,1,4,0,0,1
ACC00439,17.39022443629095,78.52176552214299,2022-02-13,00:51:01,fog,urban,night_lit,heavy,car,43.2,48,moderate,2022-02-13 00:51:01,0,6,2,1,1,1
ACC00440,17.387825293198663,78.4775558510941,2023-12-15,11:30:43,rain,highway,daylight,heavy,motorcycle,131.6,74,minor,2023-12-15 11:30:43,11,4,12,0,0,0
ACC00441,17.344265849772636,78.53120596341047,2024-03-13,07:52:15,clear,urban,dusk_dawn,moderate,auto,78.7,42,moderate,2024-03-13 07:52:15,7,2,3,0,0,1
ACC00442,17.377546307250096,78.48549137101543,2024-10-22,07:35:38,clear,expressway,dusk_dawn,moderate,truck,105.5,87,moderate,2024-10-22 07:35:38,7,1,10,0,0,1
ACC00443,17.399914027717998,78.46445967110058,2024-07-28,00:28:28,cloudy,highway,night_lit,heavy,auto,75.2,96,minor,2024-07-28 00:28:28,0,6,7,1,1,0
ACC00444,17.401184474777924,78.4913983916199,2024-05-31,17:38:34,clear,highway,night_lit,heavy,truck,105.2,93,moderate,2024-05-31 17:38:34,17,4,5,0,0,1
ACC00445,17.400516736857703,78.46847509599363,2026-06-29,21:25:22,fog,urban,night_unlit,moderate,car,46.2,49,minor,2026-06-29 21:25:22,21,0,6,0,1,0
ACC00446,17.38077826413803,78.47496488304373,2023-02-15,16:36:31,cloudy,highway,daylight,moderate,truck,118.9,94,severe,2023-02-15 16:36:31,16,2,2,0,0,2
ACC00447,17.363099093440617,78.4979406660003,2025-03-15,06:50:56,clear,rural,dusk_dawn,low,motorcycle,38.9,55,minor,2025-03-15 06:50:56,6,5,3,1,0,0
ACC00448,17.358326023452836,78.501111641773,2022-05-11,23:57:49,cloudy,rural,daylight,heavy,bus,66.2,74,moderate,2022-05-11 23:57:49,23,2,5,0,1,1
ACC00449,17.386892098095007,78.47755664599491,2025-10-25,22:34:25,clear,highway,daylight,heavy,motorcycle,66.0,97,minor,2025-10-25 22:34:25,22,5,10,1,1,0
ACC00450,17.387585600687302,78.50974810290093,2023-08-19,13:00:56,cloudy,rural,night_lit,low,car,101.6,78,severe,2023-08-19 13:00:56,13,5,8,1,0,2
ACC00451,17.4057466222321,78.51315015516042,2023-07-23,07:37:53,clear,urban,daylight,low,truck,32.4,56,moderate,2023-07-23 07:37:53,7,6,7,1,0,1
ACC00452,17.401999593006842,78.51872603513127,2022-08-10,17:15:37,rain,urban,night_lit,heavy,truck,77.7,32,minor,2022-08-10 17:15:37,17,2,8,0,0,0
ACC00453,17.377355426869375,78.50058826814251,2024-04-15,22:14:35,rain,highway,night_lit,low,motorcycle,93.6,80,minor,2024-04-15 22:14:35,22,0,4,0,1,0
ACC00454,17.355115882422783,78.51726857424171,2023-10-19,18:52:02,heavy_rain,urban,dusk_dawn,heavy,car,70.1,57,moderate,2023-10-19 18:52:02,18,3,10,0,0,1
ACC00455,17.37361786805978,78.45238403144052,2026-05-19,16:26:31,clear,rural,daylight,moderate,motorcycle,34.1,79,fatal,2026-05-19 16:26:31,16,1,5,0,0,3
ACC00456,17.384344623896208,78.48364186902742,2022-10-20,16:47:12,clear,highway,night_lit,moderate,truck,66.7,64,moderate,2022-10-20 16:47:12,16,3,10,0,0,1
ACC00457,17.37595833509221,78.47265989487353,2023-11-17,22:22:09,rain,urban,night_unlit,low,car,39.6,38,severe,2023-11-17 22:22:09,22,4,11,0,1,2
ACC00458,13.082384517222549,80.25999277845206,2026-01-18,06:36:51,clear,expressway,dusk_dawn,low,truck,91.7,96,moderate,2026-01-18 06:36:51,6,6,1,1,0,1
ACC00459,13.068571015616063,80.27970322225092,2025-08-18,07:39:16,clear,urban,dusk_dawn,moderate,car,53.5,52,moderate,2025-08-18 07:39:16,7,0,8,0,0,1
ACC00460,13.076676843161003,80.25944164725351,2025-06-09,19:53:36,storm,highway,dusk_dawn,moderate,car,105.0,69,moderate,2025-06-09 19:53:36,19,0,6,0,0,1
ACC00461,13.117643497604082,80.26997214697113,2024-05-13,07:11:52,rain,highway,dusk_dawn,heavy,car,117.4,81,minor,2024-05-13 07:11:52,7,0,5,0,0,0
ACC00462,13.076605604071592,80.2897227263392,2025-12-04,11:33:35,heavy_rain,urban,daylight,heavy,car,55.1,52,moderate,2025-12-04 11:33:35,11,3,12,0,0,1
ACC00463,13.088275846343803,80.25884457308021,2023-01-03,09:24:46,cloudy,rural,night_lit,heavy,motorcycle,84.3,79,moderate,2023-01-03 09:24:46,9,1,1,0,0,1
ACC00464,13.075354613401515,80.28611357278484,2025-08-22,09:27:46,cloudy,highway,daylight,moderate,truck,88.4,68,moderate,2025-08-22 09:27:46,9,4,8,0,0,1
ACC00465,13.081514265759136,80.28354802737384,2024-08-11,02:50:26,cloudy,highway,night_lit,moderate,motorcycle,69.8,96,minor,2024-08-11 02:50:26,2,6,8,1,1,0
ACC00466,13.080120333608722,80.25090416365738,2023-07-29,15:08:55,cloudy,urban,dusk_dawn,low,car,72.6,60,minor,2023-07-29 15:08:55,15,5,7,1,0,0
ACC00467,13.088966481319463,80.28947788256434,2022-12-25,12:32:54,clear,urban,daylight,moderate,truck,52.9,60,severe,2022-12-25 12:32:54,12,6,12,1,0,2
ACC00468,13.103306150710944,80.28397132690742,2024-05-06,15:23:20,rain,highway,night_unlit,moderate,motorcycle,99.6,77,severe,2024-05-06 15:23:20,15,0,5,0,0,2
ACC00469,13.112947879952069,80.27203851774745,2022-01-05,10:53:49,clear,urban,daylight,heavy,motorcycle,45.1,36,minor,2022-01-05 10:53:49,10,2,1,0,0,0
ACC00470,13.086192401638185,80.25475353083944,2025-03-19,21:12:10,cloudy,urban,night_unlit,moderate,truck,55.5,45,severe,2025-03-19 21:12:10,21,2,3,0,1,2
ACC00471,13.091790937720711,80.25281587962849,2023-01-23,16:13:06,heavy_rain,highway,daylight,low,motorcycle,70.3,82,moderate,2023-01-23 16:13:06,16,0,1,0,0,1
ACC00472,13.056982709816287,80.25924674846193,2023-10-02,22:05:31,rain,highway,night_unlit,moderate,motorcycle,67.7,64,moderate,2023-10-02 22:05:31,22,0,10,0,1,1
ACC00473,13.078242465151687,80.28085188926583,2022-11-14,11:26:36,clear,expressway,night_lit,moderate,car,118.6,88,moderate,2022-11-14 11:26:36,11,0,11,0,0,1
ACC00474,13.098805789297671,80.25088749665197,2024-02-04,00:00:35,cloudy,rural,night_lit,heavy,car,73.1,57,moderate,2024-02-04 00:00:35,0,6,2,1,1,1
ACC00475,13.097319372768345,80.2787502449724,2023-09-02,18:30:47,cloudy,highway,dusk_dawn,moderate,car,108.7,65,moderate,2023-09-02 18:30:47,18,5,9,1,0,1
ACC00476,13.0842321946559,80.24516488942243,2022-11-05,19:13:23,clear,rural,dusk_dawn,moderate,bus,32.0,48,minor,2022-11-05 19:13:23,19,5,11,1,0,0
ACC00477,13.09772787919136,80.26591862831121,2025-12-30,05:24:48,clear,urban,night_unlit,low,car,78.3,58,severe,2025-12-30 05:24:48,5,1,12,0,1,2
ACC00478,13.089815334179876,80.27219295509147,2025-05-31,16:36:54,cloudy,expressway,daylight,heavy,truck,102.5,97,moderate,2025-05-31 16:36:54,16,5,5,1,0,1
ACC00479,13.104006125165188,80.31890260290118,2023-09-29,17:41:05,rain,expressway,daylight,moderate,truck,73.4,90,minor,2023-09-29 17:41:05,17,4,9,0,0,0
ACC00480,13.085787183139145,80.24245368688959,2022-04-05,07:03:26,fog,urban,daylight,heavy,car,23.1,32,minor,2022-04-05 07:03:26,7,1,4,0,0,0
ACC00481,13.07288603368858,80.2994402913298,2025-10-19,15:08:13,clear,urban,night_lit,moderate,car,58.8,50,minor,2025-10-19 15:08:13,15,6,10,1,0,0
ACC00482,13.08671682513866,80.27299684827975,2025-02-18,09:19:39,clear,highway,night_unlit,heavy,car,133.6,92,moderate,2025-02-18 09:19:39,9,1,2,0,0,1
ACC00483,13.021388112482944,80.27822343836031,2024-07-01,01:31:24,clear,urban,night_unlit,heavy,car,24.9,57,minor,2024-07-01 01:31:24,1,0,7,0,1,0
ACC00484,13.0876577147277,80.27236695826775,2024-09-19,19:53:16,storm,urban,dusk_dawn,low,bus,35.8,44,severe,2024-09-19 19:53:16,19,3,9,0,0,2
ACC00485,13.007031743495704,80.27889453636391,2022-01-13,14:08:15,rain,urban,night_lit,moderate,car,61.7,43,minor,2022-01-13 14:08:15,14,3,1,0,0,0
ACC00486,13.045530731851892,80.26692629791276,2024-02-18,18:04:21,fog,highway,dusk_dawn,low,motorcycle,128.8,92,severe,2024-02-18 18:04:21,18,6,2,1,0,2
ACC00487,13.08903537201882,80.29908100362914,2022-11-06,17:37:06,cloudy,rural,dusk_dawn,heavy,car,98.9,71,minor,2022-11-06 17:37:06,17,6,11,1,0,0
ACC00488,13.089550586745336,80.2608705771155,2024-12-05,23:58:06,clear,expressway,daylight,heavy,truck,127.4,95,minor,2024-12-05 23:58:06,23,3,12,0,1,0
ACC00489,13.056751424397202,80.29264469144358,2026-03-10,13:49:37,cloudy,highway,night_lit,moderate,car,65.2,84,moderate,2026-03-10 13:49:37,13,1,3,0,0,1
ACC00490,13.065757959162422,80.25711265759574,2024-05-21,12:33:56,clear,urban,daylight,moderate,car,62.6,42,minor,2024-05-21 12:33:56,12,1,5,0,0,0
ACC00491,13.107410819772282,80.26879496307197,2024-09-19,09:01:30,clear,rural,night_lit,heavy,car,32.6,60,fatal,2024-09-19 09:01:30,9,3,9,0,0,3
ACC00492,13.070319397368548,80.24856074895419,2024-12-31,16:34:55,clear,urban,daylight,heavy,bus,70.0,52,moderate,2024-12-31 16:34:55,16,1,12,0,0,1
ACC00493,13.12485840624806,80.27910047440695,2026-03-07,14:27:09,clear,expressway,daylight,moderate,motorcycle,65.8,86,severe,2026-03-07 14:27:09,14,5,3,1,0,2
ACC00494,13.079961602936471,80.29890251913852,2022-03-04,17:26:58,clear,urban,night_lit,heavy,car,52.4,35,minor,2022-03-04 17:26:58,17,4,3,0,0,0
ACC00495,13.088160723537625,80.26845287640357,2023-05-25,11:29:35,fog,highway,daylight,low,truck,97.7,68,moderate,2023-05-25 11:29:35,11,3,5,0,0,1
ACC00496,13.112337487969972,80.26606228602591,2023-03-17,07:33:44,rain,urban,night_unlit,moderate,truck,68.1,37,fatal,2023-03-17 07:33:44,7,4,3,0,0,3
ACC00497,13.082620542323868,80.24770766073864,2025-03-22,19:43:03,rain,urban,dusk_dawn,heavy,motorcycle,50.2,32,minor,2025-03-22 19:43:03,19,5,3,1,0,0
ACC00498,13.059953120386185,80.26541414692895,2024-01-06,19:11:36,clear,highway,dusk_dawn,heavy,auto,83.1,78,minor,2024-01-06 19:11:36,19,5,1,1,0,0
ACC00499,13.077805450966114,80.23814411480556,2025-06-21,11:04:22,rain,rural,night_lit,low,car,79.7,46,moderate,2025-06-21 11:04:22,11,5,6,1,0,1
ACC00500,13.0792877852762,80.25174244026562,2024-02-15,17:03:53,cloudy,urban,daylight,moderate,truck,32.1,57,minor,2024-02-15 17:03:53,17,3,2,0,0,0
ACC00501,13.052705166955969,80.27453572092217,2026-05-22,14:24:47,clear,urban,daylight,moderate,truck,46.7,54,moderate,2026-05-22 14:24:47,14,4,5,0,0,1
ACC00502,13.074883358573183,80.29638026395483,2025-06-13,18:30:51,clear,urban,dusk_dawn,low,motorcycle,30.4,38,fatal,2025-06-13 18:30:51,18,4,6,0,0,3
ACC00503,13.065156158120052,80.32618421722458,2022-01-30,12:47:53,clear,urban,daylight,heavy,motorcycle,52.8,48,moderate,2022-01-30 12:47:53,12,6,1,1,0,1
ACC00504,13.098487155143747,80.25826829829857,2026-06-12,15:26:43,heavy_rain,urban,daylight,low,car,51.0,51,minor,2026-06-12 15:26:43,15,4,6,0,0,0
ACC00505,13.080692237483705,80.2987060031329,2026-04-13,05:31:14,rain,urban,night_lit,moderate,car,35.7,36,fatal,2026-04-13 05:31:14,5,0,4,0,1,3
ACC00506,13.07434408501705,80.27487504960803,2022-03-13,08:58:16,clear,highway,night_lit,heavy,motorcycle,86.9,80,severe,2022-03-13 08:58:16,8,6,3,1,0,2
ACC00507,13.077876361387547,80.26697504706507,2023-10-05,18:44:51,cloudy,rural,dusk_dawn,low,bus,131.0,73,moderate,2023-10-05 18:44:51,18,3,10,0,0,1
ACC00508,13.084462440368124,80.27865188903452,2026-05-13,11:41:36,clear,expressway,daylight,moderate,car,116.8,82,severe,2026-05-13 11:41:36,11,2,5,0,0,2
ACC00509,13.092336283993795,80.2712383296736,2025-10-07,03:21:53,clear,urban,night_unlit,moderate,motorcycle,49.2,42,fatal,2025-10-07 03:21:53,3,1,10,0,1,3
ACC00510,13.060005755426612,80.27220791451224,2024-02-08,08:09:47,cloudy,rural,night_lit,moderate,car,84.7,75,moderate,2024-02-08 08:09:47,8,3,2,0,0,1
ACC00511,13.059168247347577,80.26183333674346,2024-06-13,12:55:36,rain,expressway,daylight,moderate,car,134.8,85,minor,2024-06-13 12:55:36,12,3,6,0,0,0
ACC00512,13.10209358430805,80.24203780680402,2022-02-18,17:33:09,rain,highway,daylight,moderate,motorcycle,108.3,70,minor,2022-02-18 17:33:09,17,4,2,0,0,0
ACC00513,13.071753262555903,80.23912749594956,2024-07-16,11:04:58,clear,highway,daylight,heavy,auto,62.3,99,minor,2024-07-16 11:04:58,11,1,7,0,0,0
ACC00514,13.051663158148065,80.28306489766562,2024-12-30,18:28:14,cloudy,highway,dusk_dawn,heavy,car,63.2,77,minor,2024-12-30 18:28:14,18,0,12,0,0,0
ACC00515,13.088876254187662,80.26446599819828,2023-08-14,19:05:14,clear,urban,dusk_dawn,low,car,56.2,40,minor,2023-08-14 19:05:14,19,0,8,0,0,0
ACC00516,13.089267396120654,80.25807822200687,2023-05-19,11:58:08,clear,highway,daylight,moderate,car,78.5,96,minor,2023-05-19 11:58:08,11,4,5,0,0,0
ACC00517,13.049385694854866,80.27017011253446,2025-09-22,18:31:04,clear,urban,dusk_dawn,moderate,motorcycle,46.1,41,minor,2025-09-22 18:31:04,18,0,9,0,0,0
ACC00518,13.084589634309271,80.28589864505831,2024-01-07,07:47:22,clear,urban,dusk_dawn,moderate,motorcycle,33.4,50,moderate,2024-01-07 07:47:22,7,6,1,1,0,1
ACC00519,13.094711661848567,80.27360727886052,2023-03-10,12:28:50,clear,highway,night_unlit,low,car,60.7,81,minor,2023-03-10 12:28:50,12,4,3,0,0,0
ACC00520,13.087487729034123,80.25687890126717,2023-09-08,06:01:51,clear,urban,dusk_dawn,moderate,car,77.2,35,fatal,2023-09-08 06:01:51,6,4,9,0,0,3
ACC00521,13.092639629675228,80.29452585911298,2024-03-19,05:38:29,rain,highway,night_lit,moderate,car,71.1,84,moderate,2024-03-19 05:38:29,5,1,3,0,1,1
ACC00522,13.051914618038186,80.30158371005963,2023-03-03,06:39:18,clear,urban,dusk_dawn,heavy,car,68.2,37,fatal,2023-03-03 06:39:18,6,4,3,0,0,3
ACC00523,13.086620803099924,80.27989113310646,2024-07-08,07:13:20,clear,highway,dusk_dawn,low,truck,64.3,99,minor,2024-07-08 07:13:20,7,0,7,0,0,0
ACC00524,13.073947604810591,80.28947327022688,2025-11-15,19:42:55,fog,highway,night_lit,low,truck,82.2,66,minor,2025-11-15 19:42:55,19,5,11,1,0,0
ACC00525,13.070344196825507,80.29483919993628,2025-05-04,15:13:03,heavy_rain,highway,daylight,heavy,car,63.7,83,fatal,2025-05-04 15:13:03,15,6,5,1,0,3
ACC00526,13.097411112188396,80.29260198632808,2023-01-15,21:41:03,clear,rural,night_unlit,heavy,motorcycle,110.0,69,severe,2023-01-15 21:41:03,21,6,1,1,1,2
ACC00527,13.109585490213483,80.28228198354225,2024-02-14,15:44:03,clear,highway,daylight,moderate,car,132.9,75,minor,2024-02-14 15:44:03,15,2,2,0,0,0
ACC00528,13.115887401092008,80.28196694094149,2024-06-11,16:08:53,clear,urban,night_lit,heavy,car,32.8,56,severe,2024-06-11 16:08:53,16,1,6,0,0,2
ACC00529,13.106296157430116,80.28039321146693,2025-01-22,08:17:05,fog,rural,daylight,heavy,motorcycle,65.9,59,moderate,2025-01-22 08:17:05,8,2,1,0,0,1
ACC00530,13.077805316367396,80.24805324650906,2025-05-27,15:09:56,clear,urban,dusk_dawn,low,truck,48.6,35,severe,2025-05-27 15:09:56,15,1,5,0,0,2
ACC00531,13.087054403260527,80.28401446313718,2024-03-07,11:43:11,clear,highway,daylight,moderate,car,101.9,67,moderate,2024-03-07 11:43:11,11,3,3,0,0,1
ACC00532,13.095336457435684,80.24288372057747,2023-06-02,21:14:32,rain,urban,daylight,heavy,car,42.7,43,moderate,2023-06-02 21:14:32,21,4,6,0,1,1
ACC00533,13.082423558985989,80.2541080108975,2024-12-18,21:38:58,rain,highway,dusk_dawn,moderate,car,128.9,69,minor,2024-12-18 21:38:58,21,2,12,0,1,0
ACC00534,13.082615283758232,80.29607130135616,2022-07-26,08:25:06,clear,rural,dusk_dawn,heavy,car,68.3,66,minor,2022-07-26 08:25:06,8,1,7,0,0,0
ACC00535,13.096475062637523,80.28680440325388,2025-01-11,16:04:16,clear,rural,night_unlit,heavy,motorcycle,117.4,45,severe,2025-01-11 16:04:16,16,5,1,1,0,2
ACC00536,13.07881434707948,80.29974796579371,2026-01-11,16:52:43,cloudy,urban,daylight,moderate,truck,79.8,53,minor,2026-01-11 16:52:43,16,6,1,1,0,0
ACC00537,13.065414261272528,80.26456651232625,2025-03-10,15:42:49,clear,highway,daylight,low,car,114.3,67,severe,2025-03-10 15:42:49,15,0,3,0,0,2
ACC00538,13.071710538683282,80.24695502317446,2023-12-14,07:15:54,clear,rural,dusk_dawn,heavy,truck,90.7,73,minor,2023-12-14 07:15:54,7,3,12,0,0,0
ACC00539,13.092678207554677,80.26519125605859,2025-09-13,17:52:01,rain,urban,daylight,moderate,auto,63.3,42,severe,2025-09-13 17:52:01,17,5,9,1,0,2
ACC00540,13.080059865824,80.27204062594481,2024-05-23,18:42:46,rain,highway,dusk_dawn,low,car,96.8,87,fatal,2024-05-23 18:42:46,18,3,5,0,0,3
ACC00541,13.086804199537369,80.2715797743268,2024-06-06,11:48:19,rain,rural,daylight,heavy,motorcycle,120.9,76,moderate,2024-06-06 11:48:19,11,3,6,0,0,1
ACC00542,13.093401584844043,80.29267360957513,2025-10-31,14:10:33,rain,highway,night_unlit,moderate,motorcycle,97.2,85,severe,2025-10-31 14:10:33,14,4,10,0,0,2
ACC00543,13.072503170742047,80.26277459149993,2022-11-14,07:00:54,cloudy,rural,dusk_dawn,low,motorcycle,104.3,73,severe,2022-11-14 07:00:54,7,0,11,0,0,2
ACC00544,13.095124963272596,80.27704068943605,2025-07-04,21:03:54,clear,rural,night_unlit,low,bus,95.2,58,fatal,2025-07-04 21:03:54,21,4,7,0,1,3
ACC00545,13.087576852069168,80.2502274570113,2025-01-20,07:32:11,rain,highway,dusk_dawn,heavy,bus,117.6,91,severe,2025-01-20 07:32:11,7,0,1,0,0,2
ACC00546,13.05530373826177,80.27900634556087,2024-05-18,08:47:28,clear,highway,dusk_dawn,heavy,motorcycle,85.7,93,moderate,2024-05-18 08:47:28,8,5,5,1,0,1
ACC00547,13.108846095823726,80.27006217100372,2022-05-07,10:54:17,clear,urban,dusk_dawn,moderate,truck,58.9,44,minor,2022-05-07 10:54:17,10,5,5,1,0,0
ACC00548,13.069985105124864,80.2550037332343,2025-06-11,19:57:36,clear,rural,dusk_dawn,low,motorcycle,51.1,64,moderate,2025-06-11 19:57:36,19,2,6,0,0,1
ACC00549,13.046898093136296,80.2652834127565,2022-12-26,17:35:49,rain,highway,night_lit,moderate,truck,102.5,85,minor,2022-12-26 17:35:49,17,0,12,0,0,0
ACC00550,13.059099125808274,80.2663164850697,2026-01-10,00:37:19,cloudy,highway,night_lit,moderate,bus,69.4,73,moderate,2026-01-10 00:37:19,0,5,1,1,1,1
ACC00551,13.059579096786434,80.26459689741326,2025-07-24,08:17:07,cloudy,urban,dusk_dawn,moderate,truck,28.8,33,minor,2025-07-24 08:17:07,8,3,7,0,0,0
ACC00552,13.081043466373153,80.30542682484536,2023-08-21,18:00:03,cloudy,highway,dusk_dawn,moderate,car,122.8,84,moderate,2023-08-21 18:00:03,18,0,8,0,0,1
ACC00553,13.074522989889076,80.26803107995384,2023-12-16,12:11:03,rain,highway,night_unlit,low,car,86.3,85,severe,2023-12-16 12:11:03,12,5,12,1,0,2
ACC00554,13.073263360647188,80.26512207779645,2022-02-11,02:03:21,clear,rural,dusk_dawn,heavy,truck,107.6,40,minor,2022-02-11 02:03:21,2,4,2,0,1,0
ACC00555,13.09239403930965,80.2280509808478,2024-03-28,22:41:57,clear,urban,night_unlit,heavy,car,31.4,43,minor,2024-03-28 22:41:57,22,3,3,0,1,0
ACC00556,13.086797507223856,80.2521158529604,2022-04-06,07:30:15,rain,urban,daylight,heavy,motorcycle,75.9,34,moderate,2022-04-06 07:30:15,7,2,4,0,0,1
ACC00557,13.086320957412886,80.26473853151087,2026-06-10,14:46:24,rain,highway,daylight,moderate,motorcycle,74.3,72,minor,2026-06-10 14:46:24,14,2,6,0,0,0
ACC00558,13.088196569146572,80.25628294647646,2024-11-17,09:08:40,cloudy,urban,daylight,moderate,truck,46.9,34,minor,2024-11-17 09:08:40,9,6,11,1,0,0
ACC00559,13.092322693360044,80.29763415186756,2023-01-22,18:54:39,clear,urban,dusk_dawn,moderate,truck,20.9,41,minor,2023-01-22 18:54:39,18,6,1,1,0,0
ACC00560,13.037840933164452,80.26670124449207,2025-08-12,18:43:16,fog,urban,dusk_dawn,moderate,car,49.8,49,minor,2025-08-12 18:43:16,18,1,8,0,0,0
ACC00561,13.072711234954712,80.29576888498636,2022-02-02,12:54:07,cloudy,expressway,daylight,heavy,truck,119.3,82,minor,2022-02-02 12:54:07,12,2,2,0,0,0
ACC00562,13.03639579871021,80.271234092681,2024-06-20,17:38:09,heavy_rain,highway,night_lit,heavy,truck,67.5,96,severe,2024-06-20 17:38:09,17,3,6,0,0,2
ACC00563,13.080721198535956,80.27074455672843,2022-07-02,20:20:13,rain,urban,daylight,heavy,car,57.1,31,severe,2022-07-02 20:20:13,20,5,7,1,1,2
ACC00564,13.079907340555511,80.26822407104575,2022-03-31,19:37:05,heavy_rain,rural,dusk_dawn,low,motorcycle,28.5,60,moderate,2022-03-31 19:37:05,19,3,3,0,0,1
ACC00565,13.100910645495794,80.27007592503243,2023-02-06,12:36:27,clear,highway,daylight,moderate,motorcycle,136.2,78,minor,2023-02-06 12:36:27,12,0,2,0,0,0
ACC00566,13.103752687854422,80.30437590006099,2023-04-29,13:10:38,cloudy,expressway,dusk_dawn,low,car,115.2,89,minor,2023-04-29 13:10:38,13,5,4,1,0,0
ACC00567,13.084055500965048,80.22360778546498,2025-04-06,20:06:40,clear,urban,night_lit,moderate,motorcycle,37.4,33,minor,2025-04-06 20:06:40,20,6,4,1,1,0
ACC00568,22.529969085111222,88.0,2026-01-02,03:39:54,clear,highway,night_lit,moderate,car,119.2,79,moderate,2026-01-02 03:39:54,3,4,1,0,1,1
ACC00569,22.55913658337888,88.0,2025-06-27,02:05:17,clear,highway,night_lit,heavy,truck,66.6,100,moderate,2025-06-27 02:05:17,2,4,6,0,1,1
ACC00570,22.570290557638756,88.0,2025-04-29,08:06:39,clear,highway,daylight,heavy,car,105.1,78,minor,2025-04-29 08:06:39,8,1,4,0,0,0
ACC00571,22.58380208849528,88.0,2024-07-17,19:04:53,cloudy,expressway,daylight,low,motorcycle,62.4,86,moderate,2024-07-17 19:04:53,19,2,7,0,0,1
ACC00572,22.57946174396055,88.0,2023-09-02,07:37:01,cloudy,expressway,daylight,heavy,motorcycle,86.2,85,minor,2023-09-02 07:37:01,7,5,9,1,0,0
ACC00573,22.56231508174239,88.0,2023-02-23,09:55:46,clear,urban,daylight,heavy,car,45.5,48,severe,2023-02-23 09:55:46,9,3,2,0,0,2
ACC00574,22.590380873864834,88.0,2026-04-02,16:29:05,clear,highway,daylight,moderate,motorcycle,117.9,97,minor,2026-04-02 16:29:05,16,3,4,0,0,0
ACC00575,22.590603908063056,88.0,2024-05-06,08:09:33,clear,urban,daylight,moderate,car,36.6,49,severe,2024-05-06 08:09:33,8,0,5,0,0,2
ACC00576,22.573681156625437,88.0,2024-07-15,10:30:49,rain,urban,dusk_dawn,moderate,car,46.5,35,minor,2024-07-15 10:30:49,10,0,7,0,0,0
ACC00577,22.589253151449736,88.0,2022-01-25,13:28:27,clear,highway,dusk_dawn,low,motorcycle,77.3,74,minor,2022-01-25 13:28:27,13,1,1,0,0,0
ACC00578,22.575452905268644,88.0,2024-01-23,08:35:33,rain,highway,night_unlit,low,motorcycle,115.8,89,severe,2024-01-23 08:35:33,8,1,1,0,0,2
ACC00579,22.558770339464346,88.0,2025-01-24,23:25:37,clear,urban,night_unlit,heavy,motorcycle,79.1,31,severe,2025-01-24 23:25:37,23,4,1,0,1,2
ACC00580,22.58395633678,88.0,2024-03-23,08:31:34,cloudy,urban,daylight,low,car,47.6,52,moderate,2024-03-23 08:31:34,8,5,3,1,0,1
ACC00581,22.572212262451576,88.0,2024-10-05,19:19:43,rain,rural,dusk_dawn,moderate,motorcycle,134.7,64,moderate,2024-10-05 19:19:43,19,5,10,1,0,1
ACC00582,22.57002679693509,88.0,2025-08-22,13:54:51,cloudy,urban,night_unlit,heavy,car,68.4,59,severe,2025-08-22 13:54:51,13,4,8,0,0,2
ACC00583,22.599459071443796,88.0,2022-02-05,07:32:08,cloudy,highway,dusk_dawn,moderate,car,104.0,98,minor,2022-02-05 07:32:08,7,5,2,1,0,0
ACC00584,22.5209825574292,88.0,2026-01-25,07:18:24,heavy_rain,highway,dusk_dawn,low,car,132.8,95,moderate,2026-01-25 07:18:24,7,6,1,1,0,1
ACC00585,22.541646316596808,88.0,2025-09-03,14:00:51,clear,urban,night_lit,heavy,car,27.7,50,moderate,2025-09-03 14:00:51,14,2,9,0,0,1
ACC00586,22.54625859147251,88.0,2023-11-21,11:40:22,clear,urban,dusk_dawn,low,motorcycle,67.4,37,fatal,2023-11-21 11:40:22,11,1,11,0,0,3
ACC00587,22.562734787048623,88.0,2025-06-07,09:22:29,fog,highway,daylight,heavy,bus,99.7,67,severe,2025-06-07 09:22:29,9,5,6,1,0,2
ACC00588,22.56490783660468,88.0,2022-04-20,22:14:44,rain,rural,night_lit,low,car,63.6,73,severe,2022-04-20 22:14:44,22,2,4,0,1,2
ACC00589,22.53985348704454,88.0,2023-05-22,13:28:56,cloudy,urban,daylight,low,truck,50.4,44,fatal,2023-05-22 13:28:56,13,0,5,0,0,3
ACC00590,22.550296839353784,88.0,2022-06-26,21:29:15,clear,highway,night_unlit,heavy,car,84.1,89,minor,2022-06-26 21:29:15,21,6,6,1,1,0
ACC00591,22.552783166429528,88.0,2024-11-09,08:48:57,clear,highway,daylight,low,car,130.0,68,severe,2024-11-09 08:48:57,8,5,11,1,0,2
ACC00592,22.61914848184152,88.0,2025-11-06,08:32:42,heavy_rain,expressway,night_lit,low,motorcycle,98.2,84,moderate,2025-11-06 08:32:42,8,3,11,0,0,1
ACC00593,22.606034838954944,88.0,2024-09-14,16:42:01,rain,urban,daylight,low,car,42.0,57,minor,2024-09-14 16:42:01,16,5,9,1,0,0
ACC00594,22.561765011646308,88.0,2025-03-14,09:38:51,clear,highway,daylight,moderate,motorcycle,83.0,86,moderate,2025-03-14 09:38:51,9,4,3,0,0,1
ACC00595,22.562728334193864,88.0,2022-08-24,08:50:23,clear,urban,daylight,heavy,car,54.6,36,moderate,2022-08-24 08:50:23,8,2,8,0,0,1
ACC00596,22.54701592005624,88.0,2026-03-14,06:00:16,rain,highway,night_unlit,low,truck,93.3,90,minor,2026-03-14 06:00:16,6,5,3,1,0,0
ACC00597,22.531837391735493,88.0,2022-11-14,06:22:31,cloudy,rural,dusk_dawn,low,motorcycle,118.8,76,minor,2022-11-14 06:22:31,6,0,11,0,0,0
ACC00598,22.567662396271828,88.0,2024-05-14,18:42:34,fog,rural,dusk_dawn,heavy,truck,33.9,71,moderate,2024-05-14 18:42:34,18,1,5,0,0,1
ACC00599,22.55004296033512,88.0,2025-01-26,09:08:32,cloudy,rural,night_lit,low,car,24.7,46,minor,2025-01-26 09:08:32,9,6,1,1,0,0
ACC00600,22.56830298936676,88.0,2025-11-07,22:26:03,clear,urban,night_lit,low,car,41.0,32,fatal,2025-11-07 22:26:03,22,4,11,0,1,3
ACC00601,22.53799588301913,88.0,2026-03-13,08:24:49,clear,urban,daylight,low,truck,68.6,54,severe,2026-03-13 08:24:49,8,4,3,0,0,2
ACC00602,22.554760510833795,88.0,2024-09-10,11:48:20,cloudy,highway,daylight,heavy,motorcycle,95.4,91,moderate,2024-09-10 11:48:20,11,1,9,0,0,1
ACC00603,22.572972541906054,88.0,2024-08-04,11:57:08,clear,rural,night_unlit,moderate,motorcycle,48.7,48,moderate,2024-08-04 11:57:08,11,6,8,1,0,1
ACC00604,22.57732419195568,88.0,2023-11-16,14:06:33,clear,highway,night_lit,moderate,motorcycle,77.8,95,severe,2023-11-16 14:06:33,14,3,11,0,0,2
ACC00605,22.57834943917484,88.0,2024-07-21,19:12:37,clear,highway,dusk_dawn,moderate,truck,123.8,70,minor,2024-07-21 19:12:37,19,6,7,1,0,0
ACC00606,22.543590220316855,88.0,2025-01-13,19:46:06,clear,expressway,dusk_dawn,moderate,motorcycle,125.6,88,severe,2025-01-13 19:46:06,19,0,1,0,0,2
ACC00607,22.587093714602712,88.0,2024-11-27,01:10:56,rain,expressway,night_unlit,heavy,car,95.6,80,fatal,2024-11-27 01:10:56,1,2,11,0,1,3
ACC00608,22.553995766067963,88.0,2024-08-30,12:29:36,clear,urban,daylight,heavy,bus,67.3,50,severe,2024-08-30 12:29:36,12,4,8,0,0,2
ACC00609,22.582657158292147,88.0,2023-12-25,19:56:59,cloudy,urban,dusk_dawn,moderate,truck,33.8,60,minor,2023-12-25 19:56:59,19,0,12,0,0,0
ACC00610,22.56978722646764,88.0,2022-11-18,00:58:40,rain,highway,night_lit,heavy,car,61.4,66,moderate,2022-11-18 00:58:40,0,4,11,0,1,1
ACC00611,22.54247225001844,88.0,2022-03-30,15:56:00,clear,urban,daylight,low,car,45.9,45,severe,2022-03-30 15:56:00,15,2,3,0,0,2
ACC00612,22.563676045908377,88.0,2023-11-22,09:08:12,cloudy,highway,night_lit,moderate,truck,68.2,99,moderate,2023-11-22 09:08:12,9,2,11,0,0,1
ACC00613,22.577307274841274,88.0,2023-10-14,12:08:58,rain,highway,daylight,moderate,motorcycle,100.7,86,minor,2023-10-14 12:08:58,12,5,10,1,0,0
ACC00614,22.58225930760949,88.0,2024-09-25,12:10:33,cloudy,urban,daylight,low,bus,28.3,52,minor,2024-09-25 12:10:33,12,2,9,0,0,0
ACC00615,22.567180242051112,88.0,2026-01-18,12:46:07,cloudy,rural,daylight,low,truck,101.2,76,moderate,2026-01-18 12:46:07,12,6,1,1,0,1
ACC00616,22.60063557781202,88.0,2025-02-25,20:10:04,rain,expressway,night_lit,low,car,80.9,87,minor,2025-02-25 20:10:04,20,1,2,0,1,0
ACC00617,22.590150215419733,88.0,2025-08-14,15:25:32,fog,expressway,night_unlit,low,car,86.5,84,severe,2025-08-14 15:25:32,15,3,8,0,0,2
ACC00618,22.564866917672006,88.0,2024-08-07,20:49:35,rain,rural,night_lit,heavy,motorcycle,23.8,60,moderate,2024-08-07 20:49:35,20,2,8,0,1,1
ACC00619,22.58500243624274,88.0,2026-03-03,17:29:14,cloudy,highway,daylight,low,motorcycle,102.4,77,minor,2026-03-03 17:29:14,17,1,3,0,0,0
ACC00620,22.608675869703763,88.0,2026-03-23,11:56:11,cloudy,highway,night_lit,moderate,auto,113.0,77,minor,2026-03-23 11:56:11,11,0,3,0,0,0
ACC00621,22.60920969201566,88.0,2022-09-08,14:29:36,cloudy,urban,night_lit,low,truck,20.3,44,minor,2022-09-08 14:29:36,14,3,9,0,0,0
ACC00622,22.54544000238355,88.0,2024-11-15,12:22:26,clear,highway,daylight,moderate,bus,75.0,61,severe,2024-11-15 12:22:26,12,4,11,0,0,2
ACC00623,22.551469337776854,88.0,2024-04-10,19:58:02,cloudy,urban,dusk_dawn,low,truck,37.8,52,moderate,2024-04-10 19:58:02,19,2,4,0,0,1
ACC00624,22.59969837573468,88.0,2026-05-16,08:32:03,rain,urban,night_lit,low,truck,53.6,50,moderate,2026-05-16 08:32:03,8,5,5,1,0,1
ACC00625,22.548834378983248,88.0,2024-08-18,21:11:14,clear,rural,daylight,moderate,motorcycle,116.8,73,fatal,2024-08-18 21:11:14,21,6,8,1,1,3
ACC00626,22.543549177334167,88.0,2022-01-27,16:38:33,heavy_rain,urban,night_lit,low,motorcycle,65.6,36,minor,2022-01-27 16:38:33,16,3,1,0,0,0
ACC00627,22.56027611738602,88.0,2022-12-11,16:46:18,storm,urban,night_lit,moderate,motorcycle,77.0,55,minor,2022-12-11 16:46:18,16,6,12,1,0,0
ACC00628,22.57840453418949,88.0,2022-08-01,14:50:00,clear,rural,night_lit,moderate,truck,51.7,64,moderate,2022-08-01 14:50:00,14,0,8,0,0,1
ACC00629,22.56795206586778,88.0,2022-11-26,15:00:54,clear,urban,night_unlit,heavy,car,45.4,42,moderate,2022-11-26 15:00:54,15,5,11,1,0,1
ACC00630,22.55698872759189,88.0,2022-06-07,17:06:41,fog,highway,night_unlit,moderate,bus,115.0,100,fatal,2022-06-07 17:06:41,17,1,6,0,0,3
ACC00631,22.55651575076551,88.0,2025-07-08,17:37:35,clear,urban,daylight,moderate,motorcycle,20.2,44,moderate,2025-07-08 17:37:35,17,1,7,0,0,1
ACC00632,22.555753258711743,88.0,2024-03-22,08:44:14,rain,urban,night_lit,moderate,motorcycle,59.0,32,moderate,2024-03-22 08:44:14,8,4,3,0,0,1
ACC00633,22.552409807426823,88.0,2025-01-08,16:39:42,clear,highway,night_lit,moderate,car,68.7,67,minor,2025-01-08 16:39:42,16,2,1,0,0,0
ACC00634,22.61563265754552,88.0,2026-06-30,11:22:56,clear,urban,daylight,moderate,car,32.4,38,moderate,2026-06-30 11:22:56,11,1,6,0,0,1
ACC00635,22.57595022142371,88.0,2024-11-28,16:45:40,clear,expressway,night_unlit,moderate,motorcycle,105.2,91,severe,2024-11-28 16:45:40,16,3,11,0,0,2
ACC00636,22.587735181088096,88.0,2024-02-26,15:34:17,clear,highway,night_unlit,moderate,car,113.6,88,severe,2024-02-26 15:34:17,15,0,2,0,0,2
ACC00637,22.56021845063762,88.0,2023-03-15,08:55:23,heavy_rain,urban,night_lit,heavy,car,54.6,32,moderate,2023-03-15 08:55:23,8,2,3,0,0,1
ACC00638,22.56628086645628,88.0,2025-05-23,18:22:55,clear,highway,dusk_dawn,moderate,car,83.4,87,minor,2025-05-23 18:22:55,18,4,5,0,0,0
ACC00639,22.555728920372594,88.0,2024-04-12,13:45:00,clear,urban,daylight,low,car,47.1,59,moderate,2024-04-12 13:45:00,13,4,4,0,0,1
ACC00640,22.51696583330161,88.0,2025-05-27,15:08:13,rain,expressway,night_unlit,moderate,auto,126.9,90,severe,2025-05-27 15:08:13,15,1,5,0,0,2
ACC00641,22.542439814463044,88.0,2022-02-07,17:43:06,fog,highway,night_unlit,heavy,motorcycle,123.1,99,moderate,2022-02-07 17:43:06,17,0,2,0,0,1
ACC00642,22.533787626400397,88.0,2022-09-25,17:43:38,clear,rural,daylight,heavy,motorcycle,89.9,41,minor,2022-09-25 17:43:38,17,6,9,1,0,0
ACC00643,22.525004324440967,88.0,2022-08-02,18:15:27,rain,rural,daylight,low,auto,53.1,79,minor,2022-08-02 18:15:27,18,1,8,0,0,0
ACC00644,22.54609282051404,88.0,2025-01-23,08:03:07,clear,highway,night_lit,moderate,motorcycle,130.5,87,severe,2025-01-23 08:03:07,8,3,1,0,0,2
ACC00645,22.596499113587637,88.0,2024-04-30,07:59:56,rain,rural,dusk_dawn,heavy,auto,118.2,75,minor,2024-04-30 07:59:56,7,1,4,0,0,0
ACC00646,22.569111276645916,88.0,2023-06-05,17:04:33,rain,expressway,night_lit,low,auto,87.3,89,moderate,2023-06-05 17:04:33,17,0,6,0,0,1
ACC00647,22.595811275246422,88.0,2023-05-24,09:28:14,heavy_rain,expressway,night_unlit,moderate,truck,134.7,92,severe,2023-05-24 09:28:14,9,2,5,0,0,2
ACC00648,22.578219651538017,88.0,2024-09-23,07:00:56,cloudy,urban,daylight,moderate,motorcycle,36.7,43,moderate,2024-09-23 07:00:56,7,0,9,0,0,1
ACC00649,22.585651176514304,88.0,2026-05-05,07:25:41,fog,highway,dusk_dawn,heavy,truck,98.7,97,moderate,2026-05-05 07:25:41,7,1,5,0,0,1
ACC00650,22.55198206009391,88.0,2026-06-23,10:49:07,clear,highway,dusk_dawn,moderate,car,84.9,82,minor,2026-06-23 10:49:07,10,1,6,0,0,0
ACC00651,22.580479019083853,88.0,2024-02-14,23:30:49,rain,highway,night_lit,heavy,motorcycle,109.8,81,minor,2024-02-14 23:30:49,23,2,2,0,1,0
ACC00652,22.584574284681487,88.0,2025-01-05,08:14:03,rain,urban,daylight,low,car,37.9,34,minor,2025-01-05 08:14:03,8,6,1,1,0,0
ACC00653,22.55846705415533,88.0,2022-05-18,10:23:54,clear,urban,night_lit,low,car,40.5,37,moderate,2022-05-18 10:23:54,10,2,5,0,0,1
ACC00654,22.581190807412323,88.0,2026-04-02,21:05:23,fog,urban,night_lit,low,car,30.5,50,moderate,2026-04-02 21:05:23,21,3,4,0,1,1
ACC00655,22.581323755171496,88.0,2022-01-30,22:35:17,rain,rural,night_unlit,low,bus,24.8,59,minor,2022-01-30 22:35:17,22,6,1,1,1,0
ACC00656,22.5590089475774,88.0,2023-07-16,08:00:03,heavy_rain,highway,night_unlit,heavy,car,130.7,80,moderate,2023-07-16 08:00:03,8,6,7,1,0,1
ACC00657,22.54754463135458,88.0,2025-04-05,20:20:55,clear,expressway,daylight,low,motorcycle,131.1,81,severe,2025-04-05 20:20:55,20,5,4,1,1,2
ACC00658,22.546317433362034,88.0,2026-05-12,07:03:33,rain,highway,dusk_dawn,low,motorcycle,79.4,98,minor,2026-05-12 07:03:33,7,1,5,0,0,0
ACC00659,22.57173011083843,88.0,2022-10-09,18:14:36,clear,highway,dusk_dawn,heavy,motorcycle,72.2,85,moderate,2022-10-09 18:14:36,18,6,10,1,0,1
ACC00660,22.576540197375788,88.0,2024-12-21,01:04:51,fog,rural,night_unlit,moderate,truck,29.8,51,moderate,2024-12-21 01:04:51,1,5,12,1,1,1
ACC00661,22.55414948339084,88.0,2022-11-05,12:55:30,clear,highway,daylight,moderate,truck,95.8,97,moderate,2022-11-05 12:55:30,12,5,11,1,0,1
ACC00662,22.57053170682652,88.0,2022-03-24,09:46:17,cloudy,highway,daylight,low,truck,135.1,89,severe,2022-03-24 09:46:17,9,3,3,0,0,2
ACC00663,22.58141074072277,88.0,2023-11-27,17:55:46,clear,expressway,daylight,heavy,truck,137.2,81,severe,2023-11-27 17:55:46,17,0,11,0,0,2
ACC00664,22.582363814293306,88.0,2024-08-04,01:40:31,rain,expressway,night_lit,moderate,truck,82.1,90,minor,2024-08-04 01:40:31,1,6,8,1,1,0
ACC00665,22.60103760240245,88.0,2023-03-10,13:29:14,clear,rural,night_lit,low,motorcycle,64.5,51,minor,2023-03-10 13:29:14,13,4,3,0,0,0
ACC00666,22.59553961664396,88.0,2026-05-17,17:10:50,heavy_rain,highway,daylight,moderate,motorcycle,65.4,82,moderate,2026-05-17 17:10:50,17,6,5,1,0,1
ACC00667,22.549974171344868,88.0,2024-10-09,05:57:48,heavy_rain,highway,night_unlit,moderate,car,116.7,68,severe,2024-10-09 05:57:48,5,2,10,0,1,2
ACC00668,22.60367172419076,88.0,2023-12-21,20:55:14,clear,highway,night_lit,moderate,car,78.5,86,moderate,2023-12-21 20:55:14,20,3,12,0,1,1
ACC00669,22.559380469908884,88.0,2024-03-08,11:24:38,rain,highway,night_unlit,moderate,auto,76.9,68,fatal,2024-03-08 11:24:38,11,4,3,0,0,3
ACC00670,22.59089745624909,88.0,2024-02-02,08:13:55,rain,expressway,night_lit,moderate,truck,118.9,87,minor,2024-02-02 08:13:55,8,4,2,0,0,0
ACC00671,22.57135973252102,88.0,2022-07-03,08:23:47,cloudy,highway,daylight,moderate,motorcycle,76.1,90,moderate,2022-07-03 08:23:47,8,6,7,1,0,1
ACC00672,22.56175701243086,88.0,2024-09-22,10:23:11,clear,rural,daylight,low,car,109.4,73,minor,2024-09-22 10:23:11,10,6,9,1,0,0
ACC00673,22.5338460628045,88.0,2025-07-12,08:55:51,clear,highway,daylight,heavy,truck,122.7,61,severe,2025-07-12 08:55:51,8,5,7,1,0,2
ACC00674,22.566568709795675,88.0,2023-11-23,14:04:03,clear,urban,dusk_dawn,low,auto,62.3,50,moderate,2023-11-23 14:04:03,14,3,11,0,0,1
ACC00675,22.538812335293887,88.0,2023-12-01,16:37:37,cloudy,highway,daylight,moderate,bus,134.1,77,minor,2023-12-01 16:37:37,16,4,12,0,0,0
ACC00676,22.589345984716857,88.0,2026-02-03,13:46:30,cloudy,highway,daylight,low,truck,72.3,84,moderate,2026-02-03 13:46:30,13,1,2,0,0,1
ACC00677,22.600335853142784,88.0,2024-09-29,12:45:02,cloudy,highway,night_lit,moderate,motorcycle,103.8,74,minor,2024-09-29 12:45:02,12,6,9,1,0,0
ACC00678,22.554061780214067,88.0,2023-05-05,18:11:43,fog,expressway,daylight,moderate,car,116.0,86,moderate,2023-05-05 18:11:43,18,4,5,0,0,1
ACC00679,22.576039414850385,88.0,2022-01-07,10:24:17,clear,urban,night_unlit,moderate,car,43.7,48,minor,2022-01-07 10:24:17,10,4,1,0,0,0
ACC00680,22.55549216955984,88.0,2025-09-13,16:20:51,heavy_rain,urban,night_lit,heavy,car,63.1,58,minor,2025-09-13 16:20:51,16,5,9,1,0,0
ACC00681,22.557430305397265,88.0,2024-10-25,20:24:52,rain,highway,night_unlit,moderate,motorcycle,102.8,75,severe,2024-10-25 20:24:52,20,4,10,0,1,2
ACC00682,22.58548989407731,88.0,2024-10-25,08:05:35,rain,rural,daylight,heavy,bus,104.1,47,minor,2024-10-25 08:05:35,8,4,10,0,0,0
ACC00683,22.56922923476313,88.0,2023-04-10,16:04:37,cloudy,urban,dusk_dawn,heavy,bus,54.9,59,minor,2023-04-10 16:04:37,16,0,4,0,0,0
ACC00684,22.60479296083862,88.0,2022-11-02,21:01:03,clear,urban,night_lit,heavy,car,33.6,43,severe,2022-11-02 21:01:03,21,2,11,0,1,2
ACC00685,22.56035535042594,88.0,2024-03-22,15:58:53,heavy_rain,urban,dusk_dawn,moderate,motorcycle,39.3,51,moderate,2024-03-22 15:58:53,15,4,3,0,0,1
ACC00686,22.58998672664949,88.0,2025-05-29,22:25:40,rain,rural,night_lit,low,car,32.0,64,minor,2025-05-29 22:25:40,22,3,5,0,1,0
ACC00687,22.57194826825916,88.0,2023-05-04,10:13:23,rain,expressway,night_lit,heavy,motorcycle,132.8,87,moderate,2023-05-04 10:13:23,10,3,5,0,0,1
ACC00688,22.585915560194884,88.0,2024-05-15,15:47:05,clear,expressway,dusk_dawn,low,truck,65.4,85,moderate,2024-05-15 15:47:05,15,2,5,0,0,1
ACC00689,22.5610568468534,88.0,2026-06-24,10:29:30,cloudy,urban,daylight,heavy,truck,75.4,33,moderate,2026-06-24 10:29:30,10,2,6,0,0,1
ACC00690,22.569008823248968,88.0,2022-12-27,00:21:54,cloudy,highway,night_unlit,low,bus,139.6,62,moderate,2022-12-27 00:21:54,0,1,12,0,1,1
ACC00691,22.567690022414023,88.0,2023-01-15,23:06:51,cloudy,highway,night_lit,heavy,motorcycle,104.8,98,moderate,2023-01-15 23:06:51,23,6,1,1,1,1
ACC00692,22.553278857703084,88.0,2023-01-23,09:23:05,rain,highway,daylight,low,truck,77.1,61,minor,2023-01-23 09:23:05,9,0,1,0,0,0
ACC00693,22.583241630691635,88.0,2026-02-07,22:38:45,clear,highway,night_lit,heavy,auto,110.6,73,minor,2026-02-07 22:38:45,22,5,2,1,1,0
ACC00694,22.583004980111568,88.0,2024-05-18,17:37:04,clear,urban,daylight,moderate,truck,45.3,32,severe,2024-05-18 17:37:04,17,5,5,1,0,2
ACC00695,22.581871093898112,88.0,2026-02-16,20:23:22,clear,urban,night_unlit,low,car,26.8,36,minor,2026-02-16 20:23:22,20,0,2,0,1,0
ACC00696,22.600739313078357,88.0,2026-04-06,22:36:26,clear,urban,night_lit,moderate,car,58.6,42,severe,2026-04-06 22:36:26,22,0,4,0,1,2
ACC00697,22.598986896024726,88.0,2023-11-23,15:46:01,clear,urban,night_lit,moderate,car,40.5,44,minor,2023-11-23 15:46:01,15,3,11,0,0,0
ACC00698,22.56250110620302,88.0,2022-04-01,23:55:08,clear,expressway,night_unlit,heavy,car,113.2,82,severe,2022-04-01 23:55:08,23,4,4,0,1,2
ACC00699,22.577461046368683,88.0,2023-05-15,18:31:52,clear,highway,dusk_dawn,moderate,motorcycle,60.4,96,moderate,2023-05-15 18:31:52,18,0,5,0,0,1
ACC00700,22.55752798621484,88.0,2024-06-11,15:13:37,rain,highway,night_lit,moderate,truck,127.0,83,minor,2024-06-11 15:13:37,15,1,6,0,0,0
ACC00701,22.57046710632229,88.0,2023-09-18,17:07:47,rain,urban,daylight,moderate,car,47.9,60,severe,2023-09-18 17:07:47,17,0,9,0,0,2
ACC00702,22.558005011017624,88.0,2022-01-04,08:09:34,clear,urban,daylight,heavy,car,32.4,44,minor,2022-01-04 08:09:34,8,1,1,0,0,0
ACC00703,22.60240140618272,88.0,2026-06-13,01:00:26,clear,urban,night_lit,low,car,20.8,44,moderate,2026-06-13 01:00:26,1,5,6,1,1,1
ACC00704,22.57727396300686,88.0,2023-05-13,09:33:01,rain,rural,night_lit,heavy,truck,129.7,78,severe,2023-05-13 09:33:01,9,5,5,1,0,2
ACC00705,22.56563941743791,88.0,2024-10-13,13:12:32,clear,highway,daylight,moderate,car,65.7,80,minor,2024-10-13 13:12:32,13,6,10,1,0,0
ACC00706,22.59387237143713,88.0,2026-04-04,08:13:46,clear,urban,daylight,heavy,car,55.1,46,severe,2026-04-04 08:13:46,8,5,4,1,0,2
ACC00707,22.52658769180409,88.0,2024-06-13,14:43:12,cloudy,expressway,night_lit,heavy,motorcycle,77.2,84,moderate,2024-06-13 14:43:12,14,3,6,0,0,1
ACC00708,26.857810611926396,80.9799502835561,2025-02-14,17:19:29,fog,urban,daylight,low,motorcycle,46.1,33,fatal,2025-02-14 17:19:29,17,4,2,0,0,3
ACC00709,26.87802372550068,80.94264693012805,2022-02-28,17:49:24,clear,urban,night_unlit,low,car,44.3,57,minor,2022-02-28 17:49:24,17,0,2,0,0,0
ACC00710,26.85362628435723,80.94135826338338,2025-02-18,20:08:52,fog,highway,daylight,low,truck,107.7,74,moderate,2025-02-18 20:08:52,20,1,2,0,1,1
ACC00711,26.83177112753725,80.95096256759284,2025-10-24,22:20:09,clear,highway,night_lit,low,motorcycle,122.0,62,severe,2025-10-24 22:20:09,22,4,10,0,1,2
ACC00712,26.8664885412477,80.95791210486628,2026-02-16,20:03:06,clear,highway,night_unlit,low,motorcycle,111.1,74,fatal,2026-02-16 20:03:06,20,0,2,0,1,3
ACC00713,26.8684230149279,80.9000506661422,2022-05-18,16:32:12,clear,urban,daylight,heavy,truck,75.4,37,severe,2022-05-18 16:32:12,16,2,5,0,0,2
ACC00714,26.86309319056896,80.90635347036418,2023-01-10,08:07:09,rain,urban,night_lit,moderate,car,35.7,58,moderate,2023-01-10 08:07:09,8,1,1,0,0,1
ACC00715,26.864909978130505,80.94420582582173,2022-03-19,21:14:50,cloudy,expressway,daylight,moderate,car,109.7,99,moderate,2022-03-19 21:14:50,21,5,3,1,1,1
ACC00716,26.844581437396844,80.92570246876205,2026-02-16,08:44:15,cloudy,urban,night_lit,moderate,motorcycle,55.2,53,fatal,2026-02-16 08:44:15,8,0,2,0,0,3
ACC00717,26.83142021665739,80.9662405052444,2023-03-28,07:52:21,fog,highway,night_unlit,low,car,99.4,82,severe,2023-03-28 07:52:21,7,1,3,0,0,2
ACC00718,26.832636131387183,80.93369651220229,2024-05-22,10:32:15,cloudy,rural,night_unlit,moderate,car,125.8,61,fatal,2024-05-22 10:32:15,10,2,5,0,0,3
ACC00719,26.817290735030845,80.90130938528574,2024-02-21,15:57:48,clear,highway,daylight,low,car,101.1,74,fatal,2024-02-21 15:57:48,15,2,2,0,0,3
ACC00720,26.85473897223092,80.91463972166312,2025-02-04,17:45:39,rain,rural,night_lit,heavy,motorcycle,122.1,62,moderate,2025-02-04 17:45:39,17,1,2,0,0,1
ACC00721,26.84833102433547,80.88500647960738,2026-01-10,01:45:28,clear,highway,night_unlit,heavy,truck,94.4,79,severe,2026-01-10 01:45:28,1,5,1,1,1,2
ACC00722,26.84120024590941,80.93531748925434,2023-06-16,18:59:47,cloudy,rural,dusk_dawn,low,motorcycle,138.7,58,minor,2023-06-16 18:59:47,18,4,6,0,0,0
ACC00723,26.7908876235131,80.93623231745471,2025-07-21,08:05:04,heavy_rain,expressway,night_lit,heavy,bus,82.2,82,minor,2025-07-21 08:05:04,8,0,7,0,0,0
ACC00724,26.82505365060612,80.93151074580436,2023-04-23,10:13:40,cloudy,highway,daylight,moderate,motorcycle,89.0,85,severe,2023-04-23 10:13:40,10,6,4,1,0,2
ACC00725,26.872416813028064,80.9615775807806,2022-11-21,10:26:21,clear,urban,night_unlit,low,motorcycle,69.6,49,fatal,2022-11-21 10:26:21,10,0,11,0,0,3
ACC00726,26.83670747999874,80.96397039673033,2022-06-24,10:37:22,cloudy,urban,night_unlit,low,car,47.3,57,moderate,2022-06-24 10:37:22,10,4,6,0,0,1
ACC00727,26.857211833553137,80.93659223153287,2023-09-03,18:59:09,clear,highway,dusk_dawn,low,car,130.3,78,severe,2023-09-03 18:59:09,18,6,9,1,0,2
ACC00728,26.82218629140049,80.89730612665046,2024-07-09,04:05:05,clear,highway,night_lit,heavy,car,90.6,75,minor,2024-07-09 04:05:05,4,1,7,0,1,0
ACC00729,26.878774109647185,80.95234563160984,2025-07-05,08:13:41,cloudy,urban,night_unlit,heavy,car,65.2,34,moderate,2025-07-05 08:13:41,8,5,7,1,0,1
ACC00730,26.847119446798903,80.95110720457016,2025-10-25,02:17:51,clear,highway,night_lit,moderate,truck,120.9,95,minor,2025-10-25 02:17:51,2,5,10,1,1,0
ACC00731,26.855800807929672,80.94618783140314,2024-05-15,18:40:54,clear,highway,dusk_dawn,low,car,109.0,66,minor,2024-05-15 18:40:54,18,2,5,0,0,0
ACC00732,26.896515595837634,80.95962959498615,2023-11-03,23:57:14,cloudy,rural,night_lit,moderate,car,20.8,50,minor,2023-11-03 23:57:14,23,4,11,0,1,0
ACC00733,26.88032880201179,80.91670343807078,2022-10-14,17:56:45,cloudy,urban,daylight,moderate,truck,53.6,52,minor,2022-10-14 17:56:45,17,4,10,0,0,0
ACC00734,26.84386868757426,80.9801751077237,2026-02-09,16:44:06,clear,highway,daylight,low,car,77.9,81,moderate,2026-02-09 16:44:06,16,0,2,0,0,1
ACC00735,26.838135596302592,80.92081144493716,2023-10-13,20:46:46,storm,expressway,daylight,moderate,bus,72.3,100,severe,2023-10-13 20:46:46,20,4,10,0,1,2
ACC00736,26.84348909976961,80.95498445854402,2025-06-09,09:24:33,clear,rural,night_unlit,low,truck,130.8,50,fatal,2025-06-09 09:24:33,9,0,6,0,0,3
ACC00737,26.860197964969533,80.90625304611173,2024-10-24,06:36:51,clear,expressway,dusk_dawn,low,car,69.8,94,minor,2024-10-24 06:36:51,6,3,10,0,0,0
ACC00738,26.847895517314985,80.9213947062546,2026-03-10,14:10:04,heavy_rain,urban,night_lit,moderate,car,41.1,35,moderate,2026-03-10 14:10:04,14,1,3,0,0,1
ACC00739,26.84209511709993,80.9703273729345,2026-05-18,09:30:46,clear,highway,dusk_dawn,low,auto,99.6,66,minor,2026-05-18 09:30:46,9,0,5,0,0,0
ACC00740,26.879343625014183,80.93478200353998,2025-03-06,13:17:28,heavy_rain,highway,night_lit,moderate,truck,76.3,65,severe,2025-03-06 13:17:28,13,3,3,0,0,2
ACC00741,26.847715802164444,80.95679845210266,2024-12-22,13:55:34,rain,expressway,dusk_dawn,heavy,bus,80.8,82,minor,2024-12-22 13:55:34,13,6,12,1,0,0
ACC00742,26.895991781860747,80.94473910777438,2022-08-14,10:22:32,cloudy,rural,night_lit,moderate,car,86.5,57,severe,2022-08-14 10:22:32,10,6,8,1,0,2
ACC00743,26.851814851275044,80.93790083687999,2022-01-27,14:23:42,clear,rural,night_unlit,heavy,motorcycle,89.4,58,severe,2022-01-27 14:23:42,14,3,1,0,0,2
ACC00744,26.88570636788449,80.96727700649865,2024-06-15,11:24:35,clear,urban,daylight,moderate,car,74.4,60,minor,2024-06-15 11:24:35,11,5,6,1,0,0
ACC00745,26.85714638845421,80.93526682350696,2025-03-03,07:54:24,rain,urban,dusk_dawn,heavy,motorcycle,42.6,39,minor,2025-03-03 07:54:24,7,0,3,0,0,0
ACC00746,26.86925921146499,80.90438523784873,2025-05-10,19:55:26,clear,rural,night_unlit,moderate,car,56.3,41,severe,2025-05-10 19:55:26,19,5,5,1,0,2
ACC00747,26.83550777896965,80.92393519816096,2023-02-16,17:25:04,rain,highway,daylight,heavy,truck,127.0,81,minor,2023-02-16 17:25:04,17,3,2,0,0,0
ACC00748,26.832924815548253,80.95102383457403,2024-04-06,04:59:43,rain,urban,night_lit,moderate,motorcycle,47.5,40,fatal,2024-04-06 04:59:43,4,5,4,1,1,3
ACC00749,26.8591941191003,80.94791018212725,2025-11-16,07:45:42,rain,urban,night_unlit,moderate,truck,58.9,52,severe,2025-11-16 07:45:42,7,6,11,1,0,2
ACC00750,26.869771064849303,80.9086588349953,2022-06-07,06:50:34,clear,rural,dusk_dawn,moderate,car,109.5,74,moderate,2022-06-07 06:50:34,6,1,6,0,0,1
ACC00751,26.85080513004001,80.92551314961183,2023-09-23,05:54:43,rain,urban,night_lit,moderate,auto,55.6,42,minor,2023-09-23 05:54:43,5,5,9,1,1,0
ACC00752,26.82427213329833,80.92836557301595,2026-03-31,05:19:16,rain,rural,night_unlit,moderate,car,82.9,40,fatal,2026-03-31 05:19:16,5,1,3,0,1,3
ACC00753,26.822794832674216,80.93269060811771,2022-11-24,08:33:13,clear,highway,night_lit,heavy,auto,99.1,61,moderate,2022-11-24 08:33:13,8,3,11,0,0,1
ACC00754,26.82145727195628,80.91248172822797,2023-06-04,19:17:55,heavy_rain,highway,dusk_dawn,moderate,truck,86.6,77,minor,2023-06-04 19:17:55,19,6,6,1,0,0
ACC00755,26.81464755774121,80.9274325778376,2024-02-08,19:18:57,clear,highway,dusk_dawn,moderate,car,74.8,71,minor,2024-02-08 19:18:57,19,3,2,0,0,0
ACC00756,26.852189707188945,80.9254277902948,2025-02-04,18:27:51,fog,highway,dusk_dawn,moderate,truck,95.0,95,moderate,2025-02-04 18:27:51,18,1,2,0,0,1
ACC00757,26.872500878434163,80.95543066519524,2023-02-24,16:03:03,clear,highway,daylight,heavy,motorcycle,81.1,68,moderate,2023-02-24 16:03:03,16,4,2,0,0,1
ACC00758,26.849731684261503,80.9561824262198,2025-07-24,17:12:32,clear,urban,daylight,heavy,car,50.7,56,moderate,2025-07-24 17:12:32,17,3,7,0,0,1
ACC00759,26.804791704853244,80.93708379083822,2023-01-23,18:48:44,rain,urban,dusk_dawn,moderate,car,61.4,42,moderate,2023-01-23 18:48:44,18,0,1,0,0,1
ACC00760,26.84618479079331,80.93215920408258,2023-08-28,20:09:02,clear,urban,night_unlit,low,auto,61.6,50,fatal,2023-08-28 20:09:02,20,0,8,0,1,3
ACC00761,26.846744020067348,80.94279848624078,2024-07-30,17:37:58,clear,urban,daylight,heavy,auto,51.8,35,minor,2024-07-30 17:37:58,17,1,7,0,0,0
ACC00762,26.89191997500451,80.92366849785088,2022-01-20,18:45:47,clear,rural,dusk_dawn,heavy,motorcycle,113.0,49,minor,2022-01-20 18:45:47,18,3,1,0,0,0
ACC00763,26.82085724174161,80.91706335835664,2025-06-13,18:15:18,rain,highway,night_lit,heavy,car,63.1,61,severe,2025-06-13 18:15:18,18,4,6,0,0,2
ACC00764,26.842186447948016,80.92119557582149,2025-01-03,15:27:30,clear,urban,night_unlit,moderate,car,50.3,56,minor,2025-01-03 15:27:30,15,4,1,0,0,0
ACC00765,26.884117053610893,80.92730373672057,2025-10-02,08:52:54,cloudy,highway,night_unlit,low,car,129.4,62,fatal,2025-10-02 08:52:54,8,3,10,0,0,3
ACC00766,26.85899956682693,80.91673052400415,2023-03-28,06:50:51,cloudy,highway,dusk_dawn,heavy,motorcycle,105.5,70,moderate,2023-03-28 06:50:51,6,1,3,0,0,1
ACC00767,26.86126626147033,80.94324119118126,2023-10-15,12:55:49,cloudy,urban,dusk_dawn,low,motorcycle,29.9,30,moderate,2023-10-15 12:55:49,12,6,10,1,0,1
ACC00768,26.85229168874048,80.95459431347567,2026-01-15,06:37:59,clear,rural,dusk_dawn,low,motorcycle,107.6,54,severe,2026-01-15 06:37:59,6,3,1,0,0,2
ACC00769,26.856598870773148,80.90825803398403,2022-04-20,08:53:44,clear,highway,daylight,moderate,truck,126.5,60,severe,2022-04-20 08:53:44,8,2,4,0,0,2
ACC00770,26.865552190605573,80.94050257422433,2024-03-17,02:23:56,fog,urban,night_lit,moderate,auto,62.7,37,minor,2024-03-17 02:23:56,2,6,3,1,1,0
ACC00771,26.833810273622145,80.93560128409467,2024-03-05,10:36:57,rain,highway,daylight,heavy,car,119.3,88,moderate,2024-03-05 10:36:57,10,1,3,0,0,1
ACC00772,26.867561171578167,80.94683017371074,2024-01-05,22:40:01,fog,highway,night_unlit,moderate,motorcycle,61.2,61,minor,2024-01-05 22:40:01,22,4,1,0,1,0
ACC00773,26.82253993966229,80.93974122463793,2023-12-14,11:58:39,rain,rural,daylight,low,motorcycle,137.4,78,moderate,2023-12-14 11:58:39,11,3,12,0,0,1
ACC00774,26.856567359456637,80.91092801440136,2025-05-12,09:22:20,rain,urban,daylight,moderate,car,79.5,54,minor,2025-05-12 09:22:20,9,0,5,0,0,0
ACC00775,26.853574819265727,80.91475221402285,2022-11-20,12:52:29,fog,rural,night_lit,heavy,motorcycle,52.9,69,minor,2022-11-20 12:52:29,12,6,11,1,0,0
ACC00776,26.83767413823616,80.9405884715117,2026-01-03,10:30:10,cloudy,rural,night_unlit,heavy,car,127.2,46,fatal,2026-01-03 10:30:10,10,5,1,1,0,3
ACC00777,26.84954629449349,80.96057561839491,2026-01-11,17:06:40,heavy_rain,urban,daylight,low,car,37.4,51,moderate,2026-01-11 17:06:40,17,6,1,1,0,1
ACC00778,26.83754919694669,80.89571625257913,2022-10-22,16:39:50,clear,highway,daylight,moderate,truck,112.3,88,minor,2022-10-22 16:39:50,16,5,10,1,0,0
ACC00779,26.82856597346277,80.94691453159604,2026-05-19,02:58:24,clear,rural,night_unlit,low,car,139.0,70,moderate,2026-05-19 02:58:24,2,1,5,0,1,1
ACC00780,26.842927705167728,80.96379244010575,2023-03-07,14:27:41,cloudy,rural,daylight,heavy,truck,116.1,60,moderate,2023-03-07 14:27:41,14,1,3,0,0,1
ACC00781,26.82792022729257,80.93693948247588,2022-03-26,03:32:19,cloudy,urban,night_unlit,moderate,car,32.0,35,moderate,2022-03-26 03:32:19,3,5,3,1,1,1
ACC00782,26.856455949281862,80.95100404992053,2023-10-16,17:55:44,cloudy,urban,daylight,moderate,truck,76.4,38,minor,2023-10-16 17:55:44,17,0,10,0,0,0
ACC00783,26.826998290116958,80.92593861838205,2025-07-30,21:55:04,cloudy,urban,daylight,low,truck,44.7,38,minor,2025-07-30 21:55:04,21,2,7,0,1,0
ACC00784,26.864239540459824,80.93761267601447,2025-10-18,20:24:52,cloudy,highway,night_unlit,heavy,truck,71.2,69,moderate,2025-10-18 20:24:52,20,5,10,1,1,1
ACC00785,26.826370418641424,80.90758172963383,2024-11-26,08:45:22,heavy_rain,urban,dusk_dawn,heavy,car,61.5,50,severe,2024-11-26 08:45:22,8,1,11,0,0,2
ACC00786,26.83867410168838,80.89311313383162,2025-08-24,18:37:30,clear,highway,dusk_dawn,moderate,motorcycle,65.8,63,minor,2025-08-24 18:37:30,18,6,8,1,0,0
ACC00787,26.8375079318357,80.9588553160245,2023-03-06,18:38:48,clear,highway,dusk_dawn,low,bus,62.3,75,fatal,2023-03-06 18:38:48,18,0,3,0,0,3
ACC00788,26.8765029345775,80.9203001014455,2025-12-14,19:43:01,rain,urban,dusk_dawn,moderate,car,48.3,40,fatal,2025-12-14 19:43:01,19,6,12,1,0,3
ACC00789,26.856605798912334,80.93088944309993,2024-11-08,09:19:56,cloudy,urban,daylight,heavy,car,53.8,30,moderate,2024-11-08 09:19:56,9,4,11,0,0,1
ACC00790,26.845765323949117,80.9122711549346,2022-08-08,13:18:36,rain,rural,night_lit,moderate,car,69.8,40,fatal,2022-08-08 13:18:36,13,0,8,0,0,3
ACC00791,26.8599743888214,80.91180060593832,2022-07-31,08:01:58,clear,urban,daylight,heavy,auto,40.0,42,minor,2022-07-31 08:01:58,8,6,7,1,0,0
ACC00792,26.807856153053407,80.9365232459981,2023-03-15,02:51:33,clear,rural,night_unlit,low,car,85.0,56,fatal,2023-03-15 02:51:33,2,2,3,0,1,3
ACC00793,26.849137328207185,80.92540845611728,2022-04-24,17:16:12,fog,highway,night_lit,moderate,car,127.6,70,moderate,2022-04-24 17:16:12,17,6,4,1,0,1
ACC00794,23.027559419959893,72.60845892388133,2023-04-10,13:40:34,clear,urban,night_lit,low,auto,66.2,48,minor,2023-04-10 13:40:34,13,0,4,0,0,0
ACC00795,23.02905076837959,72.59254709523285,2026-06-20,09:41:34,rain,highway,daylight,moderate,motorcycle,105.7,81,severe,2026-06-20 09:41:34,9,5,6,1,0,2
ACC00796,23.02641699292649,72.57195207984991,2023-01-30,19:42:55,clear,urban,dusk_dawn,low,car,50.2,42,fatal,2023-01-30 19:42:55,19,0,1,0,0,3
ACC00797,23.02477201581857,72.55118939568997,2024-11-10,14:51:34,cloudy,urban,night_lit,moderate,motorcycle,48.9,57,moderate,2024-11-10 14:51:34,14,6,11,1,0,1
ACC00798,23.05155536409864,72.55941455386599,2026-05-25,23:52:24,rain,highway,night_lit,moderate,car,121.8,69,minor,2026-05-25 23:52:24,23,0,5,0,1,0
ACC00799,22.998648124619105,72.5714655062917,2023-02-20,18:00:10,cloudy,expressway,dusk_dawn,heavy,motorcycle,111.1,96,minor,2023-02-20 18:00:10,18,0,2,0,0,0
ACC00800,23.018901302675943,72.57075046464678,2025-02-17,19:50:19,clear,urban,dusk_dawn,moderate,car,53.7,50,minor,2025-02-17 19:50:19,19,0,2,0,0,0
ACC00801,23.04265379641039,72.56818258140747,2024-01-09,18:12:34,rain,urban,dusk_dawn,low,motorcycle,76.3,38,minor,2024-01-09 18:12:34,18,1,1,0,0,0
ACC00802,23.04529079618676,72.56938334971831,2023-04-14,07:38:22,clear,urban,daylight,low,motorcycle,69.1,50,severe,2023-04-14 07:38:22,7,4,4,0,0,2
ACC00803,22.99156472701311,72.56571249780589,2026-04-10,06:40:21,clear,rural,dusk_dawn,low,car,39.9,68,minor,2026-04-10 06:40:21,6,4,4,0,0,0
ACC00804,23.01375289116688,72.54116042528719,2024-12-14,20:03:00,cloudy,urban,daylight,moderate,motorcycle,23.6,56,fatal,2024-12-14 20:03:00,20,5,12,1,1,3
ACC00805,23.047162421917346,72.55966978515677,2023-12-22,07:17:56,cloudy,highway,dusk_dawn,moderate,auto,71.1,98,severe,2023-12-22 07:17:56,7,4,12,0,0,2
ACC00806,23.030161582103982,72.58829248107973,2025-08-26,12:54:50,cloudy,expressway,night_lit,moderate,motorcycle,108.6,85,moderate,2025-08-26 12:54:50,12,1,8,0,0,1
ACC00807,23.023905260629597,72.54263331404897,2026-01-18,16:08:15,clear,urban,daylight,heavy,auto,41.5,59,moderate,2026-01-18 16:08:15,16,6,1,1,0,1
ACC00808,23.015646306131305,72.56620888976921,2025-07-07,08:13:08,clear,urban,daylight,low,auto,29.2,31,minor,2025-07-07 08:13:08,8,0,7,0,0,0
ACC00809,23.01232398148585,72.55360492142458,2025-11-27,08:04:50,clear,urban,daylight,moderate,car,74.7,38,moderate,2025-11-27 08:04:50,8,3,11,0,0,1
ACC00810,23.025764381261805,72.57222700858796,2023-06-13,13:10:50,heavy_rain,highway,night_lit,low,motorcycle,69.0,99,minor,2023-06-13 13:10:50,13,1,6,0,0,0
ACC00811,23.01495251750031,72.56222733637865,2023-07-20,11:38:53,clear,rural,daylight,low,truck,47.7,60,minor,2023-07-20 11:38:53,11,3,7,0,0,0
ACC00812,23.01914842757911,72.59954787329949,2023-01-18,17:50:32,fog,urban,night_lit,moderate,truck,34.8,50,severe,2023-01-18 17:50:32,17,2,1,0,0,2
ACC00813,23.0215719741223,72.5801316630838,2025-02-16,06:35:44,clear,rural,dusk_dawn,heavy,truck,55.3,71,minor,2025-02-16 06:35:44,6,6,2,1,0,0
ACC00814,23.00643856943013,72.54376393668444,2025-08-11,14:17:43,clear,highway,night_lit,heavy,car,64.2,74,moderate,2025-08-11 14:17:43,14,0,8,0,0,1
ACC00815,23.03064258747763,72.58342456023227,2024-12-20,08:51:12,rain,rural,night_unlit,moderate,bus,38.8,80,minor,2024-12-20 08:51:12,8,4,12,0,0,0
ACC00816,23.07828489296831,72.55450696287475,2024-09-10,16:22:31,clear,expressway,daylight,moderate,car,87.2,90,minor,2024-09-10 16:22:31,16,1,9,0,0,0
ACC00817,22.98446026721348,72.55846007257244,2025-06-20,07:18:15,cloudy,expressway,night_unlit,heavy,motorcycle,68.0,80,moderate,2025-06-20 07:18:15,7,4,6,0,0,1
ACC00818,23.0264802504838,72.57627638040213,2022-10-25,08:30:45,heavy_rain,rural,night_unlit,heavy,bus,99.7,49,moderate,2022-10-25 08:30:45,8,1,10,0,0,1
ACC00819,23.00479619822762,72.5601650516054,2023-08-24,18:08:58,rain,rural,dusk_dawn,moderate,motorcycle,35.2,63,moderate,2023-08-24 18:08:58,18,3,8,0,0,1
ACC00820,23.031548051550384,72.58785711632645,2025-03-06,09:21:04,cloudy,urban,daylight,moderate,motorcycle,66.0,30,minor,2025-03-06 09:21:04,9,3,3,0,0,0
ACC00821,23.02093114946656,72.55450979876973,2022-03-27,18:47:04,rain,highway,dusk_dawn,moderate,truck,116.4,97,moderate,2022-03-27 18:47:04,18,6,3,1,0,1
ACC00822,23.03523709548085,72.55762106894817,2026-02-04,09:36:15,clear,urban,daylight,heavy,bus,56.9,43,minor,2026-02-04 09:36:15,9,2,2,0,0,0
ACC00823,23.043510131530176,72.55687258212903,2022-10-08,09:59:07,rain,urban,night_unlit,low,motorcycle,66.0,48,moderate,2022-10-08 09:59:07,9,5,10,1,0,1
ACC00824,23.023848422355364,72.5586872250329,2025-07-16,10:46:00,clear,highway,dusk_dawn,moderate,motorcycle,108.4,99,severe,2025-07-16 10:46:00,10,2,7,0,0,2
ACC00825,23.042641045768285,72.59198383111095,2024-10-09,20:21:58,clear,urban,night_unlit,low,car,60.2,30,severe,2024-10-09 20:21:58,20,2,10,0,1,2
ACC00826,22.973114042124227,72.5825759258722,2025-10-23,12:46:34,cloudy,highway,night_lit,moderate,car,114.6,100,minor,2025-10-23 12:46:34,12,3,10,0,0,0
ACC00827,23.05180904595832,72.60419887908023,2025-06-26,09:51:46,clear,urban,daylight,moderate,car,37.3,33,minor,2025-06-26 09:51:46,9,3,6,0,0,0
ACC00828,23.027501243037847,72.61535288407798,2024-04-27,15:37:33,rain,urban,dusk_dawn,low,motorcycle,49.9,49,minor,2024-04-27 15:37:33,15,5,4,1,0,0
ACC00829,23.041556867114902,72.54938565936135,2025-05-26,12:45:44,clear,rural,night_unlit,moderate,motorcycle,82.2,46,fatal,2025-05-26 12:45:44,12,0,5,0,0,3
ACC00830,22.99560248510317,72.57140838254654,2023-07-23,18:30:41,clear,highway,dusk_dawn,low,car,132.6,73,moderate,2023-07-23 18:30:41,18,6,7,1,0,1
ACC00831,23.00338460236789,72.54647599366713,2024-08-16,23:54:09,rain,highway,daylight,heavy,car,89.1,66,minor,2024-08-16 23:54:09,23,4,8,0,1,0
ACC00832,23.022918765882896,72.55444788144503,2026-02-11,15:14:09,cloudy,urban,night_unlit,heavy,car,30.3,44,minor,2026-02-11 15:14:09,15,2,2,0,0,0
ACC00833,23.01965924221325,72.55739834979488,2022-05-20,13:25:29,fog,urban,daylight,moderate,bus,33.9,34,severe,2022-05-20 13:25:29,13,4,5,0,0,2
ACC00834,23.0256613717602,72.54885690251723,2023-08-08,11:15:22,clear,highway,night_unlit,low,car,104.7,86,severe,2023-08-08 11:15:22,11,1,8,0,0,2
ACC00835,23.0416903032186,72.54896225454202,2022-01-29,22:06:50,clear,urban,night_lit,heavy,motorcycle,27.5,30,moderate,2022-01-29 22:06:50,22,5,1,1,1,1
ACC00836,22.984695593693942,72.56711431242958,2024-05-27,14:36:18,clear,expressway,night_lit,heavy,truck,89.9,80,fatal,2024-05-27 14:36:18,14,0,5,0,0,3
ACC00837,23.039476381434344,72.54566563163226,2025-07-08,08:07:19,cloudy,rural,night_lit,heavy,bus,130.0,56,severe,2025-07-08 08:07:19,8,1,7,0,0,2
ACC00838,23.02016563819916,72.58684253918274,2022-03-05,22:13:31,clear,highway,night_lit,moderate,truck,71.2,88,minor,2022-03-05 22:13:31,22,5,3,1,1,0
ACC00839,23.015924362777508,72.55164492925164,2024-06-21,22:45:11,rain,highway,night_unlit,low,car,127.3,79,moderate,2024-06-21 22:45:11,22,4,6,0,1,1
ACC00840,22.9905776953123,72.62619137940192,2023-11-13,13:14:51,clear,urban,daylight,heavy,car,72.6,45,minor,2023-11-13 13:14:51,13,0,11,0,0,0
ACC00841,23.030060973367537,72.5609723109807,2025-07-09,11:51:00,fog,urban,night_lit,moderate,car,37.1,58,minor,2025-07-09 11:51:00,11,2,7,0,0,0
ACC00842,22.97171784297938,72.57144035283834,2022-12-28,17:02:50,cloudy,expressway,daylight,moderate,truck,105.8,96,moderate,2022-12-28 17:02:50,17,2,12,0,0,1
ACC00843,23.03296788022477,72.54409317631067,2022-09-25,19:27:37,rain,highway,daylight,heavy,car,109.9,81,moderate,2022-09-25 19:27:37,19,6,9,1,0,1
ACC00844,22.99015788329054,72.60412183516254,2022-06-05,14:04:53,clear,urban,night_lit,moderate,car,27.9,37,moderate,2022-06-05 14:04:53,14,6,6,1,0,1
ACC00845,23.02106915825235,72.59239001361605,2023-10-31,10:03:17,clear,expressway,night_unlit,low,car,80.7,92,severe,2023-10-31 10:03:17,10,1,10,0,0,2
ACC00846,23.01761662325344,72.57593831741471,2024-03-11,10:47:54,clear,highway,daylight,heavy,motorcycle,126.2,75,minor,2024-03-11 10:47:54,10,0,3,0,0,0
ACC00847,23.04339076294588,72.5430639490244,2026-02-18,10:04:51,cloudy,expressway,night_lit,moderate,car,100.8,88,minor,2026-02-18 10:04:51,10,2,2,0,0,0
ACC00848,23.016426896619723,72.57421333755448,2024-02-04,07:53:27,cloudy,urban,dusk_dawn,low,motorcycle,34.5,42,moderate,2024-02-04 07:53:27,7,6,2,1,0,1
ACC00849,23.00611722877709,72.54757137907964,2022-10-09,18:35:17,clear,rural,dusk_dawn,low,car,83.6,68,severe,2022-10-09 18:35:17,18,6,10,1,0,2
ACC00850,23.009867946080576,72.59924710526946,2025-02-21,07:28:11,clear,urban,dusk_dawn,moderate,motorcycle,35.8,33,moderate,2025-02-21 07:28:11,7,4,2,0,0,1
ACC00851,23.04545765537509,72.58618389463706,2022-04-12,12:55:09,storm,rural,night_lit,moderate,car,97.4,59,minor,2022-04-12 12:55:09,12,1,4,0,0,0
ACC00852,23.03072593938362,72.57190878076975,2023-07-21,19:23:34,clear,expressway,dusk_dawn,low,motorcycle,65.6,99,severe,2023-07-21 19:23:34,19,4,7,0,0,2
ACC00853,23.012287400369537,72.52127248673504,2024-12-08,12:23:57,clear,highway,night_lit,moderate,truck,85.6,90,minor,2024-12-08 12:23:57,12,6,12,1,0,0
ACC00854,23.015271071600708,72.55033168042681,2023-02-22,10:24:33,clear,rural,daylight,moderate,motorcycle,98.0,63,moderate,2023-02-22 10:24:33,10,2,2,0,0,1
ACC00855,22.98865645818829,72.58375522263199,2024-09-03,21:39:57,clear,highway,night_lit,moderate,car,96.3,94,minor,2024-09-03 21:39:57,21,1,9,0,1,0
ACC00856,23.027769484017032,72.59425767383446,2024-01-15,07:50:45,cloudy,highway,dusk_dawn,heavy,motorcycle,86.7,68,moderate,2024-01-15 07:50:45,7,0,1,0,0,1
ACC00857,22.98480368584609,72.59218339622984,2026-04-13,20:32:41,cloudy,urban,night_lit,low,motorcycle,27.5,41,fatal,2026-04-13 20:32:41,20,0,4,0,1,3
ACC00858,23.03503592931671,72.53815973995516,2023-04-17,05:16:43,cloudy,urban,night_lit,heavy,motorcycle,61.9,33,moderate,2023-04-17 05:16:43,5,0,4,0,1,1
ACC00859,23.022572431849824,72.57603104613625,2026-01-28,12:53:55,rain,urban,night_lit,moderate,car,60.0,37,moderate,2026-01-28 12:53:55,12,2,1,0,0,1
ACC00860,23.06773903599148,72.59031030432965,2024-10-24,16:35:51,clear,highway,daylight,low,auto,69.2,96,moderate,2024-10-24 16:35:51,16,3,10,0,0,1
ACC00861,22.997997288925514,72.53683328868834,2025-05-15,11:49:09,clear,highway,daylight,low,motorcycle,86.0,61,moderate,2025-05-15 11:49:09,11,3,5,0,0,1
ACC00862,23.017946758179185,72.56984190969253,2022-10-05,15:25:35,rain,highway,daylight,heavy,motorcycle,60.2,87,moderate,2022-10-05 15:25:35,15,2,10,0,0,1
ACC00863,23.055965754018462,72.57547684796616,2022-02-01,08:11:27,clear,highway,daylight,low,car,76.9,64,minor,2022-02-01 08:11:27,8,1,2,0,0,0
ACC00864,23.04382779280583,72.56398470830305,2025-04-14,15:56:52,clear,highway,dusk_dawn,low,truck,111.1,68,severe,2025-04-14 15:56:52,15,0,4,0,0,2
ACC00865,23.0060757589684,72.53295676289197,2024-02-28,07:40:12,cloudy,rural,daylight,moderate,car,138.9,59,moderate,2024-02-28 07:40:12,7,2,2,0,0,1
ACC00866,23.024479348567468,72.56348603779851,2023-05-23,18:18:49,rain,highway,dusk_dawn,moderate,truck,103.2,80,severe,2023-05-23 18:18:49,18,1,5,0,0,2
ACC00867,23.0200399871283,72.56345389139489,2026-01-11,16:50:28,clear,expressway,daylight,moderate,car,90.0,100,moderate,2026-01-11 16:50:28,16,6,1,1,0,1
ACC00868,23.02563911734788,72.56703855190904,2023-06-21,14:00:55,heavy_rain,highway,night_unlit,low,car,136.8,70,fatal,2023-06-21 14:00:55,14,2,6,0,0,3
ACC00869,23.006026391280304,72.5587305714915,2023-12-14,05:55:47,clear,urban,night_lit,moderate,truck,55.4,49,moderate,2023-12-14 05:55:47,5,3,12,0,1,1
ACC00870,23.018213591945983,72.56113975693516,2025-04-04,14:34:20,storm,highway,daylight,heavy,motorcycle,63.7,100,fatal,2025-04-04 14:34:20,14,4,4,0,0,3
ACC00871,22.988038952494467,72.56920587435306,2026-04-29,15:35:50,clear,highway,daylight,heavy,car,111.2,90,severe,2026-04-29 15:35:50,15,2,4,0,0,2
ACC00872,23.022702469037363,72.57884909209939,2026-01-16,09:00:11,rain,urban,daylight,heavy,truck,72.2,44,moderate,2026-01-16 09:00:11,9,4,1,0,0,1
ACC00873,23.029000413468435,72.56391146474286,2024-12-07,17:10:00,clear,highway,daylight,moderate,auto,109.7,61,minor,2024-12-07 17:10:00,17,5,12,1,0,0
ACC00874,23.01545161174712,72.56180702143263,2022-07-01,06:43:30,rain,highway,dusk_dawn,low,motorcycle,101.7,72,minor,2022-07-01 06:43:30,6,4,7,0,0,0
ACC00875,22.987698982188306,72.57184708076508,2022-06-29,08:33:23,cloudy,urban,night_lit,low,motorcycle,23.2,36,minor,2022-06-29 08:33:23,8,2,6,0,0,0
ACC00876,23.03977063725703,72.5315816814821,2025-02-11,18:07:07,heavy_rain,rural,dusk_dawn,heavy,motorcycle,105.2,56,minor,2025-02-11 18:07:07,18,1,2,0,0,0
ACC00877,23.027290500759857,72.57954070254452,2024-04-16,07:39:59,rain,urban,dusk_dawn,heavy,motorcycle,56.4,34,minor,2024-04-16 07:39:59,7,1,4,0,0,0
ACC00878,23.00547969804598,72.56998873805753,2022-08-07,09:44:02,cloudy,highway,night_lit,moderate,truck,81.1,84,minor,2022-08-07 09:44:02,9,6,8,1,0,0
ACC00879,23.01438799106324,72.57079387053194,2025-02-16,16:16:35,clear,highway,daylight,moderate,motorcycle,100.3,66,minor,2025-02-16 16:16:35,16,6,2,1,0,0
ACC00880,22.989986611944364,72.58921468615188,2026-03-28,17:41:15,clear,urban,night_lit,moderate,car,55.3,39,severe,2026-03-28 17:41:15,17,5,3,1,0,2
ACC00881,22.99949179744444,72.53094368939902,2022-04-18,05:58:17,storm,expressway,night_lit,moderate,car,97.6,100,moderate,2022-04-18 05:58:17,5,0,4,0,1,1
ACC00882,23.009243773072857,72.53052332260282,2025-09-17,07:28:12,fog,highway,night_lit,moderate,motorcycle,71.7,68,moderate,2025-09-17 07:28:12,7,2,9,0,0,1
ACC00883,23.044568416245603,72.57547607690647,2023-07-20,13:13:23,clear,highway,daylight,moderate,truck,78.9,61,fatal,2023-07-20 13:13:23,13,3,7,0,0,3
ACC00884,23.00720993218225,72.56985766289742,2023-10-16,16:57:40,clear,urban,daylight,low,motorcycle,63.0,55,moderate,2023-10-16 16:57:40,16,0,10,0,0,1
ACC00885,23.03280427318657,72.57340353886383,2025-03-23,13:54:19,clear,expressway,daylight,low,car,95.0,90,minor,2025-03-23 13:54:19,13,6,3,1,0,0
ACC00886,23.009233675942767,72.56075745849654,2023-02-10,16:27:43,clear,highway,daylight,low,motorcycle,89.8,62,moderate,2023-02-10 16:27:43,16,4,2,0,0,1
ACC00887,23.02495895121704,72.5832870734848,2022-09-15,18:25:26,clear,rural,dusk_dawn,heavy,truck,78.7,70,moderate,2022-09-15 18:25:26,18,3,9,0,0,1
ACC00888,23.017172089957125,72.58865277685982,2026-05-02,21:50:47,rain,rural,night_lit,heavy,car,33.0,63,minor,2026-05-02 21:50:47,21,5,5,1,1,0
ACC00889,23.03746113200185,72.57967964587903,2023-07-26,11:00:26,clear,highway,daylight,heavy,bus,70.4,99,minor,2023-07-26 11:00:26,11,2,7,0,0,0
ACC00890,23.00930377323563,72.5647834308319,2022-10-06,08:18:21,heavy_rain,rural,night_unlit,heavy,motorcycle,136.6,51,fatal,2022-10-06 08:18:21,8,3,10,0,0,3
ACC00891,22.98854943499995,72.52784621224771,2025-02-06,09:32:30,storm,urban,daylight,low,truck,39.5,36,moderate,2025-02-06 09:32:30,9,3,2,0,0,1
ACC00892,22.992361019372726,72.58538472416073,2022-12-22,07:39:41,clear,highway,dusk_dawn,low,car,79.1,85,fatal,2022-12-22 07:39:41,7,3,12,0,0,3
ACC00893,23.009362450121145,72.59443457332435,2025-06-27,12:37:27,cloudy,highway,daylight,low,motorcycle,107.3,72,moderate,2025-06-27 12:37:27,12,4,6,0,0,1
ACC00894,22.99501880058644,72.58289116823967,2022-04-26,20:22:54,cloudy,highway,night_lit,low,auto,116.3,75,minor,2022-04-26 20:22:54,20,1,4,0,1,0
ACC00895,23.028204240313592,72.55240715145264,2024-05-01,11:52:30,clear,highway,daylight,heavy,motorcycle,120.1,81,severe,2024-05-01 11:52:30,11,2,5,0,0,2
ACC00896,23.01068463670284,72.58347588787335,2023-10-24,07:38:17,rain,rural,daylight,low,car,79.8,73,severe,2023-10-24 07:38:17,7,1,10,0,0,2
ACC00897,23.067492131000527,72.58721059415922,2026-04-21,14:32:01,cloudy,urban,daylight,heavy,auto,45.6,40,minor,2026-04-21 14:32:01,14,1,4,0,0,0
ACC00898,22.985245708097256,72.60117632495597,2024-05-05,23:56:23,clear,rural,night_lit,moderate,motorcycle,41.7,70,minor,2024-05-05 23:56:23,23,6,5,1,1,0
ACC00899,23.024072663574195,72.55247780151544,2026-02-28,08:05:03,heavy_rain,urban,daylight,low,truck,40.3,33,moderate,2026-02-28 08:05:03,8,5,2,1,0,1
ACC00900,22.997440939529888,72.56547090830911,2023-02-13,18:42:02,clear,urban,dusk_dawn,heavy,car,43.4,49,severe,2023-02-13 18:42:02,18,0,2,0,0,2
ACC00901,23.010131973192347,72.58494544102287,2024-02-17,19:55:22,clear,highway,dusk_dawn,heavy,bus,103.2,90,severe,2024-02-17 19:55:22,19,5,2,1,0,2
ACC00902,23.02282838946681,72.57114820142876,2025-08-29,12:39:17,storm,rural,night_lit,moderate,auto,91.6,43,moderate,2025-08-29 12:39:17,12,4,8,0,0,1
ACC00903,22.973492572502515,72.54765344795896,2022-09-21,16:33:53,clear,highway,daylight,low,motorcycle,64.4,71,severe,2022-09-21 16:33:53,16,2,9,0,0,2
ACC00904,23.02473652233576,72.57829232570053,2026-03-04,13:21:43,clear,highway,daylight,moderate,car,78.5,75,minor,2026-03-04 13:21:43,13,2,3,0,0,0
ACC00905,23.058058149245483,72.58157323267629,2025-06-23,09:16:47,clear,urban,daylight,moderate,motorcycle,58.4,30,moderate,2025-06-23 09:16:47,9,0,6,0,0,1
ACC00906,23.01093123403263,72.57175925792662,2025-01-16,12:32:32,clear,rural,night_lit,heavy,car,108.4,66,severe,2025-01-16 12:32:32,12,3,1,0,0,2
ACC00907,23.02519615713611,72.5743916985436,2023-02-04,06:53:06,cloudy,highway,night_lit,low,motorcycle,118.2,80,minor,2023-02-04 06:53:06,6,5,2,1,0,0
ACC00908,23.040498433862503,72.56482588196627,2025-09-05,17:27:51,rain,urban,dusk_dawn,heavy,motorcycle,35.5,36,minor,2025-09-05 17:27:51,17,4,9,0,0,0
ACC00909,23.016720929999455,72.59956557871432,2025-10-15,19:07:29,clear,highway,dusk_dawn,low,car,83.1,64,moderate,2025-10-15 19:07:29,19,2,10,0,0,1
ACC00910,23.00838079622937,72.55198615632574,2023-04-26,10:29:25,cloudy,rural,daylight,heavy,auto,40.5,61,severe,2023-04-26 10:29:25,10,2,4,0,0,2
ACC00911,22.97448527192557,72.55825358474472,2024-08-22,15:05:36,clear,rural,dusk_dawn,low,truck,60.5,65,fatal,2024-08-22 15:05:36,15,3,8,0,0,3
ACC00912,23.0328198143879,72.57021971027055,2022-04-10,09:56:09,clear,rural,night_lit,heavy,motorcycle,113.6,51,moderate,2022-04-10 09:56:09,9,6,4,1,0,1
ACC00913,23.017736631805423,72.58757908055401,2023-10-10,07:32:28,fog,highway,dusk_dawn,low,motorcycle,113.6,68,moderate,2023-10-10 07:32:28,7,1,10,0,0,1
ACC00914,22.99974632297224,72.5400525365981,2022-09-05,17:12:36,rain,urban,daylight,heavy,truck,72.1,44,moderate,2022-09-05 17:12:36,17,0,9,0,0,1
ACC00915,23.022531934205556,72.54379406500469,2024-07-02,07:37:41,rain,highway,dusk_dawn,heavy,motorcycle,111.8,90,minor,2024-07-02 07:37:41,7,1,7,0,0,0
ACC00916,23.008326392863875,72.5292454298453,2024-06-20,18:32:30,clear,urban,dusk_dawn,moderate,auto,79.6,50,moderate,2024-06-20 18:32:30,18,3,6,0,0,1
ACC00917,23.00943147737769,72.57065390450506,2024-05-24,09:30:59,cloudy,expressway,night_lit,low,car,101.3,97,moderate,2024-05-24 09:30:59,9,4,5,0,0,1
ACC00918,23.032125823122172,72.54763388365586,2025-01-16,19:35:59,rain,highway,dusk_dawn,heavy,car,84.7,93,minor,2025-01-16 19:35:59,19,3,1,0,0,0
ACC00919,22.99323235177352,72.56230899779963,2026-02-27,11:55:05,heavy_rain,urban,night_lit,heavy,motorcycle,45.6,53,severe,2026-02-27 11:55:05,11,4,2,0,0,2
ACC00920,23.04094630572148,72.58322756379783,2022-11-20,11:51:04,rain,highway,daylight,heavy,car,66.4,86,moderate,2022-11-20 11:51:04,11,6,11,1,0,1
ACC00921,22.992046276737632,72.55716914558434,2022-12-18,18:15:30,cloudy,urban,daylight,moderate,motorcycle,79.4,53,severe,2022-12-18 18:15:30,18,6,12,1,0,2
ACC00922,23.006745971832892,72.57462564045485,2022-12-20,14:14:49,clear,urban,daylight,low,motorcycle,48.9,32,moderate,2022-12-20 14:14:49,14,1,12,0,0,1
ACC00923,18.514013241844964,73.84495678263865,2026-03-05,08:59:30,clear,urban,daylight,moderate,car,21.2,48,minor,2026-03-05 08:59:30,8,3,3,0,0,0
ACC00924,18.533442286301927,73.84181794222793,2022-06-02,19:38:13,clear,urban,dusk_dawn,heavy,car,74.1,35,minor,2022-06-02 19:38:13,19,3,6,0,0,0
ACC00925,18.52950256134696,73.84257567855948,2022-02-21,11:01:33,clear,expressway,night_lit,low,car,118.4,81,fatal,2022-02-21 11:01:33,11,0,2,0,0,3
ACC00926,18.50616132607651,73.9000192620318,2022-09-21,07:31:56,clear,rural,dusk_dawn,low,car,52.6,43,moderate,2022-09-21 07:31:56,7,2,9,0,0,1
ACC00927,18.51662696493199,73.86112823134339,2025-06-17,12:07:10,cloudy,expressway,night_lit,heavy,car,79.8,95,moderate,2025-06-17 12:07:10,12,1,6,0,0,1
ACC00928,18.54087486795441,73.8649074201799,2024-08-09,15:01:26,cloudy,highway,night_lit,moderate,car,82.6,97,severe,2024-08-09 15:01:26,15,4,8,0,0,2
ACC00929,18.527867537405083,73.82447203407315,2026-02-19,16:11:38,cloudy,expressway,daylight,moderate,auto,69.8,97,severe,2026-02-19 16:11:38,16,3,2,0,0,2
ACC00930,18.49206075884498,73.84692073732727,2022-12-02,19:15:23,cloudy,highway,dusk_dawn,heavy,car,118.2,97,severe,2022-12-02 19:15:23,19,4,12,0,0,2
ACC00931,18.533112361223427,73.86430605259883,2023-10-10,15:04:02,clear,highway,daylight,moderate,car,136.8,86,moderate,2023-10-10 15:04:02,15,1,10,0,0,1
ACC00932,18.49830778755128,73.83950942174174,2024-06-30,08:50:40,cloudy,urban,night_lit,moderate,auto,40.2,48,minor,2024-06-30 08:50:40,8,6,6,1,0,0
ACC00933,18.548250261399215,73.87816125687036,2022-04-30,09:26:44,storm,highway,daylight,heavy,truck,98.6,88,moderate,2022-04-30 09:26:44,9,5,4,1,0,1
ACC00934,18.54048197679682,73.83594606828198,2026-02-17,06:33:39,cloudy,rural,dusk_dawn,heavy,car,69.5,51,moderate,2026-02-17 06:33:39,6,1,2,0,0,1
ACC00935,18.52579770951837,73.8542726772827,2025-08-14,18:51:39,heavy_rain,highway,daylight,low,bus,88.9,73,moderate,2025-08-14 18:51:39,18,3,8,0,0,1
ACC00936,18.523144656868723,73.84827896720049,2022-08-25,07:50:39,clear,urban,dusk_dawn,moderate,bus,23.6,57,severe,2022-08-25 07:50:39,7,3,8,0,0,2
ACC00937,18.51581935487945,73.86328641318764,2025-10-15,16:49:19,cloudy,highway,night_unlit,moderate,truck,101.3,60,fatal,2025-10-15 16:49:19,16,2,10,0,0,3
ACC00938,18.533570479028,73.84719019856288,2024-01-07,16:11:00,cloudy,highway,night_unlit,low,motorcycle,91.3,71,severe,2024-01-07 16:11:00,16,6,1,1,0,2
ACC00939,18.51258443661076,73.85458212745858,2023-07-07,18:44:59,rain,rural,daylight,low,motorcycle,119.5,61,minor,2023-07-07 18:44:59,18,4,7,0,0,0
ACC00940,18.5247113974128,73.85527739816445,2026-04-03,06:59:12,heavy_rain,urban,dusk_dawn,low,auto,31.1,30,minor,2026-04-03 06:59:12,6,4,4,0,0,0
ACC00941,18.53743868733039,73.84531224485217,2024-05-01,08:00:49,cloudy,highway,daylight,moderate,motorcycle,84.7,93,minor,2024-05-01 08:00:49,8,2,5,0,0,0
ACC00942,18.50876386912949,73.86970187736995,2023-01-09,20:52:32,rain,rural,night_lit,low,truck,116.9,71,minor,2023-01-09 20:52:32,20,0,1,0,1,0
ACC00943,18.507676145200183,73.86476776749674,2025-08-22,15:51:32,heavy_rain,rural,daylight,heavy,car,90.3,53,moderate,2025-08-22 15:51:32,15,4,8,0,0,1
ACC00944,18.49611269038551,73.85822772109493,2025-03-21,13:50:01,rain,urban,daylight,moderate,truck,63.4,58,fatal,2025-03-21 13:50:01,13,4,3,0,0,3
ACC00945,18.49871054507748,73.85139083333075,2022-11-12,18:23:59,clear,highway,dusk_dawn,moderate,auto,137.7,90,minor,2022-11-12 18:23:59,18,5,11,1,0,0
ACC00946,18.48343209377117,73.8759308806104,2025-01-17,20:11:31,clear,expressway,night_unlit,heavy,car,134.8,80,fatal,2025-01-17 20:11:31,20,4,1,0,1,3
ACC00947,18.53459657578031,73.85528331512371,2024-10-29,09:43:49,heavy_rain,urban,night_unlit,moderate,car,34.0,58,severe,2024-10-29 09:43:49,9,1,10,0,0,2
ACC00948,18.55617829084165,73.85386605424348,2023-03-29,20:37:46,rain,highway,night_lit,heavy,truck,110.1,82,severe,2023-03-29 20:37:46,20,2,3,0,1,2
ACC00949,18.548506578869407,73.86209380059776,2023-12-09,07:43:08,fog,highway,dusk_dawn,heavy,truck,61.6,82,severe,2023-12-09 07:43:08,7,5,12,1,0,2
ACC00950,18.48747831022747,73.89393173365941,2025-10-10,22:15:56,clear,highway,night_unlit,heavy,truck,89.7,60,severe,2025-10-10 22:15:56,22,4,10,0,1,2
ACC00951,18.534497093431124,73.83319287583957,2022-10-14,08:10:35,rain,expressway,daylight,heavy,auto,75.9,96,moderate,2022-10-14 08:10:35,8,4,10,0,0,1
ACC00952,18.54844212699847,73.8753971378611,2025-04-01,09:54:11,rain,expressway,night_lit,heavy,car,106.7,98,moderate,2025-04-01 09:54:11,9,1,4,0,0,1
ACC00953,18.510863800385227,73.82213657677524,2025-09-27,06:30:34,heavy_rain,urban,dusk_dawn,moderate,truck,64.0,59,minor,2025-09-27 06:30:34,6,5,9,1,0,0
ACC00954,18.522028948613,73.86434546316457,2026-03-19,18:51:36,rain,urban,dusk_dawn,moderate,motorcycle,69.9,31,moderate,2026-03-19 18:51:36,18,3,3,0,0,1
ACC00955,18.479842138983905,73.89150165655218,2023-06-18,23:55:39,clear,rural,night_unlit,moderate,car,75.5,66,fatal,2023-06-18 23:55:39,23,6,6,1,1,3
ACC00956,18.52533472335953,73.86977337048934,2023-03-14,10:27:19,rain,urban,dusk_dawn,heavy,car,74.6,49,minor,2023-03-14 10:27:19,10,1,3,0,0,0
ACC00957,18.498728805411304,73.86341250157079,2026-03-15,10:15:56,cloudy,urban,daylight,moderate,truck,74.4,38,minor,2026-03-15 10:15:56,10,6,3,1,0,0
ACC00958,18.523992700358228,73.84879101062394,2024-01-30,09:53:14,clear,expressway,night_unlit,low,truck,92.0,84,minor,2024-01-30 09:53:14,9,1,1,0,0,0
ACC00959,18.488775941556224,73.86062094400977,2024-07-23,07:42:29,clear,highway,night_lit,moderate,motorcycle,93.3,67,moderate,2024-07-23 07:42:29,7,1,7,0,0,1
ACC00960,18.53085716448955,73.85495874369194,2024-04-22,18:39:50,heavy_rain,highway,dusk_dawn,moderate,motorcycle,133.8,92,moderate,2024-04-22 18:39:50,18,0,4,0,0,1
ACC00961,18.540490253508533,73.84428046784137,2024-04-24,05:57:04,clear,rural,night_unlit,moderate,truck,104.4,68,severe,2024-04-24 05:57:04,5,2,4,0,1,2
ACC00962,18.50433640276569,73.8542024876905,2024-10-22,22:14:24,cloudy,rural,night_lit,moderate,car,138.0,76,moderate,2024-10-22 22:14:24,22,1,10,0,1,1
ACC00963,18.497261548371792,73.86396762321253,2023-11-27,21:21:28,cloudy,highway,night_unlit,heavy,car,132.3,97,moderate,2023-11-27 21:21:28,21,0,11,0,1,1
ACC00964,18.476879539149,73.84465565862939,2023-10-06,07:02:46,storm,highway,dusk_dawn,low,motorcycle,81.7,91,severe,2023-10-06 07:02:46,7,4,10,0,0,2
ACC00965,18.514671729318497,73.84387436358631,2023-10-20,15:23:47,rain,urban,night_lit,heavy,motorcycle,30.8,30,severe,2023-10-20 15:23:47,15,4,10,0,0,2
ACC00966,18.50836812131437,73.83279513124816,2024-12-13,23:26:47,clear,urban,night_lit,heavy,truck,53.5,31,minor,2024-12-13 23:26:47,23,4,12,0,1,0
ACC00967,18.48897961175304,73.86781450052177,2025-09-05,19:27:21,clear,rural,dusk_dawn,low,motorcycle,46.7,71,severe,2025-09-05 19:27:21,19,4,9,0,0,2
ACC00968,18.52906037512624,73.87090646523934,2024-06-30,17:09:29,clear,rural,night_lit,low,truck,56.7,55,moderate,2024-06-30 17:09:29,17,6,6,1,0,1
ACC00969,18.511000592362706,73.86463320888473,2025-01-17,02:48:01,clear,urban,night_unlit,heavy,bus,73.0,33,fatal,2025-01-17 02:48:01,2,4,1,0,1,3
ACC00970,18.498485280827094,73.87930340985457,2023-11-10,06:29:49,rain,urban,dusk_dawn,heavy,motorcycle,34.6,42,moderate,2023-11-10 06:29:49,6,4,11,0,0,1
ACC00971,18.508908551887192,73.86175735274162,2025-06-24,18:26:18,clear,urban,dusk_dawn,low,motorcycle,79.9,36,moderate,2025-06-24 18:26:18,18,1,6,0,0,1
ACC00972,18.541426090778597,73.86784021874732,2023-10-09,11:51:28,clear,highway,dusk_dawn,moderate,bus,109.9,68,moderate,2023-10-09 11:51:28,11,0,10,0,0,1
ACC00973,18.532058738875104,73.86607674851275,2023-11-23,17:29:40,heavy_rain,urban,night_lit,low,car,64.2,32,moderate,2023-11-23 17:29:40,17,3,11,0,0,1
ACC00974,18.51739947877003,73.85816919961164,2022-04-01,18:53:46,clear,urban,night_lit,moderate,truck,76.0,40,minor,2022-04-01 18:53:46,18,4,4,0,0,0
ACC00975,18.532382100369297,73.8493835634374,2023-03-06,12:13:05,clear,rural,daylight,low,motorcycle,20.3,58,minor,2023-03-06 12:13:05,12,0,3,0,0,0
ACC00976,18.496781760872263,73.90428305231583,2025-04-27,07:51:46,cloudy,rural,daylight,moderate,motorcycle,80.3,60,severe,2025-04-27 07:51:46,7,6,4,1,0,2
ACC00977,18.52064740201454,73.85096098040293,2022-05-23,12:59:22,clear,highway,daylight,moderate,bus,129.3,100,minor,2022-05-23 12:59:22,12,0,5,0,0,0
ACC00978,18.52294644660973,73.84668244577759,2023-01-03,19:45:25,clear,rural,dusk_dawn,moderate,car,42.7,53,severe,2023-01-03 19:45:25,19,1,1,0,0,2
ACC00979,18.510603269830025,73.868680196469,2025-06-29,10:53:07,storm,urban,night_unlit,low,car,38.7,44,minor,2025-06-29 10:53:07,10,6,6,1,0,0
ACC00980,18.52870916671915,73.8650370883059,2025-12-04,05:44:43,rain,highway,night_lit,heavy,car,136.8,80,moderate,2025-12-04 05:44:43,5,3,12,0,1,1
ACC00981,18.50439133090711,73.83190416904779,2023-11-13,22:36:28,rain,urban,night_lit,heavy,bus,32.2,40,moderate,2023-11-13 22:36:28,22,0,11,0,1,1
ACC00982,18.53019641415552,73.88245356509127,2023-10-31,17:45:06,rain,rural,night_lit,moderate,car,34.5,45,minor,2023-10-31 17:45:06,17,1,10,0,0,0
ACC00983,18.531037175430622,73.85811610849298,2024-04-16,15:57:08,clear,urban,dusk_dawn,heavy,truck,77.0,49,moderate,2024-04-16 15:57:08,15,1,4,0,0,1
ACC00984,18.46165680238606,73.83778137809568,2025-06-18,19:36:43,rain,urban,dusk_dawn,heavy,car,36.9,35,minor,2025-06-18 19:36:43,19,2,6,0,0,0
ACC00985,18.5438061140702,73.88377568228708,2024-02-10,12:41:06,cloudy,urban,daylight,low,motorcycle,74.3,40,minor,2024-02-10 12:41:06,12,5,2,1,0,0
ACC00986,18.459047348692945,73.87251351143192,2022-10-12,23:04:31,clear,urban,night_lit,low,motorcycle,30.2,35,moderate,2022-10-12 23:04:31,23,2,10,0,1,1
ACC00987,18.50767901948888,73.83470916016104,2023-12-09,19:57:41,clear,urban,daylight,moderate,car,41.5,36,minor,2023-12-09 19:57:41,19,5,12,1,0,0
ACC00988,18.540506960685157,73.89554365680516,2023-02-23,09:46:54,cloudy,urban,daylight,heavy,motorcycle,57.7,59,moderate,2023-02-23 09:46:54,9,3,2,0,0,1
ACC00989,18.51365426549495,73.87317594736733,2025-01-27,11:09:09,clear,expressway,night_lit,heavy,car,119.5,99,moderate,2025-01-27 11:09:09,11,0,1,0,0,1
ACC00990,18.49067628035061,73.8597960776875,2022-08-23,09:17:17,clear,urban,daylight,low,car,74.7,49,moderate,2022-08-23 09:17:17,9,1,8,0,0,1
ACC00991,18.498125258765665,73.89180437611243,2024-09-26,17:13:09,clear,highway,dusk_dawn,low,motorcycle,67.9,79,minor,2024-09-26 17:13:09,17,3,9,0,0,0
ACC00992,18.540538114926413,73.8631859556766,2022-08-02,16:19:52,cloudy,urban,daylight,heavy,motorcycle,47.7,32,minor,2022-08-02 16:19:52,16,1,8,0,0,0
ACC00993,18.481569909389027,73.85943833849792,2026-05-16,14:53:35,clear,rural,daylight,heavy,car,136.2,62,fatal,2026-05-16 14:53:35,14,5,5,1,0,3
ACC00994,18.54257982201924,73.84679399767955,2024-11-16,22:27:58,cloudy,urban,night_unlit,moderate,motorcycle,55.9,35,fatal,2024-11-16 22:27:58,22,5,11,1,1,3
ACC00995,18.518897958019156,73.87163700878614,2022-08-17,13:25:02,clear,rural,night_unlit,moderate,motorcycle,119.0,74,fatal,2022-08-17 13:25:02,13,2,8,0,0,3
ACC00996,18.49615209339115,73.86953205934648,2026-04-24,18:46:42,cloudy,highway,dusk_dawn,heavy,auto,114.4,77,moderate,2026-04-24 18:46:42,18,4,4,0,0,1
ACC00997,18.508337698553945,73.8602936027978,2024-07-30,17:22:01,clear,urban,night_lit,moderate,motorcycle,39.6,30,moderate,2024-07-30 17:22:01,17,1,7,0,0,1
ACC00998,18.499655513177967,73.84420027292265,2024-09-23,14:53:06,cloudy,rural,dusk_dawn,heavy,auto,31.6,59,moderate,2024-09-23 14:53:06,14,0,9,0,0,1
ACC00999,18.53732450401717,73.86259859708332,2022-04-14,04:45:25,cloudy,urban,daylight,heavy,motorcycle,31.7,56,moderate,2022-04-14 04:45:25,4,3,4,0,1,1
ACC01000,18.534648556195258,73.85860402428476,2022-11-05,17:15:22,rain,urban,night_lit,low,truck,64.4,30,minor,2022-11-05 17:15:22,17,5,11,1,0,0
ACC01001,18.48561677732248,73.83333051362531,2025-08-19,16:37:21,clear,urban,daylight,low,car,64.1,32,minor,2025-08-19 16:37:21,16,1,8,0,0,0
ACC01002,18.51192815762961,73.83056375297352,2024-02-07,07:28:04,cloudy,rural,dusk_dawn,heavy,motorcycle,75.4,65,minor,2024-02-07 07:28:04,7,2,2,0,0,0
ACC01003,18.502736286753112,73.87130306757619,2024-10-08,18:20:32,rain,urban,dusk_dawn,moderate,motorcycle,71.8,47,moderate,2024-10-08 18:20:32,18,1,10,0,0,1
ACC01004,18.545870199369187,73.80796223369896,2026-06-09,13:54:20,clear,urban,night_lit,low,truck,29.0,44,minor,2026-06-09 13:54:20,13,1,6,0,0,0
ACC01005,18.492998017637472,73.86410821053923,2023-12-05,10:23:59,cloudy,urban,night_unlit,moderate,bus,23.5,36,minor,2023-12-05 10:23:59,10,1,12,0,0,0
ACC01006,18.5520845820937,73.85043833884492,2023-09-18,19:07:47,cloudy,urban,dusk_dawn,moderate,truck,57.5,44,minor,2023-09-18 19:07:47,19,0,9,0,0,0
ACC01007,18.519334105209666,73.8861649321376,2025-08-10,11:24:26,rain,urban,night_lit,low,car,49.3,44,severe,2025-08-10 11:24:26,11,6,8,1,0,2
ACC01008,18.4967613118724,73.85013063581692,2022-04-19,16:31:45,cloudy,urban,dusk_dawn,heavy,motorcycle,57.5,34,moderate,2022-04-19 16:31:45,16,1,4,0,0,1
ACC01009,18.506454516319813,73.87318968428504,2024-01-18,16:07:34,fog,highway,night_lit,low,truck,99.3,91,moderate,2024-01-18 16:07:34,16,3,1,0,0,1
ACC01010,18.503967623184632,73.85206172317524,2025-11-04,05:44:29,rain,rural,night_lit,low,car,32.4,66,minor,2025-11-04 05:44:29,5,1,11,0,1,0
ACC01011,18.49450763195969,73.86227496306972,2023-01-10,12:13:55,cloudy,urban,dusk_dawn,low,car,34.3,44,moderate,2023-01-10 12:13:55,12,1,1,0,0,1
ACC01012,18.521896537194607,73.8747367306184,2023-05-15,08:05:35,clear,highway,daylight,moderate,truck,83.1,88,moderate,2023-05-15 08:05:35,8,0,5,0,0,1
ACC01013,18.49544168898616,73.85074888567351,2024-02-15,08:32:28,cloudy,highway,night_lit,heavy,car,131.3,89,minor,2024-02-15 08:32:28,8,3,2,0,0,0
ACC01014,18.476392675825235,73.87993109768996,2022-05-02,17:09:33,clear,urban,dusk_dawn,moderate,car,69.5,55,minor,2022-05-02 17:09:33,17,0,5,0,0,0
ACC01015,18.51240647058304,73.84012604245787,2022-04-27,01:46:46,cloudy,urban,night_lit,heavy,bus,46.7,58,severe,2022-04-27 01:46:46,1,2,4,0,1,2
ACC01016,18.48394287607164,73.86589185685116,2023-02-17,22:04:44,clear,rural,night_lit,low,auto,66.0,77,severe,2023-02-17 22:04:44,22,4,2,0,1,2
ACC01017,21.15845279445576,79.1241305061428,2026-01-14,12:25:32,rain,urban,night_unlit,moderate,motorcycle,60.6,49,severe,2026-01-14 12:25:32,12,2,1,0,0,2
ACC01018,21.153200749835808,79.06952454442917,2022-12-31,10:03:10,rain,rural,daylight,moderate,auto,45.6,63,moderate,2022-12-31 10:03:10,10,5,12,1,0,1
ACC01019,21.17832889753471,79.0884457803825,2025-04-15,21:23:38,fog,highway,night_unlit,heavy,bus,111.1,60,fatal,2025-04-15 21:23:38,21,1,4,0,1,3
ACC01020,21.12473121365379,79.10136924134488,2023-12-01,14:55:25,clear,urban,daylight,moderate,motorcycle,31.7,35,moderate,2023-12-01 14:55:25,14,4,12,0,0,1
ACC01021,21.11241701497303,79.08196003828199,2025-06-02,16:39:55,heavy_rain,urban,night_lit,heavy,truck,23.0,54,minor,2025-06-02 16:39:55,16,0,6,0,0,0
ACC01022,21.1201132978301,79.12675690238345,2023-06-27,17:32:54,rain,highway,night_unlit,moderate,auto,133.0,80,fatal,2023-06-27 17:32:54,17,1,6,0,0,3
ACC01023,21.15320885133097,79.07243921416537,2025-12-06,19:09:00,heavy_rain,expressway,night_lit,heavy,truck,65.4,83,severe,2025-12-06 19:09:00,19,5,12,1,0,2
ACC01024,21.149958458685383,79.0864817844464,2023-09-01,07:18:59,rain,rural,dusk_dawn,heavy,car,99.1,65,moderate,2023-09-01 07:18:59,7,4,9,0,0,1
ACC01025,21.142045133192948,79.06402388510215,2025-07-23,06:22:54,clear,highway,daylight,heavy,car,122.7,65,moderate,2025-07-23 06:22:54,6,2,7,0,0,1
ACC01026,21.117540859017858,79.07296950529714,2025-09-27,23:34:54,heavy_rain,highway,night_lit,low,motorcycle,106.9,67,minor,2025-09-27 23:34:54,23,5,9,1,1,0
ACC01027,21.15533734586658,79.08497867820793,2023-12-11,00:12:29,cloudy,rural,night_unlit,low,car,95.4,77,fatal,2023-12-11 00:12:29,0,0,12,0,1,3
ACC01028,21.11550590444699,79.09692608124615,2024-12-31,17:59:16,rain,highway,daylight,moderate,car,84.1,89,minor,2024-12-31 17:59:16,17,1,12,0,0,0
ACC01029,21.163178991647538,79.08638189668046,2022-07-14,16:39:36,clear,expressway,daylight,moderate,motorcycle,130.1,99,minor,2022-07-14 16:39:36,16,3,7,0,0,0
ACC01030,21.1971487684628,79.1051822969867,2024-03-26,15:18:52,clear,highway,night_lit,heavy,car,123.8,78,minor,2024-03-26 15:18:52,15,1,3,0,0,0
ACC01031,21.14732902293143,79.07810069378814,2023-09-06,18:06:27,clear,urban,dusk_dawn,low,car,41.5,39,severe,2023-09-06 18:06:27,18,2,9,0,0,2
ACC01032,21.151662162713155,79.07335662940322,2026-04-17,23:35:59,cloudy,highway,night_unlit,moderate,bus,105.5,97,severe,2026-04-17 23:35:59,23,4,4,0,1,2
ACC01033,21.13014280462209,79.13407970214558,2026-03-14,05:26:15,cloudy,urban,night_unlit,low,car,45.6,34,severe,2026-03-14 05:26:15,5,5,3,1,1,2
ACC01034,21.103795733578263,79.08788475298884,2025-07-10,16:40:51,heavy_rain,highway,daylight,moderate,motorcycle,137.7,66,severe,2025-07-10 16:40:51,16,3,7,0,0,2
ACC01035,21.1279456127394,79.06561036908043,2026-04-08,17:35:03,clear,urban,night_lit,low,motorcycle,45.8,51,moderate,2026-04-08 17:35:03,17,2,4,0,0,1
ACC01036,21.118142095178023,79.06611472475504,2026-05-22,10:38:50,clear,expressway,night_unlit,heavy,auto,123.9,99,fatal,2026-05-22 10:38:50,10,4,5,0,0,3
ACC01037,21.1110599084717,79.06114640170937,2025-06-14,20:50:56,clear,highway,night_lit,low,car,97.4,98,minor,2025-06-14 20:50:56,20,5,6,1,1,0
ACC01038,21.174447198839918,79.09873138711714,2024-09-02,13:31:42,clear,urban,daylight,moderate,car,34.4,35,fatal,2024-09-02 13:31:42,13,0,9,0,0,3
ACC01039,21.145457250360515,79.07271245414213,2022-12-02,08:43:37,cloudy,highway,night_lit,low,motorcycle,64.4,72,moderate,2022-12-02 08:43:37,8,4,12,0,0,1
ACC01040,21.14759375161228,79.08254724951313,2025-08-31,19:21:24,rain,urban,dusk_dawn,low,motorcycle,48.0,46,moderate,2025-08-31 19:21:24,19,6,8,1,0,1
ACC01041,21.133819552696075,79.07872982651124,2022-11-16,21:56:52,storm,highway,night_lit,moderate,truck,108.7,86,fatal,2022-11-16 21:56:52,21,2,11,0,1,3
ACC01042,21.136542578351133,79.09462984815882,2022-11-01,06:24:07,clear,urban,dusk_dawn,low,car,50.3,45,fatal,2022-11-01 06:24:07,6,1,11,0,0,3
ACC01043,21.159291013644783,79.06306511814232,2025-12-15,18:40:17,clear,rural,dusk_dawn,moderate,car,43.7,45,minor,2025-12-15 18:40:17,18,0,12,0,0,0
ACC01044,21.13935325762609,79.05848855427713,2022-07-07,08:59:07,rain,rural,night_lit,low,car,127.9,46,minor,2022-07-07 08:59:07,8,3,7,0,0,0
ACC01045,21.150613878760492,79.08448594614363,2022-08-22,00:20:16,clear,expressway,night_unlit,heavy,truck,94.7,90,moderate,2022-08-22 00:20:16,0,0,8,0,1,1
ACC01046,21.1360799140431,79.092019185694,2024-04-19,09:06:31,rain,highway,daylight,heavy,car,106.3,95,moderate,2024-04-19 09:06:31,9,4,4,0,0,1
ACC01047,21.13315694218536,79.08665064626194,2024-08-17,19:13:20,cloudy,highway,daylight,heavy,car,63.8,65,severe,2024-08-17 19:13:20,19,5,8,1,0,2
ACC01048,21.11186171668796,79.06381092541805,2022-03-16,07:14:25,heavy_rain,highway,dusk_dawn,low,motorcycle,125.9,70,moderate,2022-03-16 07:14:25,7,2,3,0,0,1
ACC01049,21.10044501875266,79.09354969684182,2023-09-14,07:03:13,clear,rural,dusk_dawn,moderate,car,94.8,63,severe,2023-09-14 07:03:13,7,3,9,0,0,2
ACC01050,21.134768761978677,79.06512278145809,2023-01-05,18:32:21,storm,highway,dusk_dawn,low,car,124.4,72,moderate,2023-01-05 18:32:21,18,3,1,0,0,1
ACC01051,21.141129933839863,79.06956922710427,2023-05-11,12:16:29,fog,rural,night_lit,moderate,car,96.8,75,minor,2023-05-11 12:16:29,12,3,5,0,0,0
ACC01052,21.114277399265823,79.06112092950556,2022-10-24,07:05:12,clear,expressway,dusk_dawn,heavy,truck,120.4,100,minor,2022-10-24 07:05:12,7,0,10,0,0,0
ACC01053,21.139310502699303,79.10602316697305,2025-01-17,09:08:56,cloudy,highway,daylight,low,motorcycle,122.4,93,minor,2025-01-17 09:08:56,9,4,1,0,0,0
ACC01054,21.14107505125981,79.09266843082055,2024-02-16,18:16:53,cloudy,highway,night_unlit,low,motorcycle,74.5,97,moderate,2024-02-16 18:16:53,18,4,2,0,0,1
ACC01055,21.096879839878813,79.09209986751358,2026-04-25,16:22:52,clear,urban,daylight,heavy,motorcycle,37.2,48,minor,2026-04-25 16:22:52,16,5,4,1,0,0
ACC01056,21.12169750681041,79.10494422842285,2022-01-14,18:58:00,storm,urban,dusk_dawn,moderate,auto,39.9,40,minor,2022-01-14 18:58:00,18,4,1,0,0,0
ACC01057,21.14814527787471,79.13625298496477,2025-06-30,06:42:29,clear,urban,dusk_dawn,low,car,53.6,44,moderate,2025-06-30 06:42:29,6,0,6,0,0,1
ACC01058,21.147741174587917,79.04581547792179,2026-02-02,13:42:47,clear,highway,night_lit,heavy,car,101.0,61,minor,2026-02-02 13:42:47,13,0,2,0,0,0
ACC01059,21.116926501672005,79.06523246838246,2024-03-09,18:41:20,clear,rural,dusk_dawn,low,bus,40.3,78,moderate,2024-03-09 18:41:20,18,5,3,1,0,1
ACC01060,21.143168961009994,79.0676764983165,2025-02-22,09:48:13,cloudy,urban,night_unlit,heavy,motorcycle,22.7,33,moderate,2025-02-22 09:48:13,9,5,2,1,0,1
ACC01061,21.16044814450721,79.06298360755234,2023-12-25,08:19:36,heavy_rain,highway,daylight,low,auto,120.6,92,moderate,2023-12-25 08:19:36,8,0,12,0,0,1
ACC01062,21.15554145917982,79.05844833504793,2024-09-04,11:05:00,cloudy,highway,daylight,heavy,truck,109.9,80,minor,2024-09-04 11:05:00,11,2,9,0,0,0
ACC01063,21.13809428425972,79.0740069387189,2026-01-30,10:30:36,rain,rural,daylight,heavy,truck,29.2,56,moderate,2026-01-30 10:30:36,10,4,1,0,0,1
ACC01064,21.130640473733514,79.05566792569421,2024-05-20,08:00:27,clear,highway,daylight,low,motorcycle,101.4,88,moderate,2024-05-20 08:00:27,8,0,5,0,0,1
ACC01065,21.12741311031331,79.08670084735074,2024-08-07,21:13:41,rain,rural,daylight,heavy,car,54.9,46,moderate,2024-08-07 21:13:41,21,2,8,0,1,1
ACC01066,21.149356395658195,79.08103396642856,2026-06-09,14:45:40,cloudy,urban,daylight,low,bus,22.5,55,moderate,2026-06-09 14:45:40,14,1,6,0,0,1
ACC01067,21.14390207946286,79.08962057329528,2024-03-26,16:30:32,cloudy,expressway,night_lit,heavy,motorcycle,88.4,91,moderate,2024-03-26 16:30:32,16,1,3,0,0,1
ACC01068,21.152588080122044,79.09015456903276,2022-10-12,07:41:35,cloudy,rural,dusk_dawn,moderate,car,70.7,68,moderate,2022-10-12 07:41:35,7,2,10,0,0,1
ACC01069,21.142637476262426,79.09206013706853,2025-01-26,16:30:01,storm,rural,night_lit,low,car,129.6,53,minor,2025-01-26 16:30:01,16,6,1,1,0,0
ACC01070,21.156375279006948,79.07253182126352,2025-02-11,15:32:58,rain,rural,daylight,moderate,motorcycle,123.2,47,minor,2025-02-11 15:32:58,15,1,2,0,0,0
ACC01071,21.141891850659157,79.12242286805267,2023-01-25,21:18:04,rain,urban,night_lit,low,car,46.0,50,minor,2023-01-25 21:18:04,21,2,1,0,1,0
ACC01072,21.15569377432264,79.08468862232964,2025-04-11,12:13:58,cloudy,highway,daylight,moderate,car,113.0,90,moderate,2025-04-11 12:13:58,12,4,4,0,0,1
ACC01073,21.157416455407333,79.0427503049475,2022-04-15,18:15:58,clear,rural,dusk_dawn,moderate,car,124.0,66,moderate,2022-04-15 18:15:58,18,4,4,0,0,1
ACC01074,21.123909467395503,79.05995248508468,2023-06-10,10:47:43,cloudy,urban,night_lit,moderate,bus,23.8,33,minor,2023-06-10 10:47:43,10,5,6,1,0,0
ACC01075,21.103837119062582,79.04518994021944,2025-11-05,16:58:44,rain,urban,daylight,heavy,motorcycle,64.8,55,moderate,2025-11-05 16:58:44,16,2,11,0,0,1
ACC01076,21.17086985712029,79.08034669258302,2024-10-10,21:04:01,rain,urban,night_lit,heavy,car,55.2,59,fatal,2024-10-10 21:04:01,21,3,10,0,1,3
ACC01077,21.145133174614244,79.07756389551894,2024-09-24,16:32:56,cloudy,highway,night_lit,moderate,car,63.1,87,minor,2024-09-24 16:32:56,16,1,9,0,0,0
ACC01078,21.10571028209008,79.070631486042,2024-10-16,17:28:31,clear,urban,night_lit,moderate,truck,21.6,53,severe,2024-10-16 17:28:31,17,2,10,0,0,2
ACC01079,21.125723610055623,79.12021852224801,2022-09-28,20:33:20,clear,highway,night_lit,low,truck,62.3,95,moderate,2022-09-28 20:33:20,20,2,9,0,1,1
ACC01080,21.1554374858474,79.09097965748154,2026-04-28,21:13:40,clear,urban,night_unlit,heavy,car,39.8,35,fatal,2026-04-28 21:13:40,21,1,4,0,1,3
ACC01081,21.134406463377346,79.09452196722893,2023-05-05,08:00:32,rain,urban,daylight,heavy,auto,25.3,50,minor,2023-05-05 08:00:32,8,4,5,0,0,0
ACC01082,21.129758771613616,79.06137853024116,2025-07-15,08:12:21,storm,rural,night_unlit,heavy,car,66.2,73,fatal,2025-07-15 08:12:21,8,1,7,0,0,3
ACC01083,21.16801763720626,79.06001710217338,2026-06-14,15:10:19,cloudy,urban,daylight,heavy,car,74.4,35,minor,2026-06-14 15:10:19,15,6,6,1,0,0
ACC01084,21.119054257072325,79.08073610998194,2023-01-31,23:03:07,rain,expressway,night_unlit,moderate,car,94.9,95,moderate,2023-01-31 23:03:07,23,1,1,0,1,1
ACC01085,21.124036932844906,79.08346014279304,2024-11-07,14:21:54,rain,expressway,night_unlit,low,auto,103.9,89,fatal,2024-11-07 14:21:54,14,3,11,0,0,3
ACC01086,21.144227729500965,79.04287376865771,2022-03-11,10:41:39,clear,highway,daylight,moderate,truck,85.9,69,moderate,2022-03-11 10:41:39,10,4,3,0,0,1
ACC01087,21.14780909864108,79.076393859543,2024-11-10,15:57:17,clear,urban,night_lit,low,motorcycle,38.6,54,moderate,2024-11-10 15:57:17,15,6,11,1,0,1
ACC01088,21.14992686068681,79.08028144165746,2023-12-26,06:39:43,clear,highway,night_lit,moderate,motorcycle,114.6,61,moderate,2023-12-26 06:39:43,6,1,12,0,0,1
ACC01089,21.15822476089138,79.07569701668457,2022-04-29,08:10:41,fog,rural,night_unlit,moderate,car,127.5,63,fatal,2022-04-29 08:10:41,8,4,4,0,0,3
ACC01090,21.14397157241363,79.06373219175306,2025-01-08,07:21:08,clear,urban,dusk_dawn,heavy,car,42.9,37,moderate,2025-01-08 07:21:08,7,2,1,0,0,1
ACC01091,21.149787678778768,79.06920929636158,2026-05-11,03:18:10,cloudy,highway,night_unlit,moderate,car,134.3,81,fatal,2026-05-11 03:18:10,3,0,5,0,1,3
ACC01092,21.1348158148137,79.07646281612854,2022-05-17,17:12:13,clear,highway,daylight,low,bus,70.2,92,moderate,2022-05-17 17:12:13,17,1,5,0,0,1
ACC01093,21.14125396606473,79.0818160004722,2026-01-05,10:59:06,rain,urban,daylight,heavy,truck,67.2,58,severe,2026-01-05 10:59:06,10,0,1,0,0,2
ACC01094,21.142150683601077,79.09209583165101,2025-10-17,08:39:49,clear,highway,night_lit,moderate,motorcycle,97.9,68,severe,2025-10-17 08:39:49,8,4,10,0,0,2
ACC01095,21.14430196271638,79.10161712409902,2024-06-18,14:28:09,fog,urban,night_lit,low,auto,33.0,52,minor,2024-06-18 14:28:09,14,1,6,0,0,0
ACC01096,21.15545079615165,79.07411304552946,2026-01-20,10:26:48,clear,rural,night_lit,moderate,car,56.4,53,fatal,2026-01-20 10:26:48,10,1,1,0,0,3
ACC01097,21.151102913638898,79.07087687607769,2023-05-24,12:19:31,fog,highway,night_lit,low,car,135.4,96,fatal,2023-05-24 12:19:31,12,2,5,0,0,3
ACC01098,21.140884340058005,79.08875311347069,2025-03-28,10:25:07,cloudy,urban,night_lit,moderate,motorcycle,32.5,55,moderate,2025-03-28 10:25:07,10,4,3,0,0,1
ACC01099,21.12381748030118,79.09221689832822,2025-02-20,00:38:50,cloudy,urban,dusk_dawn,low,auto,68.4,48,moderate,2025-02-20 00:38:50,0,3,2,0,1,1
ACC01100,21.141353425161256,79.07131599133481,2024-08-11,17:55:10,rain,highway,daylight,low,car,136.4,65,minor,2024-08-11 17:55:10,17,6,8,1,0,0
ACC01101,21.139439644302087,79.09580786953933,2025-09-30,07:29:59,cloudy,highway,night_lit,moderate,car,99.3,66,moderate,2025-09-30 07:29:59,7,1,9,0,0,1
ACC01102,21.143863631596265,79.09959170682312,2025-12-09,08:11:00,clear,highway,night_lit,moderate,car,121.6,96,minor,2025-12-09 08:11:00,8,1,12,0,0,0
ACC01103,26.93583372931317,75.80999348039745,2025-07-14,08:57:37,rain,expressway,daylight,heavy,auto,75.4,83,fatal,2025-07-14 08:57:37,8,0,7,0,0,3
ACC01104,26.9455664181344,75.77195777723638,2024-08-24,10:18:18,cloudy,urban,daylight,low,car,52.0,33,moderate,2024-08-24 10:18:18,10,5,8,1,0,1
ACC01105,26.89267167722681,75.75894985053401,2026-05-24,08:04:32,cloudy,urban,daylight,moderate,truck,35.4,33,minor,2026-05-24 08:04:32,8,6,5,1,0,0
ACC01106,26.91027796418665,75.79521508768283,2024-07-01,11:32:50,rain,rural,night_lit,low,bus,60.1,47,severe,2024-07-01 11:32:50,11,0,7,0,0,2
ACC01107,26.91022555393237,75.78932793120089,2024-11-11,09:47:47,rain,highway,daylight,low,truck,124.4,62,moderate,2024-11-11 09:47:47,9,0,11,0,0,1
ACC01108,26.90803852862935,75.78016918347686,2022-11-07,05:15:16,clear,highway,night_unlit,moderate,car,138.0,99,severe,2022-11-07 05:15:16,5,0,11,0,1,2
ACC01109,26.8970147416078,75.79169322561467,2023-06-12,19:16:03,clear,highway,dusk_dawn,moderate,car,86.5,68,minor,2023-06-12 19:16:03,19,0,6,0,0,0
ACC01110,26.88028875993538,75.84534871784065,2026-01-25,10:17:17,clear,rural,night_unlit,heavy,car,47.9,78,moderate,2026-01-25 10:17:17,10,6,1,1,0,1
ACC01111,26.91185358892058,75.80669051094739,2024-03-28,06:48:48,cloudy,urban,dusk_dawn,heavy,truck,29.5,55,severe,2024-03-28 06:48:48,6,3,3,0,0,2
ACC01112,26.89463288680904,75.81098997211727,2024-04-19,14:57:30,clear,urban,night_unlit,heavy,truck,67.5,57,moderate,2024-04-19 14:57:30,14,4,4,0,0,1
ACC01113,26.911719869614952,75.80687873783107,2025-09-02,07:50:45,clear,highway,night_lit,heavy,car,78.8,66,moderate,2025-09-02 07:50:45,7,1,9,0,0,1
ACC01114,26.89411912916602,75.81958924287704,2023-06-20,18:13:29,rain,rural,dusk_dawn,low,motorcycle,28.4,46,minor,2023-06-20 18:13:29,18,1,6,0,0,0
ACC01115,26.888006833083114,75.786198566542,2023-03-12,05:50:31,clear,rural,night_unlit,low,car,38.6,66,moderate,2023-03-12 05:50:31,5,6,3,1,1,1
ACC01116,26.91468596720754,75.7489047738465,2022-01-15,13:18:03,clear,urban,daylight,moderate,motorcycle,32.2,41,moderate,2022-01-15 13:18:03,13,5,1,1,0,1
ACC01117,26.91301843053613,75.78622827733989,2023-01-15,21:52:01,rain,highway,night_lit,moderate,motorcycle,69.4,69,severe,2023-01-15 21:52:01,21,6,1,1,1,2
ACC01118,26.921585639426414,75.80623471419993,2024-04-20,08:59:42,rain,urban,daylight,moderate,auto,49.5,60,moderate,2024-04-20 08:59:42,8,5,4,1,0,1
ACC01119,26.95371727532835,75.7706039920977,2025-04-05,08:43:12,rain,highway,daylight,moderate,motorcycle,95.8,93,fatal,2025-04-05 08:43:12,8,5,4,1,0,3
ACC01120,26.91554579062422,75.78647268099022,2023-06-25,16:57:21,clear,highway,night_lit,heavy,car,86.1,67,severe,2023-06-25 16:57:21,16,6,6,1,0,2
ACC01121,26.919701635341283,75.77616460513995,2023-12-31,22:08:22,cloudy,urban,night_lit,moderate,motorcycle,31.4,38,severe,2023-12-31 22:08:22,22,6,12,1,1,2
ACC01122,26.88844877342265,75.82004058503686,2022-12-30,12:39:37,fog,urban,daylight,heavy,bus,42.5,45,moderate,2022-12-30 12:39:37,12,4,12,0,0,1
ACC01123,26.884261851189272,75.80498914030814,2025-09-02,16:03:56,clear,rural,night_lit,heavy,motorcycle,107.6,46,minor,2025-09-02 16:03:56,16,1,9,0,0,0
ACC01124,26.941656588935462,75.80303081241289,2024-05-11,07:39:45,clear,highway,dusk_dawn,moderate,truck,99.9,85,moderate,2024-05-11 07:39:45,7,5,5,1,0,1
ACC01125,26.891530404401333,75.80243202626242,2022-08-24,16:20:38,clear,highway,night_unlit,low,motorcycle,101.4,84,severe,2022-08-24 16:20:38,16,2,8,0,0,2
ACC01126,26.88912111857063,75.78925501494896,2024-09-27,09:58:50,heavy_rain,urban,night_unlit,moderate,motorcycle,25.0,43,moderate,2024-09-27 09:58:50,9,4,9,0,0,1
ACC01127,26.90921802157567,75.79395112565055,2023-07-06,16:29:30,clear,rural,night_unlit,moderate,motorcycle,127.6,60,fatal,2023-07-06 16:29:30,16,3,7,0,0,3
ACC01128,26.90819615173245,75.76629630838936,2025-11-21,06:45:08,cloudy,urban,dusk_dawn,heavy,bus,20.6,30,minor,2025-11-21 06:45:08,6,4,11,0,0,0
ACC01129,26.891949869871134,75.746271160425,2023-03-17,15:18:29,cloudy,urban,dusk_dawn,heavy,motorcycle,54.6,38,severe,2023-03-17 15:18:29,15,4,3,0,0,2
ACC01130,26.903900535625738,75.79300162260691,2025-11-20,09:04:58,fog,highway,daylight,low,motorcycle,129.0,86,fatal,2025-11-20 09:04:58,9,3,11,0,0,3
ACC01131,26.934587514353,75.79647980512544,2025-02-19,17:44:46,clear,urban,night_unlit,low,truck,54.2,45,severe,2025-02-19 17:44:46,17,2,2,0,0,2
ACC01132,26.893880127823365,75.81418529136852,2022-08-11,18:13:20,cloudy,expressway,dusk_dawn,heavy,car,130.6,86,severe,2022-08-11 18:13:20,18,3,8,0,0,2
ACC01133,26.88212655031268,75.82142671632165,2025-05-31,19:43:19,fog,highway,dusk_dawn,moderate,car,95.0,70,moderate,2025-05-31 19:43:19,19,5,5,1,0,1
ACC01134,26.928851872418,75.82139996969998,2025-03-29,23:27:55,clear,urban,night_unlit,heavy,car,31.4,30,minor,2025-03-29 23:27:55,23,5,3,1,1,0
ACC01135,26.91984593823876,75.77003952813413,2024-01-19,13:58:05,cloudy,highway,night_unlit,moderate,motorcycle,120.7,92,moderate,2024-01-19 13:58:05,13,4,1,0,0,1
ACC01136,26.897589627587028,75.78295469930102,2022-09-21,17:21:55,clear,highway,daylight,low,truck,104.7,89,minor,2022-09-21 17:21:55,17,2,9,0,0,0
ACC01137,26.87835665967746,75.79960668591764,2024-02-24,02:24:40,clear,rural,night_unlit,low,motorcycle,48.7,61,minor,2024-02-24 02:24:40,2,5,2,1,1,0
ACC01138,26.89510753287123,75.84063809355484,2024-09-26,20:44:48,clear,urban,night_unlit,low,motorcycle,31.8,47,minor,2024-09-26 20:44:48,20,3,9,0,1,0
ACC01139,26.908905911263016,75.81960198407428,2022-08-05,16:47:19,clear,highway,daylight,moderate,car,118.1,86,minor,2022-08-05 16:47:19,16,4,8,0,0,0
ACC01140,26.93331344179768,75.81238794323997,2023-07-15,12:07:38,clear,urban,night_lit,low,auto,66.4,45,moderate,2023-07-15 12:07:38,12,5,7,1,0,1
ACC01141,26.88926836050261,75.78224424088901,2025-02-26,13:44:19,rain,highway,daylight,moderate,car,116.0,81,minor,2025-02-26 13:44:19,13,2,2,0,0,0
ACC01142,26.90830960236977,75.77233600737691,2024-06-26,18:29:01,cloudy,urban,dusk_dawn,heavy,car,46.8,36,moderate,2024-06-26 18:29:01,18,2,6,0,0,1
ACC01143,26.9235028931979,75.80577815766767,2026-06-18,19:59:27,cloudy,rural,dusk_dawn,low,truck,84.3,73,moderate,2026-06-18 19:59:27,19,3,6,0,0,1
ACC01144,26.862374653197563,75.76798677471533,2022-12-22,19:37:58,rain,highway,dusk_dawn,heavy,bus,126.2,79,moderate,2022-12-22 19:37:58,19,3,12,0,0,1
ACC01145,26.930675723358775,75.7852312729804,2025-07-01,14:46:14,fog,urban,daylight,low,car,56.2,46,fatal,2025-07-01 14:46:14,14,1,7,0,0,3
ACC01146,26.886350988555872,75.78770444101997,2023-11-30,11:20:09,clear,urban,night_lit,moderate,motorcycle,36.8,31,moderate,2023-11-30 11:20:09,11,3,11,0,0,1
ACC01147,26.91663990986914,75.82185824178246,2023-01-02,21:17:55,clear,rural,night_lit,low,truck,60.1,77,moderate,2023-01-02 21:17:55,21,0,1,0,1,1
ACC01148,26.914933662992212,75.7829060539408,2026-04-11,16:47:54,clear,highway,daylight,heavy,car,73.1,78,minor,2026-04-11 16:47:54,16,5,4,1,0,0
ACC01149,26.93169172782928,75.74121500722855,2024-10-20,15:00:50,heavy_rain,urban,daylight,low,auto,55.2,50,minor,2024-10-20 15:00:50,15,6,10,1,0,0
ACC01150,26.92101848761787,75.80008889295326,2024-05-29,16:34:58,rain,highway,daylight,moderate,car,123.7,95,moderate,2024-05-29 16:34:58,16,2,5,0,0,1
ACC01151,26.8624541901654,75.77601956293793,2023-04-30,16:58:59,cloudy,highway,daylight,heavy,motorcycle,78.0,95,severe,2023-04-30 16:58:59,16,6,4,1,0,2
ACC01152,26.89430441505688,75.79085262048876,2025-12-18,17:59:55,clear,highway,night_unlit,low,car,115.0,69,severe,2025-12-18 17:59:55,17,3,12,0,0,2
ACC01153,26.912764102587065,75.78826590598317,2022-02-19,15:42:57,cloudy,rural,daylight,heavy,car,105.2,76,fatal,2022-02-19 15:42:57,15,5,2,1,0,3
ACC01154,26.906100402277605,75.78452592008365,2022-07-09,20:29:44,rain,highway,night_unlit,heavy,car,136.8,84,fatal,2022-07-09 20:29:44,20,5,7,1,1,3
ACC01155,26.919552214595136,75.8058068116357,2022-10-23,19:48:18,clear,expressway,night_unlit,moderate,car,106.8,84,fatal,2022-10-23 19:48:18,19,6,10,1,0,3
ACC01156,26.925787331113398,75.75934270243295,2024-12-08,13:00:27,clear,urban,daylight,low,bus,45.1,45,moderate,2024-12-08 13:00:27,13,6,12,1,0,1
ACC01157,26.922169034728597,75.77965971550091,2022-06-18,08:47:22,clear,rural,night_lit,heavy,motorcycle,132.4,60,fatal,2022-06-18 08:47:22,8,5,6,1,0,3
ACC01158,26.90571450114891,75.80368075826236,2025-08-01,15:11:30,rain,highway,night_unlit,heavy,car,130.8,90,fatal,2025-08-01 15:11:30,15,4,8,0,0,3
ACC01159,26.87307325977759,75.77771830449312,2022-11-18,16:44:41,storm,highway,night_lit,low,motorcycle,124.9,70,moderate,2022-11-18 16:44:41,16,4,11,0,0,1
ACC01160,26.900890375022904,75.7578238658146,2025-01-15,15:20:14,clear,rural,daylight,heavy,car,139.8,61,minor,2025-01-15 15:20:14,15,2,1,0,0,0
ACC01161,26.918327362962778,75.80337110686514,2025-07-30,20:45:00,heavy_rain,urban,night_lit,heavy,motorcycle,36.5,41,severe,2025-07-30 20:45:00,20,2,7,0,1,2
ACC01162,26.88819105494899,75.81246189260884,2025-12-13,06:36:36,cloudy,urban,dusk_dawn,moderate,motorcycle,53.2,57,minor,2025-12-13 06:36:36,6,5,12,1,0,0
ACC01163,26.922625494602432,75.78910009584715,2023-04-26,09:55:59,rain,rural,night_lit,heavy,motorcycle,44.9,56,minor,2023-04-26 09:55:59,9,2,4,0,0,0
ACC01164,26.928167865945348,75.75078308803062,2022-05-03,19:47:51,heavy_rain,urban,dusk_dawn,low,truck,24.2,55,moderate,2022-05-03 19:47:51,19,1,5,0,0,1
ACC01165,26.912537339525915,75.80411939493398,2025-05-28,21:54:00,cloudy,rural,night_lit,moderate,motorcycle,63.8,48,minor,2025-05-28 21:54:00,21,2,5,0,1,0
ACC01166,26.848724402673756,75.7568022423716,2024-01-07,12:09:35,clear,highway,night_lit,heavy,truck,116.1,67,moderate,2024-01-07 12:09:35,12,6,1,1,0,1
ACC01167,26.884438232745765,75.79617598553698,2026-04-08,08:22:31,clear,urban,daylight,heavy,motorcycle,27.6,37,fatal,2026-04-08 08:22:31,8,2,4,0,0,3
ACC01168,26.94772378317112,75.77225072350517,2022-11-05,12:26:25,rain,urban,night_unlit,low,car,46.6,46,moderate,2022-11-05 12:26:25,12,5,11,1,0,1
ACC01169,26.899069244139437,75.76680321428466,2024-07-31,13:01:40,cloudy,urban,daylight,moderate,car,38.5,41,minor,2024-07-31 13:01:40,13,2,7,0,0,0
ACC01170,26.87031713553742,75.7811617996584,2022-07-15,14:01:25,clear,urban,night_lit,low,car,68.4,56,minor,2022-07-15 14:01:25,14,4,7,0,0,0
ACC01171,26.934704947766207,75.78633404887147,2024-03-08,09:02:54,cloudy,rural,daylight,low,bus,39.6,48,moderate,2024-03-08 09:02:54,9,4,3,0,0,1
ACC01172,26.910267111830876,75.77711583499227,2022-01-02,10:46:54,clear,rural,night_lit,low,truck,85.9,46,minor,2022-01-02 10:46:54,10,6,1,1,0,0
ACC01173,26.93209880977916,75.8017740655643,2025-05-16,17:26:38,clear,highway,night_lit,low,auto,66.0,63,minor,2025-05-16 17:26:38,17,4,5,0,0,0
ACC01174,26.91553917350439,75.78107861243083,2024-09-20,16:45:27,rain,highway,night_lit,moderate,truck,61.9,66,minor,2024-09-20 16:45:27,16,4,9,0,0,0
ACC01175,26.919171182724245,75.80960381743344,2022-06-09,17:50:35,cloudy,highway,daylight,moderate,bus,132.5,82,minor,2022-06-09 17:50:35,17,3,6,0,0,0
ACC01176,26.91726018495429,75.79562346331288,2024-03-31,11:02:54,clear,highway,night_lit,heavy,motorcycle,115.8,79,severe,2024-03-31 11:02:54,11,6,3,1,0,2
ACC01177,26.92394976623842,75.77604885586808,2023-12-05,10:50:18,cloudy,urban,daylight,heavy,motorcycle,31.8,58,minor,2023-12-05 10:50:18,10,1,12,0,0,0
ACC01178,26.95554860897112,75.77268120232335,2025-01-11,11:13:52,fog,urban,daylight,moderate,motorcycle,28.0,55,moderate,2025-01-11 11:13:52,11,5,1,1,0,1
ACC01179,26.929420126719183,75.75705007401906,2024-03-30,21:24:35,clear,highway,night_lit,low,bus,103.8,90,severe,2024-03-30 21:24:35,21,5,3,1,1,2
ACC01180,26.87839321364309,75.79581466355734,2024-01-24,12:57:03,clear,expressway,night_unlit,heavy,auto,60.2,84,minor,2024-01-24 12:57:03,12,2,1,0,0,0
ACC01181,26.91893323030558,75.78290824905498,2025-09-26,16:18:44,clear,expressway,night_unlit,low,truck,69.9,93,minor,2025-09-26 16:18:44,16,4,9,0,0,0
ACC01182,26.932829615362063,75.74255608943874,2024-05-02,14:56:12,clear,urban,night_lit,moderate,truck,24.0,48,minor,2024-05-02 14:56:12,14,3,5,0,0,0
ACC01183,26.934054016130723,75.77928570254461,2025-08-29,20:30:30,clear,urban,night_lit,low,bus,69.0,60,fatal,2025-08-29 20:30:30,20,4,8,0,1,3
ACC01184,26.90146790033882,75.77197931941491,2025-12-24,11:00:57,clear,highway,daylight,heavy,car,115.2,93,minor,2025-12-24 11:00:57,11,2,12,0,0,0
ACC01185,26.933298888903764,75.82151355184342,2025-10-24,13:49:46,clear,urban,daylight,moderate,motorcycle,71.6,47,moderate,2025-10-24 13:49:46,13,4,10,0,0,1
ACC01186,26.928554847991023,75.75594442776215,2026-04-19,19:02:41,cloudy,urban,dusk_dawn,heavy,truck,74.1,49,moderate,2026-04-19 19:02:41,19,6,4,1,0,1
ACC01187,26.961450348739397,75.76117298400533,2025-02-19,08:38:04,clear,highway,night_lit,heavy,motorcycle,78.8,87,moderate,2025-02-19 08:38:04,8,2,2,0,0,1
ACC01188,26.89499996527503,75.81219939286213,2024-07-11,16:27:51,clear,rural,night_lit,heavy,motorcycle,29.8,76,severe,2024-07-11 16:27:51,16,3,7,0,0,2
ACC01189,26.89985198847199,75.81713526314928,2024-05-21,12:08:20,rain,urban,daylight,heavy,motorcycle,73.2,40,minor,2024-05-21 12:08:20,12,1,5,0,0,0
ACC01190,26.9038776190308,75.7751003412255,2022-12-02,23:30:03,clear,highway,daylight,heavy,car,88.5,78,minor,2022-12-02 23:30:03,23,4,12,0,1,0
ACC01191,26.900195556999225,75.77735828354383,2025-09-21,17:21:57,clear,urban,daylight,heavy,bus,72.4,52,moderate,2025-09-21 17:21:57,17,6,9,1,0,1
ACC01192,26.89219958500473,75.80232470793108,2025-02-12,01:05:11,storm,urban,night_unlit,low,truck,78.5,59,severe,2025-02-12 01:05:11,1,2,2,0,1,2
ACC01193,26.854746489886526,75.7434580040611,2025-12-04,19:33:19,cloudy,highway,dusk_dawn,heavy,motorcycle,126.3,92,severe,2025-12-04 19:33:19,19,3,12,0,0,2
ACC01194,26.901306010525538,75.7527761263099,2025-02-25,17:02:08,rain,highway,daylight,low,car,86.0,96,moderate,2025-02-25 17:02:08,17,1,2,0,0,1
ACC01195,26.917387161194,75.78438533198299,2024-02-28,15:32:37,cloudy,highway,night_lit,moderate,car,101.4,91,minor,2024-02-28 15:32:37,15,2,2,0,0,0
ACC01196,26.900135563089883,75.82099781132258,2023-04-30,09:13:52,fog,urban,daylight,moderate,motorcycle,43.9,47,minor,2023-04-30 09:13:52,9,6,4,1,0,0
ACC01197,26.948707623670582,75.78128539823668,2026-06-07,07:49:31,clear,urban,dusk_dawn,heavy,car,59.5,51,moderate,2026-06-07 07:49:31,7,6,6,1,0,1
ACC01198,26.91026751625432,75.79201873583472,2025-04-19,16:57:52,clear,highway,night_lit,moderate,car,65.6,86,fatal,2025-04-19 16:57:52,16,5,4,1,0,3
ACC01199,26.935820581103684,75.81267578545129,2025-12-07,13:55:56,rain,rural,daylight,moderate,car,131.6,69,minor,2025-12-07 13:55:56,13,6,12,1,0,0
ACC01200,26.9152284082546,75.83213769466558,2024-08-18,19:56:52,clear,rural,dusk_dawn,moderate,car,26.3,80,minor,2024-08-18 19:56:52,19,6,8,1,0,0
ACC01201,26.926528146197864,75.77846303053704,2024-04-18,09:06:09,cloudy,urban,night_unlit,moderate,car,22.5,38,moderate,2024-04-18 09:06:09,9,3,4,0,0,1
ACC01202,26.91558483107867,75.78966326552533,2022-02-26,16:30:12,clear,rural,daylight,low,truck,124.5,53,moderate,2022-02-26 16:30:12,16,5,2,1,0,1
ACC01203,26.93737569263807,75.82644110442686,2022-04-24,09:13:17,clear,urban,daylight,moderate,motorcycle,72.0,33,severe,2022-04-24 09:13:17,9,6,4,1,0,2
ACC01204,26.91111878700265,75.75955601449618,2025-03-06,16:05:38,rain,highway,night_lit,moderate,motorcycle,99.7,81,moderate,2025-03-06 16:05:38,16,3,3,0,0,1
ACC01205,26.91992241416177,75.81055162141108,2023-01-04,05:23:51,cloudy,urban,night_lit,heavy,auto,28.7,41,minor,2023-01-04 05:23:51,5,2,1,0,1,0
ACC01206,26.917326658673,75.76963368935279,2022-05-15,12:25:18,cloudy,highway,night_unlit,heavy,motorcycle,117.3,72,fatal,2022-05-15 12:25:18,12,6,5,1,0,3
ACC01207,26.90423429083745,75.79204944734207,2025-06-28,08:17:39,clear,urban,daylight,low,bus,60.9,31,severe,2025-06-28 08:17:39,8,5,6,1,0,2
ACC01208,26.918099646378494,75.785147619052,2024-10-15,16:06:11,clear,expressway,night_unlit,low,car,78.3,81,minor,2024-10-15 16:06:11,16,1,10,0,0,0
ACC01209,26.954687724923957,75.77083976798598,2022-07-02,10:24:32,rain,urban,dusk_dawn,moderate,car,39.6,60,moderate,2022-07-02 10:24:32,10,5,7,1,0,1
ACC01210,26.90459206115809,75.77033796144684,2024-03-31,18:09:46,clear,highway,dusk_dawn,moderate,car,106.4,70,minor,2024-03-31 18:09:46,18,6,3,1,0,0
ACC01211,26.918389297857065,75.79552828728508,2024-02-11,07:02:23,cloudy,highway,dusk_dawn,heavy,auto,107.0,97,minor,2024-02-11 07:02:23,7,6,2,1,0,0
ACC01212,26.93515557901739,75.80991078656326,2022-01-07,15:27:09,cloudy,rural,daylight,heavy,bus,104.9,69,minor,2022-01-07 15:27:09,15,4,1,0,0,0
ACC01213,26.932805065618886,75.78740527593624,2024-09-20,16:03:24,clear,highway,daylight,low,motorcycle,125.2,93,severe,2024-09-20 16:03:24,16,4,9,0,0,2
ACC01214,26.910234328354388,75.79140226317467,2023-10-14,02:57:45,clear,expressway,daylight,heavy,truck,88.9,81,severe,2023-10-14 02:57:45,2,5,10,1,1,2
ACC01215,26.86233222594085,75.80142348132583,2025-12-13,03:50:56,rain,highway,daylight,low,car,131.6,95,moderate,2025-12-13 03:50:56,3,5,12,1,1,1
ACC01216,26.92033405637297,75.77056762453975,2022-07-10,10:55:36,clear,rural,night_lit,heavy,motorcycle,105.5,41,moderate,2022-07-10 10:55:36,10,6,7,1,0,1
ACC01217,26.86561051482754,75.80479385016827,2025-10-22,16:06:40,clear,highway,daylight,moderate,car,97.6,78,moderate,2025-10-22 16:06:40,16,2,10,0,0,1
ACC01218,26.939398744618824,75.8063868619412,2022-01-11,22:27:25,fog,highway,night_unlit,heavy,motorcycle,62.6,91,moderate,2022-01-11 22:27:25,22,1,1,0,1,1
ACC01219,26.913389477423863,75.84207252597501,2025-06-08,06:49:55,clear,highway,dusk_dawn,low,car,66.2,65,minor,2025-06-08 06:49:55,6,6,6,1,0,0
ACC01220,22.712477916188806,75.84354595953842,2025-07-09,17:34:52,rain,highway,night_lit,moderate,motorcycle,132.9,96,minor,2025-07-09 17:34:52,17,2,7,0,0,0
ACC01221,22.71083836396664,75.88475767375837,2023-11-01,17:18:58,clear,highway,night_unlit,low,motorcycle,66.2,96,moderate,2023-11-01 17:18:58,17,2,11,0,0,1
ACC01222,22.735379317431477,75.86573782236586,2023-04-06,17:49:51,clear,highway,daylight,heavy,motorcycle,123.5,85,moderate,2023-04-06 17:49:51,17,3,4,0,0,1
ACC01223,22.73638208337824,75.82172440530343,2022-08-22,14:18:32,cloudy,urban,night_unlit,heavy,car,55.3,49,moderate,2022-08-22 14:18:32,14,0,8,0,0,1
ACC01224,22.709298256932463,75.88076579857967,2023-07-13,22:58:57,clear,urban,night_unlit,heavy,motorcycle,67.6,53,severe,2023-07-13 22:58:57,22,3,7,0,1,2
ACC01225,22.7119367464614,75.84912434391295,2025-01-04,14:06:36,rain,highway,night_unlit,moderate,car,138.9,68,fatal,2025-01-04 14:06:36,14,5,1,1,0,3
ACC01226,22.73082261676436,75.88822633971753,2025-04-05,19:42:36,clear,urban,dusk_dawn,low,car,50.5,38,moderate,2025-04-05 19:42:36,19,5,4,1,0,1
ACC01227,22.703448315185305,75.85824328642792,2022-10-25,09:00:39,cloudy,rural,dusk_dawn,heavy,motorcycle,70.2,61,moderate,2022-10-25 09:00:39,9,1,10,0,0,1
ACC01228,22.7117893202397,75.86409413372041,2022-01-19,18:54:11,rain,expressway,dusk_dawn,moderate,car,126.9,99,minor,2022-01-19 18:54:11,18,2,1,0,0,0
ACC01229,22.72179185534737,75.88357909157183,2024-07-10,23:21:50,cloudy,urban,night_lit,moderate,motorcycle,77.0,48,minor,2024-07-10 23:21:50,23,2,7,0,1,0
ACC01230,22.739918773696445,75.84205014058291,2024-08-11,20:01:21,cloudy,urban,night_unlit,low,car,38.6,33,severe,2024-08-11 20:01:21,20,6,8,1,1,2
ACC01231,22.707908027676407,75.84014306384331,2026-05-30,10:50:39,clear,expressway,night_unlit,heavy,motorcycle,92.5,84,severe,2026-05-30 10:50:39,10,5,5,1,0,2
ACC01232,22.683152310759382,75.85607003159204,2025-06-04,19:58:50,clear,expressway,dusk_dawn,moderate,motorcycle,78.6,92,moderate,2025-06-04 19:58:50,19,2,6,0,0,1
ACC01233,22.681668050649638,75.87654345599242,2024-06-22,06:55:06,heavy_rain,expressway,night_lit,moderate,car,72.9,80,fatal,2024-06-22 06:55:06,6,5,6,1,0,3
ACC01234,22.69481173866588,75.83338245494772,2024-08-29,17:29:18,cloudy,urban,dusk_dawn,low,car,53.6,58,minor,2024-08-29 17:29:18,17,3,8,0,0,0
ACC01235,22.693736645636,75.82663930800221,2024-11-26,11:03:56,cloudy,urban,night_lit,moderate,motorcycle,71.5,52,minor,2024-11-26 11:03:56,11,1,11,0,0,0
ACC01236,22.7169077848276,75.87647441854088,2024-01-12,17:13:21,cloudy,expressway,night_lit,low,truck,89.4,95,minor,2024-01-12 17:13:21,17,4,1,0,0,0
ACC01237,22.696222396928047,75.84794043374866,2025-01-17,12:01:39,clear,urban,night_lit,heavy,car,53.1,39,minor,2025-01-17 12:01:39,12,4,1,0,0,0
ACC01238,22.705944900803576,75.8521554797416,2022-11-17,00:02:33,clear,highway,daylight,heavy,car,99.2,92,moderate,2022-11-17 00:02:33,0,3,11,0,1,1
ACC01239,22.70451828230036,75.8228637919612,2025-09-25,09:09:52,clear,expressway,night_unlit,heavy,truck,98.0,91,moderate,2025-09-25 09:09:52,9,3,9,0,0,1
ACC01240,22.71118984278304,75.84642041371296,2025-11-15,04:33:30,cloudy,rural,night_lit,moderate,car,61.9,56,moderate,2025-11-15 04:33:30,4,5,11,1,1,1
ACC01241,22.74645008663046,75.85984865406738,2023-12-16,12:45:25,clear,highway,daylight,moderate,car,109.5,66,minor,2023-12-16 12:45:25,12,5,12,1,0,0
ACC01242,22.73323895178861,75.87860755715246,2024-01-20,19:35:00,clear,highway,daylight,moderate,car,123.3,62,severe,2024-01-20 19:35:00,19,5,1,1,0,2
ACC01243,22.72032258830552,75.84457539667531,2024-03-27,18:12:28,cloudy,rural,dusk_dawn,heavy,auto,49.7,77,minor,2024-03-27 18:12:28,18,2,3,0,0,0
ACC01244,22.71077947438838,75.89314752240465,2025-09-04,18:36:35,cloudy,highway,dusk_dawn,moderate,motorcycle,73.3,67,minor,2025-09-04 18:36:35,18,3,9,0,0,0
ACC01245,22.71133534686754,75.8463088795164,2022-10-16,18:13:41,cloudy,urban,dusk_dawn,moderate,car,52.1,56,fatal,2022-10-16 18:13:41,18,6,10,1,0,3
ACC01246,22.72655492939904,75.8463381639683,2023-07-15,11:27:46,rain,highway,daylight,moderate,motorcycle,86.5,78,severe,2023-07-15 11:27:46,11,5,7,1,0,2
ACC01247,22.731683381467043,75.89074715103796,2024-10-06,14:53:46,cloudy,highway,daylight,moderate,car,119.4,68,minor,2024-10-06 14:53:46,14,6,10,1,0,0
ACC01248,22.701847649877987,75.86422920304727,2025-02-12,14:08:27,clear,rural,daylight,heavy,car,131.3,58,moderate,2025-02-12 14:08:27,14,2,2,0,0,1
ACC01249,22.720729615112283,75.84895950541977,2023-05-01,07:52:04,rain,expressway,dusk_dawn,low,auto,131.3,80,moderate,2023-05-01 07:52:04,7,0,5,0,0,1
ACC01250,22.679367608626738,75.85689733737638,2022-07-12,16:16:15,cloudy,urban,dusk_dawn,moderate,motorcycle,43.2,46,fatal,2022-07-12 16:16:15,16,1,7,0,0,3
ACC01251,22.72423427568341,75.88706147155084,2024-04-13,17:40:24,cloudy,highway,daylight,moderate,truck,127.1,87,minor,2024-04-13 17:40:24,17,5,4,1,0,0
ACC01252,22.73524298483917,75.88932405639251,2024-11-14,16:15:58,heavy_rain,highway,night_lit,low,bus,137.5,71,moderate,2024-11-14 16:15:58,16,3,11,0,0,1
ACC01253,22.71439862746238,75.84366413641459,2025-06-12,18:09:46,clear,highway,dusk_dawn,heavy,car,123.8,91,moderate,2025-06-12 18:09:46,18,3,6,0,0,1
ACC01254,22.7563305399228,75.85915132379841,2022-01-05,07:27:53,cloudy,expressway,dusk_dawn,heavy,car,137.8,92,minor,2022-01-05 07:27:53,7,2,1,0,0,0
ACC01255,22.70237523105128,75.86180313655335,2022-01-29,18:22:59,clear,urban,dusk_dawn,heavy,car,66.7,43,severe,2022-01-29 18:22:59,18,5,1,1,0,2
ACC01256,22.724348808306065,75.84027519778967,2023-09-27,08:30:07,clear,expressway,night_lit,moderate,truck,134.9,83,minor,2023-09-27 08:30:07,8,2,9,0,0,0
ACC01257,22.71928350506668,75.858886298947,2024-07-14,20:14:00,cloudy,rural,night_lit,heavy,motorcycle,76.7,61,severe,2024-07-14 20:14:00,20,6,7,1,1,2
ACC01258,22.71799404665113,75.86010645720903,2022-01-06,09:58:34,clear,urban,daylight,moderate,motorcycle,41.6,46,minor,2022-01-06 09:58:34,9,3,1,0,0,0
ACC01259,22.717713556639904,75.88280418957874,2022-10-12,14:40:15,clear,highway,night_unlit,moderate,car,112.4,83,severe,2022-10-12 14:40:15,14,2,10,0,0,2
ACC01260,22.722142100600188,75.88414850056623,2023-11-19,14:50:52,cloudy,expressway,daylight,low,car,116.5,100,minor,2023-11-19 14:50:52,14,6,11,1,0,0
ACC01261,22.736959174869277,75.85341581203282,2023-04-04,09:46:27,clear,highway,daylight,low,motorcycle,84.7,85,minor,2023-04-04 09:46:27,9,1,4,0,0,0
ACC01262,22.747554724725493,75.85572093712278,2025-03-12,11:43:00,cloudy,rural,daylight,low,car,121.0,75,minor,2025-03-12 11:43:00,11,2,3,0,0,0
ACC01263,22.71995499510992,75.87328584604111,2022-02-26,08:08:13,clear,urban,night_lit,heavy,truck,34.9,39,moderate,2022-02-26 08:08:13,8,5,2,1,0,1
ACC01264,22.736306321443436,75.84829623102146,2025-12-29,15:35:20,cloudy,highway,daylight,heavy,auto,131.9,68,minor,2025-12-29 15:35:20,15,0,12,0,0,0
ACC01265,22.705964661074663,75.87177280303474,2022-10-06,20:53:01,cloudy,urban,night_lit,moderate,bus,27.7,42,minor,2022-10-06 20:53:01,20,3,10,0,1,0
ACC01266,22.73531910905452,75.85824187025261,2023-12-25,10:05:19,cloudy,urban,daylight,low,motorcycle,45.6,34,severe,2023-12-25 10:05:19,10,0,12,0,0,2
ACC01267,22.70476016952346,75.84061202844522,2026-06-09,14:27:32,rain,urban,daylight,heavy,car,37.2,32,minor,2026-06-09 14:27:32,14,1,6,0,0,0
ACC01268,22.74181319872176,75.84086326574241,2024-12-24,19:11:53,storm,urban,dusk_dawn,low,motorcycle,79.4,51,minor,2024-12-24 19:11:53,19,1,12,0,0,0
ACC01269,22.764212817547865,75.88894117392063,2026-06-28,13:47:38,clear,highway,daylight,heavy,car,115.9,84,moderate,2026-06-28 13:47:38,13,6,6,1,0,1
ACC01270,22.71755832224057,75.85687157041713,2022-02-02,19:55:05,clear,urban,dusk_dawn,moderate,auto,56.7,49,minor,2022-02-02 19:55:05,19,2,2,0,0,0
ACC01271,22.67614913018385,75.89280708187796,2025-03-27,13:03:24,heavy_rain,urban,daylight,heavy,truck,79.6,30,moderate,2025-03-27 13:03:24,13,3,3,0,0,1
ACC01272,22.7090385413351,75.8497272747857,2022-05-05,13:48:46,cloudy,expressway,night_unlit,low,car,131.7,90,fatal,2022-05-05 13:48:46,13,3,5,0,0,3
ACC01273,22.744637502685784,75.86582410402264,2024-10-01,08:21:22,storm,rural,night_lit,moderate,truck,137.9,54,fatal,2024-10-01 08:21:22,8,1,10,0,0,3
ACC01274,22.731061535740505,75.90785353446036,2023-06-20,07:57:33,rain,urban,dusk_dawn,moderate,car,61.7,41,minor,2023-06-20 07:57:33,7,1,6,0,0,0
ACC01275,22.724978271973495,75.83885226510674,2025-06-29,16:00:59,rain,expressway,daylight,moderate,truck,76.9,82,moderate,2025-06-29 16:00:59,16,6,6,1,0,1
ACC01276,22.74017336711909,75.822043710002,2022-07-24,19:11:08,clear,urban,dusk_dawn,low,motorcycle,70.9,51,severe,2022-07-24 19:11:08,19,6,7,1,0,2
ACC01277,22.729689068784968,75.88573180262574,2026-01-12,07:43:28,clear,highway,dusk_dawn,moderate,bus,89.5,95,moderate,2026-01-12 07:43:28,7,0,1,0,0,1
ACC01278,22.744354503749022,75.84346381789214,2024-02-29,20:46:36,cloudy,highway,night_lit,low,auto,66.8,82,minor,2024-02-29 20:46:36,20,3,2,0,1,0
ACC01279,22.73838847353294,75.85958587271787,2024-05-02,11:04:47,cloudy,rural,daylight,heavy,car,131.0,77,minor,2024-05-02 11:04:47,11,3,5,0,0,0
ACC01280,22.75043400905474,75.84828163579097,2024-07-26,12:09:50,rain,urban,dusk_dawn,moderate,motorcycle,26.7,34,moderate,2024-07-26 12:09:50,12,4,7,0,0,1
ACC01281,22.727175921678125,75.8653632556191,2022-02-27,20:20:17,storm,rural,night_unlit,moderate,car,20.5,47,moderate,2022-02-27 20:20:17,20,6,2,1,1,1
ACC01282,22.73810518802988,75.84098927585629,2023-05-25,20:02:28,clear,urban,night_lit,moderate,truck,61.5,59,minor,2023-05-25 20:02:28,20,3,5,0,1,0
ACC01283,22.71385745853828,75.85640119824234,2025-03-10,15:46:49,cloudy,highway,daylight,heavy,motorcycle,134.6,77,severe,2025-03-10 15:46:49,15,0,3,0,0,2
ACC01284,22.70797078376882,75.86899630653113,2026-04-27,09:40:50,heavy_rain,urban,night_lit,low,auto,27.1,40,minor,2026-04-27 09:40:50,9,0,4,0,0,0
ACC01285,22.75413535280838,75.83983382227451,2026-06-05,08:44:49,rain,urban,daylight,heavy,bus,28.8,42,fatal,2026-06-05 08:44:49,8,4,6,0,0,3
ACC01286,22.72432409352645,75.84599831940709,2024-05-29,09:28:40,rain,urban,daylight,heavy,car,24.6,48,moderate,2024-05-29 09:28:40,9,2,5,0,0,1
ACC01287,22.736097611317245,75.85305234332803,2023-02-28,18:38:16,cloudy,rural,dusk_dawn,moderate,car,42.5,74,moderate,2023-02-28 18:38:16,18,1,2,0,0,1
ACC01288,22.722474800288225,75.83142369131548,2024-02-24,10:34:22,storm,urban,night_lit,low,motorcycle,57.4,52,moderate,2024-02-24 10:34:22,10,5,2,1,0,1
ACC01289,22.7082696869816,75.85154878034402,2024-02-01,17:41:39,clear,urban,dusk_dawn,low,car,59.0,40,minor,2024-02-01 17:41:39,17,3,2,0,0,0
ACC01290,22.720219657851647,75.86237593079805,2023-10-15,08:27:15,clear,rural,night_lit,heavy,car,103.7,45,minor,2023-10-15 08:27:15,8,6,10,1,0,0
ACC01291,22.748719880355356,75.85200902116823,2023-08-17,14:39:40,clear,highway,night_lit,low,motorcycle,124.9,84,severe,2023-08-17 14:39:40,14,3,8,0,0,2
ACC01292,22.731104801485586,75.85457247014136,2025-11-26,11:38:30,cloudy,rural,dusk_dawn,low,motorcycle,65.1,62,severe,2025-11-26 11:38:30,11,2,11,0,0,2
ACC01293,22.68577053680539,75.85960196658186,2023-10-04,14:38:26,rain,highway,dusk_dawn,heavy,motorcycle,121.0,79,minor,2023-10-04 14:38:26,14,2,10,0,0,0
ACC01294,22.71569511086848,75.84688513075135,2022-02-18,15:52:21,cloudy,urban,night_unlit,heavy,car,37.4,31,fatal,2022-02-18 15:52:21,15,4,2,0,0,3
ACC01295,22.755645875854093,75.87382125131734,2025-03-30,23:20:46,cloudy,urban,night_lit,moderate,car,73.7,46,minor,2025-03-30 23:20:46,23,6,3,1,1,0
ACC01296,22.715724062763,75.88871956249604,2024-12-28,20:52:27,clear,highway,night_unlit,low,car,95.0,60,severe,2024-12-28 20:52:27,20,5,12,1,1,2
ACC01297,22.68399042616532,75.8507123921561,2023-09-14,17:01:18,rain,urban,night_lit,moderate,truck,75.4,40,severe,2023-09-14 17:01:18,17,3,9,0,0,2
ACC01298,22.75786097770845,75.86970396462955,2024-10-31,07:29:23,clear,urban,dusk_dawn,heavy,motorcycle,68.3,37,minor,2024-10-31 07:29:23,7,3,10,0,0,0
ACC01299,22.733647850196256,75.85520765689131,2026-03-26,21:26:29,cloudy,urban,night_lit,low,motorcycle,57.6,44,minor,2026-03-26 21:26:29,21,3,3,0,1,0
ACC01300,22.71859974282374,75.86730974690077,2026-02-26,20:52:37,clear,urban,night_lit,low,auto,55.9,34,moderate,2026-02-26 20:52:37,20,3,2,0,1,1
ACC01301,22.71257164527836,75.89131559062406,2025-07-20,20:02:59,cloudy,highway,night_lit,heavy,bus,60.9,88,moderate,2025-07-20 20:02:59,20,6,7,1,1,1
ACC01302,22.741647038595836,75.87017319086036,2024-08-15,14:13:20,cloudy,highway,night_unlit,heavy,car,137.6,80,fatal,2024-08-15 14:13:20,14,3,8,0,0,3
ACC01303,22.709160331995477,75.8245317092238,2022-02-15,08:28:10,cloudy,rural,night_lit,moderate,truck,111.2,58,moderate,2022-02-15 08:28:10,8,1,2,0,0,1
ACC01304,22.74296512849032,75.86907991262893,2024-04-21,18:48:58,cloudy,urban,dusk_dawn,heavy,car,43.6,49,severe,2024-04-21 18:48:58,18,6,4,1,0,2
ACC01305,22.730843905714483,75.88465727486619,2025-09-06,12:27:08,storm,urban,daylight,moderate,truck,47.4,50,minor,2025-09-06 12:27:08,12,5,9,1,0,0
ACC01306,22.724893638509744,75.85556807660004,2025-10-19,11:38:54,heavy_rain,highway,night_unlit,heavy,car,90.7,62,fatal,2025-10-19 11:38:54,11,6,10,1,0,3
ACC01307,22.72291029610671,75.87991269612236,2025-06-23,12:10:08,clear,highway,daylight,low,car,79.8,95,minor,2025-06-23 12:10:08,12,0,6,0,0,0
ACC01308,22.716500639265718,75.84619768917696,2026-06-08,15:56:21,clear,urban,night_unlit,moderate,auto,28.5,39,fatal,2026-06-08 15:56:21,15,0,6,0,0,3
ACC01309,22.740912802404186,75.83028921680956,2024-04-28,10:47:59,clear,rural,daylight,moderate,motorcycle,28.2,44,severe,2024-04-28 10:47:59,10,6,4,1,0,2
ACC01310,22.70269314335796,75.86282338037665,2022-06-30,17:02:09,clear,urban,daylight,moderate,car,77.3,42,severe,2022-06-30 17:02:09,17,3,6,0,0,2
ACC01311,22.687561497463395,75.82487046558508,2024-03-26,16:42:09,clear,urban,night_lit,moderate,bus,55.4,50,severe,2024-03-26 16:42:09,16,1,3,0,0,2
ACC01312,22.732288802457848,75.85520457974212,2023-06-08,14:07:36,heavy_rain,urban,daylight,moderate,car,42.8,56,minor,2023-06-08 14:07:36,14,3,6,0,0,0
ACC01313,22.73262476656134,75.88573684525291,2025-10-03,05:33:11,fog,urban,night_unlit,moderate,car,32.1,52,moderate,2025-10-03 05:33:11,5,4,10,0,1,1
ACC01314,22.729604823050234,75.82180474188507,2025-06-30,21:42:01,clear,rural,night_lit,low,motorcycle,130.4,55,minor,2025-06-30 21:42:01,21,0,6,0,1,0
ACC01315,22.72815456739236,75.83441006408172,2023-11-29,12:55:41,rain,highway,night_lit,moderate,truck,128.3,72,minor,2023-11-29 12:55:41,12,2,11,0,0,0
ACC01316,22.713589192433247,75.83935935509676,2023-09-30,13:04:57,rain,rural,daylight,heavy,truck,77.8,44,moderate,2023-09-30 13:04:57,13,5,9,1,0,1
ACC01317,22.73574965408771,75.85873360280578,2022-09-19,13:17:45,clear,highway,dusk_dawn,moderate,motorcycle,76.5,91,moderate,2022-09-19 13:17:45,13,0,9,0,0,1
ACC01318,22.71908883746491,75.85268566428708,2022-03-12,11:41:57,heavy_rain,highway,night_lit,moderate,motorcycle,73.7,88,severe,2022-03-12 11:41:57,11,5,3,1,0,2
ACC01319,22.71025772878369,75.88798272763393,2023-05-29,17:15:31,storm,highway,daylight,low,motorcycle,97.7,82,severe,2023-05-29 17:15:31,17,0,5,0,0,2
ACC01320,22.71376217375489,75.87908696658184,2023-01-31,01:42:36,fog,highway,night_unlit,low,motorcycle,96.7,75,severe,2023-01-31 01:42:36,1,1,1,0,1,2
ACC01321,22.760412793975515,75.86990545892137,2023-03-12,20:11:58,rain,highway,night_unlit,heavy,car,130.8,96,moderate,2023-03-12 20:11:58,20,6,3,1,1,1
ACC01322,22.68530047835909,75.86291260628688,2026-06-28,07:09:30,clear,highway,night_unlit,heavy,car,139.7,63,fatal,2026-06-28 07:09:30,7,6,6,1,0,3
ACC01323,22.729995762085917,75.8678645955397,2025-01-23,23:32:02,clear,highway,night_lit,moderate,truck,80.7,67,moderate,2025-01-23 23:32:02,23,3,1,0,1,1
ACC01324,22.686417791447525,75.84276035289373,2024-06-24,16:41:14,storm,highway,night_lit,moderate,truck,76.0,80,severe,2024-06-24 16:41:14,16,0,6,0,0,2
ACC01325,22.717835333233538,75.87714420707113,2022-10-21,06:12:37,clear,highway,dusk_dawn,low,motorcycle,97.4,60,minor,2022-10-21 06:12:37,6,4,10,0,0,0
ACC01326,22.711327450296917,75.83775911491281,2025-10-13,15:52:51,cloudy,highway,night_lit,moderate,car,95.3,68,severe,2025-10-13 15:52:51,15,0,10,0,0,2
ACC01327,22.6782994340664,75.87670753987804,2024-11-24,10:52:36,clear,rural,night_lit,moderate,motorcycle,128.9,48,minor,2024-11-24 10:52:36,10,6,11,1,0,0
ACC01328,22.727780751808677,75.88372285004237,2024-04-25,21:04:24,cloudy,urban,night_lit,moderate,car,44.4,57,severe,2024-04-25 21:04:24,21,3,4,0,1,2
ACC01329,22.71239923875616,75.86421729204176,2024-02-05,18:18:19,clear,highway,dusk_dawn,low,motorcycle,125.8,64,moderate,2024-02-05 18:18:19,18,0,2,0,0,1
ACC01330,22.678015873148773,75.85647573882076,2024-06-26,14:33:40,rain,urban,night_unlit,low,motorcycle,30.1,34,moderate,2024-06-26 14:33:40,14,2,6,0,0,1
ACC01331,22.736791361815484,75.8680061981662,2025-10-10,12:29:53,cloudy,urban,night_lit,heavy,motorcycle,67.9,39,minor,2025-10-10 12:29:53,12,4,10,0,0,0
ACC01332,22.74870012355978,75.80276963259799,2025-03-28,23:15:16,cloudy,highway,night_unlit,moderate,car,67.7,96,minor,2025-03-28 23:15:16,23,4,3,0,1,0
ACC01333,22.74980248684593,75.86604516436971,2024-03-07,17:31:33,clear,urban,dusk_dawn,heavy,auto,63.3,56,minor,2024-03-07 17:31:33,17,3,3,0,0,0
ACC01334,22.727179128813027,75.8577329200432,2025-01-01,14:57:25,cloudy,highway,daylight,moderate,car,72.8,61,moderate,2025-01-01 14:57:25,14,2,1,0,0,1
ACC01335,22.720921162771543,75.85898743773886,2026-03-07,12:18:14,rain,urban,dusk_dawn,heavy,car,64.8,36,moderate,2026-03-07 12:18:14,12,5,3,1,0,1
ACC01336,22.746563132417915,75.87413065025795,2023-06-20,10:13:24,heavy_rain,urban,dusk_dawn,low,motorcycle,61.1,51,moderate,2023-06-20 10:13:24,10,1,6,0,0,1
ACC01337,22.7536476717068,75.8585046215687,2026-01-18,17:44:05,rain,urban,daylight,low,truck,73.6,32,severe,2026-01-18 17:44:05,17,6,1,1,0,2
ACC01338,22.74267137405751,75.83719586286698,2024-09-23,16:34:31,cloudy,highway,daylight,moderate,truck,76.3,64,minor,2024-09-23 16:34:31,16,0,9,0,0,0
ACC01339,22.7011692479554,75.85717194658349,2022-11-01,19:41:06,rain,highway,dusk_dawn,moderate,motorcycle,66.6,95,fatal,2022-11-01 19:41:06,19,1,11,0,0,3
ACC01340,22.7240268970643,75.86135110968162,2026-05-07,15:38:28,cloudy,rural,dusk_dawn,low,motorcycle,139.4,70,moderate,2026-05-07 15:38:28,15,3,5,0,0,1
ACC01341,22.72879032288583,75.86229867823162,2025-01-31,16:45:53,cloudy,urban,night_lit,moderate,motorcycle,30.9,60,minor,2025-01-31 16:45:53,16,4,1,0,0,0
ACC01342,22.683807660621653,75.8632383873457,2023-09-26,14:43:08,rain,urban,daylight,low,car,51.5,39,moderate,2023-09-26 14:43:08,14,1,9,0,0,1
ACC01343,22.72938721319241,75.88078738089837,2022-12-19,18:36:15,clear,expressway,dusk_dawn,low,car,65.2,90,moderate,2022-12-19 18:36:15,18,0,12,0,0,1
ACC01344,22.765459836519582,75.83827930893932,2026-02-12,12:27:43,cloudy,urban,daylight,heavy,motorcycle,57.0,54,severe,2026-02-12 12:27:43,12,3,2,0,0,2
ACC01345,22.732798723316016,75.86351400912329,2025-09-13,19:27:54,rain,highway,night_lit,moderate,motorcycle,101.2,63,minor,2025-09-13 19:27:54,19,5,9,1,0,0
ACC01346,22.749468261628834,75.88579859397237,2022-03-15,10:15:57,clear,rural,night_lit,moderate,truck,116.4,60,moderate,2022-03-15 10:15:57,10,1,3,0,0,1
ACC01347,22.72365829460257,75.82530777006126,2024-11-09,17:26:07,rain,highway,dusk_dawn,low,auto,131.2,71,moderate,2024-11-09 17:26:07,17,5,11,1,0,1
ACC01348,22.71853563352032,75.8635929336156,2022-07-08,20:36:14,clear,urban,night_unlit,heavy,motorcycle,78.9,54,fatal,2022-07-08 20:36:14,20,4,7,0,1,3
ACC01349,22.72762542780162,75.84829242996054,2023-04-28,18:42:59,cloudy,urban,dusk_dawn,heavy,truck,41.8,53,minor,2023-04-28 18:42:59,18,4,4,0,0,0
ACC01350,22.70368346704031,75.85258579231053,2024-07-21,11:46:30,rain,highway,daylight,low,auto,125.8,82,moderate,2024-07-21 11:46:30,11,6,7,1,0,1
ACC01351,22.70072449625531,75.8419038499357,2023-02-14,17:22:50,clear,highway,night_lit,moderate,car,75.4,62,minor,2023-02-14 17:22:50,17,1,2,0,0,0
ACC01352,22.745326091143387,75.856608985686,2024-04-21,08:43:00,clear,urban,dusk_dawn,moderate,motorcycle,36.6,38,minor,2024-04-21 08:43:00,8,6,4,1,0,0
ACC01353,22.74744684685733,75.89682511228854,2023-12-07,05:26:06,cloudy,urban,night_unlit,low,truck,23.5,30,moderate,2023-12-07 05:26:06,5,3,12,0,1,1
ACC01354,22.70017787368825,75.83471139277646,2024-08-12,18:21:12,clear,highway,dusk_dawn,moderate,motorcycle,71.5,68,minor,2024-08-12 18:21:12,18,0,8,0,0,0
ACC01355,22.73935997609108,75.83660779995043,2025-08-07,19:09:05,clear,highway,dusk_dawn,low,bus,109.0,97,moderate,2025-08-07 19:09:05,19,3,8,0,0,1
ACC01356,22.71826080048788,75.83396130859673,2022-09-12,02:15:53,rain,urban,daylight,low,motorcycle,78.2,60,minor,2022-09-12 02:15:53,2,0,9,0,1,0
ACC01357,22.72679617148981,75.89454836573256,2025-07-31,21:40:48,clear,rural,night_unlit,moderate,bus,133.0,67,fatal,2025-07-31 21:40:48,21,3,7,0,1,3
ACC01358,22.7292043727887,75.85075320588957,2023-01-01,13:12:23,cloudy,rural,night_unlit,moderate,car,56.0,69,severe,2023-01-01 13:12:23,13,6,1,1,0,2
ACC01359,22.739887009362484,75.85948721879305,2022-02-24,20:04:04,clear,urban,daylight,moderate,truck,35.2,43,minor,2022-02-24 20:04:04,20,3,2,0,1,0
ACC01360,22.721654364037263,75.85194434117787,2024-01-04,18:16:06,clear,urban,dusk_dawn,low,car,26.7,51,minor,2024-01-04 18:16:06,18,3,1,0,0,0
ACC01361,22.74820323990604,75.84111154243193,2023-05-12,20:59:15,clear,urban,night_lit,moderate,car,73.8,39,moderate,2023-05-12 20:59:15,20,4,5,0,1,1
ACC01362,22.7261882567952,75.85529698706772,2022-10-30,19:08:43,fog,highway,dusk_dawn,heavy,car,86.3,95,severe,2022-10-30 19:08:43,19,6,10,1,0,2
ACC01363,22.732483685449388,75.90916487211473,2023-11-26,22:08:48,cloudy,highway,night_lit,moderate,motorcycle,100.4,86,moderate,2023-11-26 22:08:48,22,6,11,1,1,1
ACC01364,22.70333474816925,75.88784141841948,2025-11-27,16:24:32,clear,highway,night_lit,moderate,car,117.3,67,minor,2025-11-27 16:24:32,16,3,11,0,0,0
ACC01365,22.763173180214096,75.84294124364415,2024-08-19,08:22:54,cloudy,rural,daylight,moderate,car,94.6,68,moderate,2024-08-19 08:22:54,8,0,8,0,0,1
ACC01366,22.729396498464094,75.87295148206124,2025-04-10,12:55:55,cloudy,urban,night_unlit,heavy,motorcycle,75.9,60,severe,2025-04-10 12:55:55,12,3,4,0,0,2
ACC01367,22.7342599485069,75.84336954454668,2022-09-03,18:14:46,cloudy,highway,dusk_dawn,moderate,motorcycle,131.9,99,minor,2022-09-03 18:14:46,18,5,9,1,0,0
ACC01368,22.687836283775766,75.82447264722308,2022-05-05,08:25:04,clear,urban,dusk_dawn,low,motorcycle,52.5,53,minor,2022-05-05 08:25:04,8,3,5,0,0,0
ACC01369,15.350390218353292,75.10355608067825,2023-07-05,21:17:53,clear,highway,night_lit,low,motorcycle,74.9,79,moderate,2023-07-05 21:17:53,21,2,7,0,1,1
ACC01370,15.353201856932872,75.11925612411973,2025-06-25,08:14:54,cloudy,urban,daylight,moderate,bus,36.3,50,severe,2025-06-25 08:14:54,8,2,6,0,0,2
ACC01371,15.350921045020955,75.11337428328098,2025-12-25,20:19:33,cloudy,urban,night_lit,heavy,truck,49.7,50,minor,2025-12-25 20:19:33,20,3,12,0,1,0
ACC01372,15.320602695015609,75.13792817004413,2022-06-17,14:15:35,rain,rural,night_lit,low,motorcycle,27.1,65,minor,2022-06-17 14:15:35,14,4,6,0,0,0
ACC01373,15.32666448531996,75.13611160383805,2024-02-22,19:43:46,cloudy,rural,dusk_dawn,moderate,truck,41.7,61,minor,2024-02-22 19:43:46,19,3,2,0,0,0
ACC01374,15.344995311073165,75.1478759749187,2023-10-14,22:47:35,rain,rural,night_unlit,moderate,bus,113.8,71,fatal,2023-10-14 22:47:35,22,5,10,1,1,3
ACC01375,15.337829920746962,75.14504767465425,2025-05-06,12:10:20,cloudy,highway,daylight,moderate,motorcycle,65.6,75,minor,2025-05-06 12:10:20,12,1,5,0,0,0
ACC01376,15.32212725057406,75.15281625578723,2022-12-04,17:29:41,cloudy,urban,daylight,moderate,car,26.7,32,severe,2022-12-04 17:29:41,17,6,12,1,0,2
ACC01377,15.297618563597636,75.12996163199982,2024-03-07,08:15:47,cloudy,rural,night_lit,moderate,car,85.7,75,moderate,2024-03-07 08:15:47,8,3,3,0,0,1
ACC01378,15.33227750388284,75.13606933801633,2025-10-27,18:52:08,clear,highway,dusk_dawn,moderate,motorcycle,78.2,90,moderate,2025-10-27 18:52:08,18,0,10,0,0,1
ACC01379,15.351580192784722,75.14023027403837,2024-02-03,19:06:40,fog,rural,dusk_dawn,heavy,auto,65.5,73,minor,2024-02-03 19:06:40,19,5,2,1,0,0
ACC01380,15.306048234219316,75.13283313394781,2025-07-06,10:24:10,clear,expressway,daylight,heavy,car,104.3,99,moderate,2025-07-06 10:24:10,10,6,7,1,0,1
ACC01381,15.34277518763352,75.12205611380165,2024-10-18,02:19:34,cloudy,urban,night_lit,moderate,motorcycle,28.0,45,minor,2024-10-18 02:19:34,2,4,10,0,1,0
ACC01382,15.336630833902674,75.1233511493132,2024-09-07,13:21:06,cloudy,highway,night_lit,moderate,car,67.2,88,moderate,2024-09-07 13:21:06,13,5,9,1,0,1
ACC01383,15.345002965264646,75.11364883203339,2023-03-02,08:56:59,heavy_rain,highway,night_unlit,heavy,motorcycle,86.2,62,moderate,2023-03-02 08:56:59,8,3,3,0,0,1
ACC01384,15.34743950999438,75.13843233659819,2026-06-18,19:32:40,clear,urban,dusk_dawn,heavy,bus,48.8,38,minor,2026-06-18 19:32:40,19,3,6,0,0,0
ACC01385,15.316110695161491,75.1281196965183,2023-02-15,09:22:28,heavy_rain,rural,night_lit,moderate,truck,75.2,57,minor,2023-02-15 09:22:28,9,2,2,0,0,0
ACC01386,15.2976608119967,75.11673652498726,2026-03-09,21:48:30,clear,highway,night_lit,moderate,auto,84.4,85,moderate,2026-03-09 21:48:30,21,0,3,0,1,1
ACC01387,15.319329609486342,75.1167551036135,2026-06-13,22:46:37,clear,highway,night_unlit,low,motorcycle,68.8,100,severe,2026-06-13 22:46:37,22,5,6,1,1,2
ACC01388,15.34778254635054,75.10579202544434,2024-04-19,20:08:07,heavy_rain,highway,night_unlit,moderate,truck,138.4,87,fatal,2024-04-19 20:08:07,20,4,4,0,1,3
ACC01389,15.31915992192948,75.14957682682474,2025-11-27,16:27:30,clear,urban,daylight,moderate,bus,70.6,41,moderate,2025-11-27 16:27:30,16,3,11,0,0,1
ACC01390,15.316119133522848,75.13157235339064,2025-03-20,09:24:42,cloudy,rural,daylight,low,truck,112.3,45,severe,2025-03-20 09:24:42,9,3,3,0,0,2
ACC01391,15.293572993161508,75.11274399960853,2025-04-26,18:26:15,cloudy,urban,night_unlit,moderate,auto,28.7,46,minor,2025-04-26 18:26:15,18,5,4,1,0,0
ACC01392,15.36505295109102,75.14617095499203,2022-04-23,17:20:28,fog,urban,night_unlit,heavy,car,58.6,33,fatal,2022-04-23 17:20:28,17,5,4,1,0,3
ACC01393,15.346514272828506,75.1187910238041,2022-08-14,22:49:19,rain,urban,night_lit,low,car,40.0,54,minor,2022-08-14 22:49:19,22,6,8,1,1,0
ACC01394,15.345397919625496,75.10186998745975,2022-04-25,11:59:09,clear,urban,daylight,moderate,car,23.4,39,moderate,2022-04-25 11:59:09,11,0,4,0,0,1
ACC01395,15.34935450773559,75.15042444578438,2022-02-19,05:01:58,rain,urban,night_lit,heavy,bus,35.1,44,minor,2022-02-19 05:01:58,5,5,2,1,1,0
ACC01396,15.341534167230868,75.11925806020868,2025-10-04,23:51:35,clear,highway,night_lit,heavy,car,128.4,91,moderate,2025-10-04 23:51:35,23,5,10,1,1,1
ACC01397,15.32511342289641,75.12182201819581,2022-10-16,19:51:23,cloudy,highway,dusk_dawn,moderate,truck,107.4,87,moderate,2022-10-16 19:51:23,19,6,10,1,0,1
ACC01398,15.326724717917555,75.13082360040698,2022-01-11,08:21:20,rain,rural,dusk_dawn,low,motorcycle,21.5,53,severe,2022-01-11 08:21:20,8,1,1,0,0,2
ACC01399,15.321448712708158,75.15285178445579,2026-03-20,17:29:40,rain,urban,night_lit,moderate,truck,24.1,48,minor,2026-03-20 17:29:40,17,4,3,0,0,0
ACC01400,15.3826948150883,75.13040074581733,2023-04-03,00:06:06,rain,highway,night_unlit,moderate,truck,130.7,73,fatal,2023-04-03 00:06:06,0,0,4,0,1,3
ACC01401,15.341118240625988,75.1060176574771,2025-09-02,15:21:34,rain,urban,night_lit,moderate,motorcycle,31.3,33,minor,2025-09-02 15:21:34,15,1,9,0,0,0
ACC01402,15.320723991172972,75.14087754008224,2026-04-27,11:14:13,cloudy,urban,night_lit,moderate,car,38.3,39,minor,2026-04-27 11:14:13,11,0,4,0,0,0
ACC01403,15.339309935483326,75.12030020551477,2024-05-08,11:54:53,fog,highway,daylight,heavy,motorcycle,82.8,68,minor,2024-05-08 11:54:53,11,2,5,0,0,0
ACC01404,15.309782621642874,75.16775847943059,2026-03-02,09:06:47,clear,urban,daylight,moderate,auto,30.4,36,minor,2026-03-02 09:06:47,9,0,3,0,0,0
ACC01405,15.360090134371784,75.12997760556004,2026-05-10,09:20:45,clear,highway,night_lit,heavy,car,127.6,79,moderate,2026-05-10 09:20:45,9,6,5,1,0,1
ACC01406,15.316778618083855,75.08529929004202,2022-08-25,13:28:08,rain,rural,night_unlit,heavy,car,32.5,80,minor,2022-08-25 13:28:08,13,3,8,0,0,0
ACC01407,15.340021708652449,75.13714729944311,2022-08-29,09:58:04,clear,urban,night_unlit,moderate,bus,44.2,33,fatal,2022-08-29 09:58:04,9,0,8,0,0,3
ACC01408,15.351319552594862,75.1688919558452,2023-08-31,13:49:27,cloudy,rural,daylight,low,car,87.2,68,severe,2023-08-31 13:49:27,13,3,8,0,0,2
ACC01409,15.3376953708841,75.1615184057709,2024-07-07,15:56:21,rain,rural,night_lit,heavy,car,95.9,46,moderate,2024-07-07 15:56:21,15,6,7,1,0,1
ACC01410,15.331889399836394,75.16661908577512,2025-07-14,17:18:43,cloudy,rural,night_lit,heavy,bus,67.5,55,moderate,2025-07-14 17:18:43,17,0,7,0,0,1
ACC01411,15.33021604169712,75.10960479629236,2022-10-28,17:16:42,clear,highway,daylight,moderate,truck,114.3,72,moderate,2022-10-28 17:16:42,17,4,10,0,0,1
ACC01412,15.328871178062258,75.14824304791954,2022-11-14,09:34:23,clear,highway,night_lit,low,car,78.7,66,minor,2022-11-14 09:34:23,9,0,11,0,0,0
ACC01413,15.31846603022145,75.11556010920526,2023-05-19,04:20:09,clear,rural,night_unlit,moderate,auto,21.4,70,moderate,2023-05-19 04:20:09,4,4,5,0,1,1
ACC01414,15.321010331404606,75.13448578798834,2023-03-22,19:00:19,clear,rural,dusk_dawn,low,truck,117.0,78,moderate,2023-03-22 19:00:19,19,2,3,0,0,1
ACC01415,15.359591807473018,75.10454095142521,2026-03-24,20:48:30,clear,rural,daylight,heavy,car,101.0,63,minor,2026-03-24 20:48:30,20,1,3,0,1,0
ACC01416,15.327829267346296,75.11711088470234,2023-10-13,22:05:15,rain,expressway,night_unlit,low,motorcycle,113.9,96,fatal,2023-10-13 22:05:15,22,4,10,0,1,3
ACC01417,15.314284074612344,75.11647506605273,2025-11-26,22:11:19,clear,urban,daylight,moderate,bus,20.2,51,moderate,2025-11-26 22:11:19,22,2,11,0,1,1
ACC01418,15.31967404806277,75.14797110560285,2022-04-02,16:56:14,rain,urban,daylight,moderate,truck,21.7,30,severe,2022-04-02 16:56:14,16,5,4,1,0,2
ACC01419,15.352007413613943,75.14601438243339,2022-06-17,20:43:03,storm,rural,night_lit,moderate,motorcycle,83.9,75,severe,2022-06-17 20:43:03,20,4,6,0,1,2
ACC01420,15.343512132663289,75.13553639458661,2025-08-12,13:38:36,clear,highway,daylight,heavy,motorcycle,100.9,85,moderate,2025-08-12 13:38:36,13,1,8,0,0,1
ACC01421,15.341206583564643,75.10299157163888,2023-02-14,18:07:59,storm,rural,dusk_dawn,low,car,90.3,61,severe,2023-02-14 18:07:59,18,1,2,0,0,2
ACC01422,15.324849576021805,75.123767211321,2022-05-16,22:15:57,clear,rural,night_lit,low,motorcycle,96.0,72,moderate,2022-05-16 22:15:57,22,0,5,0,1,1
ACC01423,15.34146724940346,75.11507767034114,2024-09-03,18:12:55,cloudy,urban,dusk_dawn,low,car,65.9,34,severe,2024-09-03 18:12:55,18,1,9,0,0,2
ACC01424,15.317128777500988,75.14739351513388,2022-08-30,12:38:39,storm,urban,daylight,low,truck,66.6,58,moderate,2022-08-30 12:38:39,12,1,8,0,0,1
ACC01425,15.324807719373084,75.15356369705634,2022-04-11,11:30:44,rain,urban,night_unlit,moderate,car,43.0,49,minor,2022-04-11 11:30:44,11,0,4,0,0,0
ACC01426,15.349396089747836,75.15112771172062,2023-10-29,09:21:03,clear,expressway,daylight,low,car,99.8,86,severe,2023-10-29 09:21:03,9,6,10,1,0,2
ACC01427,15.347485553578382,75.11489561161166,2024-06-22,11:44:12,clear,highway,night_lit,moderate,car,134.4,76,severe,2024-06-22 11:44:12,11,5,6,1,0,2
ACC01428,15.310361803080983,75.0752093375542,2024-05-15,19:46:42,clear,highway,dusk_dawn,moderate,truck,91.1,88,moderate,2024-05-15 19:46:42,19,2,5,0,0,1
ACC01429,15.312889470941828,75.09466076203739,2024-08-17,17:44:59,fog,urban,daylight,heavy,motorcycle,79.0,36,moderate,2024-08-17 17:44:59,17,5,8,1,0,1
ACC01430,15.332174043056268,75.15843253956164,2022-02-08,09:06:54,clear,rural,night_unlit,low,motorcycle,132.2,76,fatal,2022-02-08 09:06:54,9,1,2,0,0,3
ACC01431,15.36452264749339,75.1219749012136,2023-04-23,17:36:37,cloudy,urban,night_lit,heavy,motorcycle,36.4,53,minor,2023-04-23 17:36:37,17,6,4,1,0,0
ACC01432,15.29168869671062,75.1149855076347,2023-07-18,11:12:06,clear,urban,night_lit,heavy,motorcycle,64.8,58,severe,2023-07-18 11:12:06,11,1,7,0,0,2
ACC01433,15.33556665879141,75.16285320586871,2023-04-27,15:16:57,clear,highway,daylight,moderate,bus,133.4,72,minor,2023-04-27 15:16:57,15,3,4,0,0,0
ACC01434,15.302479133368536,75.15530319890976,2024-07-06,11:58:19,cloudy,urban,daylight,heavy,car,46.6,41,fatal,2024-07-06 11:58:19,11,5,7,1,0,3
ACC01435,15.31731338012949,75.13048897443839,2023-01-12,14:24:02,clear,rural,daylight,moderate,car,44.9,64,minor,2023-01-12 14:24:02,14,3,1,0,0,0
ACC01436,15.322711431638716,75.12413193817872,2024-11-03,17:47:46,cloudy,urban,daylight,low,bus,40.5,30,moderate,2024-11-03 17:47:46,17,6,11,1,0,1
ACC01437,15.321589833131265,75.12735797574373,2026-03-17,17:14:10,cloudy,urban,night_unlit,heavy,motorcycle,37.3,45,severe,2026-03-17 17:14:10,17,1,3,0,0,2
ACC01438,15.319324081206815,75.13454325596774,2024-12-20,18:58:18,cloudy,urban,dusk_dawn,heavy,motorcycle,33.8,43,minor,2024-12-20 18:58:18,18,4,12,0,0,0
ACC01439,15.330144141207528,75.16200094562639,2023-10-01,12:16:40,cloudy,urban,daylight,moderate,car,59.8,37,severe,2023-10-01 12:16:40,12,6,10,1,0,2
ACC01440,15.319294888667388,75.13844934848474,2023-12-15,17:10:57,clear,urban,daylight,low,bus,21.8,45,moderate,2023-12-15 17:10:57,17,4,12,0,0,1
ACC01441,15.300750852302915,75.14452058066078,2024-08-19,09:19:54,rain,rural,daylight,low,auto,97.5,72,minor,2024-08-19 09:19:54,9,0,8,0,0,0
ACC01442,15.345597392250456,75.1533854021814,2025-04-03,14:10:09,cloudy,urban,daylight,moderate,motorcycle,74.3,41,moderate,2025-04-03 14:10:09,14,3,4,0,0,1
ACC01443,15.345057443342975,75.1066064799795,2023-05-11,16:35:10,cloudy,urban,daylight,heavy,car,35.3,42,minor,2023-05-11 16:35:10,16,3,5,0,0,0
ACC01444,15.346863486200451,75.14509723784947,2022-03-05,17:08:48,clear,urban,night_unlit,low,car,48.9,38,fatal,2022-03-05 17:08:48,17,5,3,1,0,3
ACC01445,15.29918531007472,75.12410862490677,2025-02-27,20:12:19,clear,rural,night_lit,moderate,car,80.3,48,moderate,2025-02-27 20:12:19,20,3,2,0,1,1
ACC01446,15.335978363051684,75.07967809608454,2024-12-22,10:42:04,rain,highway,daylight,heavy,motorcycle,126.3,68,severe,2024-12-22 10:42:04,10,6,12,1,0,2
ACC01447,15.34351957711614,75.08743660916028,2022-06-16,19:02:35,heavy_rain,highway,dusk_dawn,moderate,motorcycle,93.8,72,severe,2022-06-16 19:02:35,19,3,6,0,0,2
ACC01448,15.309375958631207,75.10963764776962,2024-10-25,10:26:39,clear,urban,night_lit,moderate,motorcycle,43.4,33,fatal,2024-10-25 10:26:39,10,4,10,0,0,3
ACC01449,15.330183464963644,75.14062446457184,2022-04-28,15:41:59,clear,expressway,daylight,moderate,car,122.0,90,moderate,2022-04-28 15:41:59,15,3,4,0,0,1
ACC01450,15.327674667093794,75.1322759913068,2024-11-21,19:26:29,clear,urban,dusk_dawn,low,car,76.9,40,minor,2024-11-21 19:26:29,19,3,11,0,0,0
ACC01451,15.366843013171366,75.1336873341435,2025-05-07,17:01:47,rain,urban,night_lit,moderate,auto,30.1,57,minor,2025-05-07 17:01:47,17,2,5,0,0,0
ACC01452,15.368489920740252,75.16901886965373,2022-01-26,19:09:32,clear,urban,dusk_dawn,low,car,41.9,57,minor,2022-01-26 19:09:32,19,2,1,0,0,0
ACC01453,15.296712872133396,75.1046182077028,2025-04-08,19:58:55,storm,highway,night_lit,moderate,auto,69.2,60,severe,2025-04-08 19:58:55,19,1,4,0,0,2
ACC01454,15.37987854011456,75.12945133291632,2022-07-17,09:46:29,clear,expressway,daylight,moderate,motorcycle,100.1,98,fatal,2022-07-17 09:46:29,9,6,7,1,0,3
ACC01455,15.311695485576934,75.13608871045628,2023-03-12,23:21:40,storm,urban,night_lit,heavy,car,59.7,58,minor,2023-03-12 23:21:40,23,6,3,1,1,0
ACC01456,15.349613465886549,75.11527453766922,2025-03-03,21:52:57,clear,rural,night_lit,moderate,motorcycle,89.6,42,minor,2025-03-03 21:52:57,21,0,3,0,1,0
ACC01457,15.349409959617274,75.13056653490166,2023-08-06,12:00:52,clear,rural,daylight,heavy,auto,78.0,60,minor,2023-08-06 12:00:52,12,6,8,1,0,0
ACC01458,15.310086195463164,75.09800101331831,2026-05-24,05:02:24,clear,urban,night_unlit,heavy,truck,37.0,37,moderate,2026-05-24 05:02:24,5,6,5,1,1,1
ACC01459,15.339865355876782,75.15819812434549,2026-04-21,10:53:30,clear,highway,night_unlit,heavy,car,65.0,91,moderate,2026-04-21 10:53:30,10,1,4,0,0,1
ACC01460,15.32784932511468,75.11636770894938,2026-06-09,19:40:35,storm,highway,dusk_dawn,moderate,car,75.7,88,fatal,2026-06-09 19:40:35,19,1,6,0,0,3
ACC01461,15.341086600092648,75.17062800329556,2022-06-21,21:35:07,cloudy,highway,daylight,moderate,motorcycle,88.6,92,minor,2022-06-21 21:35:07,21,1,6,0,1,0
ACC01462,15.334613446047612,75.12935051352164,2022-10-17,19:20:14,clear,expressway,night_unlit,heavy,car,67.4,88,moderate,2022-10-17 19:20:14,19,0,10,0,0,1
ACC01463,15.353926789707405,75.15056107130798,2022-10-28,12:49:42,storm,rural,daylight,heavy,car,68.7,65,severe,2022-10-28 12:49:42,12,4,10,0,0,2
ACC01464,15.33150799086292,75.12893394262018,2024-08-19,05:36:04,clear,urban,night_lit,moderate,bus,52.7,53,minor,2024-08-19 05:36:04,5,0,8,0,1,0
ACC01465,15.326642518611472,75.12938512335478,2023-12-08,14:26:36,clear,rural,daylight,low,truck,31.6,52,severe,2023-12-08 14:26:36,14,4,12,0,0,2
ACC01466,15.351921284661143,75.11831941333556,2025-05-09,11:22:29,clear,highway,dusk_dawn,low,truck,131.3,87,moderate,2025-05-09 11:22:29,11,4,5,0,0,1
ACC01467,15.341607919297171,75.13238247858732,2023-04-09,07:21:29,cloudy,highway,dusk_dawn,low,motorcycle,130.0,75,severe,2023-04-09 07:21:29,7,6,4,1,0,2
ACC01468,15.344636267886418,75.13635997388828,2022-11-24,07:34:50,heavy_rain,highway,dusk_dawn,low,car,60.3,96,fatal,2022-11-24 07:34:50,7,3,11,0,0,3
ACC01469,15.316708266554828,75.1143148298217,2024-12-01,07:39:16,clear,rural,night_unlit,heavy,car,67.6,60,fatal,2024-12-01 07:39:16,7,6,12,1,0,3
ACC01470,15.30909474437203,75.1274991116828,2024-10-10,08:48:47,rain,highway,daylight,moderate,truck,68.0,64,moderate,2024-10-10 08:48:47,8,3,10,0,0,1
ACC01471,15.318645557134946,75.11779802267885,2025-02-07,18:24:47,clear,highway,night_unlit,moderate,motorcycle,135.2,85,fatal,2025-02-07 18:24:47,18,4,2,0,0,3
ACC01472,15.317583572286388,75.1759932813923,2023-05-28,11:15:59,clear,highway,daylight,low,motorcycle,60.2,61,severe,2023-05-28 11:15:59,11,6,5,1,0,2
ACC01473,15.34572398537306,75.12820538460176,2024-05-14,13:33:49,rain,urban,daylight,heavy,car,21.6,30,moderate,2024-05-14 13:33:49,13,1,5,0,0,1
ACC01474,15.349519681005882,75.16090464303393,2026-03-05,16:35:30,rain,urban,daylight,low,motorcycle,74.1,33,minor,2026-03-05 16:35:30,16,3,3,0,0,0
ACC01475,15.326897394209352,75.12608755338384,2024-09-30,22:16:21,cloudy,highway,night_lit,low,car,136.5,90,minor,2024-09-30 22:16:21,22,0,9,0,1,0
ACC01476,15.358618380376488,75.1351857528307,2026-03-12,18:04:46,clear,rural,dusk_dawn,heavy,car,113.7,58,severe,2026-03-12 18:04:46,18,3,3,0,0,2
ACC01477,15.357369387875302,75.1035727185671,2023-12-13,16:19:55,clear,expressway,night_lit,moderate,bus,105.8,94,minor,2023-12-13 16:19:55,16,2,12,0,0,0
ACC01478,15.334867978328012,75.12105854816264,2022-03-15,18:04:16,rain,highway,dusk_dawn,low,truck,104.4,99,severe,2022-03-15 18:04:16,18,1,3,0,0,2
ACC01479,15.31356216456914,75.13421069341578,2025-06-02,17:04:22,cloudy,expressway,dusk_dawn,low,bus,62.8,89,moderate,2025-06-02 17:04:22,17,0,6,0,0,1
ACC01480,15.36150753298871,75.16172007661919,2024-01-27,17:57:29,cloudy,rural,dusk_dawn,moderate,bus,29.0,56,severe,2024-01-27 17:57:29,17,5,1,1,0,2
ACC01481,15.328779652979431,75.13443965555352,2022-03-11,14:46:06,clear,rural,daylight,moderate,motorcycle,74.7,71,moderate,2022-03-11 14:46:06,14,4,3,0,0,1
ACC01482,15.33252330392862,75.15767440722385,2022-08-16,15:02:18,rain,highway,night_lit,low,car,89.0,85,minor,2022-08-16 15:02:18,15,1,8,0,0,0
ACC01483,15.323207899487867,75.14281458220405,2023-05-29,13:20:09,clear,rural,night_unlit,moderate,motorcycle,64.6,41,fatal,2023-05-29 13:20:09,13,0,5,0,0,3
ACC01484,15.312204193474056,75.1625480267893,2022-11-10,12:15:46,cloudy,urban,daylight,moderate,car,70.3,54,moderate,2022-11-10 12:15:46,12,3,11,0,0,1
ACC01485,15.300627211393694,75.1288191556539,2025-01-28,09:58:29,rain,highway,daylight,moderate,truck,126.9,64,moderate,2025-01-28 09:58:29,9,1,1,0,0,1
ACC01486,15.342657366471146,75.17780445421303,2024-09-30,11:26:36,clear,rural,daylight,heavy,truck,132.0,48,severe,2024-09-30 11:26:36,11,0,9,0,0,2
ACC01487,15.314331978922068,75.12029207594172,2023-06-26,12:15:04,cloudy,highway,daylight,heavy,motorcycle,85.9,63,moderate,2023-06-26 12:15:04,12,0,6,0,0,1
ACC01488,15.391190624579936,75.11467076331604,2022-05-20,16:38:34,cloudy,rural,night_lit,low,motorcycle,120.0,76,minor,2022-05-20 16:38:34,16,4,5,0,0,0
ACC01489,15.308278528347753,75.10579894300622,2022-05-09,14:28:43,cloudy,urban,daylight,low,car,27.5,37,minor,2022-05-09 14:28:43,14,0,5,0,0,0
ACC01490,15.304852350500372,75.17662049343116,2026-04-02,07:11:41,heavy_rain,urban,dusk_dawn,low,car,63.7,56,moderate,2026-04-02 07:11:41,7,3,4,0,0,1
ACC01491,15.340202774312267,75.14638895145235,2023-07-21,11:18:47,cloudy,highway,daylight,low,car,132.4,86,severe,2023-07-21 11:18:47,11,4,7,0,0,2
ACC01492,15.360586269579343,75.12331758533239,2022-06-26,11:07:06,clear,rural,daylight,moderate,auto,76.9,76,moderate,2022-06-26 11:07:06,11,6,6,1,0,1
ACC01493,15.331291793138863,75.15498045393747,2025-03-14,17:41:32,clear,highway,daylight,low,car,101.2,79,moderate,2025-03-14 17:41:32,17,4,3,0,0,1
ACC01494,15.341444848403745,75.14375384370236,2025-11-29,10:58:28,cloudy,rural,daylight,heavy,auto,84.4,53,moderate,2025-11-29 10:58:28,10,5,11,1,0,1
ACC01495,15.293129051650826,75.1693225494275,2022-07-20,00:48:53,clear,urban,night_lit,heavy,motorcycle,23.7,39,minor,2022-07-20 00:48:53,0,2,7,0,1,0
ACC01496,15.316449769086164,75.0990433433452,2026-04-01,06:22:41,rain,highway,dusk_dawn,heavy,motorcycle,127.1,63,moderate,2026-04-01 06:22:41,6,2,4,0,0,1
ACC01497,15.308527685417248,75.12469279783372,2025-04-04,14:29:57,clear,urban,daylight,moderate,car,75.4,49,severe,2025-04-04 14:29:57,14,4,4,0,0,2
ACC01498,15.292099083001045,75.12074957232115,2023-02-18,08:03:01,clear,expressway,daylight,heavy,car,122.6,86,minor,2023-02-18 08:03:01,8,5,2,1,0,0
ACC01499,15.332339604680476,75.09052634647182,2025-06-27,14:22:26,clear,expressway,night_lit,moderate,motorcycle,97.1,82,moderate,2025-06-27 14:22:26,14,4,6,0,0,1
ACC01500,15.28514344756779,75.15120654409559,2023-11-21,15:01:42,heavy_rain,highway,night_lit,moderate,motorcycle,126.8,85,moderate,2023-11-21 15:01:42,15,1,11,0,0,1
ACC01501,25.58459206888393,85.12544941169273,2024-11-09,21:44:05,rain,highway,night_lit,low,motorcycle,129.0,92,moderate,2024-11-09 21:44:05,21,5,11,1,1,1
ACC01502,25.60479262409973,85.13510386703511,2022-07-28,17:54:39,cloudy,highway,daylight,heavy,car,136.9,86,severe,2022-07-28 17:54:39,17,3,7,0,0,2
ACC01503,25.637195438686597,85.12204444172119,2023-02-06,03:11:13,clear,rural,night_unlit,moderate,car,63.8,59,severe,2023-02-06 03:11:13,3,0,2,0,1,2
ACC01504,25.58293512616345,85.1374465112012,2025-06-23,11:40:04,heavy_rain,highway,daylight,low,car,66.1,74,fatal,2025-06-23 11:40:04,11,0,6,0,0,3
ACC01505,25.581576940346856,85.14671229855772,2025-08-15,18:35:39,heavy_rain,highway,daylight,moderate,truck,124.7,100,severe,2025-08-15 18:35:39,18,4,8,0,0,2
ACC01506,25.59237328339448,85.12772167213893,2022-01-18,09:25:25,clear,urban,night_unlit,low,motorcycle,27.2,59,minor,2022-01-18 09:25:25,9,1,1,0,0,0
ACC01507,25.609744947059667,85.16553439694235,2022-12-19,21:44:24,rain,expressway,night_unlit,heavy,car,113.3,98,severe,2022-12-19 21:44:24,21,0,12,0,1,2
ACC01508,25.5786657394938,85.13478298569267,2024-09-24,15:40:19,heavy_rain,highway,daylight,moderate,truck,116.0,73,severe,2024-09-24 15:40:19,15,1,9,0,0,2
ACC01509,25.57738076805736,85.1354097077222,2026-01-27,06:16:41,clear,rural,daylight,heavy,car,135.6,80,minor,2026-01-27 06:16:41,6,1,1,0,0,0
ACC01510,25.611143785404828,85.11182004610973,2025-01-12,09:47:37,clear,highway,daylight,heavy,truck,134.2,100,moderate,2025-01-12 09:47:37,9,6,1,1,0,1
ACC01511,25.59757278647676,85.13836998149101,2025-03-06,20:39:40,cloudy,urban,night_lit,moderate,motorcycle,41.5,46,moderate,2025-03-06 20:39:40,20,3,3,0,1,1
ACC01512,25.549105434739904,85.1273194555838,2023-10-01,23:18:47,cloudy,urban,night_unlit,heavy,truck,71.5,54,severe,2023-10-01 23:18:47,23,6,10,1,1,2
ACC01513,25.565492164010617,85.11783520541324,2022-03-31,19:44:36,rain,expressway,dusk_dawn,heavy,car,63.1,91,severe,2022-03-31 19:44:36,19,3,3,0,0,2
ACC01514,25.620024717276543,85.11447051183703,2025-06-11,10:38:04,cloudy,rural,night_lit,low,truck,131.4,58,severe,2025-06-11 10:38:04,10,2,6,0,0,2
ACC01515,25.59803856566157,85.18343526759513,2025-08-05,18:07:09,clear,highway,daylight,low,truck,120.4,61,minor,2025-08-05 18:07:09,18,1,8,0,0,0
ACC01516,25.574756081379256,85.12473045499641,2023-12-29,08:09:59,clear,urban,daylight,moderate,car,32.4,59,minor,2023-12-29 08:09:59,8,4,12,0,0,0
ACC01517,25.5865918068553,85.10086029158437,2024-04-11,11:19:17,rain,highway,daylight,moderate,car,90.0,63,minor,2024-04-11 11:19:17,11,3,4,0,0,0
ACC01518,25.590264733456035,85.11603557080534,2023-01-21,17:02:25,clear,highway,daylight,heavy,truck,108.3,99,severe,2023-01-21 17:02:25,17,5,1,1,0,2
ACC01519,25.6047146672056,85.12896864321047,2024-01-14,22:24:22,clear,expressway,night_lit,moderate,motorcycle,78.9,92,minor,2024-01-14 22:24:22,22,6,1,1,1,0
ACC01520,25.562834732102825,85.14093334065232,2023-02-02,13:27:59,clear,urban,night_lit,heavy,motorcycle,75.7,43,moderate,2023-02-02 13:27:59,13,3,2,0,0,1
ACC01521,25.57318101722659,85.1410959304345,2023-11-22,14:46:49,rain,rural,daylight,moderate,car,102.7,73,minor,2023-11-22 14:46:49,14,2,11,0,0,0
ACC01522,25.595459115097267,85.14353229103553,2022-08-09,08:10:29,clear,highway,night_lit,moderate,car,83.3,65,moderate,2022-08-09 08:10:29,8,1,8,0,0,1
ACC01523,25.588003308390093,85.11710279386725,2024-09-23,12:34:40,clear,rural,night_unlit,moderate,truck,71.8,44,severe,2024-09-23 12:34:40,12,0,9,0,0,2
ACC01524,25.60143718365273,85.13680880887003,2023-02-11,05:39:33,rain,rural,daylight,heavy,car,130.2,72,minor,2023-02-11 05:39:33,5,5,2,1,1,0
ACC01525,25.56540985205281,85.11247881071779,2025-04-04,19:26:38,clear,urban,daylight,moderate,car,60.0,45,moderate,2025-04-04 19:26:38,19,4,4,0,0,1
ACC01526,25.597142573525428,85.11760714033971,2024-04-30,02:54:57,rain,highway,night_lit,moderate,car,109.3,79,moderate,2024-04-30 02:54:57,2,1,4,0,1,1
ACC01527,25.61183167238755,85.11164582050999,2026-01-11,17:19:40,clear,rural,daylight,moderate,truck,124.9,60,moderate,2026-01-11 17:19:40,17,6,1,1,0,1
ACC01528,25.599736370942985,85.10623222290803,2022-12-30,09:24:06,rain,rural,daylight,moderate,car,71.6,64,fatal,2022-12-30 09:24:06,9,4,12,0,0,3
ACC01529,25.59278223479523,85.15128418977716,2023-03-25,13:00:30,clear,highway,dusk_dawn,low,motorcycle,89.5,87,minor,2023-03-25 13:00:30,13,5,3,1,0,0
ACC01530,25.58808232794868,85.14377223401958,2023-02-04,09:24:49,clear,expressway,daylight,heavy,motorcycle,83.8,80,fatal,2023-02-04 09:24:49,9,5,2,1,0,3
ACC01531,25.57330297694457,85.14953330739955,2024-11-01,12:01:02,clear,rural,daylight,low,motorcycle,64.0,53,severe,2024-11-01 12:01:02,12,4,11,0,0,2
ACC01532,25.588560028151203,85.13078626132048,2022-06-25,15:59:21,fog,highway,daylight,low,car,62.9,66,moderate,2022-06-25 15:59:21,15,5,6,1,0,1
ACC01533,25.61519411705761,85.1455361539773,2025-01-31,16:14:12,rain,urban,night_lit,heavy,car,48.5,45,minor,2025-01-31 16:14:12,16,4,1,0,0,0
ACC01534,25.587619429868,85.09477421190715,2025-09-06,21:48:43,clear,highway,night_lit,moderate,car,72.2,66,minor,2025-09-06 21:48:43,21,5,9,1,1,0
ACC01535,25.57220392021303,85.1472617503609,2025-01-13,10:07:08,clear,urban,night_lit,moderate,bus,27.3,51,moderate,2025-01-13 10:07:08,10,0,1,0,0,1
ACC01536,25.58015505822469,85.13354239660009,2022-08-10,16:16:37,clear,rural,night_lit,moderate,truck,36.6,74,minor,2022-08-10 16:16:37,16,2,8,0,0,0
ACC01537,25.59401700594552,85.14254219200298,2024-03-20,20:07:03,clear,rural,night_lit,low,truck,55.7,52,minor,2024-03-20 20:07:03,20,2,3,0,1,0
ACC01538,25.58252972005638,85.13760046598097,2024-05-25,09:22:55,clear,highway,night_lit,low,truck,108.7,65,moderate,2024-05-25 09:22:55,9,5,5,1,0,1
ACC01539,25.599706065661262,85.11025889690926,2023-10-05,19:36:19,heavy_rain,urban,dusk_dawn,heavy,car,59.4,54,severe,2023-10-05 19:36:19,19,3,10,0,0,2
ACC01540,25.60045687521498,85.10003920449218,2024-02-05,22:25:24,clear,urban,night_lit,low,truck,55.3,36,moderate,2024-02-05 22:25:24,22,0,2,0,1,1
ACC01541,25.60777966360809,85.11575891667634,2025-06-05,19:36:47,heavy_rain,urban,dusk_dawn,low,motorcycle,45.3,31,moderate,2025-06-05 19:36:47,19,3,6,0,0,1
ACC01542,25.6184711894453,85.14129834562546,2025-10-02,15:48:22,clear,rural,dusk_dawn,heavy,truck,32.1,50,moderate,2025-10-02 15:48:22,15,3,10,0,0,1
ACC01543,25.60991717448745,85.14380182830351,2023-05-08,17:02:06,rain,urban,dusk_dawn,heavy,auto,44.2,43,moderate,2023-05-08 17:02:06,17,0,5,0,0,1
ACC01544,25.57131521871704,85.10264115445236,2023-06-26,14:25:54,cloudy,highway,night_lit,heavy,motorcycle,92.5,88,severe,2023-06-26 14:25:54,14,0,6,0,0,2
ACC01545,25.571929311068477,85.11037801265063,2022-12-08,16:35:06,clear,highway,night_lit,low,motorcycle,62.4,87,moderate,2022-12-08 16:35:06,16,3,12,0,0,1
ACC01546,25.588484570470804,85.11553528628117,2023-10-22,22:31:29,rain,rural,night_lit,low,car,36.3,56,moderate,2023-10-22 22:31:29,22,6,10,1,1,1
ACC01547,25.58097649285521,85.12285389879466,2024-06-15,09:08:07,clear,highway,dusk_dawn,heavy,bus,88.1,90,moderate,2024-06-15 09:08:07,9,5,6,1,0,1
ACC01548,25.56723346546078,85.10275898338294,2025-03-17,18:12:41,heavy_rain,urban,dusk_dawn,heavy,car,55.3,42,minor,2025-03-17 18:12:41,18,0,3,0,0,0
ACC01549,25.58116616411654,85.1015589646772,2023-03-16,14:22:16,rain,expressway,daylight,heavy,motorcycle,89.2,93,moderate,2023-03-16 14:22:16,14,3,3,0,0,1
ACC01550,25.58050974132762,85.11356329407184,2022-12-22,08:39:55,storm,rural,daylight,moderate,bus,21.8,64,fatal,2022-12-22 08:39:55,8,3,12,0,0,3
ACC01551,25.57656304520477,85.13172507672449,2022-02-24,16:59:12,rain,urban,night_lit,heavy,car,44.7,47,fatal,2022-02-24 16:59:12,16,3,2,0,0,3
ACC01552,25.5836842102769,85.10638811320493,2022-06-04,18:22:40,clear,highway,dusk_dawn,heavy,motorcycle,78.4,68,minor,2022-06-04 18:22:40,18,5,6,1,0,0
ACC01553,25.61356901700637,85.12768392980055,2022-03-26,15:31:00,cloudy,urban,night_lit,moderate,motorcycle,61.0,31,minor,2022-03-26 15:31:00,15,5,3,1,0,0
ACC01554,25.593984760824984,85.15117105632284,2022-12-07,19:18:06,rain,urban,dusk_dawn,moderate,motorcycle,46.2,35,minor,2022-12-07 19:18:06,19,2,12,0,0,0
ACC01555,25.63943618152111,85.10396440525173,2025-02-15,11:02:16,clear,urban,night_lit,low,car,78.8,58,severe,2025-02-15 11:02:16,11,5,2,1,0,2
ACC01556,25.593410163720392,85.12587108483179,2025-06-25,20:23:53,cloudy,highway,night_unlit,heavy,car,73.3,96,moderate,2025-06-25 20:23:53,20,2,6,0,1,1
ACC01557,25.58419868452125,85.15049513467501,2026-05-17,16:20:59,clear,urban,daylight,low,motorcycle,53.2,47,severe,2026-05-17 16:20:59,16,6,5,1,0,2
ACC01558,25.5900826576531,85.12163463219272,2024-06-14,18:09:36,rain,urban,night_lit,low,motorcycle,28.4,43,minor,2024-06-14 18:09:36,18,4,6,0,0,0
ACC01559,25.59512983956887,85.11852660618283,2024-01-17,09:40:20,clear,expressway,daylight,moderate,auto,60.8,84,moderate,2024-01-17 09:40:20,9,2,1,0,0,1
ACC01560,25.59870507914342,85.15326991628612,2026-01-16,13:15:18,clear,rural,daylight,heavy,truck,56.6,41,moderate,2026-01-16 13:15:18,13,4,1,0,0,1
ACC01561,25.63153422651718,85.12387595842057,2022-08-30,20:13:12,fog,highway,night_unlit,moderate,motorcycle,110.3,80,fatal,2022-08-30 20:13:12,20,1,8,0,1,3
ACC01562,25.57309359070045,85.15208990050411,2024-10-31,05:23:20,rain,highway,night_unlit,heavy,car,121.4,70,fatal,2024-10-31 05:23:20,5,3,10,0,1,3
ACC01563,25.607180921163557,85.13857930782254,2025-09-05,12:57:29,clear,urban,night_unlit,low,bus,78.1,48,fatal,2025-09-05 12:57:29,12,4,9,0,0,3
ACC01564,25.59415501195228,85.1231431069418,2024-04-05,18:38:41,clear,urban,dusk_dawn,moderate,car,79.1,35,minor,2024-04-05 18:38:41,18,4,4,0,0,0
ACC01565,25.558578045148582,85.13959381061194,2023-03-06,18:25:13,rain,highway,dusk_dawn,moderate,auto,78.6,67,severe,2023-03-06 18:25:13,18,0,3,0,0,2
ACC01566,25.60541397564189,85.13640899027692,2024-10-16,19:49:02,clear,expressway,night_lit,moderate,auto,86.0,98,fatal,2024-10-16 19:49:02,19,2,10,0,0,3
ACC01567,25.61535247121608,85.15041765642005,2026-06-23,18:01:33,cloudy,expressway,dusk_dawn,moderate,auto,132.0,93,severe,2026-06-23 18:01:33,18,1,6,0,0,2
ACC01568,25.57285647192445,85.11903308924269,2023-01-23,21:20:14,rain,expressway,night_unlit,moderate,car,137.3,89,moderate,2023-01-23 21:20:14,21,0,1,0,1,1
ACC01569,25.58982132264216,85.13082412133562,2024-07-13,14:32:24,clear,urban,daylight,heavy,car,79.6,39,minor,2024-07-13 14:32:24,14,5,7,1,0,0
ACC01570,25.55549291475985,85.1287696864079,2022-03-25,16:29:42,clear,rural,night_unlit,heavy,motorcycle,26.6,63,minor,2022-03-25 16:29:42,16,4,3,0,0,0
ACC01571,25.564823870806315,85.1440829628328,2023-01-17,19:40:53,clear,rural,dusk_dawn,heavy,motorcycle,65.1,51,fatal,2023-01-17 19:40:53,19,1,1,0,0,3
ACC01572,25.610960591552345,85.10949641611111,2025-06-13,17:42:32,clear,urban,dusk_dawn,heavy,motorcycle,38.3,60,moderate,2025-06-13 17:42:32,17,4,6,0,0,1
ACC01573,25.58067166987985,85.15033954096475,2024-03-25,07:27:55,cloudy,highway,dusk_dawn,moderate,motorcycle,105.3,76,severe,2024-03-25 07:27:55,7,0,3,0,0,2
ACC01574,25.56782394050124,85.1393265754434,2022-11-24,11:55:16,clear,highway,daylight,heavy,truck,91.9,75,severe,2022-11-24 11:55:16,11,3,11,0,0,2
ACC01575,25.594589207289168,85.10366149852733,2023-07-05,15:55:42,fog,highway,night_lit,moderate,car,138.9,94,minor,2023-07-05 15:55:42,15,2,7,0,0,0
ACC01576,25.57955175137138,85.1541652565096,2022-07-18,18:28:58,rain,rural,daylight,moderate,car,106.1,57,minor,2022-07-18 18:28:58,18,0,7,0,0,0
ACC01577,25.58058356684449,85.17468186161595,2025-07-03,15:54:12,clear,urban,daylight,low,motorcycle,40.6,36,moderate,2025-07-03 15:54:12,15,3,7,0,0,1
ACC01578,25.6047865205135,85.15003667939098,2026-03-29,18:38:44,cloudy,expressway,night_lit,moderate,car,64.7,88,minor,2026-03-29 18:38:44,18,6,3,1,0,0
ACC01579,25.566765332821312,85.15853969534453,2022-06-23,19:08:28,clear,urban,dusk_dawn,heavy,truck,20.4,57,moderate,2022-06-23 19:08:28,19,3,6,0,0,1
ACC01580,25.571892695746364,85.13170742763205,2023-01-26,09:07:52,clear,highway,night_lit,moderate,truck,83.6,91,minor,2023-01-26 09:07:52,9,3,1,0,0,0
ACC01581,25.59308159984298,85.09676990160523,2025-11-08,16:04:18,cloudy,urban,daylight,low,bus,73.3,34,moderate,2025-11-08 16:04:18,16,5,11,1,0,1
ACC01582,25.609388195814965,85.09311759097665,2025-12-13,15:12:57,clear,highway,daylight,moderate,truck,102.0,86,severe,2025-12-13 15:12:57,15,5,12,1,0,2
ACC01583,25.6147632060298,85.13510164087735,2025-06-13,08:18:47,clear,expressway,night_unlit,moderate,motorcycle,79.7,82,minor,2025-06-13 08:18:47,8,4,6,0,0,0
ACC01584,25.576698765592766,85.1181604238454,2025-03-20,14:04:42,clear,highway,dusk_dawn,heavy,bus,133.9,61,minor,2025-03-20 14:04:42,14,3,3,0,0,0
ACC01585,25.608747539338392,85.11170847443344,2025-11-15,15:36:01,clear,highway,dusk_dawn,low,motorcycle,102.1,79,severe,2025-11-15 15:36:01,15,5,11,1,0,2
ACC01586,25.574317154130597,85.12874506632062,2023-09-06,19:24:04,rain,urban,dusk_dawn,moderate,truck,62.6,45,moderate,2023-09-06 19:24:04,19,2,9,0,0,1
ACC01587,25.62652418693813,85.14231170575722,2026-01-09,13:36:39,storm,rural,night_unlit,heavy,car,71.1,49,severe,2026-01-09 13:36:39,13,4,1,0,0,2
ACC01588,25.567324579491604,85.10094484906475,2025-12-26,06:30:28,rain,urban,dusk_dawn,moderate,truck,36.9,55,moderate,2025-12-26 06:30:28,6,4,12,0,0,1
ACC01589,25.616569576215834,85.12102244759438,2023-01-13,14:16:19,storm,highway,dusk_dawn,low,car,131.2,69,moderate,2023-01-13 14:16:19,14,4,1,0,0,1
ACC01590,25.576870277863627,85.1601974136624,2022-04-30,19:36:50,cloudy,rural,daylight,heavy,car,87.6,63,minor,2022-04-30 19:36:50,19,5,4,1,0,0
ACC01591,25.63026492909589,85.10849423239557,2024-05-05,15:57:28,clear,highway,night_unlit,heavy,motorcycle,86.4,83,severe,2024-05-05 15:57:28,15,6,5,1,0,2
ACC01592,25.60182641457705,85.14739522374329,2025-05-30,10:19:27,heavy_rain,urban,night_unlit,moderate,car,31.2,58,minor,2025-05-30 10:19:27,10,4,5,0,0,0
ACC01593,25.56967966941184,85.12030538476901,2025-10-27,21:18:19,clear,urban,night_lit,low,car,73.4,36,minor,2025-10-27 21:18:19,21,0,10,0,1,0
ACC01594,25.57955523040915,85.140915875197,2022-08-22,07:30:58,clear,highway,dusk_dawn,moderate,truck,73.2,97,minor,2022-08-22 07:30:58,7,0,8,0,0,0
ACC01595,25.605623624104474,85.15194655014405,2023-09-12,10:48:21,fog,urban,daylight,moderate,motorcycle,41.3,35,severe,2023-09-12 10:48:21,10,1,9,0,0,2
ACC01596,25.61105288835231,85.1448256353397,2025-06-14,13:31:15,rain,highway,daylight,moderate,truck,133.3,96,minor,2025-06-14 13:31:15,13,5,6,1,0,0
ACC01597,25.588585688165512,85.14818319204427,2022-04-10,18:49:40,fog,highway,dusk_dawn,moderate,truck,98.3,87,moderate,2022-04-10 18:49:40,18,6,4,1,0,1
ACC01598,25.59089316561927,85.10696812933183,2025-04-02,19:04:02,clear,urban,dusk_dawn,moderate,motorcycle,53.8,42,minor,2025-04-02 19:04:02,19,2,4,0,0,0
ACC01599,25.60516706065288,85.15227319413482,2023-04-24,05:05:35,rain,highway,night_unlit,heavy,auto,123.4,68,fatal,2023-04-24 05:05:35,5,0,4,0,1,3
ACC01600,25.59263596854021,85.1129461377073,2022-02-06,18:24:33,clear,highway,dusk_dawn,heavy,car,85.2,96,severe,2022-02-06 18:24:33,18,6,2,1,0,2
ACC01601,25.56412990281323,85.13519083531142,2023-02-02,17:13:14,clear,urban,dusk_dawn,heavy,car,29.5,53,severe,2023-02-02 17:13:14,17,3,2,0,0,2
ACC01602,25.5737405195072,85.13516492373994,2025-05-03,20:01:46,heavy_rain,rural,night_unlit,low,car,63.1,43,fatal,2025-05-03 20:01:46,20,5,5,1,1,3
ACC01603,25.594702398863035,85.13970245117739,2025-11-29,20:12:02,cloudy,rural,night_unlit,moderate,truck,76.4,70,fatal,2025-11-29 20:12:02,20,5,11,1,1,3
ACC01604,25.614309648329957,85.1367391335212,2022-05-14,18:16:58,rain,rural,dusk_dawn,low,car,22.9,49,moderate,2022-05-14 18:16:58,18,5,5,1,0,1
ACC01605,25.62231964848324,85.1131238004295,2024-02-01,08:55:51,heavy_rain,urban,daylight,moderate,motorcycle,30.6,33,severe,2024-02-01 08:55:51,8,3,2,0,0,2
ACC01606,25.605590588415428,85.10300265175408,2022-11-27,10:46:10,heavy_rain,urban,daylight,moderate,motorcycle,43.3,53,severe,2022-11-27 10:46:10,10,6,11,1,0,2
ACC01607,25.595745815220727,85.14744697359923,2025-01-27,21:21:29,clear,urban,night_lit,heavy,truck,35.0,45,moderate,2025-01-27 21:21:29,21,0,1,0,1,1
ACC01608,25.60497627771965,85.13371669155038,2025-07-05,16:57:11,clear,rural,daylight,moderate,truck,23.8,47,minor,2025-07-05 16:57:11,16,5,7,1,0,0
ACC01609,25.57666498299586,85.15298753681915,2026-04-29,15:50:37,heavy_rain,urban,daylight,low,car,33.4,48,moderate,2026-04-29 15:50:37,15,2,4,0,0,1
ACC01610,25.586935380794834,85.12910534131623,2023-08-06,20:15:21,cloudy,expressway,night_lit,moderate,car,68.8,94,severe,2023-08-06 20:15:21,20,6,8,1,1,2
ACC01611,25.57351738557321,85.10189671278646,2023-05-07,20:28:29,cloudy,urban,night_unlit,moderate,truck,44.4,51,moderate,2023-05-07 20:28:29,20,6,5,1,1,1
ACC01612,25.56502514778585,85.14932259362008,2023-05-24,17:55:57,clear,highway,night_lit,low,bus,110.7,85,moderate,2023-05-24 17:55:57,17,2,5,0,0,1
ACC01613,25.596670980232723,85.12259258780678,2025-06-03,20:27:37,clear,rural,night_lit,moderate,car,76.4,40,minor,2025-06-03 20:27:37,20,1,6,0,1,0
ACC01614,25.59371026613169,85.13684006914842,2024-01-01,07:22:52,fog,highway,daylight,low,truck,81.1,60,moderate,2024-01-01 07:22:52,7,0,1,0,0,1
ACC01615,25.60375304969018,85.1170508114304,2022-02-07,18:54:37,cloudy,expressway,dusk_dawn,low,car,133.3,81,minor,2022-02-07 18:54:37,18,0,2,0,0,0
ACC01616,25.600922236617848,85.16288603420467,2026-04-05,22:39:28,rain,highway,night_unlit,moderate,car,83.5,61,severe,2026-04-05 22:39:28,22,6,4,1,1,2
ACC01617,25.59485288542648,85.11246870351633,2022-06-20,05:26:00,clear,urban,night_lit,heavy,car,32.6,42,minor,2022-06-20 05:26:00,5,0,6,0,1,0
ACC01618,25.60113233331355,85.12325140491787,2026-03-05,08:52:05,clear,urban,daylight,heavy,truck,76.7,41,minor,2026-03-05 08:52:05,8,3,3,0,0,0
ACC01619,25.58914633807545,85.13214897405395,2022-09-23,18:44:31,cloudy,highway,dusk_dawn,low,truck,82.9,95,fatal,2022-09-23 18:44:31,18,4,9,0,0,3
ACC01620,25.598257827904447,85.10815635345826,2024-06-02,14:20:30,heavy_rain,rural,daylight,moderate,motorcycle,58.4,80,severe,2024-06-02 14:20:30,14,6,6,1,0,2
ACC01621,25.575477111946277,85.13661039057175,2023-05-28,06:25:30,clear,highway,night_lit,heavy,truck,120.3,64,minor,2023-05-28 06:25:30,6,6,5,1,0,0
ACC01622,25.59739411851278,85.16223820954934,2025-02-01,09:02:50,clear,urban,dusk_dawn,heavy,motorcycle,55.0,38,minor,2025-02-01 09:02:50,9,5,2,1,0,0
ACC01623,25.60336835370572,85.12019075678612,2023-10-24,10:06:05,cloudy,highway,daylight,heavy,car,90.2,92,minor,2023-10-24 10:06:05,10,1,10,0,0,0
ACC01624,25.576606371438555,85.13790285638063,2023-08-27,10:57:39,clear,rural,daylight,moderate,truck,40.0,69,minor,2023-08-27 10:57:39,10,6,8,1,0,0
ACC01625,25.59103664197986,85.07501129227923,2024-02-23,20:03:44,clear,rural,night_lit,heavy,car,86.9,59,minor,2024-02-23 20:03:44,20,4,2,0,1,0
ACC01626,25.57752794980741,85.1292214159903,2026-05-14,17:50:38,cloudy,highway,daylight,heavy,bus,71.4,60,minor,2026-05-14 17:50:38,17,3,5,0,0,0
ACC01627,25.57946986606968,85.12373915428147,2023-02-07,18:12:14,clear,rural,night_unlit,low,truck,131.6,52,fatal,2023-02-07 18:12:14,18,1,2,0,0,3
ACC01628,25.56750141289796,85.11363004795179,2022-12-27,01:32:24,cloudy,rural,night_unlit,low,truck,83.9,68,moderate,2022-12-27 01:32:24,1,1,12,0,1,1
ACC01629,25.61531549850333,85.15162900939256,2022-04-19,12:43:03,clear,highway,night_unlit,heavy,motorcycle,79.1,65,fatal,2022-04-19 12:43:03,12,1,4,0,0,3
ACC01630,25.6113137034944,85.12347512636752,2025-04-27,10:59:10,rain,expressway,daylight,heavy,truck,113.1,100,fatal,2025-04-27 10:59:10,10,6,4,1,0,3
ACC01631,25.600748677084542,85.12645045025812,2025-01-17,19:22:48,rain,highway,dusk_dawn,moderate,car,69.9,60,moderate,2025-01-17 19:22:48,19,4,1,0,0,1
ACC01632,25.62944391903888,85.12245614250422,2024-09-26,21:55:37,rain,rural,daylight,moderate,motorcycle,73.5,59,minor,2024-09-26 21:55:37,21,3,9,0,1,0
ACC01633,25.58621508606863,85.0916636825647,2022-02-08,12:27:51,rain,urban,night_unlit,moderate,car,22.6,31,moderate,2022-02-08 12:27:51,12,1,2,0,0,1
ACC01634,25.65063524830221,85.10736027119846,2025-07-22,22:52:41,cloudy,expressway,night_lit,heavy,motorcycle,115.7,86,fatal,2025-07-22 22:52:41,22,1,7,0,1,3
ACC01635,27.18922186972241,78.01419323731275,2025-08-22,01:06:14,clear,highway,night_lit,moderate,truck,135.8,78,severe,2025-08-22 01:06:14,1,4,8,0,1,2
ACC01636,27.127800987062404,78.03342242457127,2026-04-01,10:16:48,cloudy,urban,daylight,moderate,car,33.2,49,minor,2026-04-01 10:16:48,10,2,4,0,0,0
ACC01637,27.154673693007688,78.00986863976367,2026-03-06,18:37:41,clear,rural,dusk_dawn,moderate,car,63.4,77,severe,2026-03-06 18:37:41,18,4,3,0,0,2
ACC01638,27.16200559887421,77.99919315226931,2023-03-09,11:42:11,rain,rural,night_lit,moderate,motorcycle,77.6,70,moderate,2023-03-09 11:42:11,11,3,3,0,0,1
ACC01639,27.204872437345838,77.95609632506955,2025-03-12,21:48:00,clear,urban,night_unlit,heavy,auto,46.9,51,moderate,2025-03-12 21:48:00,21,2,3,0,1,1
ACC01640,27.185372075309928,77.95955105887913,2023-10-24,08:21:45,cloudy,urban,night_lit,heavy,truck,45.8,40,minor,2023-10-24 08:21:45,8,1,10,0,0,0
ACC01641,27.15885658945894,78.00258819073792,2024-09-05,18:37:43,cloudy,urban,dusk_dawn,low,motorcycle,61.2,60,moderate,2024-09-05 18:37:43,18,3,9,0,0,1
ACC01642,27.196090273942318,77.99283874660857,2023-06-30,08:37:05,rain,highway,dusk_dawn,low,auto,70.9,93,moderate,2023-06-30 08:37:05,8,4,6,0,0,1
ACC01643,27.15518968358998,77.97788329635696,2024-12-14,08:59:27,clear,highway,daylight,low,truck,82.3,75,minor,2024-12-14 08:59:27,8,5,12,1,0,0
ACC01644,27.19018199607468,78.0013106516166,2026-04-14,13:07:54,cloudy,highway,daylight,low,truck,87.3,73,fatal,2026-04-14 13:07:54,13,1,4,0,0,3
ACC01645,27.142822455081543,78.00230262735016,2024-12-06,21:00:47,cloudy,highway,night_lit,moderate,motorcycle,107.0,95,minor,2024-12-06 21:00:47,21,4,12,0,1,0
ACC01646,27.191465156635783,78.01888831737081,2026-02-21,16:34:49,fog,rural,daylight,moderate,motorcycle,123.9,79,minor,2026-02-21 16:34:49,16,5,2,1,0,0
ACC01647,27.161877327090583,78.00273204566025,2026-03-10,16:00:23,rain,urban,night_lit,low,car,66.4,34,moderate,2026-03-10 16:00:23,16,1,3,0,0,1
ACC01648,27.149429915181177,78.02456788736669,2022-07-15,01:11:07,clear,urban,night_lit,heavy,truck,54.2,56,minor,2022-07-15 01:11:07,1,4,7,0,1,0
ACC01649,27.16565712773848,78.00015988059097,2026-05-03,05:30:21,rain,highway,night_lit,heavy,car,111.8,82,moderate,2026-05-03 05:30:21,5,6,5,1,1,1
ACC01650,27.175546883594407,77.99769330010385,2025-09-05,06:16:41,clear,rural,night_lit,low,truck,78.8,75,moderate,2025-09-05 06:16:41,6,4,9,0,0,1
ACC01651,27.160105031389488,78.02128624372494,2023-12-02,19:15:50,clear,highway,dusk_dawn,heavy,bus,137.1,87,moderate,2023-12-02 19:15:50,19,5,12,1,0,1
ACC01652,27.181079070119907,77.98043118239917,2024-09-12,09:20:38,clear,highway,night_lit,moderate,motorcycle,138.7,90,moderate,2024-09-12 09:20:38,9,3,9,0,0,1
ACC01653,27.15834012232672,78.05628894906532,2024-10-10,10:41:02,cloudy,rural,night_lit,moderate,car,108.4,64,minor,2024-10-10 10:41:02,10,3,10,0,0,0
ACC01654,27.182407447878628,78.00750514956333,2025-07-15,16:21:35,cloudy,highway,daylight,moderate,car,85.6,90,minor,2025-07-15 16:21:35,16,1,7,0,0,0
ACC01655,27.17884444124073,78.00761658505675,2025-08-11,16:47:11,cloudy,rural,daylight,low,truck,102.4,41,moderate,2025-08-11 16:47:11,16,0,8,0,0,1
ACC01656,27.168781538905844,78.01050191947945,2022-06-18,12:09:36,rain,urban,dusk_dawn,moderate,car,41.4,56,severe,2022-06-18 12:09:36,12,5,6,1,0,2
ACC01657,27.161172353752683,78.03754272950663,2022-01-02,00:06:24,cloudy,rural,night_lit,heavy,car,50.0,79,severe,2022-01-02 00:06:24,0,6,1,1,1,2
ACC01658,27.173030815915308,78.01585014823345,2023-02-09,13:09:31,clear,highway,daylight,heavy,car,76.5,66,minor,2023-02-09 13:09:31,13,3,2,0,0,0
ACC01659,27.181005074860675,77.96789888041992,2024-05-15,18:55:35,cloudy,highway,dusk_dawn,moderate,motorcycle,80.0,97,minor,2024-05-15 18:55:35,18,2,5,0,0,0
ACC01660,27.211235983054635,78.02806940769536,2025-10-26,09:16:38,rain,urban,daylight,heavy,motorcycle,31.3,31,minor,2025-10-26 09:16:38,9,6,10,1,0,0
ACC01661,27.188788408435965,77.9931820684111,2024-12-08,17:01:00,cloudy,urban,daylight,heavy,car,22.2,54,minor,2024-12-08 17:01:00,17,6,12,1,0,0
ACC01662,27.18951979899632,78.00214310145678,2022-08-12,01:18:57,cloudy,rural,night_lit,heavy,motorcycle,100.5,50,moderate,2022-08-12 01:18:57,1,4,8,0,1,1
ACC01663,27.23177024389721,77.9744149205565,2025-03-23,20:41:34,cloudy,highway,night_lit,low,motorcycle,108.8,86,moderate,2025-03-23 20:41:34,20,6,3,1,1,1
ACC01664,27.18031916953536,78.01052404036248,2024-02-08,21:21:30,cloudy,urban,night_lit,low,motorcycle,23.6,35,moderate,2024-02-08 21:21:30,21,3,2,0,1,1
ACC01665,27.17969287022624,77.98697251419865,2023-08-29,00:23:22,clear,highway,daylight,heavy,bus,81.5,72,minor,2023-08-29 00:23:22,0,1,8,0,1,0
ACC01666,27.18408030148644,78.00200339275987,2025-06-21,13:05:06,heavy_rain,rural,daylight,heavy,car,128.8,63,minor,2025-06-21 13:05:06,13,5,6,1,0,0
ACC01667,27.14982068044824,77.99431801989279,2023-05-01,12:40:37,clear,expressway,night_lit,moderate,motorcycle,125.2,99,severe,2023-05-01 12:40:37,12,0,5,0,0,2
ACC01668,27.161121967271622,78.03850025603472,2024-10-12,19:13:21,clear,highway,dusk_dawn,heavy,car,97.0,86,moderate,2024-10-12 19:13:21,19,5,10,1,0,1
ACC01669,27.15987661466616,78.03964520600292,2022-10-27,15:05:54,rain,highway,night_unlit,moderate,car,60.9,62,severe,2022-10-27 15:05:54,15,3,10,0,0,2
ACC01670,27.18295227954439,78.0009302634043,2023-09-19,16:42:39,rain,rural,night_unlit,low,motorcycle,75.9,71,minor,2023-09-19 16:42:39,16,1,9,0,0,0
ACC01671,27.166516508755578,78.00127955422738,2024-07-04,08:56:26,cloudy,rural,night_lit,heavy,truck,39.7,50,severe,2024-07-04 08:56:26,8,3,7,0,0,2
ACC01672,27.172764468509488,77.99253114067301,2024-10-20,06:36:01,cloudy,urban,night_lit,heavy,motorcycle,44.6,39,severe,2024-10-20 06:36:01,6,6,10,1,0,2
ACC01673,27.19174909240297,78.02212012583006,2026-02-18,17:56:33,storm,urban,daylight,moderate,bus,20.1,51,severe,2026-02-18 17:56:33,17,2,2,0,0,2
ACC01674,27.18726301477409,77.99342160259333,2023-04-22,16:24:50,clear,rural,night_lit,heavy,truck,104.1,71,minor,2023-04-22 16:24:50,16,5,4,1,0,0
ACC01675,27.166765579939177,77.99157325450709,2026-01-11,19:31:27,cloudy,highway,dusk_dawn,moderate,car,122.9,94,minor,2026-01-11 19:31:27,19,6,1,1,0,0
ACC01676,27.15660009806244,78.0195718572733,2025-09-02,19:21:39,cloudy,expressway,dusk_dawn,moderate,motorcycle,93.8,98,fatal,2025-09-02 19:21:39,19,1,9,0,0,3
ACC01677,27.192705494633067,77.98923401809367,2023-08-15,16:30:07,cloudy,rural,daylight,moderate,motorcycle,135.3,62,moderate,2023-08-15 16:30:07,16,1,8,0,0,1
ACC01678,27.1854778236182,77.99924489931102,2022-08-19,15:53:24,cloudy,rural,night_unlit,moderate,motorcycle,55.0,77,severe,2022-08-19 15:53:24,15,4,8,0,0,2
ACC01679,27.13787486363409,77.96837378436977,2023-02-28,20:38:47,fog,rural,night_unlit,moderate,motorcycle,45.4,44,minor,2023-02-28 20:38:47,20,1,2,0,1,0
ACC01680,27.16373692122184,78.01408380690246,2024-12-16,18:01:25,clear,expressway,dusk_dawn,low,auto,139.4,89,moderate,2024-12-16 18:01:25,18,0,12,0,0,1
ACC01681,27.173310309240332,78.03881733878363,2025-07-19,20:34:53,clear,highway,night_unlit,low,motorcycle,121.0,77,moderate,2025-07-19 20:34:53,20,5,7,1,1,1
ACC01682,27.18557659434242,78.014424507456,2024-10-02,23:22:24,cloudy,expressway,night_unlit,low,truck,104.8,99,severe,2024-10-02 23:22:24,23,2,10,0,1,2
ACC01683,27.1882020298988,78.02923598335094,2025-04-05,12:32:48,cloudy,highway,daylight,moderate,motorcycle,69.7,62,minor,2025-04-05 12:32:48,12,5,4,1,0,0
ACC01684,27.175678120023512,77.98307795727645,2022-06-16,17:33:38,rain,urban,daylight,moderate,truck,40.3,30,moderate,2022-06-16 17:33:38,17,3,6,0,0,1
ACC01685,27.18170495062718,78.00472648564056,2024-04-09,17:35:56,fog,urban,night_lit,moderate,motorcycle,20.5,37,severe,2024-04-09 17:35:56,17,1,4,0,0,2
ACC01686,27.17128273604757,77.98113680151262,2025-12-05,08:51:31,rain,highway,dusk_dawn,moderate,car,101.7,98,severe,2025-12-05 08:51:31,8,4,12,0,0,2
ACC01687,27.15652296623639,77.99544468908837,2023-10-01,16:51:28,storm,urban,daylight,low,motorcycle,71.7,37,severe,2023-10-01 16:51:28,16,6,10,1,0,2
ACC01688,27.164774712179177,78.01544422954704,2026-01-15,12:58:21,clear,urban,night_lit,heavy,motorcycle,32.7,31,minor,2026-01-15 12:58:21,12,3,1,0,0,0
ACC01689,27.170379823732805,78.00203641226207,2022-07-23,13:36:39,clear,highway,night_unlit,heavy,car,109.1,77,severe,2022-07-23 13:36:39,13,5,7,1,0,2
ACC01690,27.169306414999628,77.97174717954798,2026-05-27,08:17:58,clear,urban,daylight,moderate,truck,59.8,47,minor,2026-05-27 08:17:58,8,2,5,0,0,0
ACC01691,27.132288541911134,77.97369941788925,2025-07-13,18:11:10,rain,highway,dusk_dawn,low,bus,128.4,87,fatal,2025-07-13 18:11:10,18,6,7,1,0,3
ACC01692,27.16205033330141,77.97237672137018,2024-10-25,17:50:56,clear,urban,night_lit,moderate,bus,73.5,50,moderate,2024-10-25 17:50:56,17,4,10,0,0,1
ACC01693,27.171124113061783,78.00982905179879,2024-10-10,15:54:58,clear,urban,night_lit,moderate,motorcycle,73.4,51,severe,2024-10-10 15:54:58,15,3,10,0,0,2
ACC01694,27.164372600161887,78.04127789071313,2026-03-18,08:02:46,cloudy,rural,night_unlit,heavy,motorcycle,49.5,51,minor,2026-03-18 08:02:46,8,2,3,0,0,0
ACC01695,27.16506352408977,78.02724916488,2023-09-11,15:12:34,clear,rural,night_lit,low,bus,120.6,69,severe,2023-09-11 15:12:34,15,0,9,0,0,2
ACC01696,27.17975982741609,77.96208029601708,2022-09-28,06:40:51,cloudy,urban,daylight,heavy,auto,69.4,52,moderate,2022-09-28 06:40:51,6,2,9,0,0,1
ACC01697,27.14842085625903,78.02842151876139,2026-02-17,10:09:15,heavy_rain,highway,night_lit,heavy,car,124.9,90,severe,2026-02-17 10:09:15,10,1,2,0,0,2
ACC01698,27.137439155720976,78.01872800834029,2022-06-18,11:03:38,clear,urban,night_unlit,heavy,car,58.0,42,fatal,2022-06-18 11:03:38,11,5,6,1,0,3
ACC01699,27.16303660418327,77.96909400108943,2024-12-19,20:59:48,cloudy,urban,night_unlit,heavy,car,33.3,41,minor,2024-12-19 20:59:48,20,3,12,0,1,0
ACC01700,27.18528228811004,77.99393596766579,2023-03-13,12:05:48,clear,highway,daylight,low,motorcycle,134.9,61,minor,2023-03-13 12:05:48,12,0,3,0,0,0
ACC01701,27.20375106078973,78.02191044822992,2026-03-06,16:12:35,clear,rural,night_lit,moderate,truck,23.0,76,minor,2026-03-06 16:12:35,16,4,3,0,0,0
ACC01702,27.185642564781897,78.0110086702187,2026-05-18,20:59:23,clear,highway,night_unlit,low,car,116.8,75,fatal,2026-05-18 20:59:23,20,0,5,0,1,3
ACC01703,27.140634724802624,77.97381809895224,2024-02-18,12:06:56,cloudy,expressway,night_unlit,moderate,truck,98.4,94,moderate,2024-02-18 12:06:56,12,6,2,1,0,1
ACC01704,27.165352655212462,78.01221484311593,2024-05-25,20:47:40,cloudy,highway,night_lit,heavy,car,92.9,100,severe,2024-05-25 20:47:40,20,5,5,1,1,2
ACC01705,27.175132687621637,77.95724998807839,2024-01-17,07:33:46,cloudy,rural,dusk_dawn,heavy,car,48.2,49,severe,2024-01-17 07:33:46,7,2,1,0,0,2
ACC01706,27.173551822338474,77.99554355648486,2023-11-30,11:32:37,rain,highway,night_unlit,heavy,motorcycle,98.1,82,severe,2023-11-30 11:32:37,11,3,11,0,0,2
ACC01707,27.18078609105886,78.022759135388,2026-03-19,06:49:52,clear,expressway,dusk_dawn,heavy,motorcycle,84.2,91,moderate,2026-03-19 06:49:52,6,3,3,0,0,1
ACC01708,27.151659021070788,78.00036788431143,2023-04-17,15:01:28,rain,rural,daylight,low,car,97.0,69,moderate,2023-04-17 15:01:28,15,0,4,0,0,1
ACC01709,27.171298861751016,77.99002124900076,2026-04-25,22:03:32,rain,highway,night_unlit,heavy,car,71.3,82,moderate,2026-04-25 22:03:32,22,5,4,1,1,1
ACC01710,27.178406456595525,78.01778692507544,2024-12-03,17:11:48,clear,highway,night_unlit,heavy,motorcycle,80.5,99,severe,2024-12-03 17:11:48,17,1,12,0,0,2
ACC01711,27.186513419066078,78.01949503630173,2026-04-27,16:29:31,clear,urban,night_unlit,heavy,bus,45.5,56,minor,2026-04-27 16:29:31,16,0,4,0,0,0
ACC01712,27.153885636667745,78.02620079385734,2024-10-02,09:57:14,clear,highway,daylight,low,bus,115.4,76,minor,2024-10-02 09:57:14,9,2,10,0,0,0
ACC01713,27.163096862655145,78.01748684856892,2025-09-06,21:04:45,clear,highway,night_unlit,low,motorcycle,66.3,78,severe,2025-09-06 21:04:45,21,5,9,1,1,2
ACC01714,27.11592364639853,78.02162749587875,2024-03-15,13:25:22,clear,expressway,night_lit,moderate,auto,91.3,85,severe,2024-03-15 13:25:22,13,4,3,0,0,2
ACC01715,27.157570760648447,78.01465817114875,2024-01-30,09:25:06,clear,urban,daylight,low,motorcycle,44.6,31,moderate,2024-01-30 09:25:06,9,1,1,0,0,1
ACC01716,27.15951170214058,78.00531057298232,2023-02-27,23:11:22,heavy_rain,highway,night_unlit,low,car,74.1,80,moderate,2023-02-27 23:11:22,23,0,2,0,1,1
ACC01717,27.14960830983665,78.00179017999528,2022-12-12,12:20:03,heavy_rain,urban,night_unlit,low,motorcycle,55.4,38,severe,2022-12-12 12:20:03,12,0,12,0,0,2
ACC01718,27.173312243004656,77.99525480561805,2022-03-03,11:12:52,cloudy,highway,daylight,moderate,bus,115.1,96,severe,2022-03-03 11:12:52,11,3,3,0,0,2
ACC01719,27.168881091359097,77.9757526341388,2023-09-22,03:08:59,rain,rural,night_lit,moderate,truck,84.2,57,severe,2023-09-22 03:08:59,3,4,9,0,1,2
ACC01720,27.12481572244845,77.98089376982361,2026-06-10,08:31:15,storm,highway,daylight,low,auto,86.8,82,severe,2026-06-10 08:31:15,8,2,6,0,0,2
ACC01721,27.174310159386035,77.9943597103613,2026-03-21,19:55:54,cloudy,urban,dusk_dawn,heavy,motorcycle,43.3,39,minor,2026-03-21 19:55:54,19,5,3,1,0,0
ACC01722,27.15143351738422,78.00482904319205,2025-02-07,14:24:42,cloudy,highway,daylight,low,bus,101.9,86,minor,2025-02-07 14:24:42,14,4,2,0,0,0
ACC01723,27.17971377918381,78.02881625196008,2023-08-20,22:38:57,rain,expressway,night_unlit,moderate,truck,126.9,91,severe,2023-08-20 22:38:57,22,6,8,1,1,2
ACC01724,27.14436297504543,77.99916405544249,2024-05-04,06:40:09,fog,highway,dusk_dawn,moderate,truck,102.3,97,moderate,2024-05-04 06:40:09,6,5,5,1,0,1
ACC01725,27.17060013077062,78.02006952581755,2025-05-27,16:50:03,rain,rural,night_unlit,moderate,auto,112.2,75,severe,2025-05-27 16:50:03,16,1,5,0,0,2
ACC01726,27.16433673342227,78.02158631312864,2022-01-04,17:49:55,clear,urban,daylight,moderate,car,25.6,59,minor,2022-01-04 17:49:55,17,1,1,0,0,0
ACC01727,27.17606203769901,77.99537106404622,2026-02-24,16:54:16,rain,rural,daylight,heavy,motorcycle,127.7,55,moderate,2026-02-24 16:54:16,16,1,2,0,0,1
ACC01728,27.17249394555303,78.0118938042274,2025-11-30,15:48:35,clear,highway,daylight,moderate,car,83.9,67,severe,2025-11-30 15:48:35,15,6,11,1,0,2
ACC01729,27.164896716499573,77.99512943916551,2026-05-13,16:55:54,clear,rural,daylight,low,bus,59.1,79,moderate,2026-05-13 16:55:54,16,2,5,0,0,1
ACC01730,27.139274553719115,78.02644271788157,2022-06-04,17:57:20,cloudy,expressway,night_lit,moderate,motorcycle,107.7,92,moderate,2022-06-04 17:57:20,17,5,6,1,0,1
ACC01731,27.14045584073078,78.01271686676532,2026-04-06,19:44:05,rain,highway,daylight,low,car,138.0,74,fatal,2026-04-06 19:44:05,19,0,4,0,0,3
ACC01732,27.15832226121816,77.97619032490623,2024-10-04,10:29:47,clear,highway,night_lit,heavy,motorcycle,105.5,85,moderate,2024-10-04 10:29:47,10,4,10,0,0,1
ACC01733,27.16983440232141,78.00323049304308,2024-06-30,13:18:27,clear,expressway,dusk_dawn,moderate,car,87.6,85,severe,2024-06-30 13:18:27,13,6,6,1,0,2
ACC01734,27.157835041056018,78.03296224323648,2022-10-22,16:34:01,rain,urban,night_unlit,low,motorcycle,22.6,35,minor,2022-10-22 16:34:01,16,5,10,1,0,0
ACC01735,27.182504238611592,77.99637537930907,2024-03-18,10:49:20,clear,rural,night_lit,heavy,car,37.9,49,minor,2024-03-18 10:49:20,10,0,3,0,0,0
ACC01736,27.164415581615767,78.0089543006019,2023-08-20,08:45:31,rain,rural,daylight,heavy,auto,24.7,80,severe,2023-08-20 08:45:31,8,6,8,1,0,2
ACC01737,27.15069974550441,78.01091757675478,2026-06-10,22:31:52,cloudy,highway,night_lit,moderate,motorcycle,121.6,87,severe,2026-06-10 22:31:52,22,2,6,0,1,2
ACC01738,27.164438074140243,77.97926754201671,2023-07-12,08:04:13,cloudy,highway,night_lit,heavy,auto,109.6,68,minor,2023-07-12 08:04:13,8,2,7,0,0,0
ACC01739,27.17451719672633,78.01021415898427,2022-12-25,09:16:31,clear,urban,night_unlit,moderate,car,44.4,50,fatal,2022-12-25 09:16:31,9,6,12,1,0,3
ACC01740,27.176497694376494,77.97212329695931,2026-04-03,16:34:10,fog,urban,night_unlit,low,motorcycle,72.2,40,fatal,2026-04-03 16:34:10,16,4,4,0,0,3
ACC01741,27.207567582639864,77.98748751787197,2022-11-04,06:23:17,heavy_rain,urban,dusk_dawn,heavy,auto,62.3,53,minor,2022-11-04 06:23:17,6,4,11,0,0,0
ACC01742,27.156621813199934,78.02151445934989,2026-01-25,03:27:15,clear,rural,night_unlit,heavy,truck,74.5,69,minor,2026-01-25 03:27:15,3,6,1,1,1,0
ACC01743,27.168530426768196,78.00713512580617,2026-05-01,05:18:31,rain,urban,night_unlit,low,car,38.3,41,moderate,2026-05-01 05:18:31,5,4,5,0,1,1
ACC01744,27.17852247893639,77.99391044384507,2023-05-20,07:04:39,rain,rural,dusk_dawn,low,bus,75.4,48,minor,2023-05-20 07:04:39,7,5,5,1,0,0
ACC01745,27.169531540815985,78.0089292204249,2025-02-05,12:27:06,clear,highway,night_unlit,moderate,car,137.4,64,severe,2025-02-05 12:27:06,12,2,2,0,0,2
ACC01746,27.159987637080228,77.9987981550449,2025-08-01,19:26:04,cloudy,urban,dusk_dawn,heavy,car,76.1,46,severe,2025-08-01 19:26:04,19,4,8,0,0,2
ACC01747,27.13901485647312,78.00025157004704,2024-05-30,11:46:43,heavy_rain,highway,night_lit,low,truck,72.6,77,moderate,2024-05-30 11:46:43,11,3,5,0,0,1
ACC01748,27.15978330881894,78.0131363705344,2025-02-18,12:06:17,cloudy,highway,daylight,heavy,truck,139.0,77,severe,2025-02-18 12:06:17,12,1,2,0,0,2
ACC01749,27.148525951745647,77.98545264518681,2022-08-05,16:29:37,fog,highway,daylight,low,truck,115.9,73,severe,2022-08-05 16:29:37,16,4,8,0,0,2
ACC01750,27.135467866377525,78.00080672811109,2024-04-27,10:51:04,clear,expressway,daylight,heavy,car,109.1,92,moderate,2024-04-27 10:51:04,10,5,4,1,0,1
ACC01751,27.15408642316659,77.99375463610787,2024-04-22,13:16:36,heavy_rain,urban,daylight,heavy,car,59.4,34,moderate,2024-04-22 13:16:36,13,0,4,0,0,1
ACC01752,27.149058165584677,77.96828793250799,2024-07-19,12:18:54,storm,highway,night_lit,low,car,120.9,98,moderate,2024-07-19 12:18:54,12,4,7,0,0,1
ACC01753,27.181675730905862,77.98159088487502,2026-03-31,11:05:26,clear,urban,daylight,moderate,motorcycle,70.3,60,fatal,2026-03-31 11:05:26,11,1,3,0,0,3
ACC01754,27.182021836748287,78.03136412894128,2025-09-16,12:34:34,cloudy,rural,night_lit,low,car,25.1,53,minor,2025-09-16 12:34:34,12,1,9,0,0,0
ACC01755,27.151922414208386,78.00769446629171,2024-09-16,01:51:17,cloudy,urban,night_lit,moderate,truck,69.4,32,minor,2024-09-16 01:51:17,1,0,9,0,1,0
ACC01756,27.16479542738874,77.97352823397198,2023-10-25,20:28:17,heavy_rain,highway,night_lit,moderate,bus,72.1,68,moderate,2023-10-25 20:28:17,20,2,10,0,1,1
ACC01757,27.132835146757756,77.96919291248304,2023-10-27,22:25:03,clear,highway,daylight,heavy,auto,80.5,91,fatal,2023-10-27 22:25:03,22,4,10,0,1,3
ACC01758,27.16011320099635,77.99775672199779,2022-02-03,19:44:28,clear,highway,dusk_dawn,moderate,truck,69.5,97,moderate,2022-02-03 19:44:28,19,3,2,0,0,1
ACC01759,27.177979638014047,78.03122373066353,2024-06-23,00:26:56,rain,urban,night_lit,moderate,car,57.3,35,minor,2024-06-23 00:26:56,0,6,6,1,1,0
ACC01760,27.186498757792283,77.99626483730391,2023-02-19,18:23:06,cloudy,highway,dusk_dawn,low,motorcycle,99.4,98,fatal,2023-02-19 18:23:06,18,6,2,1,0,3
ACC01761,27.155739058366176,78.02613999106808,2025-12-26,15:45:24,cloudy,urban,daylight,low,bus,76.4,43,minor,2025-12-26 15:45:24,15,4,12,0,0,0
ACC01762,27.19103709721055,78.00703861541638,2025-06-24,06:17:50,cloudy,rural,dusk_dawn,moderate,car,20.5,42,minor,2025-06-24 06:17:50,6,1,6,0,0,0
ACC01763,27.13968616156973,78.00942500915691,2026-02-07,21:50:29,storm,highway,night_unlit,heavy,car,101.0,95,severe,2026-02-07 21:50:29,21,5,2,1,1,2
ACC01764,27.145047444017127,77.97328558981391,2026-06-24,18:16:45,clear,highway,dusk_dawn,heavy,car,132.2,65,moderate,2026-06-24 18:16:45,18,2,6,0,0,1
ACC01765,23.19260492015647,75.73394717945061,2023-10-19,07:30:22,fog,rural,dusk_dawn,moderate,motorcycle,56.0,78,minor,2023-10-19 07:30:22,7,3,10,0,0,0
ACC01766,16.995200149812273,77.24925152651872,2023-12-05,22:15:36,cloudy,urban,night_lit,heavy,auto,47.0,44,moderate,2023-12-05 22:15:36,22,1,12,0,1,1
ACC01767,20.11647480891787,75.44034701436347,2024-09-25,07:37:59,heavy_rain,rural,dusk_dawn,low,motorcycle,56.8,46,moderate,2024-09-25 07:37:59,7,2,9,0,0,1
ACC01768,27.039234673757896,73.79752190493194,2023-12-08,13:26:35,clear,rural,daylight,heavy,motorcycle,126.9,40,minor,2023-12-08 13:26:35,13,4,12,0,0,0
ACC01769,24.031984272703923,75.47885486979861,2023-04-04,08:14:47,cloudy,urban,night_unlit,low,motorcycle,67.1,44,fatal,2023-04-04 08:14:47,8,1,4,0,0,3
ACC01770,22.09175113312503,86.49211250927749,2025-03-07,07:44:41,rain,rural,dusk_dawn,low,bus,131.5,64,minor,2025-03-07 07:44:41,7,4,3,0,0,0
ACC01771,27.932931779409135,73.36354681242446,2024-01-11,22:56:05,rain,urban,night_unlit,heavy,car,32.2,38,minor,2024-01-11 22:56:05,22,3,1,0,1,0
ACC01772,24.103912299902227,77.19610630008376,2026-03-27,15:01:09,clear,expressway,night_lit,moderate,motorcycle,95.4,98,severe,2026-03-27 15:01:09,15,4,3,0,0,2
ACC01773,23.56913515423972,80.45519831204217,2022-12-28,09:34:36,cloudy,rural,dusk_dawn,heavy,bus,119.4,58,minor,2022-12-28 09:34:36,9,2,12,0,0,0
ACC01774,15.415826469793826,77.67220249885371,2023-12-30,18:43:20,clear,highway,dusk_dawn,heavy,auto,117.5,90,moderate,2023-12-30 18:43:20,18,5,12,1,0,1
ACC01775,13.91499629422334,80.28171352030219,2024-05-22,20:43:29,clear,urban,night_lit,low,motorcycle,76.5,36,moderate,2024-05-22 20:43:29,20,2,5,0,1,1
ACC01776,29.372558107033186,72.69472096374966,2026-01-30,21:13:29,rain,highway,night_lit,low,car,92.3,79,minor,2026-01-30 21:13:29,21,4,1,0,1,0
ACC01777,22.77945066180635,82.37711413383005,2024-08-07,21:06:47,fog,urban,night_unlit,moderate,bus,63.8,38,severe,2024-08-07 21:06:47,21,2,8,0,1,2
ACC01778,19.482301364635724,81.01566082489697,2022-04-24,20:30:59,cloudy,highway,night_unlit,moderate,bus,123.8,100,moderate,2022-04-24 20:30:59,20,6,4,1,1,1
ACC01779,22.60237477638392,82.89546025367507,2023-07-09,16:38:59,clear,urban,dusk_dawn,moderate,car,36.3,45,moderate,2023-07-09 16:38:59,16,6,7,1,0,1
ACC01780,13.112615299290876,81.07612505323578,2025-12-25,11:17:04,clear,urban,daylight,low,car,55.2,55,minor,2025-12-25 11:17:04,11,3,12,0,0,0
ACC01781,26.79829093027392,79.00645731881062,2023-03-23,21:22:44,clear,urban,night_lit,low,car,21.3,33,severe,2023-03-23 21:22:44,21,3,3,0,1,2
ACC01782,15.899619640158049,77.60226467670532,2023-07-14,07:31:43,clear,urban,night_unlit,moderate,motorcycle,51.6,47,severe,2023-07-14 07:31:43,7,4,7,0,0,2
ACC01783,26.481828113723047,75.62296304159642,2022-09-05,08:27:51,rain,highway,daylight,low,car,69.3,81,fatal,2022-09-05 08:27:51,8,0,9,0,0,3
ACC01784,21.618811978744997,80.0010836289058,2025-03-27,13:29:25,clear,highway,dusk_dawn,moderate,car,68.3,67,severe,2025-03-27 13:29:25,13,3,3,0,0,2
ACC01785,16.97829624582425,72.41683923804011,2022-08-18,09:40:30,clear,urban,night_lit,low,truck,65.7,42,moderate,2022-08-18 09:40:30,9,3,8,0,0,1
ACC01786,12.543779068357267,77.25185324958922,2023-08-27,16:59:27,rain,urban,daylight,heavy,car,41.9,33,minor,2023-08-27 16:59:27,16,6,8,1,0,0
ACC01787,26.6850003958789,82.84595669703248,2025-03-14,20:47:22,clear,expressway,daylight,moderate,auto,85.8,90,minor,2025-03-14 20:47:22,20,4,3,0,1,0
ACC01788,15.17628254644752,73.73947263498175,2026-01-10,14:00:14,cloudy,urban,daylight,low,motorcycle,64.4,42,minor,2026-01-10 14:00:14,14,5,1,1,0,0
ACC01789,12.932492081517722,73.00625987711246,2022-12-30,15:20:38,cloudy,urban,daylight,heavy,motorcycle,63.8,58,severe,2022-12-30 15:20:38,15,4,12,0,0,2
ACC01790,25.605799154865856,82.43485768466185,2023-06-30,12:00:01,clear,expressway,night_unlit,moderate,auto,139.6,88,fatal,2023-06-30 12:00:01,12,4,6,0,0,3
ACC01791,18.30077800271362,78.3643955382776,2022-07-13,17:52:44,cloudy,rural,daylight,moderate,car,109.3,67,minor,2022-07-13 17:52:44,17,2,7,0,0,0
ACC01792,19.0080121006497,84.8292005847901,2023-12-20,06:38:50,cloudy,highway,dusk_dawn,low,car,102.7,63,minor,2023-12-20 06:38:50,6,2,12,0,0,0
ACC01793,16.44721657105294,86.99698086354118,2026-06-29,05:13:13,rain,urban,night_unlit,moderate,motorcycle,76.1,35,moderate,2026-06-29 05:13:13,5,0,6,0,1,1
ACC01794,27.46521261654415,87.31264725972123,2023-05-15,16:50:12,clear,rural,night_unlit,heavy,motorcycle,101.0,59,fatal,2023-05-15 16:50:12,16,0,5,0,0,3
ACC01795,17.351931469917577,78.80948566230687,2023-03-03,15:33:30,clear,urban,daylight,low,motorcycle,77.6,34,minor,2023-03-03 15:33:30,15,4,3,0,0,0
ACC01796,15.78346625551843,76.22923558840051,2023-10-19,12:03:50,rain,highway,daylight,moderate,auto,112.1,88,severe,2023-10-19 12:03:50,12,3,10,0,0,2
ACC01797,17.56649507405081,81.73781981987965,2026-01-11,10:09:06,clear,urban,night_lit,low,auto,32.5,59,severe,2026-01-11 10:09:06,10,6,1,1,0,2
ACC01798,15.656692353013144,82.05108681485179,2024-06-17,05:48:25,clear,highway,night_lit,moderate,car,67.8,81,severe,2024-06-17 05:48:25,5,0,6,0,1,2
ACC01799,17.717793974493734,81.95751897721435,2024-09-27,17:17:12,clear,urban,night_lit,moderate,car,39.4,52,moderate,2024-09-27 17:17:12,17,4,9,0,0,1
ACC01800,13.492852011627114,77.1484578195021,2025-07-05,12:31:51,clear,expressway,daylight,low,motorcycle,91.2,92,minor,2025-07-05 12:31:51,12,5,7,1,0,0
ACC01801,14.853540524150253,73.02002778267685,2025-03-20,13:53:52,clear,expressway,night_unlit,low,auto,134.5,90,moderate,2025-03-20 13:53:52,13,3,3,0,0,1
ACC01802,19.506951901130662,75.36007742120958,2024-09-10,20:17:05,storm,urban,night_lit,moderate,car,33.5,42,fatal,2024-09-10 20:17:05,20,1,9,0,1,3
ACC01803,27.830403400617776,74.47071084835574,2024-07-10,18:00:08,cloudy,rural,dusk_dawn,moderate,motorcycle,57.6,48,moderate,2024-07-10 18:00:08,18,2,7,0,0,1
ACC01804,13.031233441001143,73.98240553253297,2024-05-25,08:05:09,cloudy,rural,night_unlit,heavy,car,138.4,63,fatal,2024-05-25 08:05:09,8,5,5,1,0,3
ACC01805,15.828144721680552,86.82053313714516,2022-10-24,17:54:48,clear,expressway,night_lit,moderate,auto,105.6,93,moderate,2022-10-24 17:54:48,17,0,10,0,0,1
ACC01806,28.35022215974873,72.22156233558349,2023-11-12,07:35:54,clear,rural,daylight,heavy,car,23.4,75,minor,2023-11-12 07:35:54,7,6,11,1,0,0
ACC01807,28.02026413487859,81.62972382778115,2025-10-22,08:19:22,rain,rural,night_lit,heavy,motorcycle,102.0,44,moderate,2025-10-22 08:19:22,8,2,10,0,0,1
ACC01808,24.230114999326943,87.15958073184218,2022-03-06,17:04:09,rain,highway,night_lit,low,car,64.6,73,severe,2022-03-06 17:04:09,17,6,3,1,0,2
ACC01809,16.328523973714283,77.76085003990605,2025-09-21,07:41:39,storm,highway,dusk_dawn,heavy,motorcycle,128.0,75,minor,2025-09-21 07:41:39,7,6,9,1,0,0
ACC01810,19.556590099004143,80.4335694267594,2024-07-18,09:02:53,clear,highway,daylight,heavy,motorcycle,68.5,91,minor,2024-07-18 09:02:53,9,3,7,0,0,0
ACC01811,15.80197789988337,83.13253861560256,2023-07-29,20:05:54,clear,urban,daylight,moderate,motorcycle,43.4,51,minor,2023-07-29 20:05:54,20,5,7,1,1,0
ACC01812,14.314593164253658,77.07471511453183,2022-07-07,18:35:26,rain,expressway,dusk_dawn,moderate,car,109.5,100,severe,2022-07-07 18:35:26,18,3,7,0,0,2
ACC01813,18.839971101250047,79.64243180331599,2025-06-08,21:38:46,clear,expressway,night_lit,moderate,car,72.1,95,moderate,2025-06-08 21:38:46,21,6,6,1,1,1
ACC01814,22.364788891266304,85.07364560532403,2022-01-02,20:34:57,clear,rural,night_unlit,low,car,139.2,51,severe,2022-01-02 20:34:57,20,6,1,1,1,2
ACC01815,18.47878815836649,83.92569064448422,2024-06-10,10:54:49,clear,rural,night_lit,low,truck,117.6,75,minor,2024-06-10 10:54:49,10,0,6,0,0,0
ACC01816,22.994841908387457,84.93519058388546,2022-09-24,16:16:28,clear,urban,night_lit,low,truck,22.4,48,minor,2022-09-24 16:16:28,16,5,9,1,0,0
ACC01817,17.332585236827498,87.7974426180425,2026-02-01,11:33:15,rain,urban,night_unlit,moderate,car,48.9,55,minor,2026-02-01 11:33:15,11,6,2,1,0,0
ACC01818,18.225309499694227,77.92523959897886,2022-10-27,17:18:22,heavy_rain,urban,daylight,moderate,car,73.2,41,moderate,2022-10-27 17:18:22,17,3,10,0,0,1
ACC01819,26.232124649602973,83.95346020697237,2025-08-11,11:21:21,cloudy,highway,daylight,low,motorcycle,129.8,60,minor,2025-08-11 11:21:21,11,0,8,0,0,0
ACC01820,27.809665156089444,81.64455307363173,2024-07-31,00:09:59,clear,rural,night_unlit,low,car,96.2,77,fatal,2024-07-31 00:09:59,0,2,7,0,1,3
ACC01821,17.796613467558938,82.66567627553914,2022-03-09,06:47:43,rain,urban,dusk_dawn,low,truck,63.5,49,moderate,2022-03-09 06:47:43,6,2,3,0,0,1
ACC01822,22.28728442421497,83.83798247732695,2025-03-28,18:42:51,cloudy,highway,dusk_dawn,heavy,motorcycle,137.9,67,minor,2025-03-28 18:42:51,18,4,3,0,0,0
ACC01823,17.006921110060823,83.99570107114104,2025-12-14,06:42:46,rain,urban,dusk_dawn,heavy,truck,53.9,35,minor,2025-12-14 06:42:46,6,6,12,1,0,0
ACC01824,12.960023550733696,86.17192238871712,2022-12-30,16:08:28,cloudy,urban,night_lit,low,motorcycle,35.0,41,minor,2022-12-30 16:08:28,16,4,12,0,0,0
ACC01825,25.281429264487343,77.58914680377688,2026-05-10,19:07:47,fog,rural,daylight,heavy,bus,93.9,49,minor,2026-05-10 19:07:47,19,6,5,1,0,0
ACC01826,15.078062698250706,82.45570169779057,2025-08-03,18:46:38,clear,rural,daylight,heavy,truck,38.4,73,fatal,2025-08-03 18:46:38,18,6,8,1,0,3
ACC01827,19.66282542744451,76.4846469055497,2025-05-03,12:39:44,cloudy,highway,daylight,heavy,car,80.7,64,fatal,2025-05-03 12:39:44,12,5,5,1,0,3
ACC01828,20.76681888082482,81.5130992818716,2023-07-06,08:01:18,rain,rural,night_lit,heavy,car,73.2,55,minor,2023-07-06 08:01:18,8,3,7,0,0,0
ACC01829,15.320488515223907,84.01880224275085,2022-07-16,21:39:13,heavy_rain,highway,night_unlit,moderate,motorcycle,127.8,81,severe,2022-07-16 21:39:13,21,5,7,1,1,2
ACC01830,13.701996311941134,84.65601737858624,2023-12-06,15:58:10,fog,urban,daylight,low,car,34.8,34,minor,2023-12-06 15:58:10,15,2,12,0,0,0
ACC01831,18.26423426407927,78.72199204782596,2025-08-18,12:45:17,clear,urban,dusk_dawn,heavy,motorcycle,24.9,36,moderate,2025-08-18 12:45:17,12,0,8,0,0,1
ACC01832,29.14114633590573,80.13952357122176,2024-08-21,21:16:58,rain,rural,night_lit,heavy,auto,60.4,69,moderate,2024-08-21 21:16:58,21,2,8,0,1,1
ACC01833,23.072440619791585,77.34159761872277,2024-11-29,08:18:56,clear,expressway,daylight,low,car,132.5,96,moderate,2024-11-29 08:18:56,8,4,11,0,0,1
ACC01834,18.865384111252247,74.7045815446341,2025-07-06,13:45:08,cloudy,highway,night_lit,moderate,truck,120.7,80,minor,2025-07-06 13:45:08,13,6,7,1,0,0
ACC01835,12.70039477393587,76.16827848308051,2023-07-11,07:24:33,clear,rural,daylight,moderate,car,30.8,63,minor,2023-07-11 07:24:33,7,1,7,0,0,0
ACC01836,22.80491906503947,86.59419207839719,2022-03-03,07:44:56,cloudy,rural,dusk_dawn,moderate,car,118.3,56,moderate,2022-03-03 07:44:56,7,3,3,0,0,1
ACC01837,13.660637536836706,76.94351267854906,2025-12-22,12:57:45,fog,expressway,night_lit,moderate,car,122.1,84,moderate,2025-12-22 12:57:45,12,0,12,0,0,1
ACC01838,21.76579327885548,87.59614933672977,2024-10-04,17:24:36,rain,highway,daylight,low,car,116.1,91,moderate,2024-10-04 17:24:36,17,4,10,0,0,1
ACC01839,25.53510914889137,75.86364936344611,2024-07-17,10:34:35,cloudy,highway,night_lit,moderate,car,65.6,64,minor,2024-07-17 10:34:35,10,2,7,0,0,0
ACC01840,19.624536269306155,83.56913739969671,2024-07-30,17:29:19,clear,urban,night_lit,low,auto,25.0,53,minor,2024-07-30 17:29:19,17,1,7,0,0,0
ACC01841,17.389406906697438,81.18245269714937,2025-11-01,18:30:55,clear,expressway,dusk_dawn,low,motorcycle,88.5,96,severe,2025-11-01 18:30:55,18,5,11,1,0,2
ACC01842,12.852916208716774,83.14992079239678,2025-06-17,20:04:04,clear,highway,night_lit,moderate,car,84.6,79,moderate,2025-06-17 20:04:04,20,1,6,0,1,1
ACC01843,12.446001752908742,82.30332714574689,2025-01-05,04:59:52,clear,urban,night_lit,moderate,car,65.9,46,severe,2025-01-05 04:59:52,4,6,1,1,1,2
ACC01844,19.740478253619383,83.30797733756143,2025-07-08,18:32:52,heavy_rain,expressway,dusk_dawn,moderate,auto,76.7,81,moderate,2025-07-08 18:32:52,18,1,7,0,0,1
ACC01845,27.90021487265342,86.48875277496734,2023-04-19,07:13:15,cloudy,urban,daylight,low,car,76.5,33,minor,2023-04-19 07:13:15,7,2,4,0,0,0
ACC01846,16.393130018277425,81.0155119369997,2025-03-14,17:34:30,clear,urban,daylight,moderate,car,70.8,31,moderate,2025-03-14 17:34:30,17,4,3,0,0,1
ACC01847,22.332999104072783,73.08558052646393,2026-05-20,11:23:53,rain,expressway,daylight,low,truck,96.8,89,minor,2026-05-20 11:23:53,11,2,5,0,0,0
ACC01848,24.317504754235717,76.33320695115039,2023-01-21,17:49:28,clear,urban,daylight,low,motorcycle,76.2,60,minor,2023-01-21 17:49:28,17,5,1,1,0,0
ACC01849,13.094937615024506,83.33150368654022,2024-07-26,08:45:18,clear,highway,night_lit,heavy,car,80.8,76,minor,2024-07-26 08:45:18,8,4,7,0,0,0
ACC01850,14.755806764460788,79.90519404761078,2025-01-23,16:22:04,clear,highway,night_unlit,moderate,truck,102.1,91,severe,2025-01-23 16:22:04,16,3,1,0,0,2
ACC01851,17.962982281552208,80.77683172191499,2024-04-28,07:42:26,clear,urban,dusk_dawn,moderate,motorcycle,25.0,46,minor,2024-04-28 07:42:26,7,6,4,1,0,0
ACC01852,24.06167713467427,81.54528728608466,2026-05-10,08:01:16,cloudy,highway,night_lit,moderate,motorcycle,98.5,100,minor,2026-05-10 08:01:16,8,6,5,1,0,0
ACC01853,19.90263202010574,78.12206836775312,2023-10-25,16:58:51,rain,highway,night_lit,moderate,car,60.6,68,minor,2023-10-25 16:58:51,16,2,10,0,0,0
ACC01854,25.215511227928417,84.38232840140569,2022-12-24,10:30:51,cloudy,highway,night_lit,low,bus,70.5,78,severe,2022-12-24 10:30:51,10,5,12,1,0,2
ACC01855,27.616761580317466,83.57655814234478,2022-08-12,17:39:19,rain,urban,night_lit,moderate,motorcycle,41.3,41,minor,2022-08-12 17:39:19,17,4,8,0,0,0
ACC01856,25.65070097877377,83.42879059508982,2025-10-26,17:38:12,heavy_rain,rural,daylight,heavy,car,123.1,40,moderate,2025-10-26 17:38:12,17,6,10,1,0,1
ACC01857,29.86044973163848,83.44496278455911,2025-01-31,16:18:17,rain,urban,night_lit,moderate,motorcycle,34.3,35,fatal,2025-01-31 16:18:17,16,4,1,0,0,3
ACC01858,25.57849923716969,86.24572802646796,2024-08-07,17:41:24,fog,rural,daylight,heavy,motorcycle,28.4,54,minor,2024-08-07 17:41:24,17,2,8,0,0,0
ACC01859,27.33922551013411,81.5262844710924,2023-12-09,18:23:40,fog,expressway,daylight,heavy,bus,107.0,84,moderate,2023-12-09 18:23:40,18,5,12,1,0,1
ACC01860,26.982594452370016,87.47315519195134,2023-11-05,20:40:09,rain,rural,dusk_dawn,low,car,113.8,65,moderate,2023-11-05 20:40:09,20,6,11,1,1,1
ACC01861,25.14478372104084,73.90708295025021,2026-03-15,06:05:59,clear,urban,dusk_dawn,heavy,car,25.9,37,moderate,2026-03-15 06:05:59,6,6,3,1,0,1
ACC01862,26.43243269980603,82.11134362550183,2025-01-22,15:08:42,clear,highway,daylight,moderate,truck,138.3,81,severe,2025-01-22 15:08:42,15,2,1,0,0,2
ACC01863,28.824298101613383,83.47082473497272,2026-05-04,18:55:07,rain,urban,dusk_dawn,moderate,car,34.2,49,moderate,2026-05-04 18:55:07,18,0,5,0,0,1
ACC01864,20.553732813473268,79.63552657526975,2025-08-09,08:44:18,rain,highway,daylight,moderate,car,106.1,83,moderate,2025-08-09 08:44:18,8,5,8,1,0,1
ACC01865,23.489166430425783,76.61133418331099,2025-06-14,09:07:42,rain,urban,daylight,moderate,truck,58.5,32,minor,2025-06-14 09:07:42,9,5,6,1,0,0
ACC01866,21.26891498830991,80.80059924337759,2024-06-28,09:12:30,cloudy,expressway,daylight,low,truck,134.4,83,moderate,2024-06-28 09:12:30,9,4,6,0,0,1
ACC01867,27.31866576945731,77.83596288465124,2023-02-03,15:32:31,rain,highway,daylight,low,motorcycle,139.4,68,minor,2023-02-03 15:32:31,15,4,2,0,0,0
ACC01868,19.76447285168713,86.54598513708507,2024-12-09,11:00:02,rain,highway,night_lit,moderate,motorcycle,114.8,77,minor,2024-12-09 11:00:02,11,0,12,0,0,0
ACC01869,26.755081880605196,77.70867860053208,2025-03-21,17:24:24,rain,rural,night_lit,low,motorcycle,37.5,71,moderate,2025-03-21 17:24:24,17,4,3,0,0,1
ACC01870,26.388382351028497,74.81131188323407,2024-05-07,16:19:36,clear,expressway,night_unlit,low,bus,107.2,100,minor,2024-05-07 16:19:36,16,1,5,0,0,0
ACC01871,29.31394982463463,81.22222624264725,2022-02-03,17:08:44,cloudy,rural,night_unlit,low,truck,123.2,48,severe,2022-02-03 17:08:44,17,3,2,0,0,2
ACC01872,16.48057258663354,78.33588146208591,2026-04-26,09:17:26,clear,highway,night_unlit,heavy,motorcycle,106.4,89,fatal,2026-04-26 09:17:26,9,6,4,1,0,3
ACC01873,24.77315117794642,73.53437031681345,2025-09-18,18:17:33,clear,urban,dusk_dawn,low,truck,49.0,42,severe,2025-09-18 18:17:33,18,3,9,0,0,2
ACC01874,25.62455095765475,81.03747761596654,2023-08-02,17:04:13,cloudy,urban,daylight,heavy,car,74.5,54,minor,2023-08-02 17:04:13,17,2,8,0,0,0
ACC01875,28.853012870483983,80.60554257865122,2024-03-21,07:38:47,clear,urban,dusk_dawn,moderate,motorcycle,28.0,53,minor,2024-03-21 07:38:47,7,3,3,0,0,0
ACC01876,28.32424352499956,74.77115338613112,2022-07-22,08:16:41,heavy_rain,urban,night_unlit,low,truck,61.0,42,moderate,2022-07-22 08:16:41,8,4,7,0,0,1
ACC01877,22.323465510752072,81.5622107033575,2026-03-19,10:01:44,cloudy,rural,night_unlit,low,motorcycle,95.7,48,moderate,2026-03-19 10:01:44,10,3,3,0,0,1
ACC01878,22.42475734555164,81.07774358171983,2023-01-14,21:01:40,rain,highway,dusk_dawn,low,motorcycle,76.1,64,minor,2023-01-14 21:01:40,21,5,1,1,1,0
ACC01879,15.011242111276127,84.37780196866545,2023-09-13,10:57:59,clear,expressway,dusk_dawn,moderate,car,73.3,87,moderate,2023-09-13 10:57:59,10,2,9,0,0,1
ACC01880,29.54932864362788,77.78511887748215,2023-12-05,02:07:52,rain,highway,daylight,low,motorcycle,83.9,90,minor,2023-12-05 02:07:52,2,1,12,0,1,0
ACC01881,16.590314328661684,75.98015237861823,2023-03-09,07:54:48,cloudy,highway,dusk_dawn,heavy,motorcycle,86.5,93,severe,2023-03-09 07:54:48,7,3,3,0,0,2
ACC01882,25.045251932123257,87.21951819153242,2024-11-08,03:09:20,cloudy,rural,dusk_dawn,moderate,bus,66.8,71,severe,2024-11-08 03:09:20,3,4,11,0,1,2
ACC01883,26.324310086495625,80.9794803645246,2026-06-22,12:05:04,cloudy,urban,daylight,moderate,car,55.3,48,minor,2026-06-22 12:05:04,12,0,6,0,0,0
ACC01884,19.941879083004856,72.43423934214688,2025-11-05,18:32:00,cloudy,urban,dusk_dawn,moderate,bus,64.4,51,moderate,2025-11-05 18:32:00,18,2,11,0,0,1
ACC01885,15.801486960523045,85.1313869457879,2024-05-21,13:52:46,cloudy,highway,night_lit,moderate,car,82.2,99,minor,2024-05-21 13:52:46,13,1,5,0,0,0
ACC01886,15.401286915954362,75.14812897470306,2022-08-04,19:04:53,rain,highway,dusk_dawn,heavy,truck,75.4,90,moderate,2022-08-04 19:04:53,19,3,8,0,0,1
ACC01887,27.416928016228653,84.57658108233349,2025-11-18,05:19:38,rain,highway,night_lit,moderate,motorcycle,120.3,70,minor,2025-11-18 05:19:38,5,1,11,0,1,0
ACC01888,21.193616761473265,83.28259883449543,2023-02-26,13:45:43,clear,rural,daylight,moderate,motorcycle,122.7,50,moderate,2023-02-26 13:45:43,13,6,2,1,0,1
ACC01889,13.6224656766888,87.50101958821051,2026-02-04,18:04:05,fog,highway,dusk_dawn,heavy,bus,89.8,78,moderate,2026-02-04 18:04:05,18,2,2,0,0,1
ACC01890,24.906350509732,87.44926882551242,2023-10-12,17:10:33,clear,expressway,night_lit,heavy,motorcycle,106.5,91,fatal,2023-10-12 17:10:33,17,3,10,0,0,3
ACC01891,16.503078950490533,76.39056999449215,2024-05-01,19:18:36,clear,rural,dusk_dawn,heavy,car,119.5,51,minor,2024-05-01 19:18:36,19,2,5,0,0,0
ACC01892,27.775105513515825,84.2631932995747,2023-12-19,09:48:09,clear,rural,night_unlit,heavy,motorcycle,48.0,57,minor,2023-12-19 09:48:09,9,1,12,0,0,0
ACC01893,17.572292148539553,77.06968137247878,2024-01-19,14:48:45,clear,rural,daylight,moderate,motorcycle,111.2,64,minor,2024-01-19 14:48:45,14,4,1,0,0,0
ACC01894,15.604874941622576,82.0671670212735,2022-09-28,17:42:20,clear,rural,daylight,moderate,truck,84.4,53,minor,2022-09-28 17:42:20,17,2,9,0,0,0
ACC01895,13.52745198398882,81.5639373592735,2024-06-26,08:39:11,rain,urban,daylight,moderate,motorcycle,48.1,45,moderate,2024-06-26 08:39:11,8,2,6,0,0,1
ACC01896,21.20756045947765,72.87269624993863,2023-10-24,19:01:41,cloudy,expressway,dusk_dawn,moderate,car,91.8,89,fatal,2023-10-24 19:01:41,19,1,10,0,0,3
ACC01897,20.11327658072917,72.08290799736572,2025-10-23,10:14:26,fog,urban,daylight,heavy,car,22.1,51,moderate,2025-10-23 10:14:26,10,3,10,0,0,1
ACC01898,25.523618602856573,72.92422423351695,2024-02-23,06:55:32,clear,highway,daylight,moderate,motorcycle,95.2,92,moderate,2024-02-23 06:55:32,6,4,2,0,0,1
ACC01899,20.36284656947465,74.04707276050786,2026-05-03,18:43:32,cloudy,urban,daylight,moderate,motorcycle,43.5,50,moderate,2026-05-03 18:43:32,18,6,5,1,0,1
ACC01900,18.18868744063868,76.12243986156437,2023-05-03,17:14:37,clear,highway,daylight,heavy,truck,94.1,67,minor,2023-05-03 17:14:37,17,2,5,0,0,0
ACC01901,16.709788481392994,86.511283571881,2023-06-24,20:42:24,cloudy,urban,night_unlit,low,car,32.7,40,fatal,2023-06-24 20:42:24,20,5,6,1,1,3
ACC01902,17.00664141845948,80.29812280554698,2022-03-02,20:43:48,clear,expressway,night_lit,moderate,motorcycle,106.0,95,fatal,2022-03-02 20:43:48,20,2,3,0,1,3
ACC01903,28.70126223290065,84.75026782145262,2025-04-27,09:44:52,rain,urban,night_unlit,heavy,auto,38.5,36,minor,2025-04-27 09:44:52,9,6,4,1,0,0
ACC01904,14.97141483758062,85.41298803371532,2022-05-01,16:58:29,rain,highway,night_lit,low,car,78.5,90,minor,2022-05-01 16:58:29,16,6,5,1,0,0
ACC01905,29.787175642028703,83.75908957744866,2023-04-14,23:32:10,clear,highway,night_unlit,low,motorcycle,138.7,89,severe,2023-04-14 23:32:10,23,4,4,0,1,2
ACC01906,17.884550193460043,78.26216199072915,2026-02-04,09:03:16,clear,urban,daylight,low,auto,33.5,38,severe,2026-02-04 09:03:16,9,2,2,0,0,2
ACC01907,13.591024237514954,85.82175030145572,2024-09-30,13:49:46,cloudy,highway,daylight,low,car,108.1,63,moderate,2024-09-30 13:49:46,13,0,9,0,0,1
ACC01908,16.476426854181568,83.87279605313473,2024-07-06,20:00:15,clear,urban,night_lit,moderate,motorcycle,58.0,58,minor,2024-07-06 20:00:15,20,5,7,1,1,0
ACC01909,13.051458831983137,83.89042309448084,2025-08-14,07:38:46,rain,rural,dusk_dawn,heavy,motorcycle,42.3,60,minor,2025-08-14 07:38:46,7,3,8,0,0,0
ACC01910,26.220535844950486,86.42518923464911,2025-06-20,21:47:39,cloudy,urban,night_lit,moderate,car,75.4,33,moderate,2025-06-20 21:47:39,21,4,6,0,1,1
ACC01911,21.225952425739894,81.57861555932294,2025-12-26,14:07:26,rain,urban,daylight,moderate,truck,28.8,32,fatal,2025-12-26 14:07:26,14,4,12,0,0,3
ACC01912,18.065759139602417,80.45719087939483,2024-12-28,20:47:07,storm,urban,night_lit,low,car,43.3,52,severe,2024-12-28 20:47:07,20,5,12,1,1,2
ACC01913,23.916892883368124,86.2426009215532,2024-01-07,16:48:32,clear,highway,night_unlit,heavy,bus,115.6,73,fatal,2024-01-07 16:48:32,16,6,1,1,0,3
ACC01914,23.351637467105764,79.27138765062715,2022-08-03,17:39:41,heavy_rain,urban,dusk_dawn,moderate,motorcycle,37.2,40,minor,2022-08-03 17:39:41,17,2,8,0,0,0
ACC01915,28.917697606096624,84.98513113646149,2023-08-31,18:19:09,rain,urban,daylight,heavy,car,26.9,54,minor,2023-08-31 18:19:09,18,3,8,0,0,0
ACC01916,29.302689301470835,72.86154176711692,2025-03-04,06:12:49,clear,highway,dusk_dawn,low,car,87.7,73,severe,2025-03-04 06:12:49,6,1,3,0,0,2
ACC01917,24.25230796197729,72.02063911130115,2023-02-21,16:42:11,rain,urban,daylight,heavy,truck,44.0,31,minor,2023-02-21 16:42:11,16,1,2,0,0,0
ACC01918,26.720686690395038,80.4526798336697,2025-01-06,21:09:24,cloudy,urban,night_unlit,moderate,motorcycle,67.8,55,severe,2025-01-06 21:09:24,21,0,1,0,1,2
ACC01919,26.263651806033213,73.17779030106209,2022-08-08,22:40:31,rain,highway,night_lit,heavy,car,128.8,79,severe,2022-08-08 22:40:31,22,0,8,0,1,2
ACC01920,20.8434635885982,87.62468821524902,2022-04-10,22:10:44,rain,urban,night_lit,moderate,car,36.5,48,moderate,2022-04-10 22:10:44,22,6,4,1,1,1
ACC01921,24.680249184601504,72.08801878463677,2023-08-23,16:20:13,heavy_rain,highway,daylight,heavy,motorcycle,89.4,90,severe,2023-08-23 16:20:13,16,2,8,0,0,2
ACC01922,13.408662138304264,83.49039418397834,2023-01-13,16:30:20,rain,rural,night_unlit,moderate,car,119.9,79,moderate,2023-01-13 16:30:20,16,4,1,0,0,1
ACC01923,25.644379496705525,75.89415513257953,2025-12-02,15:09:48,rain,highway,daylight,low,auto,126.7,70,minor,2025-12-02 15:09:48,15,1,12,0,0,0
ACC01924,29.312994129462616,87.4808320843529,2023-09-14,16:47:19,clear,rural,daylight,moderate,car,85.0,76,severe,2023-09-14 16:47:19,16,3,9,0,0,2
ACC01925,13.529545556263292,78.10466641004633,2023-11-19,16:41:36,storm,urban,night_unlit,low,car,35.6,30,severe,2023-11-19 16:41:36,16,6,11,1,0,2
ACC01926,27.05008412265338,72.43653482022184,2023-10-25,04:00:23,rain,highway,night_lit,heavy,motorcycle,78.2,62,moderate,2023-10-25 04:00:23,4,2,10,0,1,1
ACC01927,28.79364047968688,72.43097224654052,2023-06-05,06:50:03,rain,highway,night_lit,moderate,car,126.9,77,moderate,2023-06-05 06:50:03,6,0,6,0,0,1
ACC01928,16.071400016437117,80.85397394759502,2026-02-15,16:43:30,heavy_rain,expressway,daylight,heavy,truck,136.1,96,severe,2026-02-15 16:43:30,16,6,2,1,0,2
ACC01929,21.446601376965667,87.7873916645005,2025-04-28,10:50:21,clear,urban,daylight,moderate,bus,75.7,41,severe,2025-04-28 10:50:21,10,0,4,0,0,2
ACC01930,28.701448058333792,87.67637656073151,2022-09-18,10:36:15,clear,rural,night_unlit,moderate,motorcycle,26.2,59,minor,2022-09-18 10:36:15,10,6,9,1,0,0
ACC01931,29.284068081413423,77.39636755662825,2022-12-20,08:37:51,rain,rural,daylight,heavy,bus,93.7,54,minor,2022-12-20 08:37:51,8,1,12,0,0,0
ACC01932,14.301882918341692,79.72325838702236,2022-05-14,18:23:46,fog,highway,dusk_dawn,moderate,truck,76.2,98,moderate,2022-05-14 18:23:46,18,5,5,1,0,1
ACC01933,18.28207605999811,73.60729289276506,2023-02-25,22:13:16,rain,urban,night_lit,moderate,car,58.8,30,minor,2023-02-25 22:13:16,22,5,2,1,1,0
ACC01934,24.56660354071542,80.3548296958677,2024-12-14,16:14:31,cloudy,urban,daylight,moderate,car,37.0,31,severe,2024-12-14 16:14:31,16,5,12,1,0,2
ACC01935,15.988052988946745,81.59522558477236,2026-03-17,21:18:43,clear,rural,night_lit,moderate,motorcycle,127.3,56,minor,2026-03-17 21:18:43,21,1,3,0,1,0
ACC01936,17.845871315420656,76.01698664978113,2024-03-01,20:17:03,cloudy,urban,night_unlit,heavy,auto,21.9,32,moderate,2024-03-01 20:17:03,20,4,3,0,1,1
ACC01937,12.41923908008448,81.79383097464279,2022-05-14,08:45:05,clear,expressway,night_unlit,moderate,truck,62.7,80,minor,2022-05-14 08:45:05,8,5,5,1,0,0
ACC01938,14.76339025676158,86.39508402714006,2022-03-19,07:31:32,heavy_rain,urban,dusk_dawn,low,motorcycle,79.5,50,moderate,2022-03-19 07:31:32,7,5,3,1,0,1
ACC01939,22.12193089951939,72.01528533477568,2023-11-12,08:24:55,cloudy,rural,night_lit,heavy,car,25.2,60,minor,2023-11-12 08:24:55,8,6,11,1,0,0
ACC01940,23.75562119347529,75.66294038892711,2023-03-11,06:43:55,clear,highway,dusk_dawn,moderate,truck,125.9,97,minor,2023-03-11 06:43:55,6,5,3,1,0,0
ACC01941,23.680412959725064,75.358713013183,2024-08-05,16:43:26,cloudy,urban,daylight,heavy,truck,78.6,45,fatal,2024-08-05 16:43:26,16,0,8,0,0,3
ACC01942,26.0104884740079,73.98217924854123,2022-07-14,09:56:42,fog,highway,night_unlit,heavy,auto,106.7,77,severe,2022-07-14 09:56:42,9,3,7,0,0,2
ACC01943,19.475065447298245,74.65761940379363,2023-01-14,20:18:29,cloudy,expressway,night_unlit,heavy,truck,79.6,96,moderate,2023-01-14 20:18:29,20,5,1,1,1,1
ACC01944,16.9228328923408,82.01460072584621,2024-07-01,16:14:54,clear,highway,daylight,moderate,car,102.8,72,fatal,2024-07-01 16:14:54,16,0,7,0,0,3
ACC01945,12.28045260076545,73.64311024241029,2023-04-07,11:00:34,cloudy,rural,night_lit,heavy,motorcycle,40.6,56,minor,2023-04-07 11:00:34,11,4,4,0,0,0
ACC01946,15.719336868942964,83.81650574433155,2023-08-22,23:09:53,cloudy,highway,night_unlit,moderate,motorcycle,138.7,75,moderate,2023-08-22 23:09:53,23,1,8,0,1,1
ACC01947,17.62298061963667,86.19236144893414,2022-12-31,21:36:21,clear,highway,night_unlit,low,motorcycle,135.3,75,fatal,2022-12-31 21:36:21,21,5,12,1,1,3
ACC01948,15.20772341664838,86.82540358685391,2022-03-26,18:48:55,rain,highway,daylight,heavy,motorcycle,84.6,71,minor,2022-03-26 18:48:55,18,5,3,1,0,0
ACC01949,12.36260048693884,82.56281302911522,2023-07-21,18:36:43,clear,rural,daylight,heavy,bus,44.8,61,severe,2023-07-21 18:36:43,18,4,7,0,0,2
ACC01950,14.834056955973448,75.15834257013786,2023-06-26,22:59:46,cloudy,highway,night_unlit,low,truck,115.1,80,severe,2023-06-26 22:59:46,22,0,6,0,1,2
ACC01951,23.989791964216305,73.36474520863852,2026-01-15,16:37:00,cloudy,rural,night_unlit,heavy,car,58.6,62,minor,2026-01-15 16:37:00,16,3,1,0,0,0
ACC01952,23.332537496506724,75.712399260912,2026-01-05,20:52:48,cloudy,rural,night_unlit,heavy,car,68.6,44,severe,2026-01-05 20:52:48,20,0,1,0,1,2
ACC01953,28.842305509164763,87.39131497256068,2023-12-10,06:16:09,cloudy,expressway,daylight,moderate,motorcycle,100.8,93,moderate,2023-12-10 06:16:09,6,6,12,1,0,1
ACC01954,26.367029245151567,87.3975232280114,2023-04-18,15:19:56,rain,urban,night_lit,low,truck,60.1,59,minor,2023-04-18 15:19:56,15,1,4,0,0,0
ACC01955,22.21961010314144,78.11070214269347,2023-11-18,14:48:11,clear,urban,night_lit,heavy,motorcycle,27.5,51,severe,2023-11-18 14:48:11,14,5,11,1,0,2
ACC01956,14.476014254877803,77.21266465756081,2024-09-25,04:39:49,clear,urban,night_lit,low,motorcycle,63.4,33,minor,2024-09-25 04:39:49,4,2,9,0,1,0
ACC01957,22.153292740652823,80.16016931614504,2023-09-27,06:29:38,rain,highway,dusk_dawn,low,motorcycle,82.9,82,minor,2023-09-27 06:29:38,6,2,9,0,0,0
ACC01958,13.108711096455254,76.66700946347841,2025-05-26,02:57:23,heavy_rain,urban,night_unlit,moderate,truck,47.2,57,moderate,2025-05-26 02:57:23,2,0,5,0,1,1
ACC01959,19.755928153395352,87.67459922648901,2026-05-03,10:45:53,clear,rural,night_unlit,heavy,car,110.9,64,severe,2026-05-03 10:45:53,10,6,5,1,0,2
ACC01960,19.02465532104952,75.53954224039325,2023-10-25,05:17:23,clear,highway,night_lit,heavy,motorcycle,71.4,71,minor,2023-10-25 05:17:23,5,2,10,0,1,0
ACC01961,19.700648568532948,77.9062829149243,2022-07-12,12:36:03,fog,highway,night_lit,moderate,truck,70.2,88,severe,2022-07-12 12:36:03,12,1,7,0,0,2
ACC01962,17.03686653110617,78.86993401120286,2022-07-18,19:23:04,clear,urban,dusk_dawn,heavy,car,22.8,36,moderate,2022-07-18 19:23:04,19,0,7,0,0,1
ACC01963,24.344948057228827,74.00102436929859,2025-12-02,16:24:51,storm,rural,dusk_dawn,moderate,car,48.0,62,minor,2025-12-02 16:24:51,16,1,12,0,0,0
ACC01964,27.137000411378036,78.12519722832208,2023-11-15,17:48:23,rain,highway,daylight,moderate,truck,61.9,99,severe,2023-11-15 17:48:23,17,2,11,0,0,2
ACC01965,25.833305866781597,85.70769152163157,2023-06-22,03:40:49,clear,rural,night_lit,low,car,68.0,77,minor,2023-06-22 03:40:49,3,3,6,0,1,0
ACC01966,23.299537724235847,74.24577602330814,2024-10-14,19:00:01,clear,highway,dusk_dawn,moderate,motorcycle,111.1,90,minor,2024-10-14 19:00:01,19,0,10,0,0,0
ACC01967,21.69020638799424,81.344351213219,2026-04-20,07:34:04,storm,urban,dusk_dawn,moderate,bus,27.9,40,minor,2026-04-20 07:34:04,7,0,4,0,0,0
ACC01968,12.559515240144547,78.50619420896027,2023-11-29,10:38:59,clear,expressway,night_unlit,low,car,81.7,99,severe,2023-11-29 10:38:59,10,2,11,0,0,2
ACC01969,25.012811976454586,74.72858761787927,2023-06-02,14:30:08,cloudy,urban,night_lit,moderate,bus,22.5,38,minor,2023-06-02 14:30:08,14,4,6,0,0,0
ACC01970,21.80969291241296,72.19737863118729,2025-11-17,21:17:41,clear,urban,night_lit,low,car,26.9,42,moderate,2025-11-17 21:17:41,21,0,11,0,1,1
ACC01971,16.873338911949965,76.3734928558384,2022-05-17,23:38:21,cloudy,expressway,night_lit,low,motorcycle,106.8,81,minor,2022-05-17 23:38:21,23,1,5,0,1,0
ACC01972,17.901156699361948,72.98926337116804,2025-10-18,18:56:30,rain,highway,dusk_dawn,moderate,car,120.5,64,severe,2025-10-18 18:56:30,18,5,10,1,0,2
ACC01973,28.840922156455346,78.02829554074776,2024-05-03,17:05:06,rain,highway,daylight,low,truck,60.4,77,severe,2024-05-03 17:05:06,17,4,5,0,0,2
ACC01974,23.238520412110088,84.96335769118953,2022-02-03,15:36:16,clear,expressway,night_lit,low,auto,95.5,81,minor,2022-02-03 15:36:16,15,3,2,0,0,0
ACC01975,20.56642382383551,83.5149641740418,2023-01-10,17:54:45,cloudy,urban,night_unlit,heavy,car,53.3,51,minor,2023-01-10 17:54:45,17,1,1,0,0,0
ACC01976,23.176591314751334,87.15813938722827,2025-01-20,07:24:32,rain,expressway,dusk_dawn,heavy,bus,81.7,84,minor,2025-01-20 07:24:32,7,0,1,0,0,0
ACC01977,19.447361849741824,78.8322466773931,2025-05-21,09:20:30,clear,rural,daylight,moderate,truck,63.8,60,fatal,2025-05-21 09:20:30,9,2,5,0,0,3
ACC01978,20.46328091765429,83.32482237746964,2022-11-18,23:14:56,rain,urban,daylight,low,auto,64.1,35,moderate,2022-11-18 23:14:56,23,4,11,0,1,1
ACC01979,17.225566620738068,82.64546755363233,2024-12-15,22:13:24,cloudy,urban,night_lit,moderate,truck,78.7,41,fatal,2024-12-15 22:13:24,22,6,12,1,1,3
ACC01980,19.917359410649603,75.47274085053215,2026-06-13,10:23:48,clear,urban,daylight,heavy,truck,79.1,56,moderate,2026-06-13 10:23:48,10,5,6,1,0,1
ACC01981,24.340660183882388,76.85732008372254,2025-02-01,09:46:43,fog,highway,daylight,low,auto,109.1,65,severe,2025-02-01 09:46:43,9,5,2,1,0,2
ACC01982,12.718954651556446,80.47727253436416,2025-02-27,09:10:27,cloudy,urban,daylight,low,truck,68.8,53,fatal,2025-02-27 09:10:27,9,3,2,0,0,3
ACC01983,26.31049333133079,84.74651710409475,2022-11-14,14:13:17,clear,rural,night_lit,moderate,truck,124.3,57,minor,2022-11-14 14:13:17,14,0,11,0,0,0
ACC01984,17.09363173550363,79.38900375140692,2024-11-12,08:59:21,clear,expressway,night_lit,moderate,car,71.5,89,minor,2024-11-12 08:59:21,8,1,11,0,0,0
ACC01985,24.286076281784997,75.64386457880843,2025-03-09,16:59:52,clear,expressway,daylight,low,car,105.6,94,minor,2025-03-09 16:59:52,16,6,3,1,0,0
ACC01986,23.56905566424108,87.89545104448592,2022-07-01,06:13:18,clear,expressway,dusk_dawn,low,motorcycle,106.9,97,moderate,2022-07-01 06:13:18,6,4,7,0,0,1
ACC01987,23.747304884543496,73.8492609016587,2023-05-27,07:25:39,clear,highway,dusk_dawn,moderate,car,111.2,74,moderate,2023-05-27 07:25:39,7,5,5,1,0,1
ACC01988,22.94632049260445,87.29422251986125,2025-12-20,09:24:07,rain,urban,night_lit,moderate,motorcycle,22.9,39,fatal,2025-12-20 09:24:07,9,5,12,1,0,3
ACC01989,29.263833085251623,84.94474061488782,2026-06-28,18:17:20,cloudy,highway,dusk_dawn,moderate,bus,68.1,85,severe,2026-06-28 18:17:20,18,6,6,1,0,2
ACC01990,21.150194928517035,85.42229630892562,2022-10-12,10:09:56,clear,urban,night_unlit,heavy,motorcycle,47.1,44,minor,2022-10-12 10:09:56,10,2,10,0,0,0
ACC01991,25.181744079276328,84.71868132946399,2025-04-16,13:03:32,rain,expressway,daylight,low,auto,138.3,94,severe,2025-04-16 13:03:32,13,2,4,0,0,2
ACC01992,24.698087962222395,75.33073506087395,2024-04-03,17:36:49,rain,rural,night_lit,heavy,motorcycle,112.5,47,severe,2024-04-03 17:36:49,17,2,4,0,0,2
ACC01993,16.252816391009947,82.12131803832386,2024-08-27,18:02:15,cloudy,rural,dusk_dawn,moderate,car,81.3,45,minor,2024-08-27 18:02:15,18,1,8,0,0,0
ACC01994,17.099505105362862,84.1079969992149,2024-04-18,10:37:45,storm,urban,night_lit,heavy,car,22.9,50,severe,2024-04-18 10:37:45,10,3,4,0,0,2
ACC01995,19.63230776682542,83.93097267362643,2025-11-24,17:05:59,clear,urban,night_lit,heavy,auto,58.2,30,minor,2025-11-24 17:05:59,17,0,11,0,0,0
ACC01996,16.99856274833777,76.34504592870525,2024-01-01,09:09:55,clear,highway,daylight,moderate,motorcycle,94.9,98,moderate,2024-01-01 09:09:55,9,0,1,0,0,1
ACC01997,18.601375780739275,74.8979102042189,2024-08-25,16:00:26,clear,urban,daylight,moderate,bus,29.4,53,severe,2024-08-25 16:00:26,16,6,8,1,0,2
ACC01998,19.037291050709506,77.24996774263279,2025-01-03,13:23:40,clear,highway,daylight,moderate,car,96.7,84,minor,2025-01-03 13:23:40,13,4,1,0,0,0
ACC01999,22.869562096890192,79.67751168603827,2024-06-26,21:19:53,cloudy,rural,dusk_dawn,heavy,car,70.9,65,moderate,2024-06-26 21:19:53,21,2,6,0,1,1
ACC02000,15.958020769231108,81.18049195301883,2025-12-15,23:19:48,clear,urban,night_unlit,low,truck,59.4,35,fatal,2025-12-15 23:19:48,23,0,12,0,1,3
ACC02001,26.47725358578037,85.39120579710657,2023-01-25,18:18:58,cloudy,rural,night_lit,moderate,motorcycle,43.5,56,moderate,2023-01-25 18:18:58,18,2,1,0,0,1
ACC02002,19.875654421887084,84.30454764327385,2026-04-06,20:56:01,heavy_rain,rural,night_lit,heavy,motorcycle,139.5,60,moderate,2026-04-06 20:56:01,20,0,4,0,1,1
ACC02003,24.712394010298443,82.81840841066426,2025-01-18,07:25:32,rain,highway,dusk_dawn,moderate,motorcycle,117.4,69,minor,2025-01-18 07:25:32,7,5,1,1,0,0
ACC02004,13.465964662334722,76.21582868708417,2026-04-26,17:48:47,rain,urban,dusk_dawn,low,motorcycle,35.2,42,minor,2026-04-26 17:48:47,17,6,4,1,0,0
ACC02005,20.459377094238604,79.6620879829591,2023-09-08,08:13:43,rain,rural,night_lit,heavy,truck,77.7,51,minor,2023-09-08 08:13:43,8,4,9,0,0,0
ACC02006,12.507951579191907,77.36697398604738,2024-02-26,09:28:09,rain,expressway,daylight,heavy,car,133.9,89,minor,2024-02-26 09:28:09,9,0,2,0,0,0
ACC02007,24.16637985268017,75.75885087280855,2022-03-12,14:03:34,cloudy,highway,daylight,moderate,car,114.7,71,moderate,2022-03-12 14:03:34,14,5,3,1,0,1
ACC02008,18.186781385947253,72.16392576613568,2026-02-26,18:15:09,cloudy,urban,daylight,moderate,car,59.1,39,moderate,2026-02-26 18:15:09,18,3,2,0,0,1
ACC02009,29.086550653904915,77.43139152913105,2025-09-01,17:04:05,clear,urban,daylight,low,motorcycle,63.9,33,minor,2025-09-01 17:04:05,17,0,9,0,0,0
ACC02010,17.83423586282555,76.09786028343395,2023-05-02,19:01:06,clear,highway,night_unlit,moderate,truck,113.3,81,fatal,2023-05-02 19:01:06,19,1,5,0,0,3
ACC02011,22.148506164319084,81.15043723146907,2022-03-27,15:10:57,cloudy,highway,daylight,heavy,truck,115.6,63,severe,2022-03-27 15:10:57,15,6,3,1,0,2
ACC02012,16.632976362503065,72.9968283245394,2025-02-18,21:09:16,cloudy,urban,daylight,low,auto,37.3,49,minor,2025-02-18 21:09:16,21,1,2,0,1,0
ACC02013,23.162027321052125,76.32831354736322,2025-01-08,20:18:27,clear,highway,night_lit,moderate,motorcycle,114.3,68,minor,2025-01-08 20:18:27,20,2,1,0,1,0
ACC02014,20.40676230239822,72.71631183981465,2024-05-16,19:44:15,clear,urban,dusk_dawn,heavy,motorcycle,79.5,39,minor,2024-05-16 19:44:15,19,3,5,0,0,0
ACC02015,18.671308707101392,82.26268647221498,2022-09-15,09:08:53,rain,highway,daylight,moderate,motorcycle,103.2,65,moderate,2022-09-15 09:08:53,9,3,9,0,0,1
ACC02016,15.666408283443236,81.09103293709799,2026-02-16,15:36:53,clear,highway,daylight,heavy,bus,101.2,100,minor,2026-02-16 15:36:53,15,0,2,0,0,0
ACC02017,14.007384191486196,77.39968036919157,2023-12-12,18:21:39,cloudy,rural,dusk_dawn,moderate,car,69.1,45,minor,2023-12-12 18:21:39,18,1,12,0,0,0
ACC02018,14.15782441122012,74.3573536069687,2025-04-04,22:24:49,clear,highway,night_lit,low,motorcycle,98.1,69,fatal,2025-04-04 22:24:49,22,4,4,0,1,3
ACC02019,29.98272031509996,87.32671732429976,2025-11-11,01:55:06,clear,highway,night_lit,heavy,motorcycle,121.0,80,moderate,2025-11-11 01:55:06,1,1,11,0,1,1
ACC02020,19.421593083430224,81.35027915821782,2024-06-19,10:27:59,rain,highway,dusk_dawn,low,auto,97.4,76,minor,2024-06-19 10:27:59,10,2,6,0,0,0
ACC02021,12.03473474172011,82.86581386515309,2022-06-05,11:15:25,clear,highway,night_lit,moderate,car,71.0,89,moderate,2022-06-05 11:15:25,11,6,6,1,0,1
ACC02022,29.152718231268256,80.50158005231123,2025-12-28,09:14:24,clear,urban,daylight,low,car,33.8,51,minor,2025-12-28 09:14:24,9,6,12,1,0,0
ACC02023,12.359638636136628,84.90453196233928,2024-12-31,19:10:11,storm,rural,dusk_dawn,heavy,motorcycle,77.2,79,severe,2024-12-31 19:10:11,19,1,12,0,0,2
ACC02024,19.534550259981607,86.34208079276993,2026-01-08,04:48:52,cloudy,urban,night_lit,low,motorcycle,25.8,39,fatal,2026-01-08 04:48:52,4,3,1,0,1,3
ACC02025,24.91459654747181,78.12336869756207,2024-10-02,11:39:10,cloudy,highway,daylight,heavy,car,99.1,82,minor,2024-10-02 11:39:10,11,2,10,0,0,0
ACC02026,28.46278639869171,83.04040499568977,2026-01-30,17:16:51,cloudy,highway,daylight,heavy,motorcycle,110.9,71,severe,2026-01-30 17:16:51,17,4,1,0,0,2
ACC02027,24.831953245777814,75.67819975274236,2025-11-25,12:29:42,clear,rural,daylight,low,motorcycle,114.7,65,severe,2025-11-25 12:29:42,12,1,11,0,0,2
ACC02028,20.34526358820021,82.42968075459261,2022-12-21,07:30:46,clear,highway,dusk_dawn,moderate,motorcycle,105.2,85,minor,2022-12-21 07:30:46,7,2,12,0,0,0
ACC02029,29.539956701713862,78.38649007962485,2022-10-11,16:02:01,cloudy,highway,night_lit,heavy,motorcycle,109.4,93,severe,2022-10-11 16:02:01,16,1,10,0,0,2
ACC02030,12.707748894598868,72.10850559042088,2022-09-21,14:54:44,clear,highway,night_lit,heavy,car,90.6,88,minor,2022-09-21 14:54:44,14,2,9,0,0,0
ACC02031,29.764059645684146,87.28844589476194,2025-08-06,23:47:57,clear,rural,night_unlit,moderate,truck,61.7,62,minor,2025-08-06 23:47:57,23,2,8,0,1,0
ACC02032,27.2890479307519,85.8950647286195,2023-01-30,18:32:23,cloudy,rural,dusk_dawn,heavy,motorcycle,97.7,59,severe,2023-01-30 18:32:23,18,0,1,0,0,2
ACC02033,28.720740308274465,76.65338480553646,2024-01-10,23:42:26,clear,highway,night_unlit,heavy,motorcycle,74.0,70,minor,2024-01-10 23:42:26,23,2,1,0,1,0
ACC02034,16.58590363375566,87.96411702772576,2025-07-17,08:06:06,clear,highway,dusk_dawn,heavy,motorcycle,117.7,61,severe,2025-07-17 08:06:06,8,3,7,0,0,2
ACC02035,14.564245301116856,77.07404279290455,2023-12-05,18:58:29,cloudy,rural,dusk_dawn,moderate,car,112.2,41,moderate,2023-12-05 18:58:29,18,1,12,0,0,1
ACC02036,23.9396750287086,79.3415069833452,2022-04-12,15:38:40,cloudy,highway,night_lit,moderate,truck,63.0,89,moderate,2022-04-12 15:38:40,15,1,4,0,0,1
ACC02037,21.28546988375016,85.62014441879067,2023-08-18,17:56:17,cloudy,urban,daylight,heavy,motorcycle,55.0,49,moderate,2023-08-18 17:56:17,17,4,8,0,0,1
ACC02038,21.417023293398827,76.87354162124865,2022-06-05,13:51:44,clear,rural,daylight,moderate,car,93.9,77,severe,2022-06-05 13:51:44,13,6,6,1,0,2
ACC02039,28.64314521269792,79.2086445502,2023-09-26,08:35:05,rain,highway,night_lit,low,auto,80.4,82,minor,2023-09-26 08:35:05,8,1,9,0,0,0
ACC02040,23.16145631975872,82.64939467397208,2025-04-24,04:17:40,rain,urban,night_unlit,moderate,bus,44.7,59,minor,2025-04-24 04:17:40,4,3,4,0,1,0
ACC02041,17.599149031882618,74.08748087635885,2024-05-03,19:41:35,cloudy,urban,dusk_dawn,heavy,truck,69.8,31,severe,2024-05-03 19:41:35,19,4,5,0,0,2
ACC02042,19.20119801552177,78.75760589906749,2025-01-13,19:30:13,rain,urban,night_lit,moderate,motorcycle,51.0,31,minor,2025-01-13 19:30:13,19,0,1,0,0,0
ACC02043,14.40292503165332,76.95055899778602,2022-06-25,08:24:20,clear,urban,daylight,moderate,motorcycle,35.3,41,moderate,2022-06-25 08:24:20,8,5,6,1,0,1
ACC02044,15.461652724962407,82.82838889383709,2025-05-16,16:42:14,clear,urban,night_lit,moderate,motorcycle,51.5,54,minor,2025-05-16 16:42:14,16,4,5,0,0,0
ACC02045,14.580301263771693,74.17551024096595,2023-11-29,18:53:37,clear,urban,dusk_dawn,low,car,71.8,49,moderate,2023-11-29 18:53:37,18,2,11,0,0,1
ACC02046,26.58524414180438,75.723703665615,2023-04-17,15:10:38,cloudy,urban,daylight,low,motorcycle,34.2,60,minor,2023-04-17 15:10:38,15,0,4,0,0,0
ACC02047,24.687722423498137,83.38201926003973,2024-12-06,10:33:33,heavy_rain,highway,night_unlit,moderate,truck,134.6,62,fatal,2024-12-06 10:33:33,10,4,12,0,0,3
ACC02048,21.54621031699533,74.49958991558583,2022-08-10,20:46:11,clear,highway,night_lit,moderate,motorcycle,89.5,61,moderate,2022-08-10 20:46:11,20,2,8,0,1,1
ACC02049,18.738621005296277,78.75230819583824,2024-03-29,16:19:13,clear,highway,dusk_dawn,heavy,bus,86.7,65,moderate,2024-03-29 16:19:13,16,4,3,0,0,1
ACC02050,24.03289722583831,83.4060915534819,2023-11-25,17:20:48,heavy_rain,urban,night_lit,low,motorcycle,27.3,49,minor,2023-11-25 17:20:48,17,5,11,1,0,0
ACC02051,26.63229625852369,84.24749415088009,2022-09-30,17:00:27,clear,urban,daylight,moderate,motorcycle,72.4,56,minor,2022-09-30 17:00:27,17,4,9,0,0,0
ACC02052,27.86219788209076,73.5180988587467,2026-04-13,17:19:26,cloudy,urban,night_lit,heavy,motorcycle,71.7,47,minor,2026-04-13 17:19:26,17,0,4,0,0,0
ACC02053,21.846292107714003,85.63192975071165,2023-08-20,07:35:18,clear,urban,dusk_dawn,low,truck,71.0,36,minor,2023-08-20 07:35:18,7,6,8,1,0,0
ACC02054,26.757932192754616,83.58355681807946,2022-03-08,21:58:55,fog,expressway,night_lit,heavy,car,70.0,82,moderate,2022-03-08 21:58:55,21,1,3,0,1,1
ACC02055,21.20350716142851,77.42871341909301,2023-12-29,09:31:14,clear,urban,daylight,moderate,motorcycle,36.4,43,moderate,2023-12-29 09:31:14,9,4,12,0,0,1
ACC02056,20.54154160538204,84.22084563728384,2026-05-07,19:17:46,rain,rural,dusk_dawn,heavy,truck,66.6,65,fatal,2026-05-07 19:17:46,19,3,5,0,0,3
ACC02057,27.577773401197803,83.65278184545055,2025-01-03,20:48:46,cloudy,highway,night_unlit,heavy,motorcycle,80.1,86,moderate,2025-01-03 20:48:46,20,4,1,0,1,1
ACC02058,18.95473085276395,81.61425962413416,2024-11-11,16:11:14,storm,rural,daylight,heavy,car,105.3,62,minor,2024-11-11 16:11:14,16,0,11,0,0,0
ACC02059,19.12642822273264,80.93569877449352,2026-01-19,16:11:00,storm,urban,night_unlit,moderate,truck,67.8,49,fatal,2026-01-19 16:11:00,16,0,1,0,0,3
ACC02060,17.48840421512849,83.75525582239337,2022-05-18,07:31:14,rain,rural,dusk_dawn,low,bus,71.0,79,minor,2022-05-18 07:31:14,7,2,5,0,0,0
ACC02061,21.3366311093031,87.98815842728727,2024-06-22,13:48:16,clear,expressway,daylight,heavy,motorcycle,87.2,84,minor,2024-06-22 13:48:16,13,5,6,1,0,0
ACC02062,21.80730060641029,81.25683598905417,2023-06-11,16:12:44,cloudy,highway,daylight,low,truck,82.4,70,minor,2023-06-11 16:12:44,16,6,6,1,0,0
ACC02063,23.888300615588225,84.93948594819597,2025-01-15,06:00:31,heavy_rain,expressway,dusk_dawn,moderate,car,79.9,88,severe,2025-01-15 06:00:31,6,2,1,0,0,2
ACC02064,19.74904158197227,83.90837947704932,2025-11-01,07:43:25,cloudy,urban,daylight,moderate,motorcycle,35.4,30,minor,2025-11-01 07:43:25,7,5,11,1,0,0
ACC02065,15.921071253904788,85.69293443254121,2022-05-07,23:35:28,heavy_rain,rural,night_unlit,heavy,car,49.9,49,minor,2022-05-07 23:35:28,23,5,5,1,1,0
ACC02066,27.603157123449765,87.27239778214621,2022-09-17,10:41:57,rain,urban,night_unlit,heavy,auto,57.2,41,moderate,2022-09-17 10:41:57,10,5,9,1,0,1
ACC02067,18.22801561028426,75.08933131937304,2026-04-17,11:23:56,clear,urban,daylight,heavy,car,27.3,47,severe,2026-04-17 11:23:56,11,4,4,0,0,2
ACC02068,28.612981557123145,74.64735418232186,2024-03-18,09:07:01,clear,rural,night_lit,low,auto,50.3,48,severe,2024-03-18 09:07:01,9,0,3,0,0,2
ACC02069,15.732359994476203,81.38162925463841,2023-06-02,16:19:50,clear,highway,daylight,heavy,motorcycle,134.4,73,moderate,2023-06-02 16:19:50,16,4,6,0,0,1
ACC02070,22.08103457225215,79.18872100618407,2022-09-07,13:28:21,rain,urban,night_lit,heavy,motorcycle,45.2,43,severe,2022-09-07 13:28:21,13,2,9,0,0,2
ACC02071,21.65907168353014,81.1315630867067,2023-08-05,18:25:45,cloudy,highway,dusk_dawn,moderate,motorcycle,104.8,100,moderate,2023-08-05 18:25:45,18,5,8,1,0,1
ACC02072,26.91566126268592,84.76868375176814,2022-01-09,14:53:59,clear,highway,night_unlit,low,car,64.0,84,moderate,2022-01-09 14:53:59,14,6,1,1,0,1
ACC02073,14.499324961514937,86.90743168078794,2023-01-01,01:13:30,rain,rural,night_lit,moderate,car,89.4,70,severe,2023-01-01 01:13:30,1,6,1,1,1,2
ACC02074,28.378869112514305,78.67865320317694,2022-10-28,14:18:37,clear,rural,dusk_dawn,low,motorcycle,132.8,76,moderate,2022-10-28 14:18:37,14,4,10,0,0,1
ACC02075,21.565707099097263,83.48692232869799,2022-05-20,05:11:25,cloudy,rural,night_lit,moderate,truck,51.3,57,moderate,2022-05-20 05:11:25,5,4,5,0,1,1
ACC02076,22.549968910458595,75.14878700546255,2026-05-11,19:34:04,cloudy,rural,dusk_dawn,low,truck,107.4,46,minor,2026-05-11 19:34:04,19,0,5,0,0,0
ACC02077,21.18299327935981,80.55283118967237,2025-07-21,07:48:02,cloudy,urban,dusk_dawn,moderate,auto,74.4,38,severe,2025-07-21 07:48:02,7,0,7,0,0,2
ACC02078,12.648448323052795,72.34887644448833,2026-03-25,08:52:21,clear,expressway,night_lit,moderate,car,134.5,96,minor,2026-03-25 08:52:21,8,2,3,0,0,0
ACC02079,20.94763191251877,80.06000907412955,2023-01-30,13:13:49,rain,urban,daylight,moderate,truck,21.2,43,moderate,2023-01-30 13:13:49,13,0,1,0,0,1
ACC02080,16.74389392818583,80.725383346008,2023-04-19,08:25:20,rain,urban,night_lit,heavy,car,29.2,40,severe,2023-04-19 08:25:20,8,2,4,0,0,2
ACC02081,18.168387246800968,83.76712537245331,2023-04-10,15:44:25,rain,rural,daylight,low,motorcycle,71.4,74,moderate,2023-04-10 15:44:25,15,0,4,0,0,1
ACC02082,23.68382878536852,82.39175664331187,2024-07-06,13:02:31,fog,rural,night_lit,moderate,car,87.2,46,severe,2024-07-06 13:02:31,13,5,7,1,0,2
ACC02083,20.958548330533908,77.73434774889283,2022-10-26,21:42:19,clear,rural,daylight,heavy,auto,63.3,58,severe,2022-10-26 21:42:19,21,2,10,0,1,2
ACC02084,13.677927828014289,72.09169441140995,2023-01-22,06:08:29,clear,urban,night_lit,moderate,motorcycle,58.4,52,severe,2023-01-22 06:08:29,6,6,1,1,0,2
ACC02085,13.31474294571166,73.84777397796718,2026-05-20,15:02:36,clear,urban,night_unlit,moderate,motorcycle,67.7,48,severe,2026-05-20 15:02:36,15,2,5,0,0,2
ACC02086,15.341838521112669,87.56897045627923,2023-08-02,17:06:51,rain,urban,daylight,heavy,car,46.2,58,minor,2023-08-02 17:06:51,17,2,8,0,0,0
ACC02087,15.435932638300024,86.7573305330449,2025-07-06,07:52:45,clear,rural,daylight,moderate,motorcycle,64.3,56,severe,2025-07-06 07:52:45,7,6,7,1,0,2
ACC02088,22.949413625484567,77.20149060929833,2023-01-11,16:40:49,fog,urban,night_lit,heavy,car,65.7,44,minor,2023-01-11 16:40:49,16,2,1,0,0,0
ACC02089,15.20066035281977,76.1416470387822,2026-03-07,19:47:31,cloudy,highway,daylight,heavy,truck,124.7,63,moderate,2026-03-07 19:47:31,19,5,3,1,0,1
ACC02090,27.870949618945872,78.9826606990406,2025-02-13,18:41:41,rain,highway,dusk_dawn,low,motorcycle,68.0,79,moderate,2025-02-13 18:41:41,18,3,2,0,0,1
ACC02091,15.775691891041436,83.03904047379316,2025-11-15,21:47:08,cloudy,urban,daylight,heavy,car,78.4,50,fatal,2025-11-15 21:47:08,21,5,11,1,1,3
ACC02092,13.640366017674888,77.70924276252758,2024-04-27,17:29:08,rain,highway,daylight,moderate,car,78.8,73,minor,2024-04-27 17:29:08,17,5,4,1,0,0
ACC02093,27.763428294473645,73.07670156369849,2026-01-28,12:48:55,cloudy,urban,night_unlit,heavy,car,61.7,43,fatal,2026-01-28 12:48:55,12,2,1,0,0,3
ACC02094,17.315896369381193,78.44472147911034,2023-08-19,21:03:36,cloudy,highway,night_unlit,moderate,motorcycle,75.4,93,moderate,2023-08-19 21:03:36,21,5,8,1,1,1
ACC02095,19.65760733700724,76.1694239117029,2024-02-26,08:34:06,rain,highway,dusk_dawn,heavy,car,115.2,82,minor,2024-02-26 08:34:06,8,0,2,0,0,0
ACC02096,29.26247491222396,77.19888017937939,2022-04-12,16:45:24,clear,rural,daylight,moderate,car,89.2,48,moderate,2022-04-12 16:45:24,16,1,4,0,0,1
ACC02097,28.99864594483993,74.60731593259688,2022-10-08,18:59:58,heavy_rain,urban,dusk_dawn,moderate,car,46.6,52,moderate,2022-10-08 18:59:58,18,5,10,1,0,1
ACC02098,24.86850400676852,82.54144111113035,2025-06-20,20:21:01,rain,rural,night_unlit,heavy,car,132.3,78,moderate,2025-06-20 20:21:01,20,4,6,0,1,1
ACC02099,13.240901131185986,80.4260949319236,2023-06-21,20:10:26,rain,highway,night_lit,heavy,motorcycle,108.1,64,minor,2023-06-21 20:10:26,20,2,6,0,1,0
ACC02100,22.680122257405152,76.33380987672567,2022-06-17,06:43:50,clear,highway,night_unlit,low,truck,121.3,72,fatal,2022-06-17 06:43:50,6,4,6,0,0,3
ACC02101,29.80340283076064,80.86179970089987,2023-04-26,17:04:56,clear,highway,daylight,low,car,100.6,81,moderate,2023-04-26 17:04:56,17,2,4,0,0,1
ACC02102,29.044492111631648,79.8833255546758,2023-08-03,08:46:22,clear,highway,daylight,heavy,motorcycle,84.2,73,moderate,2023-08-03 08:46:22,8,3,8,0,0,1
ACC02103,13.908044865358972,84.73559770505645,2025-03-23,18:42:54,cloudy,highway,daylight,moderate,motorcycle,79.4,72,minor,2025-03-23 18:42:54,18,6,3,1,0,0
ACC02104,19.127411455626635,87.29574830944323,2022-05-29,17:41:42,clear,urban,night_lit,low,motorcycle,57.8,42,moderate,2022-05-29 17:41:42,17,6,5,1,0,1
ACC02105,17.67966142625111,74.0907281436585,2022-02-12,08:17:24,storm,highway,night_lit,moderate,auto,113.1,100,minor,2022-02-12 08:17:24,8,5,2,1,0,0
ACC02106,14.3351059242883,86.14261566252773,2025-04-03,19:07:46,fog,rural,dusk_dawn,heavy,truck,35.9,60,minor,2025-04-03 19:07:46,19,3,4,0,0,0
ACC02107,24.506369602477697,83.27675101255844,2022-08-22,13:36:48,clear,urban,night_unlit,heavy,motorcycle,38.4,54,fatal,2022-08-22 13:36:48,13,0,8,0,0,3
ACC02108,16.929270558484262,83.08085672476648,2023-11-21,15:21:16,rain,highway,daylight,moderate,motorcycle,89.9,60,minor,2023-11-21 15:21:16,15,1,11,0,0,0
ACC02109,18.20758445625536,77.98881435427955,2025-01-26,22:23:05,clear,rural,night_unlit,heavy,motorcycle,68.2,65,moderate,2025-01-26 22:23:05,22,6,1,1,1,1
ACC02110,13.626459780625524,77.50253112743874,2024-04-24,17:11:46,clear,urban,night_unlit,moderate,car,25.7,53,fatal,2024-04-24 17:11:46,17,2,4,0,0,3
ACC02111,20.96341605801598,72.09023175716027,2022-07-22,16:20:04,clear,urban,daylight,moderate,car,28.7,36,moderate,2022-07-22 16:20:04,16,4,7,0,0,1
ACC02112,14.847021545737016,87.71527799419692,2025-03-31,01:49:46,rain,urban,daylight,heavy,truck,46.3,45,minor,2025-03-31 01:49:46,1,0,3,0,1,0
ACC02113,19.777627624430806,81.70409331796878,2022-03-21,08:53:21,heavy_rain,urban,night_lit,low,bus,37.0,54,moderate,2022-03-21 08:53:21,8,0,3,0,0,1
ACC02114,14.580159997859427,78.43725798278281,2023-01-17,02:20:42,clear,urban,dusk_dawn,moderate,auto,22.7,49,moderate,2023-01-17 02:20:42,2,1,1,0,1,1
ACC02115,29.169298019102623,80.70030115027485,2022-06-29,10:08:36,clear,expressway,daylight,low,motorcycle,92.1,98,moderate,2022-06-29 10:08:36,10,2,6,0,0,1
ACC02116,14.609685597548566,72.6484325455402,2024-04-21,11:02:02,cloudy,urban,daylight,low,auto,42.7,50,severe,2024-04-21 11:02:02,11,6,4,1,0,2
ACC02117,21.3939687693114,74.7784152846667,2025-02-08,15:11:00,cloudy,urban,night_lit,moderate,truck,71.1,32,moderate,2025-02-08 15:11:00,15,5,2,1,0,1
ACC02118,15.545636855741776,81.97375879941444,2024-12-03,17:00:37,clear,rural,night_unlit,heavy,motorcycle,78.5,44,fatal,2024-12-03 17:00:37,17,1,12,0,0,3
ACC02119,13.374512462506967,80.22818767493791,2022-08-17,08:40:30,rain,urban,night_lit,moderate,bus,24.9,57,minor,2022-08-17 08:40:30,8,2,8,0,0,0
ACC02120,15.641555139157768,84.59319716684213,2023-07-18,16:38:02,fog,expressway,night_unlit,moderate,auto,76.8,81,severe,2023-07-18 16:38:02,16,1,7,0,0,2
ACC02121,12.98593393302785,82.53988304712539,2022-08-29,20:46:58,cloudy,rural,night_lit,low,motorcycle,125.9,74,moderate,2022-08-29 20:46:58,20,0,8,0,1,1
ACC02122,14.5091528961778,81.6229708156702,2023-07-17,08:19:14,heavy_rain,urban,night_lit,heavy,truck,74.1,48,severe,2023-07-17 08:19:14,8,0,7,0,0,2
ACC02123,20.882714839737908,85.04425126888502,2023-01-14,17:49:51,rain,urban,daylight,moderate,truck,29.6,32,moderate,2023-01-14 17:49:51,17,5,1,1,0,1
ACC02124,23.73267937903633,73.09220968883041,2025-04-30,04:10:07,cloudy,urban,night_lit,heavy,motorcycle,47.5,31,minor,2025-04-30 04:10:07,4,2,4,0,1,0
ACC02125,13.572116671292102,83.05418874290056,2025-05-17,15:13:13,rain,highway,night_unlit,moderate,motorcycle,122.9,72,moderate,2025-05-17 15:13:13,15,5,5,1,0,1
ACC02126,19.938335230276834,83.44945141262424,2025-09-05,18:54:31,cloudy,urban,dusk_dawn,moderate,car,73.5,37,severe,2025-09-05 18:54:31,18,4,9,0,0,2
ACC02127,22.462446411360336,76.40261679488017,2022-11-25,03:52:31,cloudy,highway,night_unlit,low,auto,108.7,82,severe,2022-11-25 03:52:31,3,4,11,0,1,2
ACC02128,16.21606217179911,75.13039418379832,2022-01-23,10:35:36,clear,urban,daylight,low,car,24.6,53,moderate,2022-01-23 10:35:36,10,6,1,1,0,1
ACC02129,18.697411407288456,75.42163960729599,2022-02-28,20:36:10,rain,urban,night_unlit,moderate,car,55.1,51,fatal,2022-02-28 20:36:10,20,0,2,0,1,3
ACC02130,13.293027655204956,75.1702538149119,2025-10-17,08:42:15,clear,expressway,night_lit,heavy,motorcycle,77.7,99,minor,2025-10-17 08:42:15,8,4,10,0,0,0
ACC02131,15.962359444195709,80.38051505445752,2026-01-27,17:49:15,clear,highway,daylight,low,motorcycle,93.4,91,moderate,2026-01-27 17:49:15,17,1,1,0,0,1
ACC02132,20.401552666540923,74.17002098185326,2022-12-14,16:13:26,cloudy,urban,daylight,heavy,car,65.1,30,minor,2022-12-14 16:13:26,16,2,12,0,0,0
ACC02133,29.8279592206558,82.54857378270961,2025-12-09,08:04:55,clear,urban,night_lit,moderate,car,54.6,39,minor,2025-12-09 08:04:55,8,1,12,0,0,0
ACC02134,29.932771132904403,73.68125214318032,2024-05-19,18:11:27,clear,urban,daylight,moderate,bus,22.5,53,moderate,2024-05-19 18:11:27,18,6,5,1,0,1
ACC02135,29.633190260237185,72.4302342449641,2022-10-31,15:21:59,clear,highway,daylight,heavy,motorcycle,116.4,92,minor,2022-10-31 15:21:59,15,0,10,0,0,0
ACC02136,19.615554953405898,77.10864387913394,2023-05-29,07:14:15,heavy_rain,urban,dusk_dawn,moderate,auto,52.8,37,minor,2023-05-29 07:14:15,7,0,5,0,0,0
ACC02137,13.45224681146397,75.06975557972865,2023-03-12,21:31:14,cloudy,urban,daylight,heavy,bus,28.9,46,minor,2023-03-12 21:31:14,21,6,3,1,1,0
ACC02138,17.824321870488003,87.81859288656132,2025-06-07,14:08:06,clear,highway,daylight,heavy,motorcycle,115.3,69,moderate,2025-06-07 14:08:06,14,5,6,1,0,1
ACC02139,16.278858756677593,76.84794080987548,2022-11-06,18:34:12,rain,urban,dusk_dawn,heavy,motorcycle,44.3,54,fatal,2022-11-06 18:34:12,18,6,11,1,0,3
ACC02140,12.254278348377383,75.55302537640821,2022-10-28,08:42:18,rain,highway,dusk_dawn,moderate,car,96.0,85,moderate,2022-10-28 08:42:18,8,4,10,0,0,1
ACC02141,13.714204985190758,75.14831717598743,2025-03-27,07:05:23,clear,urban,dusk_dawn,heavy,auto,33.5,51,moderate,2025-03-27 07:05:23,7,3,3,0,0,1
ACC02142,20.15745483088319,77.98164647685584,2023-05-12,18:17:42,cloudy,expressway,dusk_dawn,heavy,motorcycle,112.4,87,minor,2023-05-12 18:17:42,18,4,5,0,0,0
ACC02143,18.113924348477347,81.69358232530524,2023-02-15,17:32:26,clear,highway,night_unlit,low,truck,109.8,88,moderate,2023-02-15 17:32:26,17,2,2,0,0,1
ACC02144,15.246366989420697,84.51112440074051,2025-08-19,09:03:41,cloudy,highway,dusk_dawn,moderate,auto,66.8,61,severe,2025-08-19 09:03:41,9,1,8,0,0,2
ACC02145,24.889799471857447,77.83321996388909,2026-03-10,18:39:05,rain,expressway,dusk_dawn,heavy,car,106.7,92,minor,2026-03-10 18:39:05,18,1,3,0,0,0
ACC02146,18.428080726139136,82.01553568068464,2024-06-30,14:45:56,clear,highway,night_lit,moderate,bus,63.9,82,moderate,2024-06-30 14:45:56,14,6,6,1,0,1
ACC02147,27.3336214034378,79.7129583724702,2025-09-20,11:21:08,cloudy,urban,dusk_dawn,moderate,truck,65.4,59,minor,2025-09-20 11:21:08,11,5,9,1,0,0
ACC02148,16.337588884736114,85.54392554005437,2025-10-13,18:00:02,clear,urban,daylight,heavy,motorcycle,68.4,37,moderate,2025-10-13 18:00:02,18,0,10,0,0,1
ACC02149,21.691082821559245,81.10466843453496,2024-08-24,16:30:25,cloudy,urban,night_unlit,heavy,auto,32.4,46,moderate,2024-08-24 16:30:25,16,5,8,1,0,1
ACC02150,15.314505908685284,76.6382667500656,2025-09-24,14:52:39,clear,urban,daylight,low,motorcycle,58.5,46,minor,2025-09-24 14:52:39,14,2,9,0,0,0
ACC02151,20.91541109494516,83.2573961148521,2022-01-15,18:17:14,rain,urban,dusk_dawn,moderate,motorcycle,68.4,43,moderate,2022-01-15 18:17:14,18,5,1,1,0,1
ACC02152,14.744397161610951,85.12103180836793,2022-02-27,15:50:09,cloudy,expressway,night_lit,moderate,car,123.9,94,minor,2022-02-27 15:50:09,15,6,2,1,0,0
ACC02153,14.908415238687397,79.44705050822344,2025-12-21,21:52:50,clear,urban,night_lit,low,truck,46.2,56,minor,2025-12-21 21:52:50,21,6,12,1,1,0
ACC02154,23.020020786756284,87.7951558221171,2022-08-19,19:16:49,rain,urban,dusk_dawn,low,truck,75.0,41,minor,2022-08-19 19:16:49,19,4,8,0,0,0
ACC02155,16.7481487591638,86.06555006706101,2025-04-09,11:35:45,clear,expressway,dusk_dawn,heavy,car,126.2,88,severe,2025-04-09 11:35:45,11,2,4,0,0,2
ACC02156,15.102610078156452,75.15127471464787,2023-11-21,13:02:13,cloudy,highway,dusk_dawn,heavy,motorcycle,64.2,86,moderate,2023-11-21 13:02:13,13,1,11,0,0,1
ACC02157,28.73582850243132,84.5880939544998,2025-07-17,22:33:32,cloudy,expressway,night_lit,heavy,car,86.5,83,fatal,2025-07-17 22:33:32,22,3,7,0,1,3
ACC02158,12.77405851332092,81.61521990959626,2024-12-28,20:52:41,clear,expressway,night_unlit,heavy,motorcycle,122.6,84,moderate,2024-12-28 20:52:41,20,5,12,1,1,1
ACC02159,22.172666028525967,80.55698076492536,2022-04-28,08:56:25,clear,expressway,night_unlit,heavy,motorcycle,113.1,97,moderate,2022-04-28 08:56:25,8,3,4,0,0,1
ACC02160,21.86874915299877,80.2230173852731,2023-07-08,09:11:10,clear,highway,night_lit,low,truck,90.9,66,severe,2023-07-08 09:11:10,9,5,7,1,0,2
ACC02161,16.510959739255078,85.65457828451886,2025-03-09,11:39:49,rain,urban,daylight,moderate,car,33.1,36,minor,2025-03-09 11:39:49,11,6,3,1,0,0
ACC02162,20.14989141203072,81.77396462245518,2026-02-22,20:03:56,rain,rural,night_lit,low,car,43.8,56,minor,2026-02-22 20:03:56,20,6,2,1,1,0
ACC02163,13.57928009548744,80.60329576085974,2025-08-14,21:16:09,clear,highway,night_unlit,moderate,car,80.9,89,severe,2025-08-14 21:16:09,21,3,8,0,1,2
ACC02164,24.98286262662994,72.78175850812879,2026-01-04,18:50:42,clear,urban,dusk_dawn,heavy,auto,27.6,30,minor,2026-01-04 18:50:42,18,6,1,1,0,0
ACC02165,15.990548670782818,79.17284591613692,2026-04-20,09:38:53,heavy_rain,highway,daylight,low,motorcycle,83.6,76,moderate,2026-04-20 09:38:53,9,0,4,0,0,1
ACC02166,15.480936476878007,86.52866499272812,2026-01-08,20:23:32,clear,highway,daylight,moderate,car,69.8,62,minor,2026-01-08 20:23:32,20,3,1,0,1,0
ACC02167,17.667812608995057,83.3877876695139,2024-08-11,03:57:02,clear,rural,night_lit,moderate,car,20.2,44,severe,2024-08-11 03:57:02,3,6,8,1,1,2
ACC02168,28.242658564736555,72.81526364889845,2023-07-06,12:45:41,rain,expressway,dusk_dawn,low,car,139.8,93,moderate,2023-07-06 12:45:41,12,3,7,0,0,1
ACC02169,26.33639966910377,86.14387651441668,2024-04-14,11:01:55,clear,highway,night_lit,heavy,truck,114.2,77,moderate,2024-04-14 11:01:55,11,6,4,1,0,1
ACC02170,29.04406124040764,85.22667554203286,2025-07-30,15:04:15,fog,highway,night_lit,moderate,motorcycle,103.9,75,minor,2025-07-30 15:04:15,15,2,7,0,0,0
ACC02171,23.73532222859554,80.74694738511245,2023-11-30,15:37:08,clear,urban,daylight,moderate,truck,29.2,30,minor,2023-11-30 15:37:08,15,3,11,0,0,0
ACC02172,23.93258719857758,72.3584874429165,2025-09-26,08:52:15,rain,highway,dusk_dawn,heavy,car,138.8,90,minor,2025-09-26 08:52:15,8,4,9,0,0,0
ACC02173,20.640557989671905,80.99887388854081,2025-02-25,08:09:48,clear,urban,daylight,low,motorcycle,74.8,32,fatal,2025-02-25 08:09:48,8,1,2,0,0,3
ACC02174,28.29335382060556,72.87342479882281,2022-12-10,18:32:33,clear,rural,dusk_dawn,moderate,motorcycle,127.9,63,minor,2022-12-10 18:32:33,18,5,12,1,0,0
ACC02175,21.195788686865924,77.12606335419969,2026-02-20,06:48:01,clear,urban,dusk_dawn,heavy,car,57.2,53,minor,2026-02-20 06:48:01,6,4,2,0,0,0
ACC02176,18.391081274310444,82.06255390244382,2025-10-21,14:51:35,storm,rural,night_unlit,moderate,car,32.8,64,moderate,2025-10-21 14:51:35,14,1,10,0,0,1
ACC02177,23.52675017851797,86.6066093421148,2024-09-11,08:38:48,cloudy,highway,night_lit,moderate,car,89.7,72,minor,2024-09-11 08:38:48,8,2,9,0,0,0
ACC02178,21.830510881217343,77.72473019615165,2022-11-15,10:59:11,clear,highway,night_lit,moderate,truck,129.7,91,minor,2022-11-15 10:59:11,10,1,11,0,0,0
ACC02179,14.23235667557812,85.76038052613525,2023-01-09,09:56:35,fog,rural,dusk_dawn,low,motorcycle,50.5,65,minor,2023-01-09 09:56:35,9,0,1,0,0,0
ACC02180,19.06905745042373,86.69377616640826,2025-10-10,17:50:13,clear,highway,night_lit,low,motorcycle,131.3,90,minor,2025-10-10 17:50:13,17,4,10,0,0,0
ACC02181,17.639857399700638,72.33670208731704,2022-01-29,13:40:01,clear,highway,daylight,heavy,motorcycle,69.7,85,severe,2022-01-29 13:40:01,13,5,1,1,0,2
ACC02182,27.24300795020037,75.8308454040405,2024-03-05,10:59:24,clear,urban,night_lit,low,car,27.0,47,minor,2024-03-05 10:59:24,10,1,3,0,0,0
ACC02183,18.81916602551596,83.35779678763998,2024-10-13,19:01:46,rain,highway,night_unlit,heavy,truck,139.3,75,moderate,2024-10-13 19:01:46,19,6,10,1,0,1
ACC02184,26.787994187500068,84.10948868927278,2023-01-17,06:05:40,clear,urban,night_unlit,low,truck,43.3,51,severe,2023-01-17 06:05:40,6,1,1,0,0,2
ACC02185,19.96301269021702,78.27866960347286,2025-11-20,18:30:06,clear,rural,dusk_dawn,heavy,car,26.3,72,moderate,2025-11-20 18:30:06,18,3,11,0,0,1
ACC02186,25.56301014202098,82.50807380436568,2024-05-07,09:40:11,fog,highway,night_lit,heavy,bus,120.0,64,minor,2024-05-07 09:40:11,9,1,5,0,0,0
ACC02187,14.435074713201418,81.79453787779256,2022-04-19,21:54:32,cloudy,urban,night_unlit,low,motorcycle,38.4,37,moderate,2022-04-19 21:54:32,21,1,4,0,1,1
ACC02188,28.643703953852324,83.83639938561696,2023-06-10,00:40:19,clear,highway,daylight,moderate,motorcycle,87.6,68,moderate,2023-06-10 00:40:19,0,5,6,1,1,1
ACC02189,20.650078034380527,83.49853484392195,2023-10-15,15:13:19,cloudy,rural,night_lit,heavy,motorcycle,78.4,55,minor,2023-10-15 15:13:19,15,6,10,1,0,0
ACC02190,16.676368421273516,73.37393276784579,2023-01-01,16:54:26,clear,urban,night_unlit,moderate,truck,72.6,34,fatal,2023-01-01 16:54:26,16,6,1,1,0,3
ACC02191,16.346812914566524,74.53200289504097,2026-03-24,15:04:45,cloudy,rural,night_unlit,heavy,car,61.0,53,fatal,2026-03-24 15:04:45,15,1,3,0,0,3
ACC02192,16.771391194349494,74.12363435614905,2023-08-15,19:05:34,clear,highway,night_unlit,low,car,92.3,72,severe,2023-08-15 19:05:34,19,1,8,0,0,2
ACC02193,18.60103511252342,86.9196811174851,2024-04-03,07:43:51,cloudy,rural,dusk_dawn,heavy,auto,77.4,46,minor,2024-04-03 07:43:51,7,2,4,0,0,0
ACC02194,24.9153515881611,86.61668237364783,2024-05-28,12:57:06,rain,rural,night_lit,moderate,auto,101.8,79,moderate,2024-05-28 12:57:06,12,1,5,0,0,1
ACC02195,29.092854772214285,84.75859631355152,2022-12-29,19:30:27,clear,rural,dusk_dawn,moderate,truck,84.8,53,minor,2022-12-29 19:30:27,19,3,12,0,0,0
ACC02196,24.04267374222538,73.86749697081535,2024-07-21,20:08:33,clear,rural,night_lit,moderate,car,33.1,79,minor,2024-07-21 20:08:33,20,6,7,1,1,0
ACC02197,21.84899287699381,81.18834351871337,2023-08-04,14:02:45,clear,highway,daylight,moderate,motorcycle,65.7,81,minor,2023-08-04 14:02:45,14,4,8,0,0,0
ACC02198,20.074760544308425,74.99569001743762,2022-01-17,15:58:30,rain,urban,night_lit,moderate,motorcycle,41.3,53,minor,2022-01-17 15:58:30,15,0,1,0,0,0
ACC02199,26.90750040667709,77.89414300094084,2023-11-02,18:16:54,rain,urban,dusk_dawn,low,car,25.1,40,minor,2023-11-02 18:16:54,18,3,11,0,0,0
ACC02200,27.29382964402926,76.27346042619861,2024-08-16,18:38:50,rain,highway,dusk_dawn,heavy,car,122.7,98,moderate,2024-08-16 18:38:50,18,4,8,0,0,1
ACC02201,17.274678139790733,85.26289570379946,2022-07-12,20:19:41,storm,urban,night_lit,moderate,bus,20.7,54,moderate,2022-07-12 20:19:41,20,1,7,0,1,1
ACC02202,29.161564475761743,74.31122239230837,2025-07-03,19:12:23,rain,urban,dusk_dawn,moderate,car,54.3,42,moderate,2025-07-03 19:12:23,19,3,7,0,0,1
ACC02203,19.11207653771488,82.3388666977612,2024-12-21,12:40:19,fog,urban,daylight,heavy,car,29.1,34,severe,2024-12-21 12:40:19,12,5,12,1,0,2
ACC02204,26.4014052454475,87.74231462041867,2023-05-24,16:44:32,cloudy,expressway,dusk_dawn,heavy,car,84.4,88,minor,2023-05-24 16:44:32,16,2,5,0,0,0
ACC02205,29.4027578054802,82.99287333205814,2024-08-30,14:28:27,clear,rural,night_lit,heavy,motorcycle,121.0,60,minor,2024-08-30 14:28:27,14,4,8,0,0,0
ACC02206,24.665845815401,73.26773582411136,2023-05-14,07:30:01,cloudy,urban,dusk_dawn,low,truck,79.6,31,moderate,2023-05-14 07:30:01,7,6,5,1,0,1
ACC02207,14.907913076121488,86.5255920314004,2024-11-29,19:29:13,clear,urban,dusk_dawn,heavy,car,74.4,32,moderate,2024-11-29 19:29:13,19,4,11,0,0,1
ACC02208,22.550465193130755,82.28927484303354,2022-09-10,16:35:50,clear,urban,dusk_dawn,low,truck,51.2,41,minor,2022-09-10 16:35:50,16,5,9,1,0,0
ACC02209,14.137988215720412,79.30097567368325,2024-09-29,05:48:27,clear,urban,night_unlit,moderate,car,62.0,39,severe,2024-09-29 05:48:27,5,6,9,1,1,2
ACC02210,26.20455671764067,82.5550796566579,2022-04-01,17:42:56,clear,highway,daylight,heavy,motorcycle,87.4,91,minor,2022-04-01 17:42:56,17,4,4,0,0,0
ACC02211,17.063673129729892,86.0647092875622,2022-01-28,09:16:14,rain,urban,night_lit,low,car,31.9,32,moderate,2022-01-28 09:16:14,9,4,1,0,0,1
ACC02212,24.51386681508033,79.634035646644,2023-02-22,06:14:58,clear,urban,dusk_dawn,low,motorcycle,21.2,37,moderate,2023-02-22 06:14:58,6,2,2,0,0,1
ACC02213,28.38161413434358,80.50114372499567,2022-10-14,16:40:48,clear,urban,night_lit,moderate,auto,21.6,60,moderate,2022-10-14 16:40:48,16,4,10,0,0,1
ACC02214,15.258177312063104,79.23915838748725,2024-03-16,17:38:21,heavy_rain,highway,night_unlit,moderate,truck,101.3,95,moderate,2024-03-16 17:38:21,17,5,3,1,0,1
ACC02215,19.071441094821,73.16146282117865,2022-09-29,14:22:36,cloudy,highway,night_lit,moderate,car,100.5,76,minor,2022-09-29 14:22:36,14,3,9,0,0,0
ACC02216,23.648138185324196,84.59312203083773,2023-02-06,00:50:59,clear,urban,night_unlit,heavy,auto,54.0,49,fatal,2023-02-06 00:50:59,0,0,2,0,1,3
ACC02217,19.55385467057102,74.02258789826942,2022-06-10,15:25:37,clear,highway,dusk_dawn,heavy,truck,76.5,62,minor,2022-06-10 15:25:37,15,4,6,0,0,0
ACC02218,15.146740949244874,78.31312016461297,2025-12-27,00:20:55,clear,rural,night_unlit,heavy,motorcycle,137.5,78,fatal,2025-12-27 00:20:55,0,5,12,1,1,3
ACC02219,12.523289055038346,78.18916552972367,2025-04-22,21:33:06,heavy_rain,urban,daylight,low,bus,30.2,60,moderate,2025-04-22 21:33:06,21,1,4,0,1,1
ACC02220,19.31876658663533,76.48065267338781,2022-12-24,09:11:09,clear,highway,night_lit,moderate,truck,60.9,96,minor,2022-12-24 09:11:09,9,5,12,1,0,0
ACC02221,23.685762478474565,78.4401140143107,2022-07-17,19:41:00,fog,expressway,dusk_dawn,heavy,truck,117.1,100,minor,2022-07-17 19:41:00,19,6,7,1,0,0
ACC02222,22.331715746744795,81.88814576611885,2025-10-28,01:53:19,clear,urban,night_unlit,low,car,62.9,45,severe,2025-10-28 01:53:19,1,1,10,0,1,2
ACC02223,14.812342315691565,76.98219699532339,2025-01-02,06:56:47,rain,highway,night_lit,moderate,car,95.0,98,moderate,2025-01-02 06:56:47,6,3,1,0,0,1
ACC02224,20.11248198961296,74.76019100317242,2025-12-25,13:26:57,clear,rural,daylight,low,bus,124.0,62,minor,2025-12-25 13:26:57,13,3,12,0,0,0
ACC02225,18.65047883126255,85.90988016811626,2022-10-20,18:16:32,cloudy,rural,dusk_dawn,low,truck,117.3,78,fatal,2022-10-20 18:16:32,18,3,10,0,0,3
ACC02226,16.9356432412812,87.53332239771417,2023-08-13,21:28:25,clear,urban,night_lit,low,truck,62.1,47,moderate,2023-08-13 21:28:25,21,6,8,1,1,1
ACC02227,25.126882389487008,79.33734118202113,2022-07-14,14:06:55,clear,highway,daylight,heavy,truck,117.5,86,minor,2022-07-14 14:06:55,14,3,7,0,0,0
ACC02228,17.573736540489318,77.23231539751337,2023-11-27,11:40:35,storm,rural,dusk_dawn,moderate,bus,111.9,74,minor,2023-11-27 11:40:35,11,0,11,0,0,0
ACC02229,21.72255514199453,72.75971324445167,2022-09-24,04:25:32,rain,highway,night_lit,low,motorcycle,91.0,79,minor,2022-09-24 04:25:32,4,5,9,1,1,0
ACC02230,28.6180236348531,72.58962464976085,2022-01-07,16:07:05,clear,urban,night_lit,moderate,motorcycle,77.7,45,moderate,2022-01-07 16:07:05,16,4,1,0,0,1
ACC02231,21.70696768056448,78.28611193032643,2024-04-14,11:32:12,rain,rural,night_lit,low,car,106.2,42,severe,2024-04-14 11:32:12,11,6,4,1,0,2
ACC02232,23.10641238289009,86.88387229281545,2026-05-27,20:43:41,clear,rural,night_lit,low,car,103.2,42,moderate,2026-05-27 20:43:41,20,2,5,0,1,1
ACC02233,13.318427751015925,83.69133669442503,2024-11-25,14:13:41,fog,urban,daylight,heavy,motorcycle,66.3,44,minor,2024-11-25 14:13:41,14,0,11,0,0,0
ACC02234,15.206414587351254,77.5883107019324,2025-05-27,18:24:29,cloudy,highway,dusk_dawn,moderate,motorcycle,89.8,64,minor,2025-05-27 18:24:29,18,1,5,0,0,0
ACC02235,13.817121587366042,87.48874280291298,2025-08-26,19:53:42,clear,highway,dusk_dawn,heavy,car,132.5,92,severe,2025-08-26 19:53:42,19,1,8,0,0,2
ACC02236,25.76663307040512,78.86012645209169,2026-05-16,06:42:41,clear,rural,dusk_dawn,moderate,motorcycle,129.6,46,minor,2026-05-16 06:42:41,6,5,5,1,0,0
ACC02237,27.04657945650316,76.42868390359433,2022-07-31,13:47:03,clear,rural,daylight,low,motorcycle,73.4,61,moderate,2022-07-31 13:47:03,13,6,7,1,0,1
ACC02238,15.356195277502398,78.82165191558971,2023-02-16,20:26:50,fog,rural,night_lit,heavy,motorcycle,61.2,46,minor,2023-02-16 20:26:50,20,3,2,0,1,0
ACC02239,15.946891516615638,75.38469163174132,2024-10-08,12:29:41,clear,highway,daylight,low,motorcycle,81.5,100,minor,2024-10-08 12:29:41,12,1,10,0,0,0
ACC02240,17.817731210870093,86.17022032321273,2025-09-10,15:29:13,clear,expressway,daylight,moderate,car,90.6,88,minor,2025-09-10 15:29:13,15,2,9,0,0,0
ACC02241,22.63939710516904,77.77877296668305,2025-06-24,20:27:12,rain,highway,night_lit,heavy,truck,88.3,79,minor,2025-06-24 20:27:12,20,1,6,0,1,0
ACC02242,23.19233148840035,82.52750343190914,2025-04-09,09:08:57,clear,highway,daylight,moderate,motorcycle,75.6,89,minor,2025-04-09 09:08:57,9,2,4,0,0,0
ACC02243,24.361571253746234,78.22475518123461,2023-05-28,20:02:15,clear,rural,night_unlit,heavy,motorcycle,29.1,47,moderate,2023-05-28 20:02:15,20,6,5,1,1,1
ACC02244,28.29346961184233,86.4277026874234,2023-08-23,12:49:01,rain,urban,night_lit,heavy,motorcycle,53.8,39,moderate,2023-08-23 12:49:01,12,2,8,0,0,1
ACC02245,17.31072252893769,82.27809202745009,2022-05-11,16:32:01,clear,urban,night_lit,low,car,40.7,59,moderate,2022-05-11 16:32:01,16,2,5,0,0,1
ACC02246,23.85766180572196,79.81203024450079,2023-05-31,10:31:13,rain,urban,daylight,low,truck,77.5,32,minor,2023-05-31 10:31:13,10,2,5,0,0,0
ACC02247,22.07501122399846,74.11428750690142,2022-09-14,15:35:37,cloudy,rural,daylight,moderate,auto,28.4,49,severe,2022-09-14 15:35:37,15,2,9,0,0,2
ACC02248,17.505070327426207,86.43066660563527,2026-03-21,05:24:27,clear,highway,night_lit,low,car,76.2,63,minor,2026-03-21 05:24:27,5,5,3,1,1,0
ACC02249,28.33347335868612,80.74906989234833,2022-05-31,06:53:43,cloudy,highway,dusk_dawn,moderate,car,135.7,69,severe,2022-05-31 06:53:43,6,1,5,0,0,2
ACC02250,13.718701415265915,76.56084756738268,2023-08-20,12:28:13,clear,urban,night_lit,moderate,truck,31.2,50,minor,2023-08-20 12:28:13,12,6,8,1,0,0
ACC02251,24.81601848297693,86.04683026906727,2025-12-27,10:30:13,cloudy,rural,night_lit,heavy,truck,138.8,76,moderate,2025-12-27 10:30:13,10,5,12,1,0,1
ACC02252,25.101726834406836,72.87104683831052,2026-04-19,16:31:24,cloudy,expressway,daylight,heavy,car,67.7,95,moderate,2026-04-19 16:31:24,16,6,4,1,0,1
ACC02253,28.475877498419308,77.02523067727314,2023-09-11,04:09:47,rain,urban,night_unlit,low,motorcycle,32.0,57,moderate,2023-09-11 04:09:47,4,0,9,0,1,1
ACC02254,21.334450662324365,80.58925441923436,2024-02-04,08:10:30,cloudy,rural,night_lit,low,bus,115.8,52,moderate,2024-02-04 08:10:30,8,6,2,1,0,1
ACC02255,17.78920208794643,77.43702937669269,2024-05-09,08:10:45,rain,urban,night_unlit,heavy,car,57.8,34,severe,2024-05-09 08:10:45,8,3,5,0,0,2
ACC02256,26.89933205748037,79.62774808606173,2025-09-12,13:15:05,clear,highway,dusk_dawn,low,truck,116.9,85,moderate,2025-09-12 13:15:05,13,4,9,0,0,1
ACC02257,25.874585072983063,76.22906003729574,2025-06-16,09:09:24,fog,highway,daylight,low,truck,69.1,72,minor,2025-06-16 09:09:24,9,0,6,0,0,0
ACC02258,21.00568105955047,74.08132945492636,2024-05-10,07:13:26,clear,highway,dusk_dawn,low,car,72.6,64,minor,2024-05-10 07:13:26,7,4,5,0,0,0
ACC02259,25.8214327614086,72.58966621786962,2023-09-03,16:56:04,rain,highway,daylight,moderate,auto,118.6,79,moderate,2023-09-03 16:56:04,16,6,9,1,0,1
ACC02260,16.821760837390695,74.52234503859427,2023-09-04,18:21:18,cloudy,highway,dusk_dawn,low,auto,110.4,89,moderate,2023-09-04 18:21:18,18,0,9,0,0,1
ACC02261,22.611113947262425,87.24714422439699,2024-12-01,17:47:16,clear,highway,night_lit,moderate,truck,88.3,60,minor,2024-12-01 17:47:16,17,6,12,1,0,0
ACC02262,27.57330218618176,81.20645013338782,2025-10-03,09:23:27,clear,rural,daylight,low,motorcycle,65.2,68,severe,2025-10-03 09:23:27,9,4,10,0,0,2
ACC02263,17.723721083097224,79.82336200444722,2022-05-06,19:49:09,heavy_rain,highway,dusk_dawn,heavy,motorcycle,79.6,74,fatal,2022-05-06 19:49:09,19,4,5,0,0,3
ACC02264,20.703899683753377,78.14918142889134,2025-06-16,16:45:16,rain,rural,night_unlit,low,motorcycle,36.6,54,moderate,2025-06-16 16:45:16,16,0,6,0,0,1
ACC02265,29.11880737511201,83.33472233573417,2024-02-29,16:50:57,rain,rural,daylight,heavy,car,68.7,51,fatal,2024-02-29 16:50:57,16,3,2,0,0,3
ACC02266,26.367813155491262,74.26015161449749,2022-08-27,08:17:08,clear,urban,daylight,moderate,car,79.2,58,minor,2022-08-27 08:17:08,8,5,8,1,0,0
ACC02267,27.96670236594995,76.41807788244262,2022-06-08,09:05:49,cloudy,rural,dusk_dawn,moderate,car,127.0,45,minor,2022-06-08 09:05:49,9,2,6,0,0,0
ACC02268,18.934447096028038,82.49443391462005,2023-07-08,13:18:32,clear,highway,daylight,heavy,motorcycle,93.4,96,minor,2023-07-08 13:18:32,13,5,7,1,0,0
ACC02269,29.93709467342206,79.66502983336365,2023-02-12,09:42:04,cloudy,highway,daylight,moderate,truck,129.8,61,minor,2023-02-12 09:42:04,9,6,2,1,0,0
ACC02270,14.746180884308632,84.32148062334542,2022-06-20,17:39:24,clear,rural,night_unlit,low,bus,47.1,63,severe,2022-06-20 17:39:24,17,0,6,0,0,2
ACC02271,21.33787049789356,86.35375750330645,2023-04-27,10:42:30,rain,urban,daylight,moderate,motorcycle,25.0,36,moderate,2023-04-27 10:42:30,10,3,4,0,0,1
ACC02272,20.626920881332488,85.1739614619305,2025-09-30,07:59:16,rain,urban,dusk_dawn,low,motorcycle,79.4,59,minor,2025-09-30 07:59:16,7,1,9,0,0,0
ACC02273,26.37177943440242,74.94732342817171,2025-03-24,07:13:16,clear,rural,dusk_dawn,low,motorcycle,72.5,62,moderate,2025-03-24 07:13:16,7,0,3,0,0,1
ACC02274,28.35511990527021,73.46352376843166,2022-12-10,07:26:42,rain,rural,dusk_dawn,heavy,motorcycle,126.7,75,minor,2022-12-10 07:26:42,7,5,12,1,0,0
ACC02275,25.16050878434508,74.71104960872077,2025-01-11,13:29:01,clear,urban,night_lit,heavy,truck,43.5,50,moderate,2025-01-11 13:29:01,13,5,1,1,0,1
ACC02276,23.28269225034545,84.53649106560368,2024-01-12,00:08:55,clear,highway,night_lit,moderate,car,118.0,63,fatal,2024-01-12 00:08:55,0,4,1,0,1,3
ACC02277,19.693725435273063,86.62129743188336,2025-05-11,15:39:19,clear,rural,daylight,moderate,car,120.9,74,minor,2025-05-11 15:39:19,15,6,5,1,0,0
ACC02278,21.18586650736321,86.80718188326172,2023-02-11,10:02:22,clear,expressway,daylight,moderate,car,131.8,99,moderate,2023-02-11 10:02:22,10,5,2,1,0,1
ACC02279,21.167405638046795,76.77145262992713,2022-04-12,15:53:07,clear,urban,night_unlit,low,auto,58.3,44,moderate,2022-04-12 15:53:07,15,1,4,0,0,1
ACC02280,12.366632526318798,85.44546204821694,2023-05-29,21:05:52,rain,rural,night_unlit,low,auto,75.3,45,moderate,2023-05-29 21:05:52,21,0,5,0,1,1
ACC02281,21.0548244868982,80.57976856035354,2026-06-21,19:06:13,rain,urban,dusk_dawn,moderate,motorcycle,61.1,59,minor,2026-06-21 19:06:13,19,6,6,1,0,0
ACC02282,27.40747440313425,85.16466957357132,2024-07-01,15:10:48,cloudy,highway,daylight,moderate,motorcycle,83.0,97,severe,2024-07-01 15:10:48,15,0,7,0,0,2
ACC02283,24.76693220056047,80.77383747808001,2022-03-31,12:53:19,storm,expressway,dusk_dawn,low,motorcycle,97.2,87,moderate,2022-03-31 12:53:19,12,3,3,0,0,1
ACC02284,26.32275519825009,74.3342915164659,2026-05-21,17:51:01,heavy_rain,urban,daylight,moderate,motorcycle,53.4,35,minor,2026-05-21 17:51:01,17,3,5,0,0,0
ACC02285,19.02872981583338,73.26751281716956,2025-09-17,21:55:24,clear,urban,night_lit,moderate,car,75.1,40,minor,2025-09-17 21:55:24,21,2,9,0,1,0
ACC02286,21.521518264433247,87.31550638734943,2024-06-11,14:49:31,cloudy,urban,night_lit,moderate,car,39.4,48,moderate,2024-06-11 14:49:31,14,1,6,0,0,1
ACC02287,12.602704241947809,78.81284090290526,2025-04-30,06:55:28,heavy_rain,urban,daylight,heavy,car,64.1,33,minor,2025-04-30 06:55:28,6,2,4,0,0,0
ACC02288,18.893962959048185,77.60833031835709,2022-10-31,18:28:59,clear,highway,dusk_dawn,heavy,auto,113.4,67,minor,2022-10-31 18:28:59,18,0,10,0,0,0
ACC02289,20.539488808067592,77.70084935629296,2024-08-29,01:00:31,clear,urban,night_lit,moderate,truck,52.6,35,moderate,2024-08-29 01:00:31,1,3,8,0,1,1
ACC02290,16.59376019278347,78.06295058360755,2026-02-08,18:26:46,fog,highway,dusk_dawn,low,truck,129.7,82,moderate,2026-02-08 18:26:46,18,6,2,1,0,1
ACC02291,12.562337621831697,87.1199492463094,2023-12-22,06:13:22,rain,highway,dusk_dawn,moderate,truck,108.7,81,minor,2023-12-22 06:13:22,6,4,12,0,0,0
ACC02292,24.42734595802113,73.00327339845082,2022-03-05,07:14:08,rain,highway,dusk_dawn,moderate,motorcycle,63.9,84,fatal,2022-03-05 07:14:08,7,5,3,1,0,3
ACC02293,19.831579515279177,73.9049805981168,2025-05-28,18:41:29,heavy_rain,highway,dusk_dawn,moderate,truck,95.7,92,moderate,2025-05-28 18:41:29,18,2,5,0,0,1
ACC02294,19.48220747602021,84.63442424770959,2025-04-13,17:10:33,clear,expressway,night_lit,moderate,truck,128.8,83,moderate,2025-04-13 17:10:33,17,6,4,1,0,1
ACC02295,16.499761572513158,80.79055186144222,2025-04-29,15:19:25,rain,highway,daylight,low,car,123.1,86,moderate,2025-04-29 15:19:25,15,1,4,0,0,1
ACC02296,21.680947181964303,74.05658812737524,2024-11-30,19:23:45,rain,urban,dusk_dawn,moderate,car,66.0,53,minor,2024-11-30 19:23:45,19,5,11,1,0,0
ACC02297,19.884482062873168,72.55136218845338,2022-08-14,19:03:57,clear,rural,dusk_dawn,heavy,motorcycle,72.4,63,moderate,2022-08-14 19:03:57,19,6,8,1,0,1
ACC02298,20.53172051452364,75.58774957246764,2022-07-08,13:42:04,clear,rural,night_lit,low,car,113.5,53,minor,2022-07-08 13:42:04,13,4,7,0,0,0
ACC02299,22.45568427185488,76.17297180336433,2025-07-25,23:45:04,clear,rural,night_unlit,moderate,truck,35.3,65,fatal,2025-07-25 23:45:04,23,4,7,0,1,3
ACC02300,12.113843650315236,72.22740847319427,2025-11-05,11:33:16,rain,expressway,night_lit,heavy,truck,136.5,89,severe,2025-11-05 11:33:16,11,2,11,0,0,2
ACC02301,28.338526263691605,75.45744861339509,2022-05-09,08:01:35,rain,urban,daylight,low,truck,71.9,34,moderate,2022-05-09 08:01:35,8,0,5,0,0,1
ACC02302,13.279573145011463,83.8131029912384,2024-08-12,19:47:02,heavy_rain,rural,daylight,heavy,car,37.2,59,fatal,2024-08-12 19:47:02,19,0,8,0,0,3
ACC02303,20.1166454516879,85.68693903419206,2024-04-01,12:26:11,clear,urban,daylight,heavy,car,43.5,36,fatal,2024-04-01 12:26:11,12,0,4,0,0,3
ACC02304,15.732711754308866,86.37177327631548,2023-07-29,20:15:24,cloudy,highway,night_lit,heavy,auto,119.8,98,minor,2023-07-29 20:15:24,20,5,7,1,1,0
ACC02305,21.42808264865776,78.23862452229669,2024-11-25,05:56:22,clear,urban,night_lit,heavy,bus,20.6,57,severe,2024-11-25 05:56:22,5,0,11,0,1,2
ACC02306,17.044141958348483,77.11061961445692,2026-02-10,07:51:50,fog,rural,dusk_dawn,heavy,car,38.7,54,severe,2026-02-10 07:51:50,7,1,2,0,0,2
ACC02307,27.480116965126868,87.9977735713262,2025-09-11,04:26:32,cloudy,urban,night_unlit,low,bus,67.3,32,severe,2025-09-11 04:26:32,4,3,9,0,1,2
ACC02308,19.134477011323565,84.30944721474542,2022-09-09,16:26:52,rain,rural,daylight,moderate,bus,112.7,50,moderate,2022-09-09 16:26:52,16,4,9,0,0,1
ACC02309,23.49760000383187,80.59763329452088,2024-01-31,19:54:45,clear,urban,dusk_dawn,moderate,car,28.0,49,moderate,2024-01-31 19:54:45,19,2,1,0,0,1
ACC02310,16.47983510666182,76.07634292303035,2026-03-17,12:11:24,clear,rural,dusk_dawn,heavy,motorcycle,88.4,59,moderate,2026-03-17 12:11:24,12,1,3,0,0,1
ACC02311,12.349310708892316,77.14088724616167,2023-01-24,06:24:58,clear,highway,daylight,moderate,auto,72.9,86,moderate,2023-01-24 06:24:58,6,1,1,0,0,1
ACC02312,19.27478164103897,80.2458295812702,2025-11-03,11:34:50,rain,highway,daylight,heavy,truck,76.1,64,moderate,2025-11-03 11:34:50,11,0,11,0,0,1
ACC02313,21.656756812049224,80.67332671665201,2024-03-16,11:20:29,clear,urban,daylight,low,motorcycle,36.9,51,severe,2024-03-16 11:20:29,11,5,3,1,0,2
ACC02314,20.271848722711503,72.21885830837884,2024-05-06,16:18:51,rain,highway,night_lit,low,auto,87.6,84,fatal,2024-05-06 16:18:51,16,0,5,0,0,3
ACC02315,29.31625854873948,87.3504013643436,2023-02-15,17:06:15,clear,expressway,dusk_dawn,heavy,bus,69.2,89,moderate,2023-02-15 17:06:15,17,2,2,0,0,1
ACC02316,24.72310512922851,81.20969995762502,2026-02-18,07:16:12,cloudy,highway,dusk_dawn,moderate,car,115.5,60,fatal,2026-02-18 07:16:12,7,2,2,0,0,3
ACC02317,29.922056411257117,81.42653191054613,2024-05-18,12:21:47,clear,highway,daylight,moderate,motorcycle,88.7,75,fatal,2024-05-18 12:21:47,12,5,5,1,0,3
ACC02318,17.311081625651497,75.3835381400611,2024-08-01,16:50:47,clear,urban,daylight,heavy,bus,54.5,32,moderate,2024-08-01 16:50:47,16,3,8,0,0,1
ACC02319,26.20295903292864,84.23979486081997,2024-01-30,09:20:13,cloudy,highway,daylight,low,car,75.7,88,minor,2024-01-30 09:20:13,9,1,1,0,0,0
ACC02320,22.00005241583905,83.79623232146949,2022-05-27,12:09:45,clear,urban,daylight,moderate,car,31.3,46,moderate,2022-05-27 12:09:45,12,4,5,0,0,1
ACC02321,23.011686380072987,73.52252757447623,2025-07-05,16:50:30,cloudy,highway,daylight,moderate,bus,78.9,99,severe,2025-07-05 16:50:30,16,5,7,1,0,2
ACC02322,29.7453576079619,81.51990995615873,2023-06-24,12:21:33,cloudy,highway,night_lit,heavy,truck,135.3,71,minor,2023-06-24 12:21:33,12,5,6,1,0,0
ACC02323,23.771769595520105,82.53109992527808,2023-01-30,03:55:50,clear,rural,night_lit,low,car,68.4,45,moderate,2023-01-30 03:55:50,3,0,1,0,1,1
ACC02324,28.17870406206452,85.36909079318204,2025-07-08,08:06:09,cloudy,urban,daylight,moderate,car,71.3,42,fatal,2025-07-08 08:06:09,8,1,7,0,0,3
ACC02325,25.06350422494645,75.29745886268337,2022-11-25,18:01:24,rain,urban,dusk_dawn,heavy,truck,37.0,43,moderate,2022-11-25 18:01:24,18,4,11,0,0,1
ACC02326,14.2929501910455,86.0421567489025,2025-01-26,09:55:17,clear,highway,daylight,heavy,car,121.6,63,fatal,2025-01-26 09:55:17,9,6,1,1,0,3
ACC02327,24.589626785801627,79.38369714732153,2024-02-18,19:05:33,clear,urban,night_lit,moderate,car,39.8,40,moderate,2024-02-18 19:05:33,19,6,2,1,0,1
ACC02328,20.717680596338678,73.54437790889031,2025-08-06,13:00:09,clear,urban,daylight,moderate,bus,63.4,31,fatal,2025-08-06 13:00:09,13,2,8,0,0,3
ACC02329,28.538363873682165,73.68993954417401,2022-03-24,13:38:07,clear,highway,daylight,heavy,truck,85.7,65,fatal,2022-03-24 13:38:07,13,3,3,0,0,3
ACC02330,26.523020049428197,75.16487125877072,2025-06-25,18:19:41,clear,rural,dusk_dawn,heavy,motorcycle,75.5,59,moderate,2025-06-25 18:19:41,18,2,6,0,0,1
ACC02331,13.874424376930056,76.52401129576494,2023-01-12,11:29:03,cloudy,urban,daylight,heavy,motorcycle,27.0,45,moderate,2023-01-12 11:29:03,11,3,1,0,0,1
ACC02332,14.410481585764051,79.94249287135679,2025-11-30,09:24:25,clear,expressway,daylight,moderate,motorcycle,122.6,91,severe,2025-11-30 09:24:25,9,6,11,1,0,2
ACC02333,13.2529980323749,83.98001916391296,2023-08-04,07:17:59,heavy_rain,rural,dusk_dawn,heavy,car,94.2,47,severe,2023-08-04 07:17:59,7,4,8,0,0,2
ACC02334,20.878407745403116,74.98761443231092,2022-01-12,17:28:59,rain,urban,daylight,heavy,auto,59.6,30,moderate,2022-01-12 17:28:59,17,2,1,0,0,1
ACC02335,13.453891665732357,87.88242871199259,2024-03-11,13:15:10,clear,highway,night_unlit,heavy,motorcycle,133.6,76,fatal,2024-03-11 13:15:10,13,0,3,0,0,3
ACC02336,25.026210058344493,74.584350908325,2022-03-31,19:13:55,cloudy,rural,night_lit,heavy,motorcycle,127.5,47,minor,2022-03-31 19:13:55,19,3,3,0,0,0
ACC02337,21.94245446610779,81.59004748355436,2023-03-19,13:13:20,clear,urban,daylight,low,motorcycle,21.6,43,fatal,2023-03-19 13:13:20,13,6,3,1,0,3
ACC02338,27.04593031595656,86.86304697394144,2025-03-22,12:07:11,clear,rural,dusk_dawn,heavy,motorcycle,120.7,53,moderate,2025-03-22 12:07:11,12,5,3,1,0,1
ACC02339,17.036324196083694,85.32011876602924,2024-07-09,10:31:30,storm,urban,daylight,moderate,car,61.4,42,minor,2024-07-09 10:31:30,10,1,7,0,0,0
ACC02340,21.344534114900533,82.36622722661056,2025-03-09,08:32:29,cloudy,highway,night_lit,low,motorcycle,121.6,60,minor,2025-03-09 08:32:29,8,6,3,1,0,0
ACC02341,14.1146343463898,83.44788794865437,2025-12-13,19:01:22,clear,rural,dusk_dawn,low,motorcycle,113.3,72,moderate,2025-12-13 19:01:22,19,5,12,1,0,1
ACC02342,27.92298004770505,74.14729002728583,2024-02-08,06:27:25,heavy_rain,rural,dusk_dawn,low,truck,128.1,71,fatal,2024-02-08 06:27:25,6,3,2,0,0,3
ACC02343,15.15008932121709,72.15460886016398,2024-06-11,20:44:05,heavy_rain,highway,night_lit,moderate,truck,91.2,73,moderate,2024-06-11 20:44:05,20,1,6,0,1,1
ACC02344,13.84252052430729,78.94638054976596,2022-04-06,02:00:15,cloudy,urban,night_lit,low,car,43.8,48,minor,2022-04-06 02:00:15,2,2,4,0,1,0
ACC02345,15.6909107734173,73.43230282141285,2023-04-16,14:18:11,rain,urban,night_unlit,moderate,motorcycle,65.8,48,moderate,2023-04-16 14:18:11,14,6,4,1,0,1
ACC02346,26.512166797013663,77.72404099060519,2025-04-04,05:57:55,rain,urban,night_unlit,heavy,motorcycle,23.1,53,moderate,2025-04-04 05:57:55,5,4,4,0,1,1
ACC02347,13.904661498324293,75.5798846971158,2022-04-12,18:25:29,rain,rural,dusk_dawn,low,motorcycle,67.1,78,severe,2022-04-12 18:25:29,18,1,4,0,0,2
ACC02348,23.059694907086985,86.66154755809188,2023-08-13,08:00:32,cloudy,highway,dusk_dawn,low,bus,74.2,99,minor,2023-08-13 08:00:32,8,6,8,1,0,0
ACC02349,25.431263411072266,86.08089598412892,2022-08-13,15:31:26,rain,highway,night_lit,low,truck,123.0,74,fatal,2022-08-13 15:31:26,15,5,8,1,0,3
ACC02350,25.51946088869168,85.10308557649614,2025-11-08,20:24:53,cloudy,highway,daylight,heavy,car,64.4,90,minor,2025-11-08 20:24:53,20,5,11,1,1,0
ACC02351,15.42109595894636,83.4231087746238,2024-07-10,16:12:47,clear,expressway,night_lit,low,truck,83.0,90,moderate,2024-07-10 16:12:47,16,2,7,0,0,1
ACC02352,13.109231970797016,74.46515086566443,2024-11-24,08:04:41,clear,highway,night_lit,low,car,66.2,66,fatal,2024-11-24 08:04:41,8,6,11,1,0,3
ACC02353,20.078514907899915,72.77387881918642,2025-01-27,18:53:18,clear,urban,dusk_dawn,low,car,74.6,57,moderate,2025-01-27 18:53:18,18,0,1,0,0,1
ACC02354,15.64473621440183,82.46220572567508,2023-01-04,13:48:18,clear,rural,night_lit,low,car,125.6,80,moderate,2023-01-04 13:48:18,13,2,1,0,0,1
ACC02355,24.586874562250884,82.2761301948016,2022-03-23,01:40:56,clear,rural,night_lit,heavy,motorcycle,136.1,48,minor,2022-03-23 01:40:56,1,2,3,0,1,0
ACC02356,18.42047039379758,77.9107885560717,2023-10-16,14:01:55,cloudy,highway,daylight,heavy,motorcycle,79.7,74,severe,2023-10-16 14:01:55,14,0,10,0,0,2
ACC02357,20.088370938596377,79.56298666296955,2022-11-01,19:52:16,fog,highway,dusk_dawn,moderate,motorcycle,85.2,79,fatal,2022-11-01 19:52:16,19,1,11,0,0,3
ACC02358,14.042728795830811,79.82639021180783,2023-06-13,12:28:20,clear,expressway,night_lit,moderate,motorcycle,89.1,93,moderate,2023-06-13 12:28:20,12,1,6,0,0,1
ACC02359,22.215905157867454,75.8388501239441,2023-06-08,18:28:19,clear,urban,dusk_dawn,moderate,car,40.9,45,severe,2023-06-08 18:28:19,18,3,6,0,0,2
ACC02360,15.339435413374332,77.02666579052138,2025-07-08,17:52:47,rain,highway,night_lit,heavy,motorcycle,71.4,84,minor,2025-07-08 17:52:47,17,1,7,0,0,0
ACC02361,24.221741896468867,78.69423287461602,2023-06-10,13:25:56,cloudy,highway,daylight,heavy,car,109.1,82,moderate,2023-06-10 13:25:56,13,5,6,1,0,1
ACC02362,13.281038805862089,81.65086447858543,2022-09-06,10:14:53,rain,rural,daylight,heavy,motorcycle,74.4,48,minor,2022-09-06 10:14:53,10,1,9,0,0,0
ACC02363,29.56610266106382,87.29310729627828,2026-04-23,17:14:50,cloudy,expressway,daylight,heavy,motorcycle,137.0,82,minor,2026-04-23 17:14:50,17,3,4,0,0,0
ACC02364,24.32148561454461,80.61575375230464,2022-03-22,11:55:20,cloudy,urban,dusk_dawn,moderate,car,43.3,48,moderate,2022-03-22 11:55:20,11,1,3,0,0,1
ACC02365,15.271132220614671,83.69862255269122,2022-12-01,08:32:19,clear,urban,daylight,low,motorcycle,30.3,46,moderate,2022-12-01 08:32:19,8,3,12,0,0,1
ACC02366,12.253703618313404,84.91201763832885,2023-07-25,10:34:53,clear,rural,daylight,heavy,truck,95.2,78,moderate,2023-07-25 10:34:53,10,1,7,0,0,1
ACC02367,18.02033205969394,73.81612994093686,2022-04-13,20:35:23,cloudy,highway,night_lit,low,car,69.2,96,moderate,2022-04-13 20:35:23,20,2,4,0,1,1
ACC02368,14.750638752939732,82.44999468086306,2026-01-16,09:13:12,clear,rural,daylight,moderate,truck,31.0,73,moderate,2026-01-16 09:13:12,9,4,1,0,0,1
ACC02369,15.931403996151827,79.7137715240708,2023-08-03,09:25:50,clear,highway,daylight,heavy,car,116.9,99,minor,2023-08-03 09:25:50,9,3,8,0,0,0
ACC02370,27.70950465188201,81.15889507596627,2025-07-08,07:57:28,clear,highway,night_unlit,moderate,truck,74.4,97,moderate,2025-07-08 07:57:28,7,1,7,0,0,1
ACC02371,22.85768388091529,72.61467097230471,2022-08-09,05:08:05,rain,highway,night_unlit,moderate,car,111.4,90,fatal,2022-08-09 05:08:05,5,1,8,0,1,3
ACC02372,15.17623775452019,86.49945178475816,2024-05-06,22:57:53,cloudy,highway,night_lit,moderate,auto,73.1,81,moderate,2024-05-06 22:57:53,22,0,5,0,1,1
ACC02373,22.01986921237408,87.2445463932072,2022-07-27,15:16:17,rain,urban,night_lit,low,car,27.7,45,moderate,2022-07-27 15:16:17,15,2,7,0,0,1
ACC02374,16.604051761649878,72.0557107789538,2023-01-16,17:17:18,rain,rural,dusk_dawn,low,auto,22.1,66,moderate,2023-01-16 17:17:18,17,0,1,0,0,1
ACC02375,29.571615558445604,75.40466547266418,2023-11-01,18:00:31,clear,urban,night_unlit,moderate,car,23.3,48,moderate,2023-11-01 18:00:31,18,2,11,0,0,1
ACC02376,12.589630144746517,74.8831067793432,2025-11-17,11:39:16,heavy_rain,urban,night_lit,low,truck,26.4,35,minor,2025-11-17 11:39:16,11,0,11,0,0,0
ACC02377,25.181731599020672,84.50087227647762,2023-05-19,18:19:49,rain,highway,dusk_dawn,heavy,car,131.0,87,severe,2023-05-19 18:19:49,18,4,5,0,0,2
ACC02378,25.91394647144569,81.56928094578913,2025-05-24,22:27:41,clear,urban,daylight,moderate,car,53.3,31,moderate,2025-05-24 22:27:41,22,5,5,1,1,1
ACC02379,13.208929751238603,74.83733861274771,2022-05-31,18:34:33,cloudy,urban,dusk_dawn,heavy,car,63.7,34,moderate,2022-05-31 18:34:33,18,1,5,0,0,1
ACC02380,15.093648556164329,85.02353528510177,2023-02-18,17:38:12,clear,urban,night_unlit,heavy,car,26.1,35,fatal,2023-02-18 17:38:12,17,5,2,1,0,3
ACC02381,18.917519863871235,77.65559794889198,2024-09-19,13:57:29,heavy_rain,highway,dusk_dawn,moderate,motorcycle,61.9,98,moderate,2024-09-19 13:57:29,13,3,9,0,0,1
ACC02382,27.626786877523223,79.37371002068964,2024-02-08,19:33:16,clear,rural,night_lit,moderate,motorcycle,134.4,58,fatal,2024-02-08 19:33:16,19,3,2,0,0,3
ACC02383,21.665998891532983,78.19690568513033,2024-04-03,06:10:57,clear,highway,dusk_dawn,heavy,motorcycle,77.4,87,minor,2024-04-03 06:10:57,6,2,4,0,0,0
ACC02384,23.79552330013123,80.34208330305967,2025-01-18,18:42:47,heavy_rain,highway,night_lit,low,motorcycle,112.4,91,severe,2025-01-18 18:42:47,18,5,1,1,0,2
ACC02385,26.094231038223167,79.6822795012596,2022-05-07,11:03:06,cloudy,highway,dusk_dawn,moderate,car,113.9,86,moderate,2022-05-07 11:03:06,11,5,5,1,0,1
ACC02386,26.90621019007536,76.39334404259908,2025-02-15,15:50:31,clear,urban,daylight,low,truck,27.7,48,moderate,2025-02-15 15:50:31,15,5,2,1,0,1
ACC02387,20.57312177550626,78.79289659990144,2025-11-17,20:17:46,cloudy,highway,night_unlit,heavy,truck,96.6,82,fatal,2025-11-17 20:17:46,20,0,11,0,1,3
ACC02388,21.158276497922664,86.5333943976688,2025-06-11,16:43:31,rain,highway,night_lit,heavy,car,79.6,76,fatal,2025-06-11 16:43:31,16,2,6,0,0,3
ACC02389,24.92410542758003,80.04630618366792,2023-04-13,02:09:07,clear,urban,daylight,moderate,truck,25.4,33,minor,2023-04-13 02:09:07,2,3,4,0,1,0
ACC02390,16.740162457241276,86.662182566758,2023-07-31,17:24:08,cloudy,highway,night_lit,moderate,car,109.8,75,minor,2023-07-31 17:24:08,17,0,7,0,0,0
ACC02391,27.38081525457944,80.80203276508743,2026-04-28,21:41:43,cloudy,highway,night_unlit,moderate,motorcycle,139.3,75,fatal,2026-04-28 21:41:43,21,1,4,0,1,3
ACC02392,12.374162840565148,84.30107669222654,2025-07-21,16:37:31,cloudy,urban,daylight,moderate,truck,49.3,41,minor,2025-07-21 16:37:31,16,0,7,0,0,0
ACC02393,15.523888839775044,76.69746095455541,2026-03-10,19:00:32,storm,urban,dusk_dawn,moderate,truck,33.3,33,minor,2026-03-10 19:00:32,19,1,3,0,0,0
ACC02394,26.403598974657054,84.64661584071052,2026-02-08,19:02:16,cloudy,highway,dusk_dawn,heavy,motorcycle,111.2,98,minor,2026-02-08 19:02:16,19,6,2,1,0,0
ACC02395,18.1246478140681,76.22914580775976,2023-12-14,19:58:15,cloudy,highway,night_lit,low,motorcycle,74.3,66,minor,2023-12-14 19:58:15,19,3,12,0,0,0
ACC02396,14.696990988461508,72.31279954628756,2022-08-01,11:31:24,rain,urban,daylight,low,motorcycle,28.8,34,severe,2022-08-01 11:31:24,11,0,8,0,0,2
ACC02397,15.36158560280526,74.57166309084309,2023-01-11,13:51:32,clear,expressway,daylight,low,motorcycle,133.3,97,minor,2023-01-11 13:51:32,13,2,1,0,0,0
ACC02398,21.553615234849254,72.34644600051259,2023-04-29,19:04:28,clear,rural,night_unlit,moderate,auto,114.4,50,severe,2023-04-29 19:04:28,19,5,4,1,0,2
ACC02399,27.23126752820978,87.15300227026286,2025-10-02,20:29:52,storm,highway,night_unlit,heavy,truck,117.1,67,fatal,2025-10-02 20:29:52,20,3,10,0,1,3
ACC02400,13.27171288387999,87.99963232668311,2023-03-30,07:34:11,rain,expressway,dusk_dawn,moderate,car,108.0,86,moderate,2023-03-30 07:34:11,7,3,3,0,0,1
ACC02401,12.548656364243689,84.19568421791233,2023-08-17,08:55:28,clear,urban,daylight,moderate,motorcycle,45.2,49,fatal,2023-08-17 08:55:28,8,3,8,0,0,3
ACC02402,20.37302644506317,73.7300506200254,2025-10-29,11:42:14,clear,urban,daylight,heavy,motorcycle,55.5,42,minor,2025-10-29 11:42:14,11,2,10,0,0,0
ACC02403,29.211373470965423,86.3831273653224,2022-09-26,18:37:00,clear,expressway,dusk_dawn,low,truck,74.2,96,severe,2022-09-26 18:37:00,18,0,9,0,0,2
ACC02404,17.022176461454276,83.90041893225767,2024-12-25,20:17:24,clear,rural,night_lit,heavy,car,138.4,44,severe,2024-12-25 20:17:24,20,2,12,0,1,2
ACC02405,29.26506970320687,77.31591224643341,2024-06-24,16:59:03,clear,urban,night_unlit,heavy,truck,30.7,55,minor,2024-06-24 16:59:03,16,0,6,0,0,0
ACC02406,27.978261178620023,80.03644658894291,2026-06-05,07:19:22,cloudy,urban,dusk_dawn,heavy,motorcycle,66.6,52,minor,2026-06-05 07:19:22,7,4,6,0,0,0
ACC02407,17.0964313749752,82.5881494601915,2024-03-14,10:16:37,clear,expressway,daylight,moderate,car,83.8,91,minor,2024-03-14 10:16:37,10,3,3,0,0,0
ACC02408,26.705065156610644,72.38480761077234,2024-05-05,19:43:22,cloudy,highway,dusk_dawn,moderate,car,98.2,77,severe,2024-05-05 19:43:22,19,6,5,1,0,2
ACC02409,24.34561144623874,80.02465459359833,2025-10-27,11:59:40,fog,highway,daylight,low,truck,107.7,82,moderate,2025-10-27 11:59:40,11,0,10,0,0,1
ACC02410,21.21280300028563,83.71832693207976,2026-06-17,07:51:17,storm,urban,dusk_dawn,low,truck,55.8,37,moderate,2026-06-17 07:51:17,7,2,6,0,0,1
ACC02411,19.612490574771744,75.01160595034132,2025-04-12,10:10:24,rain,expressway,daylight,low,car,88.1,86,minor,2025-04-12 10:10:24,10,5,4,1,0,0
ACC02412,26.67904960665822,79.10064917566933,2025-02-20,18:48:52,cloudy,highway,night_lit,low,car,111.8,65,minor,2025-02-20 18:48:52,18,3,2,0,0,0
ACC02413,26.275429788510383,80.52048206695893,2025-12-09,14:21:14,cloudy,highway,daylight,heavy,car,73.2,65,severe,2025-12-09 14:21:14,14,1,12,0,0,2
ACC02414,25.624854046966064,83.76904595134772,2026-05-28,08:13:30,cloudy,urban,night_unlit,moderate,motorcycle,65.6,32,fatal,2026-05-28 08:13:30,8,3,5,0,0,3
ACC02415,29.968607121875326,87.43125937268972,2025-04-21,10:56:42,clear,highway,night_unlit,moderate,motorcycle,125.6,73,moderate,2025-04-21 10:56:42,10,0,4,0,0,1
ACC02416,20.61322429694491,85.57240876806867,2023-04-26,21:56:21,heavy_rain,urban,night_unlit,moderate,car,39.8,59,moderate,2023-04-26 21:56:21,21,2,4,0,1,1
ACC02417,26.524613600758485,81.9442947236792,2024-11-20,13:22:18,rain,urban,night_lit,moderate,truck,43.6,34,moderate,2024-11-20 13:22:18,13,2,11,0,0,1
ACC02418,27.524610605702613,81.33825079735695,2023-01-23,13:01:41,cloudy,rural,daylight,low,car,45.5,77,moderate,2023-01-23 13:01:41,13,0,1,0,0,1
ACC02419,15.808846466166312,81.65098708916273,2024-04-01,07:12:04,clear,rural,daylight,low,truck,63.1,64,moderate,2024-04-01 07:12:04,7,0,4,0,0,1
ACC02420,12.757195956955098,80.72285828255639,2023-12-31,10:32:15,clear,urban,daylight,moderate,bus,78.8,51,severe,2023-12-31 10:32:15,10,6,12,1,0,2
ACC02421,19.285471239394436,72.94980608414278,2026-06-10,19:03:24,heavy_rain,rural,dusk_dawn,heavy,car,118.8,42,severe,2026-06-10 19:03:24,19,2,6,0,0,2
ACC02422,27.421260319861968,83.17274231341128,2024-06-29,18:13:13,clear,highway,dusk_dawn,low,bus,73.7,65,moderate,2024-06-29 18:13:13,18,5,6,1,0,1
ACC02423,17.203859061501184,83.46138880207364,2026-04-24,13:08:32,clear,urban,night_lit,heavy,truck,56.3,48,moderate,2026-04-24 13:08:32,13,4,4,0,0,1
ACC02424,24.600182773213632,80.19968579627243,2025-08-19,20:57:37,cloudy,urban,night_lit,moderate,bus,29.1,55,severe,2025-08-19 20:57:37,20,1,8,0,1,2
ACC02425,12.132266503156728,85.92620168644069,2025-10-25,11:21:57,rain,highway,night_lit,moderate,car,136.5,92,moderate,2025-10-25 11:21:57,11,5,10,1,0,1
ACC02426,18.39655978176428,82.75898884410685,2022-10-05,19:22:36,clear,highway,dusk_dawn,low,bus,118.0,62,fatal,2022-10-05 19:22:36,19,2,10,0,0,3
ACC02427,23.07930050564672,77.80263452571228,2025-06-27,03:25:35,clear,urban,night_lit,moderate,motorcycle,62.9,47,severe,2025-06-27 03:25:35,3,4,6,0,1,2
ACC02428,14.335629421302064,72.31510965757815,2023-02-17,11:00:43,rain,urban,night_unlit,moderate,car,64.6,30,moderate,2023-02-17 11:00:43,11,4,2,0,0,1
ACC02429,28.13892441865381,72.94658634396288,2024-08-06,19:32:12,fog,urban,dusk_dawn,low,auto,77.9,34,moderate,2024-08-06 19:32:12,19,1,8,0,0,1
ACC02430,14.812931588107428,77.62877218626858,2024-03-09,20:54:28,cloudy,highway,night_unlit,heavy,auto,121.6,94,severe,2024-03-09 20:54:28,20,5,3,1,1,2
ACC02431,28.376283810071904,79.39368520317893,2023-03-03,18:48:49,rain,highway,dusk_dawn,moderate,car,86.3,72,severe,2023-03-03 18:48:49,18,4,3,0,0,2
ACC02432,15.895007556293544,74.6699379121348,2026-06-06,17:15:10,clear,expressway,dusk_dawn,low,motorcycle,84.9,99,minor,2026-06-06 17:15:10,17,5,6,1,0,0
ACC02433,29.89701613048513,75.02925290276211,2025-12-08,19:00:17,rain,highway,daylight,moderate,auto,125.1,86,minor,2025-12-08 19:00:17,19,0,12,0,0,0
ACC02434,22.885476839320635,75.68338174046939,2024-07-31,17:46:13,cloudy,expressway,night_lit,low,motorcycle,126.7,85,minor,2024-07-31 17:46:13,17,2,7,0,0,0
ACC02435,13.518208099889604,84.48821343322037,2022-01-18,09:50:57,rain,rural,night_unlit,heavy,motorcycle,109.7,56,fatal,2022-01-18 09:50:57,9,1,1,0,0,3
ACC02436,13.174990220615877,84.34060545522834,2022-10-28,13:55:21,rain,urban,night_unlit,low,car,52.8,55,fatal,2022-10-28 13:55:21,13,4,10,0,0,3
ACC02437,13.348590532670435,78.12702376662045,2023-01-09,17:34:19,clear,highway,daylight,moderate,motorcycle,106.8,92,moderate,2023-01-09 17:34:19,17,0,1,0,0,1
ACC02438,22.618069451237133,74.75783010535034,2026-05-15,16:28:48,clear,rural,daylight,heavy,motorcycle,137.9,71,moderate,2026-05-15 16:28:48,16,4,5,0,0,1
ACC02439,26.57242564189293,73.77453416101551,2023-10-25,20:45:54,rain,expressway,night_unlit,low,truck,90.8,89,moderate,2023-10-25 20:45:54,20,2,10,0,1,1
ACC02440,19.253329351869105,73.39406899275477,2022-03-18,13:41:00,clear,rural,night_lit,moderate,motorcycle,110.9,52,moderate,2022-03-18 13:41:00,13,4,3,0,0,1
ACC02441,20.00704366707351,78.26046801438996,2024-08-20,08:45:52,rain,rural,night_lit,moderate,motorcycle,65.8,77,minor,2024-08-20 08:45:52,8,1,8,0,0,0
ACC02442,22.607178665963303,72.72867893313791,2026-04-10,08:17:42,cloudy,urban,night_lit,heavy,car,55.4,48,minor,2026-04-10 08:17:42,8,4,4,0,0,0
ACC02443,21.5947308861544,77.33816059402136,2024-07-09,19:54:51,clear,highway,night_unlit,moderate,truck,104.7,74,fatal,2024-07-09 19:54:51,19,1,7,0,0,3
ACC02444,24.385111195822866,87.3845318806582,2023-12-31,00:02:05,rain,expressway,night_lit,low,car,116.3,86,minor,2023-12-31 00:02:05,0,6,12,1,1,0
ACC02445,20.49214296293448,80.12007384976062,2022-10-16,19:05:02,cloudy,highway,daylight,moderate,motorcycle,123.1,67,moderate,2022-10-16 19:05:02,19,6,10,1,0,1
ACC02446,24.84949233115321,85.16231450936303,2025-12-13,05:39:20,heavy_rain,urban,night_lit,moderate,truck,38.3,53,severe,2025-12-13 05:39:20,5,5,12,1,1,2
ACC02447,29.95159336583941,74.06825513432639,2022-06-22,12:34:50,clear,urban,daylight,moderate,truck,53.4,49,severe,2022-06-22 12:34:50,12,2,6,0,0,2
ACC02448,18.30536116047777,76.28926051855528,2026-03-13,18:33:29,clear,rural,dusk_dawn,heavy,car,88.1,55,moderate,2026-03-13 18:33:29,18,4,3,0,0,1
ACC02449,12.219878332476314,87.14474311270413,2023-01-01,12:54:43,clear,rural,daylight,low,truck,38.1,73,minor,2023-01-01 12:54:43,12,6,1,1,0,0
ACC02450,14.261250819929783,78.13683035094438,2022-08-15,19:52:14,clear,urban,dusk_dawn,moderate,car,22.3,60,moderate,2022-08-15 19:52:14,19,0,8,0,0,1
ACC02451,21.96325532976517,82.37449805517316,2023-07-27,06:43:20,rain,highway,dusk_dawn,moderate,car,96.1,91,minor,2023-07-27 06:43:20,6,3,7,0,0,0
ACC02452,18.196640168603736,87.61802846660143,2022-01-09,14:09:52,clear,highway,daylight,low,truck,123.5,94,minor,2022-01-09 14:09:52,14,6,1,1,0,0
ACC02453,28.919686686689865,80.81260410129177,2022-01-24,16:05:29,clear,highway,dusk_dawn,moderate,car,111.4,81,fatal,2022-01-24 16:05:29,16,0,1,0,0,3
ACC02454,23.294029621932893,76.88553518765977,2022-11-03,20:08:46,storm,expressway,night_unlit,low,motorcycle,127.5,91,fatal,2022-11-03 20:08:46,20,3,11,0,1,3
ACC02455,21.366393347378423,80.511175295233,2025-02-11,06:36:38,clear,highway,dusk_dawn,heavy,auto,124.2,100,moderate,2025-02-11 06:36:38,6,1,2,0,0,1
ACC02456,26.364711022896337,72.87419518929374,2025-08-30,10:42:10,clear,expressway,night_lit,low,car,93.0,82,moderate,2025-08-30 10:42:10,10,5,8,1,0,1
ACC02457,16.654617678883714,73.79791798548305,2023-02-11,17:47:56,heavy_rain,highway,night_unlit,moderate,truck,121.5,90,severe,2023-02-11 17:47:56,17,5,2,1,0,2
ACC02458,26.755293725082478,72.11473768083631,2024-11-24,22:06:56,rain,rural,night_lit,moderate,motorcycle,39.9,60,minor,2024-11-24 22:06:56,22,6,11,1,1,0
ACC02459,12.055099887553672,86.14736066504007,2023-08-01,19:16:46,clear,urban,daylight,moderate,motorcycle,69.4,32,minor,2023-08-01 19:16:46,19,1,8,0,0,0
ACC02460,23.15419251844292,82.74048686239352,2023-12-12,19:20:28,storm,rural,dusk_dawn,moderate,motorcycle,112.8,73,fatal,2023-12-12 19:20:28,19,1,12,0,0,3
ACC02461,28.82562871882402,76.77327624212397,2023-07-04,14:37:25,cloudy,urban,daylight,moderate,motorcycle,61.7,32,severe,2023-07-04 14:37:25,14,1,7,0,0,2
ACC02462,26.18147913660966,75.53858270731688,2026-01-03,15:02:17,clear,rural,daylight,heavy,truck,76.4,60,minor,2026-01-03 15:02:17,15,5,1,1,0,0
ACC02463,27.365415458652468,82.92922561852448,2024-04-20,19:50:38,clear,rural,dusk_dawn,moderate,truck,62.8,67,minor,2024-04-20 19:50:38,19,5,4,1,0,0
ACC02464,19.14518451308701,86.71251303656452,2024-04-11,19:04:18,fog,highway,daylight,moderate,motorcycle,108.4,81,minor,2024-04-11 19:04:18,19,3,4,0,0,0
ACC02465,26.83630102980227,76.78622545683378,2025-11-12,18:31:11,clear,expressway,dusk_dawn,moderate,truck,113.1,94,minor,2025-11-12 18:31:11,18,2,11,0,0,0
ACC02466,21.9149699705448,77.14494575018851,2024-12-15,19:55:03,rain,urban,dusk_dawn,moderate,motorcycle,61.0,52,minor,2024-12-15 19:55:03,19,6,12,1,0,0
ACC02467,23.13372425705758,85.66785160310036,2022-09-03,20:11:25,clear,highway,dusk_dawn,heavy,truck,78.2,92,minor,2022-09-03 20:11:25,20,5,9,1,1,0
ACC02468,13.060476108044464,86.29401305414004,2022-11-06,07:41:48,clear,highway,daylight,low,car,121.9,92,severe,2022-11-06 07:41:48,7,6,11,1,0,2
ACC02469,15.62793054913906,86.62458506927646,2023-07-14,09:32:47,heavy_rain,urban,night_lit,moderate,car,60.8,31,minor,2023-07-14 09:32:47,9,4,7,0,0,0
ACC02470,21.91735947924395,76.69046732810712,2022-06-10,22:49:50,storm,rural,night_unlit,heavy,car,25.3,56,moderate,2022-06-10 22:49:50,22,4,6,0,1,1
ACC02471,13.058419040822958,73.92500108154158,2025-02-10,15:35:36,clear,rural,daylight,moderate,motorcycle,72.6,48,moderate,2025-02-10 15:35:36,15,0,2,0,0,1
ACC02472,25.34604251857884,79.03996115197667,2024-03-24,08:50:52,clear,highway,night_unlit,moderate,car,69.2,88,moderate,2024-03-24 08:50:52,8,6,3,1,0,1
ACC02473,27.121026153394222,76.7322378422589,2022-03-14,14:24:46,rain,urban,night_lit,heavy,motorcycle,33.0,33,minor,2022-03-14 14:24:46,14,0,3,0,0,0
ACC02474,28.566522503306487,86.14186666898937,2023-10-20,16:09:48,cloudy,highway,night_lit,moderate,auto,75.6,87,severe,2023-10-20 16:09:48,16,4,10,0,0,2
ACC02475,13.831832265236509,72.58615906885672,2025-09-24,19:40:30,cloudy,highway,dusk_dawn,moderate,car,88.0,94,minor,2025-09-24 19:40:30,19,2,9,0,0,0
ACC02476,28.914964464410403,82.14208751418036,2026-01-29,19:58:05,clear,rural,dusk_dawn,low,motorcycle,61.8,44,moderate,2026-01-29 19:58:05,19,3,1,0,0,1
ACC02477,13.21716013732731,86.49890185196982,2026-04-29,05:25:22,fog,highway,night_unlit,low,car,120.9,78,severe,2026-04-29 05:25:22,5,2,4,0,1,2
ACC02478,20.53301188670068,87.62672586889705,2026-02-23,13:49:50,clear,urban,dusk_dawn,low,motorcycle,22.6,52,severe,2026-02-23 13:49:50,13,0,2,0,0,2
ACC02479,27.12451837130061,82.40208958876869,2024-09-24,02:52:44,clear,highway,night_lit,heavy,car,93.2,81,minor,2024-09-24 02:52:44,2,1,9,0,1,0
ACC02480,13.265600494160196,87.19876731235809,2026-03-03,20:38:00,clear,highway,night_lit,moderate,bus,109.5,71,severe,2026-03-03 20:38:00,20,1,3,0,1,2
ACC02481,12.328159313801706,73.21055140200107,2026-04-20,08:47:05,clear,highway,night_lit,heavy,car,133.4,74,moderate,2026-04-20 08:47:05,8,0,4,0,0,1
ACC02482,12.449058936719712,77.74845353593983,2024-11-09,16:33:39,cloudy,highway,daylight,low,auto,117.0,87,severe,2024-11-09 16:33:39,16,5,11,1,0,2
ACC02483,21.202864309848604,72.13943515722774,2023-11-10,15:48:58,clear,urban,night_lit,low,car,51.7,53,fatal,2023-11-10 15:48:58,15,4,11,0,0,3
ACC02484,26.60874140273993,87.6989403550531,2026-05-06,16:20:43,cloudy,expressway,night_lit,moderate,truck,126.5,80,moderate,2026-05-06 16:20:43,16,2,5,0,0,1
ACC02485,14.293680079306792,86.44362366026719,2023-11-13,15:31:56,clear,highway,daylight,low,car,70.7,93,moderate,2023-11-13 15:31:56,15,0,11,0,0,1
ACC02486,14.24298457343173,72.44884089997122,2022-10-01,17:04:03,clear,rural,daylight,moderate,car,124.3,59,moderate,2022-10-01 17:04:03,17,5,10,1,0,1
ACC02487,22.233843390896247,72.29012240735625,2022-06-24,16:11:52,heavy_rain,urban,daylight,low,bus,52.4,56,severe,2022-06-24 16:11:52,16,4,6,0,0,2
ACC02488,16.217320814614627,77.87151190570185,2024-07-20,06:34:07,cloudy,highway,daylight,low,car,64.9,69,moderate,2024-07-20 06:34:07,6,5,7,1,0,1
ACC02489,25.14384723260773,76.13660746865443,2022-02-28,11:43:53,clear,highway,night_lit,moderate,motorcycle,79.4,100,severe,2022-02-28 11:43:53,11,0,2,0,0,2
ACC02490,29.093436987181494,85.55091643588004,2022-07-14,15:01:58,clear,highway,daylight,moderate,truck,131.8,75,minor,2022-07-14 15:01:58,15,3,7,0,0,0
ACC02491,25.78860131880744,74.5677504523498,2023-02-06,10:04:30,cloudy,rural,night_lit,low,motorcycle,77.6,61,minor,2023-02-06 10:04:30,10,0,2,0,0,0
ACC02492,27.789156594820497,84.65039140321372,2024-05-19,18:00:31,rain,rural,daylight,low,car,106.5,67,minor,2024-05-19 18:00:31,18,6,5,1,0,0
ACC02493,21.352549036290064,80.87135519985061,2024-02-25,10:31:29,rain,highway,daylight,low,bus,118.4,88,moderate,2024-02-25 10:31:29,10,6,2,1,0,1
ACC02494,26.9817474759156,78.03826834247981,2024-04-19,19:20:33,rain,highway,dusk_dawn,low,motorcycle,90.5,66,severe,2024-04-19 19:20:33,19,4,4,0,0,2
ACC02495,15.292257311760284,74.33151618773405,2024-04-13,07:03:49,clear,highway,dusk_dawn,heavy,bus,132.8,91,minor,2024-04-13 07:03:49,7,5,4,1,0,0
ACC02496,13.230262027121292,87.96306089535474,2026-06-21,18:47:16,storm,urban,dusk_dawn,moderate,truck,71.2,37,moderate,2026-06-21 18:47:16,18,6,6,1,0,1
ACC02497,23.807155982244343,81.88777793474459,2022-12-24,08:31:16,clear,highway,night_lit,low,truck,112.4,83,moderate,2022-12-24 08:31:16,8,5,12,1,0,1
ACC02498,12.935145067645006,79.03011572108791,2024-02-18,15:00:58,clear,urban,night_lit,moderate,motorcycle,60.7,50,moderate,2024-02-18 15:00:58,15,6,2,1,0,1
ACC02499,28.06466554451425,77.9380409048437,2024-10-03,10:41:50,cloudy,urban,daylight,low,car,39.7,36,minor,2024-10-03 10:41:50,10,3,10,0,0,0
ACC02500,24.44797464793353,86.49165169009369,2023-03-26,16:54:32,clear,urban,night_lit,low,bus,51.1,60,minor,2023-03-26 16:54:32,16,6,3,1,0,0
ACC02501,29.13961305736041,85.13906893105218,2022-10-25,08:25:12,cloudy,highway,daylight,heavy,truck,124.0,85,severe,2022-10-25 08:25:12,8,1,10,0,0,2
ACC02502,17.64995981363824,84.97897261389159,2022-03-18,18:56:57,clear,urban,dusk_dawn,low,truck,51.9,50,minor,2022-03-18 18:56:57,18,4,3,0,0,0
ACC02503,20.75084956562917,81.85917556739828,2023-06-20,15:25:52,rain,urban,night_lit,heavy,bus,62.0,53,moderate,2023-06-20 15:25:52,15,1,6,0,0,1
ACC02504,25.35042657081214,86.20730532313283,2023-02-22,22:04:19,rain,rural,night_lit,heavy,car,128.1,76,minor,2023-02-22 22:04:19,22,2,2,0,1,0
ACC02505,16.37002173829477,76.78845395395312,2022-11-18,17:07:32,cloudy,urban,dusk_dawn,heavy,car,65.2,50,minor,2022-11-18 17:07:32,17,4,11,0,0,0
ACC02506,21.753278762010005,83.25929816261262,2023-03-22,16:04:25,cloudy,urban,night_lit,moderate,car,57.0,60,minor,2023-03-22 16:04:25,16,2,3,0,0,0
ACC02507,23.87041095009861,78.47116387827027,2025-02-17,19:18:50,clear,highway,dusk_dawn,low,motorcycle,67.0,66,minor,2025-02-17 19:18:50,19,0,2,0,0,0
ACC02508,29.61855578004674,81.59998093695508,2025-09-20,08:23:41,rain,urban,night_lit,heavy,motorcycle,71.3,38,fatal,2025-09-20 08:23:41,8,5,9,1,0,3
ACC02509,25.40465929636293,87.97044800980308,2024-04-28,16:26:29,cloudy,urban,night_lit,heavy,car,39.2,53,moderate,2024-04-28 16:26:29,16,6,4,1,0,1
ACC02510,14.126355305023331,87.7523964908051,2022-04-20,12:28:58,cloudy,rural,daylight,moderate,motorcycle,131.3,80,moderate,2022-04-20 12:28:58,12,2,4,0,0,1
ACC02511,20.556002124899585,80.20190426347918,2025-04-23,18:51:36,clear,urban,dusk_dawn,low,car,69.2,59,severe,2025-04-23 18:51:36,18,2,4,0,0,2
ACC02512,22.597874093812298,81.1818152346372,2022-09-07,02:00:29,clear,rural,night_unlit,low,motorcycle,20.8,56,minor,2022-09-07 02:00:29,2,2,9,0,1,0
ACC02513,14.63921657155835,86.35714830619682,2022-04-05,12:53:55,clear,rural,daylight,low,car,81.3,42,moderate,2022-04-05 12:53:55,12,1,4,0,0,1
ACC02514,19.77538902565941,87.77017140022168,2024-07-22,17:14:26,rain,highway,daylight,low,car,126.5,83,moderate,2024-07-22 17:14:26,17,0,7,0,0,1
ACC02515,17.112104694044813,84.45772484201727,2023-11-30,13:57:25,rain,highway,night_lit,moderate,motorcycle,99.2,92,severe,2023-11-30 13:57:25,13,3,11,0,0,2
ACC02516,14.138895760716467,73.04295132733809,2023-05-28,09:08:23,storm,expressway,night_lit,heavy,car,66.8,83,moderate,2023-05-28 09:08:23,9,6,5,1,0,1
ACC02517,21.21675480234218,77.16223574950182,2026-05-07,13:06:13,cloudy,rural,night_lit,moderate,motorcycle,25.7,62,moderate,2026-05-07 13:06:13,13,3,5,0,0,1
ACC02518,14.981395458222217,86.34499743872493,2022-05-30,19:07:16,cloudy,expressway,dusk_dawn,moderate,motorcycle,63.1,100,minor,2022-05-30 19:07:16,19,0,5,0,0,0
ACC02519,22.62967335454302,84.29364009360769,2022-03-30,08:17:05,rain,urban,night_lit,heavy,auto,22.1,36,moderate,2022-03-30 08:17:05,8,2,3,0,0,1
ACC02520,15.054544780353575,83.87572913639083,2024-08-22,11:56:43,clear,expressway,dusk_dawn,moderate,car,105.3,83,minor,2024-08-22 11:56:43,11,3,8,0,0,0
ACC02521,25.02470862485078,82.68677168749025,2023-11-18,23:27:35,cloudy,highway,night_lit,moderate,car,107.0,70,severe,2023-11-18 23:27:35,23,5,11,1,1,2
ACC02522,15.514349214534068,78.64422159411814,2025-08-09,20:09:55,rain,urban,night_lit,heavy,truck,70.1,42,moderate,2025-08-09 20:09:55,20,5,8,1,1,1
ACC02523,28.13313181397069,78.45186112551522,2022-03-08,03:38:36,clear,urban,night_unlit,moderate,car,38.6,51,moderate,2022-03-08 03:38:36,3,1,3,0,1,1
ACC02524,12.47176841787856,84.94291980145282,2023-11-20,15:30:04,clear,highway,night_unlit,heavy,motorcycle,74.5,79,minor,2023-11-20 15:30:04,15,0,11,0,0,0
ACC02525,21.395952966823245,76.70048466824113,2022-08-29,06:42:37,clear,highway,dusk_dawn,low,truck,84.5,82,minor,2022-08-29 06:42:37,6,0,8,0,0,0
ACC02526,17.761885785957844,82.95730996321558,2022-03-09,21:44:10,cloudy,highway,night_lit,moderate,car,91.5,89,minor,2022-03-09 21:44:10,21,2,3,0,1,0
ACC02527,16.051377463942636,83.6193363747833,2024-01-30,13:47:02,clear,highway,night_lit,moderate,auto,60.9,88,minor,2024-01-30 13:47:02,13,1,1,0,0,0
ACC02528,20.488850024972663,85.51289582978445,2025-04-21,12:09:39,clear,expressway,daylight,moderate,motorcycle,137.6,86,moderate,2025-04-21 12:09:39,12,0,4,0,0,1
ACC02529,27.15635165383669,77.11816945131226,2022-09-16,09:29:01,clear,expressway,daylight,moderate,truck,126.4,90,moderate,2022-09-16 09:29:01,9,4,9,0,0,1
ACC02530,28.47498969947968,83.87022826941123,2025-10-15,15:37:24,rain,rural,night_unlit,low,bus,40.7,76,minor,2025-10-15 15:37:24,15,2,10,0,0,0
ACC02531,17.458475126661224,73.70383836125899,2024-05-01,07:33:53,heavy_rain,expressway,night_lit,heavy,bus,80.0,90,severe,2024-05-01 07:33:53,7,2,5,0,0,2
ACC02532,14.77638519771128,74.20898766323047,2024-02-28,18:58:15,heavy_rain,rural,dusk_dawn,moderate,car,60.2,66,moderate,2024-02-28 18:58:15,18,2,2,0,0,1
ACC02533,24.96252805619353,78.67737664277442,2026-02-24,14:57:41,rain,expressway,daylight,moderate,motorcycle,127.6,93,severe,2026-02-24 14:57:41,14,1,2,0,0,2
ACC02534,22.47597705820779,72.88361242168395,2023-06-25,15:48:22,clear,highway,night_lit,heavy,motorcycle,108.7,78,severe,2023-06-25 15:48:22,15,6,6,1,0,2
ACC02535,15.61829067619608,87.16317314344542,2022-11-26,19:14:06,clear,highway,dusk_dawn,moderate,motorcycle,74.3,79,minor,2022-11-26 19:14:06,19,5,11,1,0,0
ACC02536,25.685324185573855,86.43033296814977,2025-07-15,08:31:11,cloudy,rural,daylight,heavy,truck,34.5,62,fatal,2025-07-15 08:31:11,8,1,7,0,0,3
ACC02537,21.340747834358535,72.78293912841349,2022-06-26,08:48:04,cloudy,urban,daylight,low,motorcycle,61.7,42,moderate,2022-06-26 08:48:04,8,6,6,1,0,1
ACC02538,23.761113591133338,85.41298755027645,2025-12-02,12:16:09,rain,rural,night_lit,low,motorcycle,64.2,57,severe,2025-12-02 12:16:09,12,1,12,0,0,2
ACC02539,18.468102611341,80.14198678544041,2025-09-17,18:42:09,clear,urban,dusk_dawn,low,motorcycle,62.7,51,severe,2025-09-17 18:42:09,18,2,9,0,0,2
ACC02540,19.903756103442767,83.2314062139768,2026-05-24,05:14:52,fog,highway,night_unlit,heavy,car,123.2,91,fatal,2026-05-24 05:14:52,5,6,5,1,1,3
ACC02541,15.24615777074896,86.190898708771,2024-01-26,18:08:48,clear,highway,daylight,heavy,motorcycle,67.7,60,moderate,2024-01-26 18:08:48,18,4,1,0,0,1
ACC02542,25.617285617616137,81.23159179324318,2024-10-18,14:14:21,cloudy,rural,night_lit,heavy,car,108.8,77,moderate,2024-10-18 14:14:21,14,4,10,0,0,1
ACC02543,14.826203834732254,73.86123360455407,2025-12-20,15:55:43,heavy_rain,urban,dusk_dawn,moderate,motorcycle,42.6,36,moderate,2025-12-20 15:55:43,15,5,12,1,0,1
ACC02544,26.009446705519103,72.04125776778538,2022-08-05,15:59:12,cloudy,urban,daylight,low,car,33.8,32,severe,2022-08-05 15:59:12,15,4,8,0,0,2
ACC02545,26.36414138792255,79.95074451602315,2023-05-18,05:51:38,rain,urban,night_lit,moderate,truck,65.2,31,minor,2023-05-18 05:51:38,5,3,5,0,1,0
ACC02546,25.43881735299219,87.18771411398976,2024-02-14,09:16:12,rain,urban,daylight,moderate,car,38.4,35,minor,2024-02-14 09:16:12,9,2,2,0,0,0
ACC02547,12.349610185057328,81.16194994581113,2024-10-27,18:46:38,rain,urban,night_unlit,low,motorcycle,39.4,55,minor,2024-10-27 18:46:38,18,6,10,1,0,0
ACC02548,16.916397826920125,77.96702620941167,2025-01-20,12:13:21,rain,urban,night_lit,moderate,motorcycle,58.7,50,moderate,2025-01-20 12:13:21,12,0,1,0,0,1
ACC02549,20.43007937025265,72.49475227329461,2026-02-25,15:07:51,clear,urban,daylight,heavy,motorcycle,61.5,40,moderate,2026-02-25 15:07:51,15,2,2,0,0,1
ACC02550,22.71979881690233,86.6396706764512,2024-03-14,21:15:50,clear,expressway,night_unlit,moderate,motorcycle,93.9,81,fatal,2024-03-14 21:15:50,21,3,3,0,1,3
ACC02551,28.545997788642904,77.23450657372868,2022-10-09,05:08:20,rain,urban,night_unlit,moderate,truck,20.3,50,minor,2022-10-09 05:08:20,5,6,10,1,1,0
ACC02552,18.76090749831664,83.27643842104153,2022-11-08,13:38:02,cloudy,expressway,daylight,moderate,car,120.4,86,moderate,2022-11-08 13:38:02,13,1,11,0,0,1
ACC02553,27.75041973793117,83.10779523378343,2025-08-07,11:40:19,cloudy,rural,daylight,low,truck,111.7,72,minor,2025-08-07 11:40:19,11,3,8,0,0,0
ACC02554,14.94172718646306,76.06213058189996,2024-01-28,07:02:16,cloudy,rural,night_lit,low,motorcycle,69.3,74,moderate,2024-01-28 07:02:16,7,6,1,1,0,1
ACC02555,18.683048775155285,73.02044010337161,2024-11-02,21:06:25,clear,rural,night_lit,moderate,truck,59.5,41,minor,2024-11-02 21:06:25,21,5,11,1,1,0
ACC02556,12.941076194783816,78.1600060587495,2024-07-13,22:28:34,cloudy,urban,night_lit,heavy,bus,50.1,45,minor,2024-07-13 22:28:34,22,5,7,1,1,0
ACC02557,25.3648072390012,77.0740962213952,2025-08-27,10:06:59,fog,urban,daylight,moderate,truck,69.4,35,minor,2025-08-27 10:06:59,10,2,8,0,0,0
ACC02558,14.711749633792431,83.20410238195721,2022-12-25,21:49:03,clear,urban,night_unlit,low,car,44.2,54,moderate,2022-12-25 21:49:03,21,6,12,1,1,1
ACC02559,16.62636028167224,85.11651993055743,2022-10-08,03:24:33,clear,highway,night_lit,low,motorcycle,131.8,96,minor,2022-10-08 03:24:33,3,5,10,1,1,0
ACC02560,25.954198539477865,75.5591266782668,2025-04-19,22:24:10,clear,highway,night_lit,heavy,motorcycle,83.0,75,moderate,2025-04-19 22:24:10,22,5,4,1,1,1
ACC02561,21.62490091360878,80.45169711642308,2023-12-14,19:00:32,cloudy,highway,dusk_dawn,moderate,car,108.3,79,severe,2023-12-14 19:00:32,19,3,12,0,0,2
ACC02562,12.251508949532326,72.64973355821058,2025-09-01,08:42:38,clear,rural,dusk_dawn,moderate,motorcycle,125.1,51,minor,2025-09-01 08:42:38,8,0,9,0,0,0
ACC02563,12.040233685453147,75.42809316693538,2022-07-31,16:43:48,rain,highway,daylight,low,truck,127.4,65,moderate,2022-07-31 16:43:48,16,6,7,1,0,1
ACC02564,21.19189137131815,84.18818568515333,2023-03-23,18:45:33,clear,urban,dusk_dawn,heavy,truck,41.1,31,severe,2023-03-23 18:45:33,18,3,3,0,0,2
ACC02565,17.48919924748551,84.69437312782516,2026-04-26,10:32:10,clear,highway,dusk_dawn,moderate,car,129.2,75,severe,2026-04-26 10:32:10,10,6,4,1,0,2
ACC02566,15.245606027913189,84.42247141522886,2025-10-17,11:16:54,clear,highway,daylight,low,truck,60.3,79,severe,2025-10-17 11:16:54,11,4,10,0,0,2
ACC02567,23.044690878889995,74.27820679981232,2022-04-13,16:04:24,clear,urban,night_lit,moderate,motorcycle,57.2,33,minor,2022-04-13 16:04:24,16,2,4,0,0,0
ACC02568,16.111856490913688,80.81655563949468,2025-09-03,07:18:28,rain,rural,dusk_dawn,heavy,car,84.6,44,moderate,2025-09-03 07:18:28,7,2,9,0,0,1
ACC02569,22.65972869432906,78.76333463109412,2022-04-18,07:32:38,heavy_rain,urban,dusk_dawn,heavy,motorcycle,31.5,38,fatal,2022-04-18 07:32:38,7,0,4,0,0,3
ACC02570,18.826787110552917,87.86378074872145,2022-07-17,09:06:15,rain,expressway,night_unlit,heavy,motorcycle,67.6,89,minor,2022-07-17 09:06:15,9,6,7,1,0,0
ACC02571,15.361431918056216,82.46511790493338,2026-01-14,18:03:59,heavy_rain,highway,dusk_dawn,moderate,motorcycle,75.1,89,minor,2026-01-14 18:03:59,18,2,1,0,0,0
ACC02572,14.485885281637476,86.96323346233166,2022-07-26,11:13:02,clear,urban,daylight,moderate,truck,75.5,49,moderate,2022-07-26 11:13:02,11,1,7,0,0,1
ACC02573,16.263490856291185,74.325604880135,2023-05-09,14:04:09,heavy_rain,highway,night_lit,moderate,car,61.0,94,minor,2023-05-09 14:04:09,14,1,5,0,0,0
ACC02574,12.536977944233731,79.21397236960367,2022-08-11,08:00:59,cloudy,highway,daylight,moderate,motorcycle,131.5,99,moderate,2022-08-11 08:00:59,8,3,8,0,0,1
ACC02575,17.54628531665283,84.3457216016939,2024-09-07,08:29:27,rain,highway,night_lit,low,car,65.3,97,moderate,2024-09-07 08:29:27,8,5,9,1,0,1
ACC02576,28.23518442327229,77.88572364848645,2022-04-04,16:44:53,cloudy,highway,night_lit,moderate,car,133.2,67,minor,2022-04-04 16:44:53,16,0,4,0,0,0
ACC02577,26.964518265894508,82.12013593845835,2023-04-18,07:29:54,clear,rural,daylight,heavy,car,48.2,62,minor,2023-04-18 07:29:54,7,1,4,0,0,0
ACC02578,18.696067620953865,80.18723475797857,2023-06-20,17:05:59,clear,urban,daylight,low,truck,34.0,41,moderate,2023-06-20 17:05:59,17,1,6,0,0,1
ACC02579,22.36500513447247,87.87087054748788,2024-12-01,12:20:43,clear,highway,daylight,moderate,motorcycle,84.5,79,severe,2024-12-01 12:20:43,12,6,12,1,0,2
ACC02580,22.212490062253053,74.78196064104786,2024-03-26,17:02:40,cloudy,expressway,dusk_dawn,low,motorcycle,66.0,81,severe,2024-03-26 17:02:40,17,1,3,0,0,2
ACC02581,26.917275705486823,86.96557912528205,2022-11-13,11:37:36,cloudy,urban,night_unlit,moderate,motorcycle,61.7,41,severe,2022-11-13 11:37:36,11,6,11,1,0,2
ACC02582,16.25322182730538,78.42513526085276,2024-02-02,19:13:40,storm,highway,dusk_dawn,moderate,car,90.2,90,minor,2024-02-02 19:13:40,19,4,2,0,0,0
ACC02583,17.334974798274224,79.48788746203671,2024-01-24,05:23:15,clear,urban,night_lit,moderate,car,60.6,46,severe,2024-01-24 05:23:15,5,2,1,0,1,2
ACC02584,17.432137807421007,80.45763013903967,2023-08-04,20:54:48,cloudy,highway,night_lit,moderate,motorcycle,118.3,89,minor,2023-08-04 20:54:48,20,4,8,0,1,0
ACC02585,12.735659815890138,76.24586479093728,2024-05-25,09:35:11,cloudy,rural,daylight,heavy,truck,72.5,41,moderate,2024-05-25 09:35:11,9,5,5,1,0,1
ACC02586,17.664381539205458,87.41851908177269,2023-06-20,04:45:28,clear,urban,night_lit,low,truck,62.8,55,minor,2023-06-20 04:45:28,4,1,6,0,1,0
ACC02587,27.802447978584127,86.58379528375663,2023-07-02,15:20:22,clear,highway,daylight,heavy,car,70.8,60,minor,2023-07-02 15:20:22,15,6,7,1,0,0
ACC02588,28.415777656286657,87.5664816033818,2025-07-10,08:55:45,cloudy,highway,daylight,heavy,motorcycle,136.3,94,severe,2025-07-10 08:55:45,8,3,7,0,0,2
ACC02589,13.973436223833907,87.95071315535236,2023-02-18,13:42:15,cloudy,highway,daylight,moderate,motorcycle,74.1,100,minor,2023-02-18 13:42:15,13,5,2,1,0,0
ACC02590,20.245053749131763,82.71680152289555,2023-06-25,18:30:12,clear,urban,night_unlit,moderate,truck,70.4,40,severe,2023-06-25 18:30:12,18,6,6,1,0,2
ACC02591,18.864280228577503,79.22696793289191,2022-08-19,18:34:48,clear,urban,dusk_dawn,heavy,car,51.4,42,moderate,2022-08-19 18:34:48,18,4,8,0,0,1
ACC02592,20.808465539220983,85.61174242394088,2025-02-20,16:37:29,clear,expressway,daylight,moderate,car,131.9,80,minor,2025-02-20 16:37:29,16,3,2,0,0,0
ACC02593,21.98495143305619,72.38087804538142,2025-03-05,22:09:43,rain,highway,night_lit,low,auto,61.1,99,severe,2025-03-05 22:09:43,22,2,3,0,1,2
ACC02594,12.364657680319429,85.35046471541605,2025-01-18,13:15:52,rain,highway,night_lit,low,car,118.9,92,minor,2025-01-18 13:15:52,13,5,1,1,0,0
ACC02595,27.160360462580893,79.9565763873761,2022-10-04,04:41:50,clear,highway,night_unlit,heavy,auto,98.9,86,severe,2022-10-04 04:41:50,4,1,10,0,1,2
ACC02596,29.52595331712009,82.77152043333469,2024-01-12,19:26:23,cloudy,urban,dusk_dawn,low,motorcycle,74.2,31,severe,2024-01-12 19:26:23,19,4,1,0,0,2
ACC02597,23.76128661606556,77.98473698148013,2023-04-25,08:47:10,fog,urban,daylight,moderate,motorcycle,56.7,59,minor,2023-04-25 08:47:10,8,1,4,0,0,0
ACC02598,23.88814029288065,77.89797046186905,2025-06-08,08:31:57,clear,expressway,daylight,moderate,car,121.4,95,minor,2025-06-08 08:31:57,8,6,6,1,0,0
ACC02599,21.50363744095275,72.5074744449742,2023-07-08,06:03:18,clear,rural,dusk_dawn,moderate,bus,59.5,74,moderate,2023-07-08 06:03:18,6,5,7,1,0,1
ACC02600,18.01692141085887,78.78063088686422,2023-11-14,10:39:46,clear,highway,night_lit,moderate,car,112.6,98,minor,2023-11-14 10:39:46,10,1,11,0,0,0
ACC02601,14.68160083523138,78.53366712670928,2024-01-17,10:36:46,clear,rural,daylight,moderate,motorcycle,92.4,78,minor,2024-01-17 10:36:46,10,2,1,0,0,0
ACC02602,22.513140168528917,75.59665762988914,2025-06-03,10:21:26,rain,rural,daylight,moderate,car,45.4,73,moderate,2025-06-03 10:21:26,10,1,6,0,0,1
ACC02603,12.808945263165729,75.95717237663628,2025-02-27,16:47:09,rain,highway,dusk_dawn,low,car,75.6,60,moderate,2025-02-27 16:47:09,16,3,2,0,0,1
ACC02604,26.84104621845373,81.34623328708018,2025-09-08,18:21:28,cloudy,expressway,night_lit,low,truck,64.0,98,moderate,2025-09-08 18:21:28,18,0,9,0,0,1
ACC02605,19.57641059047108,77.08434308063205,2023-12-04,21:06:08,clear,rural,night_unlit,low,car,108.0,43,severe,2023-12-04 21:06:08,21,0,12,0,1,2
ACC02606,19.465576034915543,85.28403054427663,2025-09-07,06:07:21,rain,rural,dusk_dawn,moderate,motorcycle,33.1,60,moderate,2025-09-07 06:07:21,6,6,9,1,0,1
ACC02607,17.889075452566303,73.78216170971307,2025-12-01,07:54:22,clear,urban,dusk_dawn,low,truck,77.8,56,severe,2025-12-01 07:54:22,7,0,12,0,0,2
ACC02608,29.44836999657456,81.2423191452007,2024-05-10,16:22:31,clear,highway,night_lit,moderate,motorcycle,92.3,64,fatal,2024-05-10 16:22:31,16,4,5,0,0,3
ACC02609,15.14850514987294,74.56071563422563,2025-01-21,06:24:11,clear,rural,dusk_dawn,low,truck,20.8,73,moderate,2025-01-21 06:24:11,6,1,1,0,0,1
ACC02610,14.7235407865538,80.45185003073054,2026-02-02,11:18:50,heavy_rain,urban,night_lit,moderate,car,25.5,41,moderate,2026-02-02 11:18:50,11,0,2,0,0,1
ACC02611,14.979567027810544,80.8407341912051,2025-10-08,16:44:04,rain,expressway,night_unlit,low,truck,106.4,94,severe,2025-10-08 16:44:04,16,2,10,0,0,2
ACC02612,23.853494691313752,82.27676298441166,2023-03-30,18:36:59,cloudy,highway,dusk_dawn,moderate,car,128.0,87,severe,2023-03-30 18:36:59,18,3,3,0,0,2
ACC02613,29.85411573713277,78.83879915636629,2025-03-22,08:53:18,rain,urban,daylight,heavy,motorcycle,70.6,56,minor,2025-03-22 08:53:18,8,5,3,1,0,0
ACC02614,16.238553067231585,80.15159496206807,2024-01-03,17:53:29,clear,rural,daylight,moderate,truck,126.9,56,minor,2024-01-03 17:53:29,17,2,1,0,0,0
ACC02615,28.30111314721478,74.89524185730069,2022-09-02,16:59:52,clear,urban,daylight,heavy,truck,57.7,30,minor,2022-09-02 16:59:52,16,4,9,0,0,0
ACC02616,17.015098065747104,79.40824559578127,2023-09-03,19:19:39,rain,urban,daylight,moderate,car,73.3,32,fatal,2023-09-03 19:19:39,19,6,9,1,0,3
ACC02617,23.662198562255405,77.96848622550866,2026-05-25,10:35:03,heavy_rain,rural,night_lit,low,motorcycle,135.9,43,severe,2026-05-25 10:35:03,10,0,5,0,0,2
ACC02618,12.72898113480062,82.65809767447055,2026-04-22,18:20:36,cloudy,rural,dusk_dawn,moderate,bus,26.1,70,minor,2026-04-22 18:20:36,18,2,4,0,0,0
ACC02619,20.921771542371403,78.95714757594378,2025-07-15,18:42:33,clear,urban,dusk_dawn,moderate,bus,41.0,46,severe,2025-07-15 18:42:33,18,1,7,0,0,2
ACC02620,23.782259393021672,84.46946641568353,2026-06-15,09:44:55,storm,highway,night_lit,heavy,motorcycle,78.9,62,severe,2026-06-15 09:44:55,9,0,6,0,0,2
ACC02621,21.653755990007312,78.81587357717908,2024-07-29,16:15:33,clear,urban,dusk_dawn,low,car,59.2,47,severe,2024-07-29 16:15:33,16,0,7,0,0,2
ACC02622,16.28103692787224,75.77233876758334,2025-05-28,17:51:59,clear,urban,daylight,heavy,motorcycle,50.8,34,severe,2025-05-28 17:51:59,17,2,5,0,0,2
ACC02623,26.91294506882248,76.37901950333736,2022-09-29,09:17:31,clear,rural,daylight,moderate,auto,21.1,57,minor,2022-09-29 09:17:31,9,3,9,0,0,0
ACC02624,29.462457202288327,72.72456360146619,2023-05-06,13:58:11,clear,urban,daylight,moderate,car,65.6,45,minor,2023-05-06 13:58:11,13,5,5,1,0,0
ACC02625,20.26552972245717,80.63870096961456,2022-10-11,13:51:30,cloudy,urban,night_unlit,heavy,truck,59.5,34,severe,2022-10-11 13:51:30,13,1,10,0,0,2
ACC02626,23.446546773406567,85.29409414240514,2026-03-20,18:01:55,cloudy,highway,dusk_dawn,low,motorcycle,84.1,73,moderate,2026-03-20 18:01:55,18,4,3,0,0,1
ACC02627,26.227438830220308,84.30578730908113,2024-10-05,00:23:01,clear,highway,night_lit,heavy,truck,87.2,77,moderate,2024-10-05 00:23:01,0,5,10,1,1,1
ACC02628,16.346803091192292,79.00463146141554,2026-03-12,14:23:23,clear,highway,daylight,low,car,117.9,93,moderate,2026-03-12 14:23:23,14,3,3,0,0,1
ACC02629,27.560106874718137,75.1379256823122,2023-11-15,08:49:02,cloudy,urban,night_lit,moderate,car,73.6,44,moderate,2023-11-15 08:49:02,8,2,11,0,0,1
ACC02630,17.043616295579955,85.81575109275924,2023-10-25,16:43:50,cloudy,rural,night_lit,low,car,43.7,75,moderate,2023-10-25 16:43:50,16,2,10,0,0,1
ACC02631,25.9649544632743,72.90849654472109,2025-01-14,17:03:30,clear,expressway,night_unlit,heavy,bus,70.1,100,minor,2025-01-14 17:03:30,17,1,1,0,0,0
ACC02632,14.017786183675597,78.3875636032399,2024-07-21,14:50:42,clear,urban,daylight,moderate,truck,45.8,44,severe,2024-07-21 14:50:42,14,6,7,1,0,2
ACC02633,17.190960661455055,85.70584227814322,2023-09-04,15:13:58,heavy_rain,rural,daylight,moderate,motorcycle,112.1,62,moderate,2023-09-04 15:13:58,15,0,9,0,0,1
ACC02634,21.60515881091762,78.29082699846714,2023-06-06,10:22:49,storm,urban,night_lit,heavy,auto,54.9,36,severe,2023-06-06 10:22:49,10,1,6,0,0,2
ACC02635,21.448597722677672,73.88600753211136,2024-04-22,10:10:24,clear,urban,daylight,low,car,71.0,38,minor,2024-04-22 10:10:24,10,0,4,0,0,0
ACC02636,27.307761320754597,76.25519200553273,2022-05-05,18:09:56,rain,urban,dusk_dawn,heavy,bus,53.4,46,minor,2022-05-05 18:09:56,18,3,5,0,0,0
ACC02637,29.93029063749493,81.60047106788717,2022-11-05,07:31:28,heavy_rain,urban,dusk_dawn,moderate,car,45.6,46,moderate,2022-11-05 07:31:28,7,5,11,1,0,1
ACC02638,13.92979522548253,74.43257452311313,2022-03-13,18:05:58,clear,urban,dusk_dawn,heavy,car,48.0,60,minor,2022-03-13 18:05:58,18,6,3,1,0,0
ACC02639,16.884986390850667,82.4789652294777,2022-09-12,17:04:58,heavy_rain,expressway,daylight,moderate,motorcycle,101.7,99,moderate,2022-09-12 17:04:58,17,0,9,0,0,1
ACC02640,18.43676778401537,79.01059089918793,2022-11-23,20:47:13,cloudy,urban,night_unlit,heavy,auto,66.3,50,severe,2022-11-23 20:47:13,20,2,11,0,1,2
ACC02641,20.62053134058009,77.35023201312835,2022-05-05,09:20:46,cloudy,highway,daylight,heavy,truck,107.2,62,minor,2022-05-05 09:20:46,9,3,5,0,0,0
ACC02642,20.890375376779183,75.85480768837063,2022-04-02,14:38:41,cloudy,urban,daylight,moderate,car,76.4,53,minor,2022-04-02 14:38:41,14,5,4,1,0,0
ACC02643,27.4115111366715,85.17327977370735,2025-09-07,04:59:46,clear,expressway,night_lit,heavy,auto,101.7,100,moderate,2025-09-07 04:59:46,4,6,9,1,1,1
ACC02644,25.8700674501318,78.34678315941443,2022-10-27,20:03:10,rain,highway,night_lit,heavy,truck,103.5,94,fatal,2022-10-27 20:03:10,20,3,10,0,1,3
ACC02645,12.33932842268316,83.81566824969964,2024-06-30,17:47:30,rain,expressway,daylight,heavy,truck,94.7,96,minor,2024-06-30 17:47:30,17,6,6,1,0,0
ACC02646,20.190391690497385,79.04568308219815,2022-06-11,16:06:09,clear,expressway,night_lit,heavy,motorcycle,138.9,84,moderate,2022-06-11 16:06:09,16,5,6,1,0,1
ACC02647,23.1253290883936,73.46987499018847,2026-04-05,17:45:53,cloudy,urban,night_unlit,heavy,motorcycle,32.2,57,minor,2026-04-05 17:45:53,17,6,4,1,0,0
ACC02648,20.28712056767442,79.04809560267617,2023-01-28,09:18:52,fog,highway,night_lit,moderate,car,96.1,62,moderate,2023-01-28 09:18:52,9,5,1,1,0,1
ACC02649,14.351614608462642,80.12300447577222,2025-05-15,16:08:34,heavy_rain,highway,night_unlit,heavy,motorcycle,127.0,91,fatal,2025-05-15 16:08:34,16,3,5,0,0,3
ACC02650,19.15453350643167,79.32547509589403,2024-11-18,18:13:07,cloudy,highway,dusk_dawn,moderate,car,104.3,63,moderate,2024-11-18 18:13:07,18,0,11,0,0,1
ACC02651,19.40980251233525,85.05986738797236,2025-06-16,06:21:39,clear,urban,dusk_dawn,low,motorcycle,35.0,41,moderate,2025-06-16 06:21:39,6,0,6,0,0,1
ACC02652,15.378886604095658,86.57362158468847,2024-10-30,22:43:26,clear,rural,night_lit,low,motorcycle,114.3,54,moderate,2024-10-30 22:43:26,22,2,10,0,1,1
ACC02653,25.61352806047716,84.58845880337654,2024-04-15,20:40:47,clear,expressway,night_unlit,low,motorcycle,108.9,95,fatal,2024-04-15 20:40:47,20,0,4,0,1,3
ACC02654,17.785212242564583,81.32451043537536,2025-06-21,22:43:05,rain,highway,daylight,heavy,truck,125.0,92,minor,2025-06-21 22:43:05,22,5,6,1,1,0
ACC02655,22.60177123023509,80.66319936887825,2025-08-31,19:01:24,rain,urban,dusk_dawn,heavy,motorcycle,31.6,38,minor,2025-08-31 19:01:24,19,6,8,1,0,0
ACC02656,21.283143257257816,82.31385648197855,2023-09-16,10:58:21,heavy_rain,urban,night_unlit,heavy,motorcycle,31.3,48,moderate,2023-09-16 10:58:21,10,5,9,1,0,1
ACC02657,27.793687425895,76.60528474303,2026-03-27,16:26:57,clear,urban,daylight,low,car,23.7,45,severe,2026-03-27 16:26:57,16,4,3,0,0,2
ACC02658,14.196268773531088,84.98954953837897,2026-06-10,07:06:17,fog,urban,night_lit,low,car,67.9,49,minor,2026-06-10 07:06:17,7,2,6,0,0,0
ACC02659,14.056734148562285,85.70957084165858,2025-03-31,18:55:59,fog,expressway,dusk_dawn,low,car,138.5,96,minor,2025-03-31 18:55:59,18,0,3,0,0,0
ACC02660,17.405754044214284,76.27547461090928,2026-03-06,07:47:55,rain,urban,dusk_dawn,moderate,car,40.4,53,minor,2026-03-06 07:47:55,7,4,3,0,0,0
ACC02661,19.76186942626503,86.44509133024124,2022-06-23,19:04:35,heavy_rain,highway,night_lit,heavy,motorcycle,71.3,62,moderate,2022-06-23 19:04:35,19,3,6,0,0,1
ACC02662,17.37376047753851,85.57972358386668,2024-06-06,09:26:10,cloudy,urban,daylight,heavy,motorcycle,45.5,48,moderate,2024-06-06 09:26:10,9,3,6,0,0,1
ACC02663,25.73736748311439,78.79178827972017,2024-12-04,08:54:13,clear,highway,daylight,low,auto,106.5,97,moderate,2024-12-04 08:54:13,8,2,12,0,0,1
ACC02664,16.414785175967396,86.54400323348393,2026-03-04,06:40:01,clear,expressway,dusk_dawn,heavy,car,74.6,90,minor,2026-03-04 06:40:01,6,2,3,0,0,0
ACC02665,13.525945369900406,73.92702390098412,2022-07-17,17:11:46,clear,expressway,night_lit,moderate,car,63.8,87,minor,2022-07-17 17:11:46,17,6,7,1,0,0
ACC02666,19.448396577914657,72.4477849473424,2025-08-16,08:42:43,clear,highway,daylight,heavy,truck,131.9,64,severe,2025-08-16 08:42:43,8,5,8,1,0,2
ACC02667,25.920827186492712,77.56586920950487,2022-05-07,08:11:19,rain,urban,daylight,heavy,car,71.9,48,moderate,2022-05-07 08:11:19,8,5,5,1,0,1
ACC02668,27.310114984561345,81.04697118123752,2023-08-12,08:21:43,clear,rural,daylight,moderate,truck,126.2,72,severe,2023-08-12 08:21:43,8,5,8,1,0,2
ACC02669,25.200207270540314,77.62308183252586,2025-02-11,10:11:34,clear,urban,daylight,heavy,truck,75.0,55,minor,2025-02-11 10:11:34,10,1,2,0,0,0
ACC02670,22.04196021299539,87.07308373874176,2023-04-23,21:41:48,clear,urban,night_unlit,moderate,motorcycle,52.7,41,severe,2023-04-23 21:41:48,21,6,4,1,1,2
ACC02671,25.03545063148518,76.07536366488232,2025-10-02,14:55:05,rain,expressway,daylight,heavy,car,139.5,99,minor,2025-10-02 14:55:05,14,3,10,0,0,0
ACC02672,24.265011635469502,76.49941429748286,2026-03-08,09:02:11,fog,highway,dusk_dawn,heavy,car,115.2,78,minor,2026-03-08 09:02:11,9,6,3,1,0,0
ACC02673,16.218599384911094,82.15724180071769,2022-09-18,08:36:48,cloudy,urban,night_lit,heavy,auto,25.8,35,minor,2022-09-18 08:36:48,8,6,9,1,0,0
ACC02674,21.913660059657488,72.06182211746733,2023-02-28,02:14:22,rain,highway,night_lit,low,bus,92.5,75,minor,2023-02-28 02:14:22,2,1,2,0,1,0
ACC02675,25.87096798749177,83.64091283767358,2022-05-02,11:45:57,storm,highway,daylight,heavy,truck,120.5,76,fatal,2022-05-02 11:45:57,11,0,5,0,0,3
ACC02676,17.708171913752487,78.03951172949051,2025-03-11,07:08:52,rain,rural,dusk_dawn,low,car,60.9,70,moderate,2025-03-11 07:08:52,7,1,3,0,0,1
ACC02677,23.771516640904764,87.64396588229273,2025-12-26,02:21:05,rain,rural,night_lit,heavy,motorcycle,33.6,46,minor,2025-12-26 02:21:05,2,4,12,0,1,0
ACC02678,20.666647695338373,83.06268148847597,2024-09-14,07:12:24,cloudy,urban,daylight,heavy,truck,47.4,32,moderate,2024-09-14 07:12:24,7,5,9,1,0,1
ACC02679,21.05685931701036,72.83543928131749,2022-08-06,10:52:43,storm,highway,daylight,low,car,139.0,80,fatal,2022-08-06 10:52:43,10,5,8,1,0,3
ACC02680,13.620990680078876,73.48204493987157,2022-10-13,18:04:08,clear,rural,night_lit,moderate,auto,89.2,50,fatal,2022-10-13 18:04:08,18,3,10,0,0,3
ACC02681,23.991908975496838,73.41068971078654,2022-02-27,06:34:51,rain,highway,dusk_dawn,moderate,auto,133.2,92,minor,2022-02-27 06:34:51,6,6,2,1,0,0
ACC02682,27.58236663638136,87.2419561582711,2024-03-15,17:07:05,cloudy,urban,daylight,heavy,car,74.8,35,fatal,2024-03-15 17:07:05,17,4,3,0,0,3
ACC02683,14.54576318446553,82.9448246594814,2025-03-29,16:35:06,clear,highway,night_lit,low,car,129.0,64,minor,2025-03-29 16:35:06,16,5,3,1,0,0
ACC02684,18.58990191989609,78.84169611662297,2022-09-04,20:46:32,rain,urban,night_lit,heavy,motorcycle,74.1,35,moderate,2022-09-04 20:46:32,20,6,9,1,1,1
ACC02685,12.87601418713503,75.2077230380805,2025-10-23,08:45:14,rain,urban,daylight,heavy,motorcycle,39.5,43,severe,2025-10-23 08:45:14,8,3,10,0,0,2
ACC02686,12.53337394757504,85.97823594297284,2023-02-19,18:02:38,heavy_rain,highway,dusk_dawn,moderate,motorcycle,101.1,61,severe,2023-02-19 18:02:38,18,6,2,1,0,2
ACC02687,29.813852940091387,75.22489484274145,2024-04-24,19:46:23,fog,urban,dusk_dawn,moderate,truck,78.3,31,moderate,2024-04-24 19:46:23,19,2,4,0,0,1
ACC02688,20.88248714951492,83.30686746361307,2025-01-01,22:17:16,rain,urban,night_lit,moderate,motorcycle,39.5,53,severe,2025-01-01 22:17:16,22,2,1,0,1,2
ACC02689,18.399342335434437,84.21318978472553,2024-06-05,19:40:50,cloudy,urban,dusk_dawn,low,car,68.9,49,moderate,2024-06-05 19:40:50,19,2,6,0,0,1
ACC02690,16.94778737925034,76.71449742168653,2024-02-24,07:57:09,fog,urban,dusk_dawn,heavy,car,76.2,38,minor,2024-02-24 07:57:09,7,5,2,1,0,0
ACC02691,29.640227609009266,80.07863579473027,2023-07-08,21:07:29,clear,rural,night_unlit,low,motorcycle,50.0,66,severe,2023-07-08 21:07:29,21,5,7,1,1,2
ACC02692,16.540514139390307,75.5678285170943,2023-12-08,19:21:10,clear,highway,dusk_dawn,moderate,motorcycle,77.2,86,severe,2023-12-08 19:21:10,19,4,12,0,0,2
ACC02693,25.062751123279376,78.06287451928797,2023-01-27,08:52:08,cloudy,highway,dusk_dawn,low,bus,70.7,60,moderate,2023-01-27 08:52:08,8,4,1,0,0,1
ACC02694,17.10764572450681,87.44215037248014,2023-04-29,08:08:12,cloudy,highway,daylight,heavy,car,65.7,84,severe,2023-04-29 08:08:12,8,5,4,1,0,2
ACC02695,13.268811096424544,83.09020855447088,2025-05-25,21:15:15,rain,highway,night_lit,moderate,truck,87.3,64,moderate,2025-05-25 21:15:15,21,6,5,1,1,1
ACC02696,24.298979061322942,85.54582729904824,2025-12-20,07:32:24,rain,urban,dusk_dawn,moderate,car,27.8,45,severe,2025-12-20 07:32:24,7,5,12,1,0,2
ACC02697,12.029355257337569,80.64959314346785,2025-10-26,18:59:28,clear,highway,dusk_dawn,low,truck,63.2,72,moderate,2025-10-26 18:59:28,18,6,10,1,0,1
ACC02698,24.16347320809025,75.8246358744217,2023-06-28,12:17:08,rain,highway,daylight,moderate,car,114.1,82,moderate,2023-06-28 12:17:08,12,2,6,0,0,1
ACC02699,16.506778781816816,83.40607770667509,2023-06-12,17:23:02,cloudy,highway,night_lit,moderate,motorcycle,126.0,72,minor,2023-06-12 17:23:02,17,0,6,0,0,0
ACC02700,25.42987617728702,80.00908737264906,2022-04-06,06:47:05,fog,urban,dusk_dawn,moderate,motorcycle,37.5,32,minor,2022-04-06 06:47:05,6,2,4,0,0,0
ACC02701,25.855503012311686,74.82958188971294,2023-03-26,17:07:37,clear,rural,night_unlit,low,truck,66.9,78,moderate,2023-03-26 17:07:37,17,6,3,1,0,1
ACC02702,25.03393029871568,78.59887823389137,2024-08-19,14:19:58,cloudy,urban,daylight,moderate,car,53.7,39,severe,2024-08-19 14:19:58,14,0,8,0,0,2
ACC02703,12.440701946416986,82.1574435042609,2023-03-16,20:18:01,rain,expressway,night_lit,moderate,car,123.8,93,minor,2023-03-16 20:18:01,20,3,3,0,1,0
ACC02704,24.667259153587832,83.76530970691582,2025-04-19,08:24:02,cloudy,highway,daylight,heavy,motorcycle,66.8,80,minor,2025-04-19 08:24:02,8,5,4,1,0,0
ACC02705,29.822621053003736,75.89153273424563,2022-03-25,07:34:46,clear,urban,dusk_dawn,moderate,truck,42.1,44,minor,2022-03-25 07:34:46,7,4,3,0,0,0
ACC02706,16.36725663346121,86.01595742958929,2023-11-08,08:13:43,clear,highway,daylight,low,car,76.0,100,severe,2023-11-08 08:13:43,8,2,11,0,0,2
ACC02707,16.936294300056094,78.07281771319485,2023-04-07,06:23:44,clear,rural,dusk_dawn,low,car,127.0,75,severe,2023-04-07 06:23:44,6,4,4,0,0,2
ACC02708,26.64347789244971,76.33818748628397,2024-03-22,22:55:10,cloudy,highway,night_lit,low,truck,137.5,77,minor,2024-03-22 22:55:10,22,4,3,0,1,0
ACC02709,14.887142491009447,75.12192088725959,2022-02-12,07:49:51,cloudy,expressway,dusk_dawn,low,motorcycle,139.8,94,moderate,2022-02-12 07:49:51,7,5,2,1,0,1
ACC02710,23.89050615908193,84.86674135044758,2023-11-19,08:57:37,cloudy,rural,night_lit,heavy,car,110.6,46,moderate,2023-11-19 08:57:37,8,6,11,1,0,1
ACC02711,25.59047479501041,77.666633199457,2025-07-18,19:40:09,rain,urban,daylight,heavy,car,78.8,59,minor,2025-07-18 19:40:09,19,4,7,0,0,0
ACC02712,12.668891912748428,79.73438444620696,2025-11-08,09:34:06,clear,urban,dusk_dawn,low,motorcycle,44.2,50,minor,2025-11-08 09:34:06,9,5,11,1,0,0
ACC02713,21.96771769677407,75.56511717702202,2023-02-25,08:12:36,clear,urban,daylight,heavy,auto,70.3,45,minor,2023-02-25 08:12:36,8,5,2,1,0,0
ACC02714,22.36579065364589,82.9774571387029,2023-12-06,17:09:46,rain,highway,night_lit,low,truck,137.8,72,minor,2023-12-06 17:09:46,17,2,12,0,0,0
ACC02715,17.461972153052294,84.49653452083876,2025-02-07,12:32:46,rain,expressway,daylight,heavy,truck,133.9,99,minor,2025-02-07 12:32:46,12,4,2,0,0,0
ACC02716,27.77420404915531,77.43080398325347,2024-02-01,19:24:35,rain,rural,dusk_dawn,low,motorcycle,49.5,78,minor,2024-02-01 19:24:35,19,3,2,0,0,0
ACC02717,14.929494947397416,87.12127016594243,2024-06-10,16:47:30,rain,highway,daylight,moderate,motorcycle,71.6,66,fatal,2024-06-10 16:47:30,16,0,6,0,0,3
ACC02718,18.55550477110549,72.48976975296378,2023-07-15,09:00:41,fog,highway,night_lit,heavy,auto,123.2,97,severe,2023-07-15 09:00:41,9,5,7,1,0,2
ACC02719,27.27603636865193,74.12708965238464,2025-10-07,16:53:07,fog,highway,daylight,low,car,77.0,99,moderate,2025-10-07 16:53:07,16,1,10,0,0,1
ACC02720,15.431569618907863,81.42059250496786,2024-11-02,19:10:21,cloudy,rural,dusk_dawn,low,truck,36.0,59,minor,2024-11-02 19:10:21,19,5,11,1,0,0
ACC02721,26.78473445389815,83.22250979277408,2026-04-26,11:23:05,clear,urban,daylight,heavy,car,31.9,60,minor,2026-04-26 11:23:05,11,6,4,1,0,0
ACC02722,13.423245192623202,76.01092783214494,2025-07-04,18:21:50,clear,urban,dusk_dawn,moderate,motorcycle,79.0,60,minor,2025-07-04 18:21:50,18,4,7,0,0,0
ACC02723,20.806123209419823,80.86513755026158,2023-08-27,12:55:36,cloudy,highway,dusk_dawn,heavy,auto,80.6,68,minor,2023-08-27 12:55:36,12,6,8,1,0,0
ACC02724,13.355951924022662,77.09417995268501,2023-06-23,15:43:46,cloudy,expressway,daylight,moderate,truck,99.3,82,minor,2023-06-23 15:43:46,15,4,6,0,0,0
ACC02725,24.202264531107257,80.86542792994544,2022-05-26,17:02:29,clear,highway,night_lit,low,bus,124.2,65,moderate,2022-05-26 17:02:29,17,3,5,0,0,1
ACC02726,26.2308268030008,82.54924284422805,2024-10-19,05:51:55,clear,highway,daylight,moderate,truck,95.5,67,moderate,2024-10-19 05:51:55,5,5,10,1,1,1
ACC02727,27.297453868442453,87.56492885710492,2025-05-15,13:40:55,fog,expressway,night_unlit,heavy,motorcycle,78.0,91,fatal,2025-05-15 13:40:55,13,3,5,0,0,3
ACC02728,29.6627205133918,79.29114976033894,2023-08-05,06:04:36,clear,rural,dusk_dawn,low,motorcycle,82.8,80,minor,2023-08-05 06:04:36,6,5,8,1,0,0
ACC02729,24.096283001392564,82.37145664434209,2022-02-04,17:46:50,rain,urban,daylight,low,motorcycle,63.8,46,minor,2022-02-04 17:46:50,17,4,2,0,0,0
ACC02730,25.843114449120364,81.24862796671891,2025-09-17,16:02:39,heavy_rain,rural,night_unlit,moderate,car,68.6,49,moderate,2025-09-17 16:02:39,16,2,9,0,0,1
ACC02731,21.10364900978393,77.08087830220117,2023-01-02,10:25:43,rain,highway,night_unlit,heavy,motorcycle,132.8,90,severe,2023-01-02 10:25:43,10,0,1,0,0,2
ACC02732,28.429264221260272,76.04902610716353,2024-08-14,06:09:14,clear,highway,dusk_dawn,moderate,car,82.9,95,minor,2024-08-14 06:09:14,6,2,8,0,0,0
ACC02733,23.587650879590328,87.80593154791558,2022-03-29,21:00:58,rain,highway,night_lit,heavy,bus,121.8,61,minor,2022-03-29 21:00:58,21,1,3,0,1,0
ACC02734,27.90392531252418,75.30963778722425,2022-04-14,10:33:11,rain,highway,daylight,low,truck,121.2,84,severe,2022-04-14 10:33:11,10,3,4,0,0,2
ACC02735,16.238136306249856,84.64440427318779,2026-01-14,09:41:41,clear,rural,night_lit,moderate,car,87.3,78,moderate,2026-01-14 09:41:41,9,2,1,0,0,1
ACC02736,20.94128005292516,74.34539825633217,2025-01-09,07:28:36,cloudy,urban,dusk_dawn,heavy,truck,20.8,41,severe,2025-01-09 07:28:36,7,3,1,0,0,2
ACC02737,25.136740579148476,84.86962030978002,2022-01-09,15:20:05,clear,urban,daylight,low,truck,30.3,41,moderate,2022-01-09 15:20:05,15,6,1,1,0,1
ACC02738,15.6489915821283,74.97165508783277,2022-06-15,09:30:46,rain,rural,dusk_dawn,moderate,bus,105.7,62,severe,2022-06-15 09:30:46,9,2,6,0,0,2
ACC02739,15.80411627871561,87.47450630425867,2024-03-20,19:09:04,heavy_rain,highway,dusk_dawn,moderate,car,67.3,81,moderate,2024-03-20 19:09:04,19,2,3,0,0,1
ACC02740,29.604769327301472,82.97580250519228,2025-01-22,17:02:30,cloudy,highway,night_unlit,moderate,motorcycle,95.6,91,minor,2025-01-22 17:02:30,17,2,1,0,0,0
ACC02741,19.82298649326971,73.44189189881327,2023-11-28,00:09:48,fog,urban,night_lit,heavy,car,26.1,49,moderate,2023-11-28 00:09:48,0,1,11,0,1,1
ACC02742,15.27267815262789,83.09083391134418,2025-12-04,15:03:07,cloudy,rural,night_unlit,heavy,truck,126.3,54,fatal,2025-12-04 15:03:07,15,3,12,0,0,3
ACC02743,17.966349875667106,81.65793220450483,2024-12-07,09:46:21,heavy_rain,urban,dusk_dawn,moderate,bus,55.5,54,severe,2024-12-07 09:46:21,9,5,12,1,0,2
ACC02744,19.152770668786665,77.40073994710333,2024-10-05,01:36:30,rain,expressway,night_unlit,heavy,car,70.5,96,minor,2024-10-05 01:36:30,1,5,10,1,1,0
ACC02745,23.215534634463975,76.17177596410744,2023-04-21,16:11:55,clear,rural,night_lit,heavy,car,34.5,54,fatal,2023-04-21 16:11:55,16,4,4,0,0,3
ACC02746,28.614263862859545,83.50017250797043,2025-01-24,08:34:22,heavy_rain,rural,daylight,heavy,car,46.9,48,moderate,2025-01-24 08:34:22,8,4,1,0,0,1
ACC02747,29.75862136659764,83.86178196719786,2025-12-05,20:29:07,heavy_rain,rural,daylight,heavy,motorcycle,131.7,80,moderate,2025-12-05 20:29:07,20,4,12,0,1,1
ACC02748,23.730577660400023,77.23529358324059,2022-03-22,15:06:07,clear,urban,daylight,low,car,70.0,39,minor,2022-03-22 15:06:07,15,1,3,0,0,0
ACC02749,24.59860249435905,86.01963377343206,2025-04-20,08:58:11,rain,expressway,night_lit,heavy,truck,117.9,88,moderate,2025-04-20 08:58:11,8,6,4,1,0,1
ACC02750,17.792925054538603,76.30123550221586,2025-12-15,22:56:51,clear,urban,night_lit,low,motorcycle,67.1,56,moderate,2025-12-15 22:56:51,22,0,12,0,1,1
ACC02751,27.42885471807748,73.11783081559697,2023-12-11,15:45:46,clear,urban,night_lit,low,motorcycle,54.7,58,severe,2023-12-11 15:45:46,15,0,12,0,0,2
ACC02752,15.920370033965668,81.59788551724125,2025-06-11,08:48:25,clear,highway,night_unlit,moderate,truck,119.4,90,fatal,2025-06-11 08:48:25,8,2,6,0,0,3
ACC02753,13.914851687597416,73.71312916530586,2023-08-11,14:32:50,cloudy,rural,daylight,low,truck,96.6,57,moderate,2023-08-11 14:32:50,14,4,8,0,0,1
ACC02754,29.518607821757715,76.42662502826377,2022-11-13,22:48:55,clear,urban,night_unlit,low,car,57.0,47,moderate,2022-11-13 22:48:55,22,6,11,1,1,1
ACC02755,27.554496182769583,80.11498228877501,2025-09-01,12:31:52,clear,rural,night_unlit,moderate,truck,52.5,66,minor,2025-09-01 12:31:52,12,0,9,0,0,0
ACC02756,17.4656124216864,76.58175395771676,2023-05-26,12:09:00,fog,expressway,night_lit,low,motorcycle,84.1,84,severe,2023-05-26 12:09:00,12,4,5,0,0,2
ACC02757,24.153072894858887,75.43994147872071,2025-05-28,13:10:05,cloudy,urban,daylight,heavy,car,76.6,37,minor,2025-05-28 13:10:05,13,2,5,0,0,0
ACC02758,20.406330433437592,83.25096663849047,2023-06-02,09:51:43,rain,highway,daylight,heavy,car,114.5,83,moderate,2023-06-02 09:51:43,9,4,6,0,0,1
ACC02759,17.816307710618474,80.75198946243673,2023-10-18,08:26:22,clear,highway,dusk_dawn,heavy,truck,93.3,77,minor,2023-10-18 08:26:22,8,2,10,0,0,0
ACC02760,17.16193579368531,85.43617997200448,2025-01-29,16:43:09,clear,urban,daylight,low,car,47.1,39,minor,2025-01-29 16:43:09,16,2,1,0,0,0
ACC02761,14.448494013976315,81.29983351448764,2023-07-15,20:08:38,rain,urban,night_unlit,moderate,car,65.0,36,severe,2023-07-15 20:08:38,20,5,7,1,1,2
ACC02762,21.887725480965106,79.73515538838045,2025-08-19,18:26:21,clear,highway,dusk_dawn,low,motorcycle,104.9,99,severe,2025-08-19 18:26:21,18,1,8,0,0,2
ACC02763,20.03874042211514,76.18010162577261,2022-03-05,06:05:55,cloudy,urban,dusk_dawn,moderate,bus,25.8,38,moderate,2022-03-05 06:05:55,6,5,3,1,0,1
ACC02764,21.219355565399,84.67305400146076,2022-01-20,12:13:34,storm,urban,daylight,low,truck,25.1,49,minor,2022-01-20 12:13:34,12,3,1,0,0,0
ACC02765,15.87642901462928,75.14993613702987,2022-05-15,00:06:14,clear,highway,night_lit,moderate,truck,114.8,71,minor,2022-05-15 00:06:14,0,6,5,1,1,0
ACC02766,28.89499207391846,75.87565457557056,2023-02-25,10:12:56,cloudy,highway,night_unlit,low,car,127.1,61,severe,2023-02-25 10:12:56,10,5,2,1,0,2
ACC02767,23.494641533949743,85.46541754804912,2022-03-30,17:36:36,cloudy,highway,daylight,heavy,truck,99.5,92,severe,2022-03-30 17:36:36,17,2,3,0,0,2
ACC02768,28.192811832900063,83.85908041166738,2023-09-18,09:00:17,clear,rural,daylight,low,motorcycle,124.9,48,minor,2023-09-18 09:00:17,9,0,9,0,0,0
ACC02769,13.966880988589596,81.80597582367233,2022-02-10,19:11:08,rain,highway,dusk_dawn,moderate,auto,116.2,66,minor,2022-02-10 19:11:08,19,3,2,0,0,0
ACC02770,23.21131738541115,72.62272849258517,2025-05-26,14:41:33,cloudy,highway,dusk_dawn,low,motorcycle,82.2,92,minor,2025-05-26 14:41:33,14,0,5,0,0,0
ACC02771,27.290312735594902,74.03612189255563,2022-09-09,17:08:44,clear,urban,daylight,moderate,motorcycle,30.3,31,minor,2022-09-09 17:08:44,17,4,9,0,0,0
ACC02772,17.9565740366604,79.99931936300176,2026-05-16,20:33:50,cloudy,urban,night_lit,heavy,bus,77.5,40,moderate,2026-05-16 20:33:50,20,5,5,1,1,1
ACC02773,15.512577044447756,83.94142277572625,2025-11-08,17:52:07,cloudy,rural,night_lit,low,auto,57.0,53,severe,2025-11-08 17:52:07,17,5,11,1,0,2
ACC02774,16.770383504501154,79.42561382706917,2025-02-14,20:46:25,cloudy,urban,night_unlit,low,car,65.6,56,fatal,2025-02-14 20:46:25,20,4,2,0,1,3
ACC02775,16.912807081496382,72.27668839063654,2025-08-03,19:07:59,fog,urban,dusk_dawn,low,car,74.7,57,minor,2025-08-03 19:07:59,19,6,8,1,0,0
ACC02776,20.049581368623635,74.94831997866915,2025-06-26,15:08:39,rain,rural,night_lit,moderate,motorcycle,55.7,78,minor,2025-06-26 15:08:39,15,3,6,0,0,0
ACC02777,17.86734485002797,81.4202671939235,2025-10-20,10:42:05,clear,rural,daylight,moderate,car,131.3,41,moderate,2025-10-20 10:42:05,10,0,10,0,0,1
ACC02778,16.882933308743844,83.10747295500786,2024-06-30,10:20:55,fog,urban,night_unlit,heavy,car,40.4,32,moderate,2024-06-30 10:20:55,10,6,6,1,0,1
ACC02779,23.673221371292485,72.53485300339047,2024-10-21,20:25:41,rain,urban,night_unlit,heavy,car,30.0,33,minor,2024-10-21 20:25:41,20,0,10,0,1,0
ACC02780,12.95458269009392,72.693308055368,2024-02-10,05:28:27,clear,highway,night_unlit,low,motorcycle,97.4,64,moderate,2024-02-10 05:28:27,5,5,2,1,1,1
ACC02781,18.12654800651514,76.1809618473018,2024-10-21,21:34:46,clear,urban,night_unlit,heavy,motorcycle,23.6,37,minor,2024-10-21 21:34:46,21,0,10,0,1,0
ACC02782,24.415535386928543,73.33602712618504,2023-09-19,10:26:38,clear,rural,dusk_dawn,heavy,car,60.3,58,minor,2023-09-19 10:26:38,10,1,9,0,0,0
ACC02783,15.165295487058106,80.67113971509383,2022-07-23,18:01:15,clear,highway,daylight,moderate,motorcycle,67.0,98,moderate,2022-07-23 18:01:15,18,5,7,1,0,1
ACC02784,15.976701519832424,73.97923171130688,2026-03-09,10:05:47,cloudy,highway,dusk_dawn,moderate,motorcycle,98.6,87,severe,2026-03-09 10:05:47,10,0,3,0,0,2
ACC02785,15.611999257432515,82.37150935842276,2025-02-21,21:00:15,clear,urban,night_lit,heavy,auto,46.3,31,moderate,2025-02-21 21:00:15,21,4,2,0,1,1
ACC02786,12.016669921165288,84.4356051089214,2025-03-03,03:15:13,storm,expressway,night_lit,moderate,car,89.8,90,moderate,2025-03-03 03:15:13,3,0,3,0,1,1
ACC02787,20.52781953296831,87.5282666200337,2023-04-05,11:49:35,cloudy,highway,daylight,moderate,truck,133.7,99,moderate,2023-04-05 11:49:35,11,2,4,0,0,1
ACC02788,12.701258209490216,87.17451138620343,2025-06-19,19:58:01,clear,rural,daylight,low,auto,38.2,63,minor,2025-06-19 19:58:01,19,3,6,0,0,0
ACC02789,16.9129166119482,76.37384240376446,2024-05-02,09:28:37,storm,highway,daylight,moderate,motorcycle,81.0,72,moderate,2024-05-02 09:28:37,9,3,5,0,0,1
ACC02790,29.90646164265549,72.47055364197077,2022-05-06,09:01:33,cloudy,rural,daylight,moderate,truck,60.3,52,moderate,2022-05-06 09:01:33,9,4,5,0,0,1
ACC02791,28.5311318050254,77.27059545778829,2026-04-17,20:04:43,clear,rural,night_lit,low,car,116.5,63,minor,2026-04-17 20:04:43,20,4,4,0,1,0
ACC02792,15.871364546814016,83.33568189940246,2026-06-17,19:48:09,clear,rural,dusk_dawn,heavy,motorcycle,82.6,77,moderate,2026-06-17 19:48:09,19,2,6,0,0,1
ACC02793,17.58004377445079,72.95681934836063,2025-11-30,07:20:34,rain,expressway,dusk_dawn,low,car,139.6,96,minor,2025-11-30 07:20:34,7,6,11,1,0,0
ACC02794,20.346682480833927,77.75540252274286,2024-02-19,16:52:26,cloudy,expressway,daylight,low,motorcycle,76.8,93,minor,2024-02-19 16:52:26,16,0,2,0,0,0
ACC02795,27.199443839866383,76.76855276075051,2023-01-18,08:30:10,cloudy,expressway,dusk_dawn,moderate,auto,107.9,100,moderate,2023-01-18 08:30:10,8,2,1,0,0,1
ACC02796,26.44762694507564,75.50953017310363,2022-01-19,08:52:27,rain,urban,daylight,moderate,car,78.3,47,moderate,2022-01-19 08:52:27,8,2,1,0,0,1
ACC02797,14.27234585819308,83.29809207568505,2025-04-24,16:08:55,rain,urban,daylight,low,motorcycle,22.5,30,severe,2025-04-24 16:08:55,16,3,4,0,0,2
ACC02798,14.24007927027034,82.54555208038998,2026-01-02,07:51:49,heavy_rain,highway,night_lit,heavy,truck,86.2,76,moderate,2026-01-02 07:51:49,7,4,1,0,0,1
ACC02799,19.501180570092803,80.56790550454949,2022-06-20,13:32:09,rain,highway,daylight,moderate,motorcycle,132.0,92,fatal,2022-06-20 13:32:09,13,0,6,0,0,3
ACC02800,27.661717013047895,86.57239423490556,2025-01-28,09:26:50,rain,urban,daylight,low,motorcycle,75.6,37,minor,2025-01-28 09:26:50,9,1,1,0,0,0
ACC02801,27.877529983719043,73.65022164368436,2022-02-13,19:31:33,clear,highway,dusk_dawn,low,motorcycle,98.6,95,fatal,2022-02-13 19:31:33,19,6,2,1,0,3
ACC02802,13.932585294357544,74.39502759165009,2025-06-29,15:19:02,cloudy,expressway,night_lit,moderate,motorcycle,81.1,91,minor,2025-06-29 15:19:02,15,6,6,1,0,0
ACC02803,22.33735118337993,78.1351948675106,2022-02-16,08:36:55,cloudy,highway,night_unlit,moderate,car,73.5,65,fatal,2022-02-16 08:36:55,8,2,2,0,0,3
ACC02804,14.802153548252033,82.49411282980641,2026-05-21,21:46:31,cloudy,highway,night_lit,low,motorcycle,119.8,79,fatal,2026-05-21 21:46:31,21,3,5,0,1,3
ACC02805,24.35032758005009,81.34526867592659,2022-10-07,19:48:54,clear,highway,dusk_dawn,moderate,motorcycle,131.4,69,minor,2022-10-07 19:48:54,19,4,10,0,0,0
ACC02806,28.49579846272032,73.18468299948691,2023-10-20,09:58:05,cloudy,highway,daylight,moderate,car,121.3,74,minor,2023-10-20 09:58:05,9,4,10,0,0,0
ACC02807,20.185847264560685,87.33479685994348,2025-02-15,22:24:10,clear,highway,night_lit,heavy,motorcycle,101.5,62,moderate,2025-02-15 22:24:10,22,5,2,1,1,1
ACC02808,13.495489944456928,76.88103706338227,2025-10-21,09:46:54,cloudy,urban,dusk_dawn,heavy,motorcycle,36.6,39,minor,2025-10-21 09:46:54,9,1,10,0,0,0
ACC02809,22.42657552610182,77.74356182052951,2023-08-20,09:53:14,clear,highway,night_lit,low,motorcycle,133.7,81,minor,2023-08-20 09:53:14,9,6,8,1,0,0
ACC02810,19.353300062445385,81.97807678469478,2026-05-29,12:01:32,heavy_rain,rural,daylight,moderate,motorcycle,71.5,54,fatal,2026-05-29 12:01:32,12,4,5,0,0,3
ACC02811,26.596177542011283,87.12264827935576,2022-01-27,08:28:36,clear,urban,night_lit,low,motorcycle,23.4,57,severe,2022-01-27 08:28:36,8,3,1,0,0,2
ACC02812,18.126200350674974,82.60301182565235,2024-02-14,17:42:56,rain,rural,daylight,moderate,truck,137.5,52,severe,2024-02-14 17:42:56,17,2,2,0,0,2
ACC02813,27.74814960850661,87.27637327276327,2026-06-11,15:27:20,cloudy,rural,night_unlit,moderate,motorcycle,87.2,50,fatal,2026-06-11 15:27:20,15,3,6,0,0,3
ACC02814,16.926607337426127,75.00145790112767,2023-03-27,20:06:45,clear,highway,night_unlit,heavy,motorcycle,100.9,100,moderate,2023-03-27 20:06:45,20,0,3,0,1,1
ACC02815,14.835317445996347,81.90095886356696,2024-05-25,09:39:43,rain,highway,night_lit,moderate,motorcycle,77.7,93,moderate,2024-05-25 09:39:43,9,5,5,1,0,1
ACC02816,17.516646791734438,85.26206227002055,2023-12-31,08:24:42,fog,rural,night_unlit,heavy,motorcycle,45.8,60,moderate,2023-12-31 08:24:42,8,6,12,1,0,1
ACC02817,12.628484252809438,80.14439149207756,2023-10-09,11:37:31,rain,rural,night_lit,moderate,truck,113.4,76,minor,2023-10-09 11:37:31,11,0,10,0,0,0
ACC02818,17.062427403736343,77.79477881326945,2025-06-14,07:00:04,fog,highway,dusk_dawn,moderate,truck,78.7,89,minor,2025-06-14 07:00:04,7,5,6,1,0,0
ACC02819,23.882117409876557,87.75613648051004,2024-05-01,21:00:15,cloudy,urban,night_lit,low,car,30.4,54,moderate,2024-05-01 21:00:15,21,2,5,0,1,1
ACC02820,14.561093614018665,74.25579744634656,2025-03-18,17:36:33,heavy_rain,highway,daylight,low,motorcycle,111.3,60,severe,2025-03-18 17:36:33,17,1,3,0,0,2
ACC02821,14.004569510158584,78.5748724404585,2024-05-03,18:58:24,heavy_rain,highway,dusk_dawn,heavy,car,125.1,64,minor,2024-05-03 18:58:24,18,4,5,0,0,0
ACC02822,14.382935242578307,85.97398004097056,2026-06-26,18:38:11,rain,highway,dusk_dawn,heavy,truck,115.9,87,minor,2026-06-26 18:38:11,18,4,6,0,0,0
ACC02823,13.395930136706394,86.40769194409474,2024-02-12,09:56:41,rain,rural,daylight,moderate,auto,36.7,58,fatal,2024-02-12 09:56:41,9,0,2,0,0,3
ACC02824,27.743437413172916,87.68611362495639,2025-07-31,07:50:27,rain,urban,dusk_dawn,moderate,motorcycle,25.9,53,minor,2025-07-31 07:50:27,7,3,7,0,0,0
ACC02825,28.994072078937503,86.1575614762301,2024-10-03,12:16:47,cloudy,urban,daylight,low,motorcycle,60.8,58,moderate,2024-10-03 12:16:47,12,3,10,0,0,1
ACC02826,12.838100731118152,72.8153124061986,2025-08-08,19:06:32,cloudy,highway,daylight,moderate,car,69.8,86,moderate,2025-08-08 19:06:32,19,4,8,0,0,1
ACC02827,25.681292067783723,86.87626399403982,2025-12-25,10:33:22,cloudy,highway,night_unlit,heavy,car,97.0,64,moderate,2025-12-25 10:33:22,10,3,12,0,0,1
ACC02828,25.26873144090956,78.85067506250857,2023-01-07,01:37:06,rain,highway,night_lit,low,motorcycle,65.2,78,moderate,2023-01-07 01:37:06,1,5,1,1,1,1
ACC02829,29.94436964298073,82.42590699930531,2023-05-11,17:46:06,clear,urban,night_lit,low,bus,77.3,60,moderate,2023-05-11 17:46:06,17,3,5,0,0,1
ACC02830,18.261671910979228,78.3084139066739,2023-05-11,08:31:30,rain,rural,daylight,moderate,motorcycle,71.3,67,minor,2023-05-11 08:31:30,8,3,5,0,0,0
ACC02831,17.13916185042749,85.01868922581679,2024-03-10,15:55:21,cloudy,rural,daylight,moderate,auto,74.5,74,moderate,2024-03-10 15:55:21,15,6,3,1,0,1
ACC02832,20.15547817457689,81.21470842116426,2024-03-18,01:50:43,clear,highway,night_lit,low,motorcycle,133.6,99,moderate,2024-03-18 01:50:43,1,0,3,0,1,1
ACC02833,27.41835318868543,85.52871428086407,2022-01-06,14:35:37,clear,highway,daylight,moderate,car,68.3,97,moderate,2022-01-06 14:35:37,14,3,1,0,0,1
ACC02834,25.11468556568218,75.10034354433228,2026-01-10,12:33:17,clear,highway,night_lit,moderate,motorcycle,132.9,87,minor,2026-01-10 12:33:17,12,5,1,1,0,0
ACC02835,20.489228651415047,74.95972951607844,2025-11-12,20:01:45,cloudy,rural,night_unlit,heavy,car,106.8,45,fatal,2025-11-12 20:01:45,20,2,11,0,1,3
ACC02836,16.40213117914572,79.04602882535659,2024-09-13,17:46:33,clear,urban,dusk_dawn,heavy,car,79.3,58,severe,2024-09-13 17:46:33,17,4,9,0,0,2
ACC02837,25.08628334283068,72.07602471939968,2023-05-18,03:40:52,clear,rural,night_unlit,moderate,car,131.6,59,fatal,2023-05-18 03:40:52,3,3,5,0,1,3
ACC02838,27.38148362475953,83.08564727834013,2025-09-19,18:53:57,clear,urban,dusk_dawn,heavy,motorcycle,24.3,59,moderate,2025-09-19 18:53:57,18,4,9,0,0,1
ACC02839,19.19912215921484,76.73685964492817,2023-03-22,18:05:57,clear,urban,dusk_dawn,moderate,car,52.8,58,severe,2023-03-22 18:05:57,18,2,3,0,0,2
ACC02840,24.03453802477772,80.91678953943119,2023-05-18,17:08:07,clear,urban,daylight,moderate,auto,46.1,36,severe,2023-05-18 17:08:07,17,3,5,0,0,2
ACC02841,19.20381638117877,73.12005696737356,2026-06-26,21:40:31,clear,urban,night_lit,low,truck,36.8,39,fatal,2026-06-26 21:40:31,21,4,6,0,1,3
ACC02842,20.612881886546727,74.7303097501231,2026-02-26,18:29:01,rain,urban,daylight,low,truck,52.3,44,severe,2026-02-26 18:29:01,18,3,2,0,0,2
ACC02843,21.448386839188444,81.96574672035092,2024-08-17,08:35:52,rain,highway,night_lit,moderate,motorcycle,88.6,65,minor,2024-08-17 08:35:52,8,5,8,1,0,0
ACC02844,25.963064652401,76.89060203377669,2022-10-05,11:26:42,fog,urban,night_lit,heavy,car,34.7,47,minor,2022-10-05 11:26:42,11,2,10,0,0,0
ACC02845,29.59510771432076,75.43555108137014,2022-07-22,11:38:15,clear,expressway,night_lit,moderate,truck,106.8,82,moderate,2022-07-22 11:38:15,11,4,7,0,0,1
ACC02846,19.99859092748818,75.66154401292428,2026-05-03,14:39:36,clear,highway,daylight,heavy,car,116.4,70,moderate,2026-05-03 14:39:36,14,6,5,1,0,1
ACC02847,18.161670112456907,75.43710983560793,2023-03-12,21:11:33,clear,rural,night_unlit,low,motorcycle,59.8,80,severe,2023-03-12 21:11:33,21,6,3,1,1,2
ACC02848,18.724638116503044,81.96561519088877,2025-01-23,16:45:32,cloudy,expressway,night_lit,low,car,126.7,82,minor,2025-01-23 16:45:32,16,3,1,0,0,0
ACC02849,14.41000324875327,74.68305943151131,2023-08-03,10:29:32,clear,urban,night_unlit,heavy,motorcycle,34.4,44,moderate,2023-08-03 10:29:32,10,3,8,0,0,1
ACC02850,17.34489728071901,77.80330174687825,2024-03-26,21:34:59,clear,urban,night_lit,moderate,motorcycle,77.3,40,moderate,2024-03-26 21:34:59,21,1,3,0,1,1
ACC02851,13.556053438838513,83.00618984949523,2026-06-08,17:37:46,cloudy,highway,night_unlit,moderate,motorcycle,117.1,61,severe,2026-06-08 17:37:46,17,0,6,0,0,2
ACC02852,19.702096737226448,80.21873691756241,2024-08-31,09:44:24,clear,rural,night_lit,low,truck,86.3,54,moderate,2024-08-31 09:44:24,9,5,8,1,0,1
ACC02853,15.01243084759888,81.55649393240775,2023-12-09,20:18:46,cloudy,expressway,night_unlit,heavy,car,100.3,81,fatal,2023-12-09 20:18:46,20,5,12,1,1,3
ACC02854,18.235321427539358,76.01451167141998,2023-11-14,11:00:08,cloudy,expressway,daylight,low,car,80.9,95,moderate,2023-11-14 11:00:08,11,1,11,0,0,1
ACC02855,26.28439948904892,86.92343797064329,2023-01-13,14:10:17,rain,highway,daylight,heavy,motorcycle,76.1,65,moderate,2023-01-13 14:10:17,14,4,1,0,0,1
ACC02856,16.426697710604447,78.62206797306138,2024-07-02,14:57:07,clear,expressway,night_lit,low,truck,114.5,96,minor,2024-07-02 14:57:07,14,1,7,0,0,0
ACC02857,23.014103184157243,76.59142298579735,2024-07-24,21:13:53,clear,urban,night_lit,low,car,64.9,43,moderate,2024-07-24 21:13:53,21,2,7,0,1,1
ACC02858,28.22126554647503,86.46921894493556,2022-06-05,09:14:01,cloudy,urban,night_lit,heavy,bus,65.9,51,minor,2022-06-05 09:14:01,9,6,6,1,0,0
ACC02859,22.204725366531843,82.48463384423019,2023-10-27,10:51:53,clear,highway,night_lit,moderate,car,92.0,66,moderate,2023-10-27 10:51:53,10,4,10,0,0,1
ACC02860,15.488267029903428,81.82313381021521,2024-11-24,17:14:49,clear,highway,night_lit,low,car,117.8,97,minor,2024-11-24 17:14:49,17,6,11,1,0,0
ACC02861,18.205791491387178,86.18775443465869,2022-04-01,20:27:56,cloudy,urban,daylight,moderate,motorcycle,50.7,53,minor,2022-04-01 20:27:56,20,4,4,0,1,0
ACC02862,22.62664572931319,72.93664458034215,2026-05-23,07:22:45,clear,urban,night_unlit,low,car,45.5,58,moderate,2026-05-23 07:22:45,7,5,5,1,0,1
ACC02863,21.119000515677364,85.40287219212128,2025-11-14,08:39:27,clear,expressway,daylight,low,motorcycle,122.4,80,moderate,2025-11-14 08:39:27,8,4,11,0,0,1
ACC02864,14.675157052984268,82.84582982888162,2024-11-11,21:35:48,rain,highway,night_unlit,low,car,80.0,98,fatal,2024-11-11 21:35:48,21,0,11,0,1,3
ACC02865,20.04233420443024,77.75988471648208,2022-01-26,18:30:59,rain,rural,dusk_dawn,moderate,motorcycle,136.1,51,moderate,2022-01-26 18:30:59,18,2,1,0,0,1
ACC02866,21.775200508384472,76.1016214803817,2024-04-30,11:30:53,clear,urban,daylight,low,car,43.0,54,moderate,2024-04-30 11:30:53,11,1,4,0,0,1
ACC02867,16.811988860236305,73.67689439810492,2026-01-15,11:50:47,cloudy,highway,daylight,heavy,car,62.0,92,severe,2026-01-15 11:50:47,11,3,1,0,0,2
ACC02868,23.024019276117336,87.05718672394704,2022-02-07,13:34:46,storm,highway,night_lit,heavy,motorcycle,100.0,98,minor,2022-02-07 13:34:46,13,0,2,0,0,0
ACC02869,13.262881790733775,74.27059365327258,2025-07-24,17:30:39,clear,rural,night_lit,low,truck,124.0,45,minor,2025-07-24 17:30:39,17,3,7,0,0,0
ACC02870,18.0589266041793,76.15101657169414,2025-10-10,15:53:53,rain,rural,daylight,moderate,truck,42.3,46,minor,2025-10-10 15:53:53,15,4,10,0,0,0
ACC02871,26.47698298999634,83.05771487311152,2022-05-05,18:05:25,clear,highway,daylight,moderate,motorcycle,85.9,83,moderate,2022-05-05 18:05:25,18,3,5,0,0,1
ACC02872,16.667126416346797,83.36243900617588,2023-01-14,05:50:30,fog,urban,night_lit,moderate,auto,28.2,35,moderate,2023-01-14 05:50:30,5,5,1,1,1,1
ACC02873,22.893183300055405,74.5722992736415,2025-04-03,19:11:50,clear,urban,dusk_dawn,moderate,car,78.4,36,severe,2025-04-03 19:11:50,19,3,4,0,0,2
ACC02874,19.38053484678561,85.02609857225005,2026-02-05,05:19:15,clear,urban,night_lit,moderate,bus,60.5,44,moderate,2026-02-05 05:19:15,5,3,2,0,1,1
ACC02875,17.69628256347444,80.1645963068218,2025-06-19,20:00:45,storm,urban,night_lit,low,auto,50.5,56,minor,2025-06-19 20:00:45,20,3,6,0,1,0
ACC02876,28.490370382380483,85.57530684984174,2024-05-13,04:34:06,rain,rural,night_lit,moderate,motorcycle,42.5,62,severe,2024-05-13 04:34:06,4,0,5,0,1,2
ACC02877,18.178710925446904,73.3965662375607,2024-09-15,07:49:35,clear,highway,dusk_dawn,low,car,68.3,62,minor,2024-09-15 07:49:35,7,6,9,1,0,0
ACC02878,16.26016622676633,72.68527998549904,2024-05-11,08:22:02,rain,highway,daylight,heavy,bus,94.5,92,moderate,2024-05-11 08:22:02,8,5,5,1,0,1
ACC02879,28.36742368152487,82.1918461039096,2024-08-06,08:39:59,heavy_rain,highway,night_lit,moderate,motorcycle,91.2,81,moderate,2024-08-06 08:39:59,8,1,8,0,0,1
ACC02880,25.426998406844667,74.40038075375708,2025-06-19,12:23:50,cloudy,expressway,night_lit,moderate,car,78.0,96,moderate,2025-06-19 12:23:50,12,3,6,0,0,1
ACC02881,24.27239484656755,80.3991847317328,2022-03-23,17:45:14,clear,urban,daylight,moderate,bus,57.8,43,moderate,2022-03-23 17:45:14,17,2,3,0,0,1
ACC02882,12.891628957203764,72.22574014855213,2022-12-11,20:59:09,clear,highway,night_unlit,low,motorcycle,86.3,65,severe,2022-12-11 20:59:09,20,6,12,1,1,2
ACC02883,14.361689292883964,84.4788681687712,2022-04-08,15:42:38,fog,rural,daylight,low,motorcycle,127.0,71,moderate,2022-04-08 15:42:38,15,4,4,0,0,1
ACC02884,23.49011934857393,86.39248272285603,2025-07-31,15:20:54,clear,urban,daylight,low,motorcycle,79.8,33,fatal,2025-07-31 15:20:54,15,3,7,0,0,3
ACC02885,15.769791057472684,85.42212419142861,2025-04-09,10:49:19,clear,urban,daylight,moderate,bus,35.0,58,minor,2025-04-09 10:49:19,10,2,4,0,0,0
ACC02886,16.061483741346464,87.3336450104067,2022-03-29,18:02:57,clear,highway,dusk_dawn,moderate,motorcycle,63.7,88,severe,2022-03-29 18:02:57,18,1,3,0,0,2
ACC02887,26.02449327618499,86.44953207454063,2022-06-23,07:59:27,clear,rural,night_lit,low,bus,105.6,67,moderate,2022-06-23 07:59:27,7,3,6,0,0,1
ACC02888,17.146649079064968,79.10428829264585,2023-03-11,10:50:26,cloudy,rural,daylight,moderate,car,96.0,62,severe,2023-03-11 10:50:26,10,5,3,1,0,2
ACC02889,13.288571438734488,78.37357133509835,2023-02-02,06:39:20,clear,highway,dusk_dawn,moderate,motorcycle,137.0,70,minor,2023-02-02 06:39:20,6,3,2,0,0,0
ACC02890,12.6557750515775,86.33893868754468,2024-05-02,08:37:16,clear,highway,night_unlit,moderate,motorcycle,117.4,60,fatal,2024-05-02 08:37:16,8,3,5,0,0,3
ACC02891,19.97720377041518,86.83102072571563,2024-03-30,16:15:20,clear,highway,daylight,moderate,car,74.6,64,moderate,2024-03-30 16:15:20,16,5,3,1,0,1
ACC02892,23.10831439832363,87.5653751730886,2023-08-11,07:25:10,clear,urban,dusk_dawn,heavy,car,72.7,48,minor,2023-08-11 07:25:10,7,4,8,0,0,0
ACC02893,27.63993420105245,84.29307575748453,2022-09-27,06:06:22,clear,highway,night_lit,moderate,car,105.2,60,moderate,2022-09-27 06:06:22,6,1,9,0,0,1
ACC02894,13.994479110587507,75.23182127906209,2024-12-02,19:20:17,clear,highway,dusk_dawn,moderate,car,112.6,78,severe,2024-12-02 19:20:17,19,0,12,0,0,2
ACC02895,15.540110873189334,87.11926617777156,2025-07-20,07:35:03,rain,urban,daylight,heavy,truck,26.0,57,moderate,2025-07-20 07:35:03,7,6,7,1,0,1
ACC02896,21.53641099633448,87.15426346905952,2024-11-17,16:21:21,clear,expressway,night_unlit,heavy,car,102.4,94,minor,2024-11-17 16:21:21,16,6,11,1,0,0
ACC02897,18.55395052035555,82.65810182260755,2025-08-18,11:46:02,clear,urban,daylight,moderate,truck,20.3,41,minor,2025-08-18 11:46:02,11,0,8,0,0,0
ACC02898,20.685674122418902,85.71648426159176,2026-02-09,20:51:10,cloudy,urban,night_lit,low,bus,74.7,56,minor,2026-02-09 20:51:10,20,0,2,0,1,0
ACC02899,28.63424368171588,80.97882273862324,2025-10-14,17:33:43,rain,urban,night_lit,low,truck,25.2,31,minor,2025-10-14 17:33:43,17,1,10,0,0,0
ACC02900,21.80804976956437,87.10603112658757,2024-12-05,05:20:01,rain,rural,daylight,moderate,truck,98.7,50,moderate,2024-12-05 05:20:01,5,3,12,0,1,1
ACC02901,19.472170991017368,73.50298234547346,2022-03-23,20:18:18,storm,rural,night_unlit,heavy,motorcycle,139.8,61,severe,2022-03-23 20:18:18,20,2,3,0,1,2
ACC02902,29.809918320595408,85.82341914375633,2023-07-04,12:32:41,clear,expressway,night_unlit,moderate,auto,108.4,94,fatal,2023-07-04 12:32:41,12,1,7,0,0,3
ACC02903,13.173882058191651,72.88805806459423,2023-12-04,10:43:01,clear,urban,daylight,low,truck,61.2,53,severe,2023-12-04 10:43:01,10,0,12,0,0,2
ACC02904,28.778042070681096,77.42571283548833,2025-03-15,17:07:44,clear,urban,daylight,low,car,48.7,60,moderate,2025-03-15 17:07:44,17,5,3,1,0,1
ACC02905,21.029913157178694,74.1652102818442,2025-10-22,17:26:04,clear,highway,daylight,moderate,truck,129.5,62,minor,2025-10-22 17:26:04,17,2,10,0,0,0
ACC02906,21.06761407980849,79.6661614794066,2024-11-17,10:26:03,storm,rural,night_lit,moderate,truck,90.8,67,moderate,2024-11-17 10:26:03,10,6,11,1,0,1
ACC02907,28.59535801565777,75.71593852787952,2023-08-20,11:17:11,cloudy,urban,night_lit,heavy,truck,44.7,58,moderate,2023-08-20 11:17:11,11,6,8,1,0,1
ACC02908,21.13183163267525,87.23315806934396,2025-07-17,08:14:51,rain,urban,dusk_dawn,moderate,car,79.4,44,minor,2025-07-17 08:14:51,8,3,7,0,0,0
ACC02909,19.89132762954268,80.94914133845455,2025-02-16,16:50:02,storm,urban,night_lit,low,motorcycle,39.4,60,severe,2025-02-16 16:50:02,16,6,2,1,0,2
ACC02910,16.90479465810958,86.3636917808596,2025-08-03,22:25:05,rain,highway,night_unlit,heavy,bus,131.2,83,fatal,2025-08-03 22:25:05,22,6,8,1,1,3
ACC02911,23.858701802713576,76.44893550481842,2024-08-25,12:34:56,cloudy,urban,daylight,moderate,auto,25.6,60,fatal,2024-08-25 12:34:56,12,6,8,1,0,3
ACC02912,22.253611637635707,72.41564095914498,2024-11-27,23:02:36,heavy_rain,highway,night_lit,moderate,motorcycle,62.2,88,severe,2024-11-27 23:02:36,23,2,11,0,1,2
ACC02913,15.858217865060094,84.41048005894275,2023-07-25,08:17:34,cloudy,highway,daylight,moderate,motorcycle,101.2,89,minor,2023-07-25 08:17:34,8,1,7,0,0,0
ACC02914,24.769432471103848,83.23804255955154,2023-10-19,18:13:02,clear,highway,dusk_dawn,heavy,car,96.6,98,moderate,2023-10-19 18:13:02,18,3,10,0,0,1
ACC02915,23.59356343205953,80.7278663307871,2023-03-30,21:19:23,cloudy,highway,night_lit,low,truck,63.3,99,minor,2023-03-30 21:19:23,21,3,3,0,1,0
ACC02916,19.15200991571773,85.0454836756674,2023-02-26,17:50:34,heavy_rain,highway,daylight,low,car,132.6,62,minor,2023-02-26 17:50:34,17,6,2,1,0,0
ACC02917,12.07921659426391,85.44134996237013,2024-12-07,07:34:31,rain,rural,dusk_dawn,low,auto,43.2,49,minor,2024-12-07 07:34:31,7,5,12,1,0,0
ACC02918,20.03846070317138,81.40645292829078,2023-09-22,10:54:31,cloudy,urban,dusk_dawn,heavy,motorcycle,34.7,34,minor,2023-09-22 10:54:31,10,4,9,0,0,0
ACC02919,12.10904610834453,87.45484466966299,2022-08-08,06:25:06,heavy_rain,urban,dusk_dawn,heavy,car,77.8,45,minor,2022-08-08 06:25:06,6,0,8,0,0,0
ACC02920,13.349972807382716,83.51539116187723,2022-02-27,16:46:59,cloudy,urban,daylight,low,car,76.1,58,moderate,2022-02-27 16:46:59,16,6,2,1,0,1
ACC02921,19.750978244655013,82.83000601860206,2025-11-13,23:09:42,rain,rural,daylight,low,motorcycle,31.0,58,moderate,2025-11-13 23:09:42,23,3,11,0,1,1
ACC02922,13.4745579153359,77.78274868093833,2023-12-16,11:48:14,clear,rural,night_unlit,low,motorcycle,92.1,64,severe,2023-12-16 11:48:14,11,5,12,1,0,2
ACC02923,16.961977808168992,72.03613725760012,2024-08-04,08:36:58,clear,urban,night_lit,moderate,truck,37.5,57,moderate,2024-08-04 08:36:58,8,6,8,1,0,1
ACC02924,23.79884463406143,75.85508278230685,2026-01-25,09:02:18,clear,urban,dusk_dawn,moderate,motorcycle,52.8,47,fatal,2026-01-25 09:02:18,9,6,1,1,0,3
ACC02925,17.555076166969542,84.22272810903408,2022-07-03,15:41:07,heavy_rain,rural,daylight,heavy,motorcycle,130.3,41,moderate,2022-07-03 15:41:07,15,6,7,1,0,1
ACC02926,29.957674694187187,83.35794007099479,2026-03-20,15:28:53,storm,rural,daylight,heavy,car,105.3,67,severe,2026-03-20 15:28:53,15,4,3,0,0,2
ACC02927,28.49343661046966,77.29635431728151,2025-03-01,09:00:09,clear,highway,night_unlit,heavy,car,139.3,74,fatal,2025-03-01 09:00:09,9,5,3,1,0,3
ACC02928,22.535578282539426,82.00932759261502,2024-11-17,18:50:03,clear,urban,daylight,moderate,car,55.5,37,moderate,2024-11-17 18:50:03,18,6,11,1,0,1
ACC02929,29.405048495428748,75.1245996715702,2023-12-09,06:32:37,clear,highway,dusk_dawn,heavy,motorcycle,116.8,65,minor,2023-12-09 06:32:37,6,5,12,1,0,0
ACC02930,27.6243112997854,76.2180435083047,2025-03-05,16:36:15,rain,rural,night_lit,moderate,truck,26.8,41,minor,2025-03-05 16:36:15,16,2,3,0,0,0
ACC02931,17.740173339128766,87.15852950243995,2022-12-02,12:34:09,cloudy,urban,night_unlit,heavy,car,78.8,38,moderate,2022-12-02 12:34:09,12,4,12,0,0,1
ACC02932,25.492732427735568,78.61088916696951,2023-05-12,07:05:06,cloudy,expressway,dusk_dawn,moderate,motorcycle,81.8,88,minor,2023-05-12 07:05:06,7,4,5,0,0,0
ACC02933,14.462972112071052,75.91980150878167,2026-04-28,16:19:07,clear,highway,night_lit,heavy,car,65.3,72,severe,2026-04-28 16:19:07,16,1,4,0,0,2
ACC02934,24.32192563881734,79.79373194942386,2023-03-29,17:42:57,clear,urban,daylight,moderate,car,57.4,32,minor,2023-03-29 17:42:57,17,2,3,0,0,0
ACC02935,20.839472876902448,78.19225407659786,2025-03-27,13:20:40,heavy_rain,rural,night_lit,moderate,car,115.5,57,severe,2025-03-27 13:20:40,13,3,3,0,0,2
ACC02936,12.302866906550843,83.67246459758569,2026-03-08,18:53:50,cloudy,rural,dusk_dawn,moderate,motorcycle,119.9,42,moderate,2026-03-08 18:53:50,18,6,3,1,0,1
ACC02937,16.936136803026674,87.3938577038541,2024-08-31,14:19:37,clear,rural,night_unlit,heavy,car,115.6,50,severe,2024-08-31 14:19:37,14,5,8,1,0,2
ACC02938,29.19687991327648,81.46779879132308,2023-05-04,09:27:32,clear,highway,night_lit,low,bus,82.6,79,minor,2023-05-04 09:27:32,9,3,5,0,0,0
ACC02939,17.684966731592652,81.45835499099064,2025-10-25,21:26:13,clear,expressway,night_unlit,moderate,car,108.5,89,fatal,2025-10-25 21:26:13,21,5,10,1,1,3
ACC02940,15.266180195425932,77.83734173957573,2025-09-18,21:01:58,clear,expressway,dusk_dawn,low,motorcycle,82.9,80,minor,2025-09-18 21:01:58,21,3,9,0,1,0
ACC02941,15.37556603829975,81.03409491160473,2024-06-12,06:48:49,clear,expressway,night_unlit,heavy,auto,119.4,98,fatal,2024-06-12 06:48:49,6,2,6,0,0,3
ACC02942,20.62583876355508,77.10926186219422,2022-07-08,21:08:31,rain,urban,night_lit,heavy,car,71.0,47,minor,2022-07-08 21:08:31,21,4,7,0,1,0
ACC02943,27.16768633206963,72.01747318899747,2023-12-26,18:28:06,clear,rural,dusk_dawn,moderate,motorcycle,57.2,57,severe,2023-12-26 18:28:06,18,1,12,0,0,2
ACC02944,25.64403177240024,85.85753876605577,2023-12-10,07:54:45,clear,highway,dusk_dawn,moderate,truck,138.5,95,moderate,2023-12-10 07:54:45,7,6,12,1,0,1
ACC02945,19.863336135679937,78.87110536834729,2022-11-08,14:59:19,cloudy,highway,night_lit,moderate,car,77.1,78,moderate,2022-11-08 14:59:19,14,1,11,0,0,1
ACC02946,15.75708390186529,79.87341576086395,2023-10-23,03:13:12,clear,highway,night_lit,moderate,car,139.5,70,minor,2023-10-23 03:13:12,3,0,10,0,1,0
ACC02947,12.82916820183944,73.33601464681485,2022-09-09,16:22:44,cloudy,urban,night_lit,low,truck,28.7,30,moderate,2022-09-09 16:22:44,16,4,9,0,0,1
ACC02948,20.32734575068916,85.39376821448627,2025-02-11,21:33:50,heavy_rain,expressway,night_lit,heavy,car,100.0,94,moderate,2025-02-11 21:33:50,21,1,2,0,1,1
ACC02949,26.66595627332745,74.72539312604144,2023-12-11,11:41:36,clear,urban,night_lit,moderate,car,49.6,45,moderate,2023-12-11 11:41:36,11,0,12,0,0,1
ACC02950,25.134275884697647,78.56993854054906,2025-04-14,14:15:04,rain,urban,night_lit,low,motorcycle,65.8,35,minor,2025-04-14 14:15:04,14,0,4,0,0,0
ACC02951,19.354813817290506,85.4442487530221,2024-01-19,08:32:36,clear,rural,night_lit,moderate,car,121.4,46,severe,2024-01-19 08:32:36,8,4,1,0,0,2
ACC02952,22.70464809451681,79.32452704341631,2025-03-18,15:50:55,clear,urban,dusk_dawn,low,bus,22.5,46,minor,2025-03-18 15:50:55,15,1,3,0,0,0
ACC02953,19.85243737703192,86.89843736746342,2025-04-19,18:45:41,clear,urban,night_lit,heavy,bus,45.9,31,moderate,2025-04-19 18:45:41,18,5,4,1,0,1
ACC02954,22.4222899762232,75.34902885473103,2022-09-21,08:49:15,rain,urban,daylight,moderate,bus,76.7,41,minor,2022-09-21 08:49:15,8,2,9,0,0,0
ACC02955,21.315094399083883,83.44372527927634,2023-12-27,15:53:38,cloudy,urban,night_lit,moderate,car,66.8,40,moderate,2023-12-27 15:53:38,15,2,12,0,0,1
ACC02956,24.25739880225286,87.64797637698764,2025-05-16,11:51:14,rain,urban,night_lit,low,auto,28.3,50,minor,2025-05-16 11:51:14,11,4,5,0,0,0
ACC02957,21.138759183596232,80.79381819552498,2024-08-31,18:30:52,clear,rural,dusk_dawn,heavy,truck,119.9,73,fatal,2024-08-31 18:30:52,18,5,8,1,0,3
ACC02958,28.93099796701605,83.07494237830389,2022-12-30,17:58:50,cloudy,urban,daylight,heavy,motorcycle,49.4,51,minor,2022-12-30 17:58:50,17,4,12,0,0,0
ACC02959,19.70450726847035,78.29162655361614,2025-09-28,17:29:34,clear,urban,daylight,heavy,truck,47.6,50,moderate,2025-09-28 17:29:34,17,6,9,1,0,1
ACC02960,12.286493454714796,84.0213974356075,2022-11-25,11:42:08,clear,urban,night_lit,moderate,truck,27.2,45,fatal,2022-11-25 11:42:08,11,4,11,0,0,3
ACC02961,16.25472363736172,86.54198490437966,2026-06-20,16:56:24,cloudy,expressway,night_unlit,moderate,motorcycle,93.4,93,severe,2026-06-20 16:56:24,16,5,6,1,0,2
ACC02962,21.010923445919808,83.24888907280847,2025-03-06,16:02:07,clear,urban,daylight,moderate,motorcycle,38.5,31,minor,2025-03-06 16:02:07,16,3,3,0,0,0
ACC02963,21.73029333399592,86.97485938209567,2023-06-14,17:56:45,clear,rural,night_unlit,low,motorcycle,87.7,75,fatal,2023-06-14 17:56:45,17,2,6,0,0,3
ACC02964,21.942926207616964,81.41844243187695,2022-11-16,15:49:40,cloudy,urban,daylight,low,car,30.8,57,minor,2022-11-16 15:49:40,15,2,11,0,0,0
ACC02965,24.86193776886148,81.23419904721541,2026-01-21,19:59:15,rain,highway,night_unlit,moderate,car,75.8,68,severe,2026-01-21 19:59:15,19,2,1,0,0,2
ACC02966,16.943666567115503,76.87403820974649,2024-05-09,09:46:51,rain,urban,night_unlit,heavy,motorcycle,79.3,53,fatal,2024-05-09 09:46:51,9,3,5,0,0,3
ACC02967,23.96826622274659,83.35403985862058,2025-08-16,05:09:45,clear,highway,night_lit,moderate,motorcycle,65.8,90,minor,2025-08-16 05:09:45,5,5,8,1,1,0
ACC02968,24.67258091614583,86.11124034809849,2025-09-27,22:18:56,clear,highway,night_lit,heavy,truck,119.6,68,severe,2025-09-27 22:18:56,22,5,9,1,1,2
ACC02969,19.403053547174878,82.3410596180629,2022-04-22,05:00:16,clear,highway,night_unlit,moderate,truck,113.7,89,severe,2022-04-22 05:00:16,5,4,4,0,1,2
ACC02970,19.2390437846338,75.72862752957732,2025-01-27,20:36:10,clear,rural,night_lit,moderate,motorcycle,31.8,53,severe,2025-01-27 20:36:10,20,0,1,0,1,2
ACC02971,15.220646141816095,80.70574583554699,2023-07-03,16:26:28,clear,urban,night_lit,low,car,50.3,50,minor,2023-07-03 16:26:28,16,0,7,0,0,0
ACC02972,19.45177277259673,84.09499867122264,2026-01-30,21:28:15,clear,urban,night_lit,moderate,motorcycle,29.2,46,severe,2026-01-30 21:28:15,21,4,1,0,1,2
ACC02973,26.16269325072622,87.02981303796405,2022-12-26,15:44:44,clear,urban,daylight,moderate,car,48.0,47,moderate,2022-12-26 15:44:44,15,0,12,0,0,1
ACC02974,28.36151409989791,74.50553679232887,2022-02-25,19:49:25,cloudy,urban,daylight,low,truck,25.4,57,moderate,2022-02-25 19:49:25,19,4,2,0,0,1
ACC02975,22.685037443723377,74.03995345546497,2024-12-26,17:04:37,clear,rural,night_lit,heavy,motorcycle,106.5,63,minor,2024-12-26 17:04:37,17,3,12,0,0,0
ACC02976,17.388666180377378,78.6070964837265,2024-06-25,15:55:10,clear,expressway,night_lit,heavy,bus,121.3,100,minor,2024-06-25 15:55:10,15,1,6,0,0,0
ACC02977,24.28121493587517,74.00977871140178,2024-06-30,11:22:05,clear,rural,night_lit,low,car,111.2,65,minor,2024-06-30 11:22:05,11,6,6,1,0,0
ACC02978,25.322631756528068,87.6868626000819,2023-03-09,00:45:56,clear,highway,night_lit,low,truck,77.3,65,minor,2023-03-09 00:45:56,0,3,3,0,1,0
ACC02979,17.97983001805192,78.78886987652095,2024-03-23,09:34:26,rain,expressway,night_unlit,moderate,motorcycle,119.8,98,severe,2024-03-23 09:34:26,9,5,3,1,0,2
ACC02980,26.87786150681184,80.53776830508647,2026-05-03,21:26:08,clear,rural,night_unlit,heavy,car,85.2,59,severe,2026-05-03 21:26:08,21,6,5,1,1,2
ACC02981,13.326524978490122,75.63340450068434,2025-06-07,09:12:48,clear,highway,night_unlit,heavy,motorcycle,110.3,100,moderate,2025-06-07 09:12:48,9,5,6,1,0,1
ACC02982,12.19356691680046,79.18601797659088,2026-06-06,18:11:07,heavy_rain,highway,dusk_dawn,heavy,car,91.8,70,fatal,2026-06-06 18:11:07,18,5,6,1,0,3
ACC02983,14.213473907376947,87.75510295777951,2023-07-02,14:43:59,clear,highway,night_lit,moderate,car,73.8,100,minor,2023-07-02 14:43:59,14,6,7,1,0,0
ACC02984,14.808150260895175,79.81899442187151,2025-11-29,10:19:23,clear,rural,daylight,heavy,motorcycle,26.5,74,moderate,2025-11-29 10:19:23,10,5,11,1,0,1
ACC02985,27.82072259305898,72.14118281287178,2023-09-21,23:13:28,rain,urban,night_lit,moderate,motorcycle,70.5,39,severe,2023-09-21 23:13:28,23,3,9,0,1,2
ACC02986,19.649670639983057,75.8804404840101,2026-03-17,05:00:15,rain,highway,night_lit,low,motorcycle,113.2,94,moderate,2026-03-17 05:00:15,5,1,3,0,1,1
ACC02987,16.94877045546687,87.65527728765606,2025-11-22,16:50:05,fog,highway,daylight,heavy,motorcycle,132.8,82,moderate,2025-11-22 16:50:05,16,5,11,1,0,1
ACC02988,19.72335208776275,87.82508021457173,2022-09-28,13:23:24,heavy_rain,urban,night_unlit,moderate,car,58.4,50,severe,2022-09-28 13:23:24,13,2,9,0,0,2
ACC02989,19.107136068611386,75.3678894363473,2026-05-16,06:20:21,rain,urban,dusk_dawn,heavy,motorcycle,51.3,60,moderate,2026-05-16 06:20:21,6,5,5,1,0,1
ACC02990,17.426310023784307,81.84422540550166,2024-09-24,08:22:26,clear,urban,night_unlit,moderate,motorcycle,63.8,60,fatal,2024-09-24 08:22:26,8,1,9,0,0,3
ACC02991,14.482192483415377,73.23053328808663,2025-06-28,17:35:29,cloudy,highway,dusk_dawn,heavy,motorcycle,124.1,78,minor,2025-06-28 17:35:29,17,5,6,1,0,0
ACC02992,23.80647831552985,81.23906627911407,2024-08-08,07:28:37,clear,urban,dusk_dawn,moderate,motorcycle,38.5,53,severe,2024-08-08 07:28:37,7,3,8,0,0,2
ACC02993,14.458879250033796,74.014731223783,2022-12-23,18:32:04,cloudy,expressway,dusk_dawn,low,car,138.8,84,moderate,2022-12-23 18:32:04,18,4,12,0,0,1
ACC02994,25.95764014810814,85.09858437828252,2026-06-05,16:16:21,heavy_rain,highway,night_unlit,heavy,motorcycle,72.1,71,fatal,2026-06-05 16:16:21,16,4,6,0,0,3
ACC02995,15.630384239048166,87.03319980163592,2022-07-04,06:17:51,clear,urban,dusk_dawn,moderate,car,44.4,53,minor,2022-07-04 06:17:51,6,0,7,0,0,0
ACC02996,25.16468352839961,74.76778892879172,2025-08-21,09:51:57,heavy_rain,urban,night_lit,low,car,25.4,33,moderate,2025-08-21 09:51:57,9,3,8,0,0,1
ACC02997,26.500549902518404,79.40339469751719,2022-12-10,07:26:32,cloudy,highway,night_unlit,moderate,motorcycle,111.8,97,moderate,2022-12-10 07:26:32,7,5,12,1,0,1
ACC02998,14.255868175940114,73.63268797559415,2025-07-14,18:58:21,clear,rural,dusk_dawn,heavy,motorcycle,49.3,75,moderate,2025-07-14 18:58:21,18,0,7,0,0,1
ACC02999,13.561423829184074,77.4262401131676,2023-11-26,15:50:24,heavy_rain,expressway,night_lit,heavy,car,88.5,87,severe,2023-11-26 15:50:24,15,6,11,1,0,2
ACC03000,29.09230987176588,73.04156407616843,2023-01-24,00:42:46,cloudy,urban,night_unlit,heavy,car,34.5,43,minor,2023-01-24 00:42:46,0,1,1,0,1,0
ACC03001,20.33484252154645,76.23274444827884,2023-01-24,15:32:23,cloudy,highway,dusk_dawn,heavy,motorcycle,87.5,98,fatal,2023-01-24 15:32:23,15,1,1,0,0,3
ACC03002,23.34423890951379,87.84357867342882,2023-06-09,14:50:56,cloudy,highway,daylight,heavy,motorcycle,86.8,94,moderate,2023-06-09 14:50:56,14,4,6,0,0,1
ACC03003,12.41868792219182,72.71365227714243,2026-01-19,16:03:01,clear,urban,daylight,low,truck,22.0,55,moderate,2026-01-19 16:03:01,16,0,1,0,0,1
ACC03004,17.016783250014118,85.74349327389874,2025-06-17,03:29:36,clear,highway,night_lit,moderate,truck,113.0,94,severe,2025-06-17 03:29:36,3,1,6,0,1,2
ACC03005,21.097157782068955,73.23924124406568,2025-01-06,03:42:31,rain,urban,night_unlit,moderate,car,26.3,37,severe,2025-01-06 03:42:31,3,0,1,0,1,2
ACC03006,27.951929641009272,80.46395089787777,2024-10-31,11:06:27,heavy_rain,highway,night_unlit,heavy,truck,122.7,81,fatal,2024-10-31 11:06:27,11,3,10,0,0,3
ACC03007,16.885909516158772,79.23391667883753,2023-11-16,17:10:28,rain,urban,night_lit,low,bus,59.3,40,moderate,2023-11-16 17:10:28,17,3,11,0,0,1
ACC03008,25.953443757456952,86.90487456033031,2026-01-20,17:03:09,rain,expressway,night_lit,heavy,bus,104.2,85,moderate,2026-01-20 17:03:09,17,1,1,0,0,1
ACC03009,23.919832708656635,75.18479779656144,2023-03-26,09:29:20,rain,highway,dusk_dawn,heavy,car,116.0,81,minor,2023-03-26 09:29:20,9,6,3,1,0,0
ACC03010,14.07487382050341,74.87491224607416,2026-03-29,08:32:21,clear,rural,daylight,low,bus,25.2,62,moderate,2026-03-29 08:32:21,8,6,3,1,0,1
ACC03011,17.280753110255937,83.97942541708531,2023-09-18,17:28:39,rain,rural,night_lit,moderate,car,21.3,68,moderate,2023-09-18 17:28:39,17,0,9,0,0,1
ACC03012,16.281552655895155,83.61151156960567,2023-07-15,02:03:35,rain,highway,night_unlit,low,car,88.2,93,minor,2023-07-15 02:03:35,2,5,7,1,1,0
ACC03013,19.96549657631914,83.18690832788478,2024-02-21,15:29:24,clear,expressway,dusk_dawn,moderate,motorcycle,99.9,87,fatal,2024-02-21 15:29:24,15,2,2,0,0,3
ACC03014,23.436016374856514,72.4180338587581,2025-05-14,12:53:31,cloudy,urban,night_unlit,moderate,car,33.5,49,moderate,2025-05-14 12:53:31,12,2,5,0,0,1
ACC03015,19.80155559915312,76.15935498759853,2025-03-18,09:01:34,rain,urban,daylight,heavy,car,20.4,59,moderate,2025-03-18 09:01:34,9,1,3,0,0,1
ACC03016,16.40165836353251,85.4383228456688,2025-06-12,14:46:02,storm,urban,daylight,moderate,car,31.7,45,moderate,2025-06-12 14:46:02,14,3,6,0,0,1
ACC03017,24.52581782810896,81.61372994330836,2022-05-27,08:16:53,storm,highway,daylight,heavy,truck,72.9,82,minor,2022-05-27 08:16:53,8,4,5,0,0,0
ACC03018,22.520479704806817,81.63511873171491,2022-09-22,15:04:53,cloudy,highway,night_lit,moderate,motorcycle,64.2,66,moderate,2022-09-22 15:04:53,15,3,9,0,0,1
ACC03019,21.347650333482456,76.73466568647699,2025-10-25,07:03:21,rain,urban,dusk_dawn,heavy,motorcycle,38.5,54,moderate,2025-10-25 07:03:21,7,5,10,1,0,1
ACC03020,21.97955275402761,76.16276941691116,2026-05-30,12:00:45,cloudy,rural,night_lit,heavy,motorcycle,109.8,77,fatal,2026-05-30 12:00:45,12,5,5,1,0,3
ACC03021,15.994211633288824,87.14487820829207,2022-07-29,14:24:23,heavy_rain,expressway,daylight,moderate,car,96.4,82,moderate,2022-07-29 14:24:23,14,4,7,0,0,1
ACC03022,24.24775909966421,83.6440844616514,2026-01-24,03:29:04,cloudy,urban,night_lit,low,motorcycle,28.5,43,moderate,2026-01-24 03:29:04,3,5,1,1,1,1
ACC03023,18.97500963969783,74.0298578848294,2023-03-07,16:37:51,fog,highway,night_unlit,heavy,truck,138.1,61,fatal,2023-03-07 16:37:51,16,1,3,0,0,3
ACC03024,18.542420755140355,87.00331107430023,2026-05-28,18:04:16,storm,highway,dusk_dawn,heavy,car,133.8,86,severe,2026-05-28 18:04:16,18,3,5,0,0,2
ACC03025,14.69521574880187,81.31792242908888,2026-06-20,22:39:21,clear,expressway,night_unlit,heavy,auto,131.8,92,moderate,2026-06-20 22:39:21,22,5,6,1,1,1
ACC03026,22.743072021908034,77.33379787131341,2024-11-11,08:44:34,storm,highway,daylight,low,motorcycle,89.2,97,severe,2024-11-11 08:44:34,8,0,11,0,0,2
ACC03027,22.84795938983712,78.35423114239357,2022-11-09,08:03:26,rain,expressway,daylight,heavy,motorcycle,120.0,82,minor,2022-11-09 08:03:26,8,2,11,0,0,0
ACC03028,18.12541158599751,83.60647216564189,2025-07-18,10:40:15,clear,highway,daylight,low,motorcycle,134.9,98,moderate,2025-07-18 10:40:15,10,4,7,0,0,1
ACC03029,27.477301023579614,78.02036242697734,2022-06-16,20:07:48,clear,highway,daylight,moderate,truck,64.9,74,moderate,2022-06-16 20:07:48,20,3,6,0,1,1
ACC03030,27.21824217687771,81.25991678589772,2023-07-03,12:26:21,rain,highway,night_unlit,heavy,truck,95.7,85,moderate,2023-07-03 12:26:21,12,0,7,0,0,1
ACC03031,13.962977516683765,83.36799194637447,2024-11-14,10:39:35,clear,urban,night_lit,moderate,truck,32.8,50,fatal,2024-11-14 10:39:35,10,3,11,0,0,3
ACC03032,24.510690980578527,75.12599995689543,2022-04-21,18:52:39,clear,highway,dusk_dawn,low,car,89.8,84,moderate,2022-04-21 18:52:39,18,3,4,0,0,1
ACC03033,19.0890256113304,87.10786377988079,2023-10-08,04:31:56,cloudy,expressway,daylight,moderate,car,127.4,94,fatal,2023-10-08 04:31:56,4,6,10,1,1,3
ACC03034,29.99486731913207,77.69876434296656,2025-08-02,15:26:28,clear,urban,night_lit,low,car,78.5,55,moderate,2025-08-02 15:26:28,15,5,8,1,0,1
ACC03035,16.05042533432374,78.70999611323063,2022-05-31,13:50:28,cloudy,highway,night_lit,moderate,auto,106.2,80,moderate,2022-05-31 13:50:28,13,1,5,0,0,1
ACC03036,17.049435697460808,83.17622988588514,2023-08-26,16:12:54,rain,urban,daylight,low,motorcycle,21.4,57,moderate,2023-08-26 16:12:54,16,5,8,1,0,1
ACC03037,19.95791330200309,81.74056143020422,2022-01-07,17:12:28,clear,urban,night_lit,moderate,car,53.9,58,minor,2022-01-07 17:12:28,17,4,1,0,0,0
ACC03038,16.836872676251936,79.04191739102687,2024-12-16,10:27:17,cloudy,urban,night_unlit,moderate,car,67.0,56,severe,2024-12-16 10:27:17,10,0,12,0,0,2
ACC03039,24.455880594957257,82.39587264481267,2022-05-10,16:07:02,clear,rural,night_unlit,heavy,motorcycle,97.3,75,fatal,2022-05-10 16:07:02,16,1,5,0,0,3
ACC03040,20.65634601926665,86.44525292115271,2023-04-07,15:01:19,heavy_rain,expressway,night_unlit,moderate,bus,139.9,100,severe,2023-04-07 15:01:19,15,4,4,0,0,2
ACC03041,15.975819027291724,84.8045378663267,2024-05-08,07:21:11,clear,urban,dusk_dawn,moderate,truck,78.9,44,severe,2024-05-08 07:21:11,7,2,5,0,0,2
ACC03042,21.11473325075813,85.18814415927638,2022-12-19,20:09:18,rain,urban,night_unlit,heavy,car,41.5,33,severe,2022-12-19 20:09:18,20,0,12,0,1,2
ACC03043,27.99817979457069,76.134534537077,2023-01-15,18:38:32,rain,urban,dusk_dawn,heavy,truck,38.3,30,minor,2023-01-15 18:38:32,18,6,1,1,0,0
ACC03044,26.26312164330095,78.7104535887622,2025-10-02,21:32:31,heavy_rain,urban,night_lit,moderate,auto,45.4,60,moderate,2025-10-02 21:32:31,21,3,10,0,1,1
ACC03045,20.978920639682777,80.86110626646494,2025-06-30,17:29:11,cloudy,urban,daylight,moderate,truck,57.7,57,moderate,2025-06-30 17:29:11,17,0,6,0,0,1
ACC03046,17.192866856555057,72.70705310658373,2022-05-13,09:29:27,cloudy,highway,daylight,low,motorcycle,64.5,84,minor,2022-05-13 09:29:27,9,4,5,0,0,0
ACC03047,15.2379563646455,84.31667488603719,2025-11-09,12:05:27,clear,highway,daylight,moderate,truck,85.0,86,minor,2025-11-09 12:05:27,12,6,11,1,0,0
ACC03048,27.81089178936412,77.17541479064143,2024-02-08,12:24:02,cloudy,expressway,daylight,heavy,truck,104.3,82,moderate,2024-02-08 12:24:02,12,3,2,0,0,1
ACC03049,24.78300492897653,76.52153724865623,2022-08-26,03:04:16,cloudy,expressway,night_unlit,heavy,bus,77.6,85,moderate,2022-08-26 03:04:16,3,4,8,0,1,1
ACC03050,22.298939456654253,76.14867214969834,2026-01-28,12:21:43,cloudy,highway,night_unlit,low,truck,137.5,64,moderate,2026-01-28 12:21:43,12,2,1,0,0,1
ACC03051,27.82982362716603,76.53406824672103,2023-07-08,11:40:01,clear,expressway,night_unlit,low,motorcycle,115.5,83,fatal,2023-07-08 11:40:01,11,5,7,1,0,3
ACC03052,14.190425172733612,77.40823731452531,2023-06-19,00:59:18,cloudy,rural,daylight,heavy,car,30.2,52,moderate,2023-06-19 00:59:18,0,0,6,0,1,1
ACC03053,24.28480714803723,81.67719292921855,2022-08-29,19:17:28,cloudy,highway,dusk_dawn,heavy,motorcycle,108.6,65,severe,2022-08-29 19:17:28,19,0,8,0,0,2
ACC03054,15.900821623438176,81.33704515040101,2025-12-26,07:15:09,cloudy,expressway,dusk_dawn,heavy,car,70.9,96,minor,2025-12-26 07:15:09,7,4,12,0,0,0
ACC03055,14.170393938287766,76.09138805763001,2023-04-16,14:40:38,rain,expressway,dusk_dawn,low,truck,123.3,97,fatal,2023-04-16 14:40:38,14,6,4,1,0,3
ACC03056,20.3809531801248,75.30278842517131,2024-08-30,18:55:42,clear,urban,dusk_dawn,heavy,auto,46.4,39,moderate,2024-08-30 18:55:42,18,4,8,0,0,1
ACC03057,18.973072735758365,85.22173104114171,2023-01-28,16:17:20,cloudy,rural,night_unlit,moderate,car,119.4,78,moderate,2023-01-28 16:17:20,16,5,1,1,0,1
ACC03058,28.941124967853337,73.48357340282186,2026-01-10,08:50:13,clear,highway,night_lit,moderate,motorcycle,137.7,69,severe,2026-01-10 08:50:13,8,5,1,1,0,2
ACC03059,17.831631841532694,80.20516545921484,2025-07-16,16:18:46,rain,urban,night_lit,low,truck,39.8,31,moderate,2025-07-16 16:18:46,16,2,7,0,0,1
ACC03060,26.668240662936043,80.32897398702842,2024-04-05,18:38:12,rain,rural,daylight,moderate,car,123.5,60,minor,2024-04-05 18:38:12,18,4,4,0,0,0
ACC03061,25.478886008430205,81.18618890898594,2023-07-22,19:12:08,clear,urban,daylight,moderate,motorcycle,74.7,48,severe,2023-07-22 19:12:08,19,5,7,1,0,2
ACC03062,24.022629661053653,86.17040185451417,2024-12-11,10:15:01,clear,highway,night_lit,low,truck,124.2,72,moderate,2024-12-11 10:15:01,10,2,12,0,0,1
ACC03063,28.567208513281077,81.98262304151628,2024-03-24,03:59:05,rain,urban,night_lit,moderate,car,44.7,43,minor,2024-03-24 03:59:05,3,6,3,1,1,0
ACC03064,19.34264269886416,87.57814025996838,2026-03-26,16:23:52,rain,rural,night_unlit,low,truck,98.9,78,severe,2026-03-26 16:23:52,16,3,3,0,0,2
ACC03065,19.01408134769158,85.94164933357965,2025-01-11,08:00:56,clear,rural,daylight,moderate,motorcycle,120.6,62,minor,2025-01-11 08:00:56,8,5,1,1,0,0
ACC03066,14.89705362446717,75.43584415179538,2022-02-14,18:46:32,cloudy,highway,dusk_dawn,heavy,truck,105.2,87,minor,2022-02-14 18:46:32,18,0,2,0,0,0
ACC03067,16.963717358911246,75.85893296360481,2025-09-12,17:07:55,clear,urban,night_unlit,heavy,car,31.2,45,moderate,2025-09-12 17:07:55,17,4,9,0,0,1
ACC03068,27.835976209095676,77.51638617464273,2022-11-13,18:06:42,rain,highway,dusk_dawn,low,car,114.7,70,minor,2022-11-13 18:06:42,18,6,11,1,0,0
ACC03069,20.538878392404623,78.2642306412821,2023-05-10,22:50:24,clear,urban,night_lit,moderate,car,79.8,40,minor,2023-05-10 22:50:24,22,2,5,0,1,0
ACC03070,18.144359799432788,80.84792192492313,2023-12-17,16:20:42,rain,highway,night_unlit,low,motorcycle,102.6,89,severe,2023-12-17 16:20:42,16,6,12,1,0,2
ACC03071,15.89001699147908,75.72020212634142,2022-12-10,20:08:25,rain,expressway,night_lit,moderate,car,63.0,93,minor,2022-12-10 20:08:25,20,5,12,1,1,0
ACC03072,20.72928450438507,75.55752289782025,2026-03-28,16:58:57,rain,urban,night_lit,low,truck,54.0,30,severe,2026-03-28 16:58:57,16,5,3,1,0,2
ACC03073,24.89997666836152,78.10223931788927,2026-05-26,08:16:51,storm,urban,daylight,heavy,motorcycle,71.0,41,minor,2026-05-26 08:16:51,8,1,5,0,0,0
ACC03074,17.160456458227358,82.75236981140404,2022-09-13,18:37:50,cloudy,rural,dusk_dawn,low,truck,54.4,80,minor,2022-09-13 18:37:50,18,1,9,0,0,0
ACC03075,25.63889737462777,83.01000980953901,2023-06-10,17:15:31,rain,highway,dusk_dawn,heavy,truck,129.7,64,minor,2023-06-10 17:15:31,17,5,6,1,0,0
ACC03076,23.33617994504853,87.61786784064464,2023-09-01,22:34:31,rain,highway,night_unlit,heavy,motorcycle,78.7,83,moderate,2023-09-01 22:34:31,22,4,9,0,1,1
ACC03077,26.176126125714674,75.23864694274903,2025-01-06,09:41:07,rain,highway,night_lit,moderate,car,85.1,89,moderate,2025-01-06 09:41:07,9,0,1,0,0,1
ACC03078,16.51637331974842,78.2857464297117,2024-09-08,10:45:39,cloudy,urban,daylight,heavy,car,39.3,42,moderate,2024-09-08 10:45:39,10,6,9,1,0,1
ACC03079,23.35850660519482,87.43483996702497,2025-01-18,19:24:06,clear,rural,dusk_dawn,moderate,truck,83.3,47,minor,2025-01-18 19:24:06,19,5,1,1,0,0
ACC03080,14.767235030799156,83.04013988264883,2022-02-20,05:36:32,storm,highway,night_unlit,moderate,motorcycle,133.2,91,fatal,2022-02-20 05:36:32,5,6,2,1,1,3
ACC03081,18.54834567896346,81.4764563971523,2024-04-24,16:50:07,clear,rural,dusk_dawn,heavy,car,85.9,71,fatal,2024-04-24 16:50:07,16,2,4,0,0,3
ACC03082,25.038481707170423,80.63433682242155,2022-12-13,15:50:28,fog,highway,daylight,low,truck,119.8,86,fatal,2022-12-13 15:50:28,15,1,12,0,0,3
ACC03083,23.370030940438845,73.2081660821801,2023-01-11,08:44:46,clear,urban,night_unlit,low,car,33.9,49,moderate,2023-01-11 08:44:46,8,2,1,0,0,1
ACC03084,15.381493056075396,86.29398094105457,2025-06-26,08:23:18,cloudy,urban,daylight,heavy,motorcycle,31.4,37,minor,2025-06-26 08:23:18,8,3,6,0,0,0
ACC03085,27.450168097665525,82.00808344664172,2022-08-21,19:31:36,fog,rural,dusk_dawn,low,motorcycle,121.2,60,moderate,2022-08-21 19:31:36,19,6,8,1,0,1
ACC03086,12.960317682213274,81.14667852684855,2022-02-21,01:58:15,rain,expressway,night_lit,heavy,car,104.0,92,minor,2022-02-21 01:58:15,1,0,2,0,1,0
ACC03087,22.71388239329969,80.63200549314948,2024-03-10,18:14:17,cloudy,urban,night_lit,moderate,truck,65.3,56,severe,2024-03-10 18:14:17,18,6,3,1,0,2
ACC03088,29.708769004168914,78.27062731713778,2025-04-23,17:41:10,clear,urban,daylight,moderate,truck,78.0,55,moderate,2025-04-23 17:41:10,17,2,4,0,0,1
ACC03089,21.567085173169477,76.07463506177429,2024-04-18,16:47:09,clear,highway,daylight,moderate,motorcycle,80.3,91,minor,2024-04-18 16:47:09,16,3,4,0,0,0
ACC03090,26.412092759269573,84.08515176535175,2022-09-22,12:28:22,clear,highway,daylight,moderate,truck,125.9,95,moderate,2022-09-22 12:28:22,12,3,9,0,0,1
ACC03091,22.71325751740384,80.15308028418659,2025-06-23,03:51:07,cloudy,expressway,night_unlit,heavy,car,102.8,90,severe,2025-06-23 03:51:07,3,0,6,0,1,2
ACC03092,26.09558966861387,72.54303251662752,2023-09-19,18:25:53,cloudy,urban,daylight,low,motorcycle,76.5,52,fatal,2023-09-19 18:25:53,18,1,9,0,0,3
ACC03093,23.80069443639517,78.38551199635461,2025-03-11,07:50:44,clear,highway,dusk_dawn,moderate,motorcycle,103.7,83,fatal,2025-03-11 07:50:44,7,1,3,0,0,3
ACC03094,24.44037626167552,86.85765821156532,2022-11-28,09:38:13,clear,highway,dusk_dawn,low,motorcycle,75.2,88,minor,2022-11-28 09:38:13,9,0,11,0,0,0
ACC03095,16.10060071955491,77.9823129846538,2026-02-06,21:03:53,fog,highway,night_lit,low,truck,95.1,68,fatal,2026-02-06 21:03:53,21,4,2,0,1,3
ACC03096,25.35277644431252,78.61172812680918,2023-04-11,10:49:21,rain,rural,night_lit,low,motorcycle,101.2,45,minor,2023-04-11 10:49:21,10,1,4,0,0,0
ACC03097,16.282377959957955,81.98337796888057,2026-05-14,09:41:31,cloudy,urban,daylight,moderate,motorcycle,62.4,41,moderate,2026-05-14 09:41:31,9,3,5,0,0,1
ACC03098,29.651524952566582,84.82679686105412,2023-09-12,22:13:41,storm,expressway,night_unlit,moderate,motorcycle,88.5,84,moderate,2023-09-12 22:13:41,22,1,9,0,1,1
ACC03099,16.100169437301684,82.6953778832754,2025-04-10,06:42:46,cloudy,urban,dusk_dawn,low,truck,63.4,43,minor,2025-04-10 06:42:46,6,3,4,0,0,0
ACC03100,16.260312064757812,85.60087569796714,2024-04-04,08:30:00,clear,rural,night_lit,heavy,car,87.9,66,moderate,2024-04-04 08:30:00,8,3,4,0,0,1
ACC03101,27.45611616870956,73.82352939265117,2022-05-06,13:56:16,clear,highway,daylight,moderate,truck,83.5,93,moderate,2022-05-06 13:56:16,13,4,5,0,0,1
ACC03102,16.373745515330747,86.79348085309839,2022-06-11,18:18:20,heavy_rain,highway,dusk_dawn,heavy,car,97.9,68,severe,2022-06-11 18:18:20,18,5,6,1,0,2
ACC03103,18.496250282843093,86.46275091858217,2023-10-28,20:15:35,clear,highway,night_unlit,low,car,127.3,65,severe,2023-10-28 20:15:35,20,5,10,1,1,2
ACC03104,24.863522901222485,80.3063773853694,2022-11-13,18:03:52,clear,highway,dusk_dawn,moderate,truck,85.3,64,moderate,2022-11-13 18:03:52,18,6,11,1,0,1
ACC03105,14.85747444350574,81.99587580459522,2024-09-26,22:47:26,fog,expressway,daylight,moderate,motorcycle,79.7,92,moderate,2024-09-26 22:47:26,22,3,9,0,1,1
ACC03106,14.86329158689504,75.40500880322243,2022-08-15,01:59:27,rain,rural,dusk_dawn,moderate,motorcycle,123.2,62,minor,2022-08-15 01:59:27,1,0,8,0,1,0
ACC03107,20.75445161879914,79.16715900770222,2024-08-27,16:41:05,rain,highway,night_lit,heavy,motorcycle,130.6,62,minor,2024-08-27 16:41:05,16,1,8,0,0,0
ACC03108,16.38654157618908,75.243253774717,2022-12-03,07:22:31,rain,urban,dusk_dawn,heavy,car,35.9,59,severe,2022-12-03 07:22:31,7,5,12,1,0,2
ACC03109,16.241843200242606,72.35162686305631,2022-10-25,20:52:29,rain,urban,night_lit,moderate,motorcycle,42.5,53,minor,2022-10-25 20:52:29,20,1,10,0,1,0
ACC03110,12.166300585533229,87.69444909003283,2023-08-26,21:15:38,clear,urban,night_lit,heavy,truck,24.0,47,minor,2023-08-26 21:15:38,21,5,8,1,1,0
ACC03111,18.668092641563064,76.14634425136327,2024-08-15,10:41:50,rain,highway,daylight,moderate,car,121.8,93,moderate,2024-08-15 10:41:50,10,3,8,0,0,1
ACC03112,17.728509983131257,81.48973294236536,2023-10-18,19:35:34,clear,highway,daylight,low,truck,105.2,75,severe,2023-10-18 19:35:34,19,2,10,0,0,2
ACC03113,12.560804594880068,76.8040061366058,2023-07-29,16:51:03,clear,highway,night_unlit,moderate,car,114.4,66,fatal,2023-07-29 16:51:03,16,5,7,1,0,3
ACC03114,23.182197207845945,77.92994592336696,2023-07-13,06:58:49,storm,expressway,dusk_dawn,heavy,truck,66.8,87,minor,2023-07-13 06:58:49,6,3,7,0,0,0
ACC03115,23.27979327606037,78.3641849373164,2023-07-11,16:21:28,clear,urban,night_lit,low,truck,53.8,50,moderate,2023-07-11 16:21:28,16,1,7,0,0,1
ACC03116,13.27440849192586,77.36074770119612,2023-10-25,22:05:29,clear,rural,daylight,moderate,bus,80.6,44,minor,2023-10-25 22:05:29,22,2,10,0,1,0
ACC03117,17.706748132370155,82.19839614943898,2025-10-01,10:09:52,clear,expressway,daylight,heavy,truck,119.1,88,fatal,2025-10-01 10:09:52,10,2,10,0,0,3
ACC03118,27.71049957591716,87.3749803278177,2024-08-07,00:44:35,rain,highway,night_unlit,moderate,truck,131.3,65,severe,2024-08-07 00:44:35,0,2,8,0,1,2
ACC03119,22.47900722840241,78.85815440009972,2023-11-24,22:21:47,storm,highway,night_unlit,moderate,auto,97.8,82,fatal,2023-11-24 22:21:47,22,4,11,0,1,3
ACC03120,19.415545032215785,87.57322758486825,2025-05-15,12:08:52,clear,highway,daylight,low,truck,127.3,91,minor,2025-05-15 12:08:52,12,3,5,0,0,0
ACC03121,20.371834712353724,82.68475579751653,2024-05-15,12:48:29,clear,urban,daylight,low,truck,77.5,60,severe,2024-05-15 12:48:29,12,2,5,0,0,2
ACC03122,15.749039899844492,81.71417912033614,2026-04-08,17:38:58,rain,urban,daylight,moderate,car,59.9,45,minor,2026-04-08 17:38:58,17,2,4,0,0,0
ACC03123,26.613867012742705,75.79366162878277,2024-07-13,16:07:10,cloudy,highway,daylight,moderate,truck,105.5,62,severe,2024-07-13 16:07:10,16,5,7,1,0,2
ACC03124,28.452084698117417,73.0067312943901,2022-12-21,10:42:52,clear,highway,daylight,moderate,motorcycle,62.9,77,moderate,2022-12-21 10:42:52,10,2,12,0,0,1
ACC03125,28.391952760500786,85.63095632466926,2024-07-13,06:38:50,clear,urban,night_unlit,moderate,auto,45.9,41,severe,2024-07-13 06:38:50,6,5,7,1,0,2
ACC03126,16.030819050461396,81.18369702310831,2025-06-24,19:59:05,cloudy,rural,dusk_dawn,moderate,truck,96.1,46,severe,2025-06-24 19:59:05,19,1,6,0,0,2
ACC03127,17.593324819976225,78.6306217987981,2022-12-16,14:59:09,clear,highway,daylight,low,car,61.0,77,moderate,2022-12-16 14:59:09,14,4,12,0,0,1
ACC03128,14.891209946571662,84.99147715341573,2022-11-29,17:58:02,rain,rural,daylight,heavy,car,32.7,66,moderate,2022-11-29 17:58:02,17,1,11,0,0,1
ACC03129,17.529620405381635,76.9692861212371,2024-09-11,19:53:16,clear,highway,daylight,moderate,car,70.1,98,minor,2024-09-11 19:53:16,19,2,9,0,0,0
ACC03130,17.990496698206805,84.5378760954318,2025-12-23,01:47:59,rain,highway,night_unlit,moderate,motorcycle,137.1,60,fatal,2025-12-23 01:47:59,1,1,12,0,1,3
ACC03131,23.39590326716344,77.24742136649274,2023-07-04,19:40:07,rain,highway,dusk_dawn,moderate,truck,136.5,63,severe,2023-07-04 19:40:07,19,1,7,0,0,2
ACC03132,15.413634867866245,86.73409898246662,2024-04-12,18:32:02,cloudy,rural,night_unlit,moderate,car,50.3,79,severe,2024-04-12 18:32:02,18,4,4,0,0,2
ACC03133,28.549144638619385,76.28746999130884,2024-12-11,21:47:27,rain,urban,night_lit,moderate,car,38.4,40,minor,2024-12-11 21:47:27,21,2,12,0,1,0
ACC03134,13.855790461535578,74.20086588119314,2024-12-25,09:57:21,clear,urban,daylight,heavy,car,49.6,57,fatal,2024-12-25 09:57:21,9,2,12,0,0,3
ACC03135,12.123804198617997,83.16954733359059,2022-08-28,10:06:37,clear,highway,night_lit,heavy,truck,63.3,69,moderate,2022-08-28 10:06:37,10,6,8,1,0,1
ACC03136,27.3890123153496,74.60555604903634,2023-10-11,17:08:36,cloudy,urban,daylight,heavy,motorcycle,40.7,45,minor,2023-10-11 17:08:36,17,2,10,0,0,0
ACC03137,24.667856539788893,87.18980880462377,2026-06-21,21:29:49,rain,urban,night_unlit,low,car,75.5,41,fatal,2026-06-21 21:29:49,21,6,6,1,1,3
ACC03138,18.39647766640797,82.48888179822185,2025-12-29,23:17:24,rain,urban,night_unlit,heavy,motorcycle,62.6,54,fatal,2025-12-29 23:17:24,23,0,12,0,1,3
ACC03139,22.718994706382126,75.69377058055241,2025-06-21,12:31:27,clear,urban,daylight,moderate,car,35.6,56,minor,2025-06-21 12:31:27,12,5,6,1,0,0
ACC03140,16.023793815106202,75.34110294856686,2022-02-09,15:18:01,rain,urban,night_unlit,low,truck,46.1,51,minor,2022-02-09 15:18:01,15,2,2,0,0,0
ACC03141,15.031013675616768,86.78200062592674,2023-11-17,08:46:58,clear,highway,daylight,low,truck,89.5,98,moderate,2023-11-17 08:46:58,8,4,11,0,0,1
ACC03142,20.48068443249701,81.72572660559825,2022-03-26,17:53:12,clear,highway,daylight,heavy,car,135.7,61,severe,2022-03-26 17:53:12,17,5,3,1,0,2
ACC03143,18.357380934977297,86.29977610675867,2023-05-10,19:16:35,clear,highway,dusk_dawn,moderate,truck,104.2,89,minor,2023-05-10 19:16:35,19,2,5,0,0,0
ACC03144,23.074140909635258,73.7636032775332,2025-11-21,18:46:52,heavy_rain,urban,dusk_dawn,heavy,truck,20.8,57,severe,2025-11-21 18:46:52,18,4,11,0,0,2
ACC03145,15.926685322098567,86.80627512926682,2023-09-29,11:06:36,cloudy,urban,daylight,moderate,car,21.3,55,fatal,2023-09-29 11:06:36,11,4,9,0,0,3
ACC03146,23.932698610091137,80.32078899190542,2022-10-04,22:47:37,cloudy,urban,night_lit,heavy,car,46.7,50,fatal,2022-10-04 22:47:37,22,1,10,0,1,3
ACC03147,25.803507365450635,82.69475066130161,2025-03-30,07:41:10,rain,highway,dusk_dawn,moderate,car,123.4,78,minor,2025-03-30 07:41:10,7,6,3,1,0,0
ACC03148,14.99945057451254,77.96600754466048,2025-05-31,14:42:42,clear,highway,night_lit,moderate,car,76.3,92,moderate,2025-05-31 14:42:42,14,5,5,1,0,1
ACC03149,12.789449101522488,72.94624515209321,2024-12-12,15:29:11,clear,highway,dusk_dawn,low,car,68.2,69,moderate,2024-12-12 15:29:11,15,3,12,0,0,1
ACC03150,19.912572755424097,87.32755906146926,2025-08-21,15:06:41,clear,highway,dusk_dawn,moderate,bus,86.4,80,moderate,2025-08-21 15:06:41,15,3,8,0,0,1
ACC03151,25.932433547863862,87.9135732657357,2025-02-26,18:50:34,clear,rural,night_lit,moderate,car,107.6,61,moderate,2025-02-26 18:50:34,18,2,2,0,0,1
ACC03152,23.714037040334567,77.83274958016709,2024-11-08,16:06:29,cloudy,highway,night_lit,low,bus,115.4,79,severe,2024-11-08 16:06:29,16,4,11,0,0,2
ACC03153,24.63387096746264,87.10188687603167,2025-12-30,06:28:43,clear,highway,dusk_dawn,low,motorcycle,134.4,74,moderate,2025-12-30 06:28:43,6,1,12,0,0,1
ACC03154,19.25110811988063,74.68362065538503,2023-06-17,08:10:43,rain,urban,daylight,moderate,motorcycle,46.2,60,moderate,2023-06-17 08:10:43,8,5,6,1,0,1
ACC03155,16.229019814555258,74.47495119453721,2024-01-20,15:50:12,rain,highway,dusk_dawn,low,truck,122.4,73,fatal,2024-01-20 15:50:12,15,5,1,1,0,3
ACC03156,21.572019179122968,73.16978944014674,2024-07-13,17:34:22,fog,expressway,night_lit,moderate,truck,92.8,97,fatal,2024-07-13 17:34:22,17,5,7,1,0,3
ACC03157,15.678582487485544,78.26031052134641,2025-01-04,14:30:29,clear,expressway,night_lit,moderate,auto,89.8,98,minor,2025-01-04 14:30:29,14,5,1,1,0,0
ACC03158,25.072116545731184,72.83683600290559,2024-02-22,11:19:09,cloudy,urban,night_lit,heavy,car,20.7,41,moderate,2024-02-22 11:19:09,11,3,2,0,0,1
ACC03159,15.545396207270588,78.31451503380634,2023-12-26,05:46:21,clear,highway,night_lit,moderate,motorcycle,129.6,89,fatal,2023-12-26 05:46:21,5,1,12,0,1,3
ACC03160,17.242738800858145,74.21424685839469,2022-09-29,18:12:02,clear,urban,dusk_dawn,heavy,car,42.0,60,severe,2022-09-29 18:12:02,18,3,9,0,0,2
ACC03161,21.117806009814096,83.68844472916732,2024-11-13,14:43:26,cloudy,urban,night_lit,moderate,car,36.3,40,severe,2024-11-13 14:43:26,14,2,11,0,0,2
ACC03162,20.76077881458291,85.33380238938253,2022-07-23,15:58:12,cloudy,urban,night_unlit,moderate,car,36.8,58,moderate,2022-07-23 15:58:12,15,5,7,1,0,1
ACC03163,22.81528877532653,83.0050468447406,2024-02-19,13:15:13,rain,highway,night_lit,moderate,truck,101.4,66,minor,2024-02-19 13:15:13,13,0,2,0,0,0
ACC03164,19.874002808998505,75.2079064389785,2023-11-03,09:41:49,rain,highway,night_unlit,moderate,car,96.5,100,minor,2023-11-03 09:41:49,9,4,11,0,0,0
ACC03165,28.550519553181644,84.26957108652729,2025-06-29,09:18:08,clear,highway,night_unlit,low,truck,82.8,96,minor,2025-06-29 09:18:08,9,6,6,1,0,0
ACC03166,27.118813695549388,75.9920031525324,2024-02-22,05:55:07,fog,urban,night_lit,moderate,truck,40.2,51,moderate,2024-02-22 05:55:07,5,3,2,0,1,1
ACC03167,27.82404212225949,84.15181755149644,2022-01-09,17:53:19,clear,urban,dusk_dawn,moderate,motorcycle,55.9,53,severe,2022-01-09 17:53:19,17,6,1,1,0,2
ACC03168,23.331298285261877,81.07836119834225,2024-04-10,09:18:01,storm,rural,dusk_dawn,moderate,motorcycle,128.8,55,minor,2024-04-10 09:18:01,9,2,4,0,0,0
ACC03169,23.430142485494518,77.86740026065935,2022-12-21,10:13:52,cloudy,highway,dusk_dawn,heavy,truck,115.2,61,moderate,2022-12-21 10:13:52,10,2,12,0,0,1
ACC03170,22.96557630688708,73.33587804825692,2023-09-17,23:04:59,clear,rural,night_unlit,moderate,car,89.6,55,severe,2023-09-17 23:04:59,23,6,9,1,1,2
ACC03171,19.82791477958621,85.24015215691242,2023-05-02,12:41:48,clear,highway,daylight,low,motorcycle,72.2,96,minor,2023-05-02 12:41:48,12,1,5,0,0,0
ACC03172,17.797908019210727,87.03444673277161,2022-10-01,14:55:47,clear,highway,daylight,moderate,car,91.0,84,minor,2022-10-01 14:55:47,14,5,10,1,0,0
ACC03173,22.656051974079663,82.6546844800102,2026-04-02,12:08:06,rain,urban,daylight,moderate,car,63.5,60,minor,2026-04-02 12:08:06,12,3,4,0,0,0
ACC03174,12.459573068492103,87.43266506709502,2023-02-21,09:48:33,clear,highway,daylight,heavy,motorcycle,120.2,97,severe,2023-02-21 09:48:33,9,1,2,0,0,2
ACC03175,12.134215765628454,86.94578270468786,2024-04-12,00:45:05,rain,expressway,night_unlit,heavy,car,114.0,84,severe,2024-04-12 00:45:05,0,4,4,0,1,2
ACC03176,27.329552873341477,75.11373441286005,2025-09-21,19:28:18,clear,expressway,dusk_dawn,moderate,motorcycle,70.7,93,moderate,2025-09-21 19:28:18,19,6,9,1,0,1
ACC03177,12.8356328059972,83.69939757757142,2023-08-22,13:13:29,storm,highway,daylight,heavy,truck,88.6,70,fatal,2023-08-22 13:13:29,13,1,8,0,0,3
ACC03178,21.446312706001525,77.58887711100311,2026-03-20,17:39:40,clear,highway,dusk_dawn,low,motorcycle,91.5,94,minor,2026-03-20 17:39:40,17,4,3,0,0,0
ACC03179,23.06977973309361,79.80027776905001,2023-10-26,22:35:16,rain,highway,night_lit,low,car,78.7,76,moderate,2023-10-26 22:35:16,22,3,10,0,1,1
ACC03180,15.56708213320384,74.51144689838154,2026-04-04,00:48:15,rain,expressway,night_lit,low,car,76.0,92,minor,2026-04-04 00:48:15,0,5,4,1,1,0
ACC03181,28.12315508877267,87.59647084892244,2024-01-12,17:33:49,clear,highway,daylight,moderate,car,100.7,79,moderate,2024-01-12 17:33:49,17,4,1,0,0,1
ACC03182,15.42172389147075,83.61819812922253,2022-01-24,07:02:13,clear,rural,dusk_dawn,moderate,motorcycle,95.3,69,severe,2022-01-24 07:02:13,7,0,1,0,0,2
ACC03183,27.921269772600144,76.27053295409549,2025-11-25,13:12:29,cloudy,highway,daylight,low,motorcycle,86.8,83,moderate,2025-11-25 13:12:29,13,1,11,0,0,1
ACC03184,25.733824847994637,77.94354704268854,2025-11-19,19:22:17,rain,urban,dusk_dawn,low,truck,43.5,60,moderate,2025-11-19 19:22:17,19,2,11,0,0,1
ACC03185,16.33337316343549,78.75972682926056,2026-04-30,06:29:51,rain,highway,dusk_dawn,low,car,108.6,91,moderate,2026-04-30 06:29:51,6,3,4,0,0,1
ACC03186,14.713394992969684,83.96053958630145,2022-07-23,23:20:32,clear,rural,night_unlit,heavy,truck,72.8,55,severe,2022-07-23 23:20:32,23,5,7,1,1,2
ACC03187,17.692188783352233,86.81115626831335,2025-10-18,16:52:06,heavy_rain,urban,dusk_dawn,heavy,car,78.9,58,severe,2025-10-18 16:52:06,16,5,10,1,0,2
ACC03188,19.163110192864945,77.14304212775315,2023-07-15,12:16:08,heavy_rain,highway,daylight,moderate,motorcycle,111.3,68,moderate,2023-07-15 12:16:08,12,5,7,1,0,1
ACC03189,16.424124176980623,79.56000141248671,2025-10-14,02:40:58,rain,highway,night_lit,heavy,bus,136.4,61,moderate,2025-10-14 02:40:58,2,1,10,0,1,1
ACC03190,29.98004787757962,81.49132116535522,2026-05-02,16:21:56,clear,urban,night_lit,moderate,truck,54.9,44,fatal,2026-05-02 16:21:56,16,5,5,1,0,3
ACC03191,16.133742052312456,78.29350387840505,2022-11-23,14:59:46,clear,urban,night_lit,low,motorcycle,61.6,44,moderate,2022-11-23 14:59:46,14,2,11,0,0,1
ACC03192,26.951426885691426,80.06690117385097,2023-09-02,08:54:04,storm,rural,daylight,heavy,car,33.2,62,minor,2023-09-02 08:54:04,8,5,9,1,0,0
ACC03193,14.86411944762851,73.69132206432164,2023-03-18,14:47:43,rain,urban,night_unlit,moderate,motorcycle,47.1,34,severe,2023-03-18 14:47:43,14,5,3,1,0,2
ACC03194,29.644403254967056,74.68279020352266,2023-05-16,01:45:39,cloudy,expressway,night_unlit,moderate,truck,107.2,99,moderate,2023-05-16 01:45:39,1,1,5,0,1,1
ACC03195,16.059422249095526,78.41762011552231,2024-09-05,23:38:56,heavy_rain,highway,night_lit,heavy,car,125.7,60,moderate,2024-09-05 23:38:56,23,3,9,0,1,1
ACC03196,19.590393986104655,86.63902418832885,2023-11-09,10:35:29,clear,rural,night_unlit,low,car,132.3,75,severe,2023-11-09 10:35:29,10,3,11,0,0,2
ACC03197,22.05415320182232,77.58972873191414,2024-12-13,14:33:28,rain,expressway,dusk_dawn,moderate,motorcycle,132.9,90,moderate,2024-12-13 14:33:28,14,4,12,0,0,1
ACC03198,14.16514287280968,75.99668493768021,2025-01-12,18:01:37,rain,urban,dusk_dawn,heavy,truck,76.4,41,moderate,2025-01-12 18:01:37,18,6,1,1,0,1
ACC03199,26.702761214623823,83.88579553358841,2022-11-29,17:56:08,rain,expressway,night_lit,moderate,motorcycle,94.0,88,minor,2022-11-29 17:56:08,17,1,11,0,0,0
ACC03200,16.944339588254937,87.18608265722575,2022-03-14,20:58:44,rain,urban,night_unlit,moderate,car,52.3,55,moderate,2022-03-14 20:58:44,20,0,3,0,1,1
ACC03201,21.886858228829947,79.34597787301676,2025-05-10,21:31:29,cloudy,urban,night_lit,heavy,bus,64.7,48,minor,2025-05-10 21:31:29,21,5,5,1,1,0
ACC03202,21.893408592478444,72.13767928907492,2022-10-26,08:52:11,clear,highway,daylight,heavy,bus,74.0,96,minor,2022-10-26 08:52:11,8,2,10,0,0,0
ACC03203,22.84753174186413,83.01038930360988,2022-11-25,12:24:48,heavy_rain,highway,night_lit,heavy,truck,82.4,62,severe,2022-11-25 12:24:48,12,4,11,0,0,2
ACC03204,12.998747757437664,78.64097282585831,2024-09-14,17:06:15,rain,urban,daylight,low,car,51.2,35,moderate,2024-09-14 17:06:15,17,5,9,1,0,1
ACC03205,15.035137712968222,82.77832858585944,2023-03-08,04:50:51,clear,rural,night_unlit,heavy,car,115.9,72,severe,2023-03-08 04:50:51,4,2,3,0,1,2
ACC03206,14.901460372620557,76.44346425326725,2022-11-08,17:30:16,storm,expressway,night_unlit,moderate,motorcycle,114.8,100,fatal,2022-11-08 17:30:16,17,1,11,0,0,3
ACC03207,17.436922669485334,72.0385303010714,2023-05-19,00:56:29,clear,urban,night_unlit,moderate,truck,72.0,39,fatal,2023-05-19 00:56:29,0,4,5,0,1,3
ACC03208,14.608454823450115,77.51193949992967,2024-05-08,20:12:26,clear,rural,night_lit,low,motorcycle,53.5,79,minor,2024-05-08 20:12:26,20,2,5,0,1,0
ACC03209,28.594583773937213,83.27667748180707,2025-10-21,17:28:43,storm,rural,daylight,moderate,car,134.3,69,minor,2025-10-21 17:28:43,17,1,10,0,0,0
ACC03210,21.233180109203413,78.28981252814702,2026-06-12,15:40:11,rain,rural,dusk_dawn,low,bus,50.0,54,severe,2026-06-12 15:40:11,15,4,6,0,0,2
ACC03211,23.22435265864832,75.50678623445161,2025-04-17,12:08:14,heavy_rain,highway,night_unlit,heavy,motorcycle,85.7,62,severe,2025-04-17 12:08:14,12,3,4,0,0,2
ACC03212,18.434787157166177,79.42410982614562,2026-01-15,23:59:11,heavy_rain,urban,night_lit,moderate,bus,65.9,45,severe,2026-01-15 23:59:11,23,3,1,0,1,2
ACC03213,16.972430538610407,84.03757637277417,2024-05-21,18:36:13,cloudy,urban,dusk_dawn,moderate,motorcycle,69.5,39,moderate,2024-05-21 18:36:13,18,1,5,0,0,1
ACC03214,21.057189064179838,73.91092938867689,2023-11-02,18:10:27,clear,rural,dusk_dawn,low,motorcycle,53.2,43,minor,2023-11-02 18:10:27,18,3,11,0,0,0
ACC03215,17.297813547027005,83.06803253834636,2025-09-08,19:44:35,rain,urban,daylight,moderate,car,23.8,57,minor,2025-09-08 19:44:35,19,0,9,0,0,0
ACC03216,18.18562666313576,82.67750438086316,2023-05-12,02:52:51,cloudy,rural,daylight,moderate,car,90.4,58,minor,2023-05-12 02:52:51,2,4,5,0,1,0
ACC03217,20.14951573687543,77.93180607496114,2025-08-27,05:22:25,cloudy,expressway,night_lit,heavy,auto,70.5,99,moderate,2025-08-27 05:22:25,5,2,8,0,1,1
ACC03218,21.1032063693184,87.5253790620719,2026-06-28,08:36:24,cloudy,urban,daylight,moderate,truck,54.3,55,minor,2026-06-28 08:36:24,8,6,6,1,0,0
ACC03219,29.717652212073094,86.31528479168563,2023-10-03,17:44:09,clear,rural,daylight,low,motorcycle,79.8,54,fatal,2023-10-03 17:44:09,17,1,10,0,0,3
ACC03220,16.019806586914928,77.05858369283311,2024-11-06,16:08:05,clear,urban,night_lit,moderate,motorcycle,51.4,54,minor,2024-11-06 16:08:05,16,2,11,0,0,0
ACC03221,20.78357096788765,72.49745749430149,2025-07-07,10:31:45,cloudy,urban,dusk_dawn,low,car,43.4,55,minor,2025-07-07 10:31:45,10,0,7,0,0,0
ACC03222,14.6912113108081,76.93287690792123,2025-07-10,22:33:37,rain,urban,daylight,moderate,truck,36.7,39,minor,2025-07-10 22:33:37,22,3,7,0,1,0
ACC03223,18.299986188743507,75.2755510806567,2022-12-05,06:18:31,cloudy,expressway,dusk_dawn,moderate,car,71.2,96,moderate,2022-12-05 06:18:31,6,0,12,0,0,1
ACC03224,24.91159293671528,80.75603062476148,2026-04-30,18:17:26,clear,rural,dusk_dawn,low,motorcycle,80.4,59,minor,2026-04-30 18:17:26,18,3,4,0,0,0
ACC03225,15.14031858769034,86.69991073891447,2024-04-06,14:37:31,cloudy,rural,daylight,low,motorcycle,78.3,78,moderate,2024-04-06 14:37:31,14,5,4,1,0,1
ACC03226,22.46432353590077,85.92540016060035,2022-03-10,12:45:50,rain,highway,night_unlit,moderate,motorcycle,86.7,61,fatal,2022-03-10 12:45:50,12,3,3,0,0,3
ACC03227,19.50061842422413,76.89326649063723,2022-07-14,02:23:11,clear,urban,night_lit,moderate,motorcycle,69.1,34,fatal,2022-07-14 02:23:11,2,3,7,0,1,3
ACC03228,12.928431799280514,78.85756053689019,2025-04-09,17:08:29,cloudy,rural,night_lit,low,auto,37.2,66,minor,2025-04-09 17:08:29,17,2,4,0,0,0
ACC03229,28.795354346612,72.58467518527306,2023-12-02,18:47:14,rain,expressway,dusk_dawn,moderate,truck,71.6,99,moderate,2023-12-02 18:47:14,18,5,12,1,0,1
ACC03230,19.444856525271955,80.7066161223864,2022-06-27,10:10:06,cloudy,expressway,night_lit,moderate,auto,133.4,95,minor,2022-06-27 10:10:06,10,0,6,0,0,0
ACC03231,26.110677643520997,73.01388768081166,2024-05-04,14:00:41,cloudy,rural,night_lit,low,motorcycle,49.4,46,minor,2024-05-04 14:00:41,14,5,5,1,0,0
ACC03232,19.49364279717241,87.0176986596656,2024-09-11,16:19:42,heavy_rain,rural,daylight,low,car,128.2,49,severe,2024-09-11 16:19:42,16,2,9,0,0,2
ACC03233,28.87248578841812,85.87094135763635,2022-05-12,11:49:51,clear,highway,daylight,moderate,auto,60.5,73,severe,2022-05-12 11:49:51,11,3,5,0,0,2
ACC03234,17.228466019720155,75.42700202300004,2023-07-29,16:45:01,clear,rural,daylight,heavy,car,126.3,47,minor,2023-07-29 16:45:01,16,5,7,1,0,0
ACC03235,19.420151694378543,83.18989887779273,2024-01-30,13:18:10,clear,highway,night_unlit,low,bus,78.6,61,severe,2024-01-30 13:18:10,13,1,1,0,0,2
ACC03236,25.659556324667157,81.08832611893332,2025-07-05,20:31:34,rain,rural,night_lit,heavy,car,26.3,54,moderate,2025-07-05 20:31:34,20,5,7,1,1,1
ACC03237,18.186011675055425,84.82172340025893,2024-12-06,17:57:48,heavy_rain,highway,daylight,moderate,truck,134.3,79,minor,2024-12-06 17:57:48,17,4,12,0,0,0
ACC03238,18.55842728403323,79.61043370802432,2022-05-23,07:43:56,rain,expressway,daylight,heavy,truck,124.5,86,minor,2022-05-23 07:43:56,7,0,5,0,0,0
ACC03239,29.906817121456022,75.06835153065245,2024-10-05,18:45:47,storm,urban,dusk_dawn,heavy,truck,37.4,37,severe,2024-10-05 18:45:47,18,5,10,1,0,2
ACC03240,22.001061462426332,82.23749440196531,2026-01-21,10:05:54,rain,highway,daylight,low,truck,134.0,66,moderate,2026-01-21 10:05:54,10,2,1,0,0,1
ACC03241,24.40884816606267,73.28448523193512,2022-03-31,21:14:48,clear,urban,night_unlit,moderate,car,54.0,34,severe,2022-03-31 21:14:48,21,3,3,0,1,2
ACC03242,23.582320214764977,81.35340785869475,2026-06-09,16:06:18,clear,urban,night_lit,moderate,motorcycle,49.8,48,minor,2026-06-09 16:06:18,16,1,6,0,0,0
ACC03243,26.9026346488183,75.40327688743132,2022-06-06,03:58:34,rain,rural,night_lit,low,car,53.8,79,severe,2022-06-06 03:58:34,3,0,6,0,1,2
ACC03244,27.512851789951377,82.95898299397696,2024-10-19,18:20:38,rain,rural,dusk_dawn,heavy,auto,50.6,45,moderate,2024-10-19 18:20:38,18,5,10,1,0,1
ACC03245,22.13861038446557,85.24869058764973,2023-07-31,07:29:21,cloudy,urban,dusk_dawn,low,motorcycle,50.6,37,moderate,2023-07-31 07:29:21,7,0,7,0,0,1
ACC03246,17.30200934939519,73.75239566851316,2025-04-14,20:33:53,cloudy,highway,night_lit,heavy,car,130.2,71,minor,2025-04-14 20:33:53,20,0,4,0,1,0
ACC03247,12.41040445634945,78.40429683437748,2025-10-15,21:31:46,cloudy,rural,night_unlit,heavy,car,73.0,69,minor,2025-10-15 21:31:46,21,2,10,0,1,0
ACC03248,23.05925851915776,83.73634540441594,2025-10-30,17:03:31,clear,expressway,daylight,moderate,truck,93.6,95,minor,2025-10-30 17:03:31,17,3,10,0,0,0
ACC03249,26.858438998781157,74.61924898430173,2025-11-29,15:54:28,cloudy,rural,night_lit,moderate,bus,84.6,40,minor,2025-11-29 15:54:28,15,5,11,1,0,0
ACC03250,20.10971649920987,81.06437872057141,2025-09-02,16:22:47,rain,highway,dusk_dawn,heavy,bus,67.5,78,minor,2025-09-02 16:22:47,16,1,9,0,0,0
ACC03251,14.964710528835557,82.74942371001157,2023-05-24,12:55:13,rain,rural,night_unlit,low,car,35.4,44,minor,2023-05-24 12:55:13,12,2,5,0,0,0
ACC03252,17.185477312841535,77.67669771583012,2024-02-04,06:45:13,clear,highway,dusk_dawn,heavy,truck,126.5,79,moderate,2024-02-04 06:45:13,6,6,2,1,0,1
ACC03253,21.17980073121356,85.31171638724162,2025-03-26,21:41:24,heavy_rain,expressway,night_unlit,low,motorcycle,89.9,100,moderate,2025-03-26 21:41:24,21,2,3,0,1,1
ACC03254,27.060261941598,80.17053096074741,2022-10-04,10:42:07,clear,highway,night_lit,low,truck,69.2,78,fatal,2022-10-04 10:42:07,10,1,10,0,0,3
ACC03255,15.091556629231572,82.03191743904816,2024-08-06,10:58:27,clear,highway,daylight,moderate,truck,121.9,63,severe,2024-08-06 10:58:27,10,1,8,0,0,2
ACC03256,23.018697762771254,74.25396474727646,2024-05-20,08:18:25,rain,highway,daylight,moderate,car,62.0,60,minor,2024-05-20 08:18:25,8,0,5,0,0,0
ACC03257,25.56063505110982,72.3705627925227,2026-06-03,23:19:30,fog,rural,daylight,low,motorcycle,101.1,47,severe,2026-06-03 23:19:30,23,2,6,0,1,2
ACC03258,28.848855366026815,72.81197713319978,2022-03-23,21:40:27,fog,urban,night_unlit,heavy,car,76.0,53,severe,2022-03-23 21:40:27,21,2,3,0,1,2
ACC03259,14.10066645021947,86.46272237117145,2022-06-05,11:13:53,clear,rural,night_lit,moderate,motorcycle,75.5,56,moderate,2022-06-05 11:13:53,11,6,6,1,0,1
ACC03260,28.675049414962032,86.12227814797203,2022-02-19,09:48:16,clear,urban,night_lit,heavy,car,73.6,55,moderate,2022-02-19 09:48:16,9,5,2,1,0,1
ACC03261,22.82641563314063,84.92146302658948,2024-06-18,18:01:24,rain,rural,dusk_dawn,heavy,car,123.7,41,severe,2024-06-18 18:01:24,18,1,6,0,0,2
ACC03262,25.800628573781147,75.19379345975777,2024-06-23,12:53:44,rain,urban,night_lit,heavy,car,55.3,53,moderate,2024-06-23 12:53:44,12,6,6,1,0,1
ACC03263,12.967944772234,80.40733843119204,2024-08-30,22:20:17,cloudy,highway,night_unlit,heavy,car,77.4,91,minor,2024-08-30 22:20:17,22,4,8,0,1,0
ACC03264,21.110666801530712,84.73787360877398,2023-02-02,20:00:39,clear,rural,night_unlit,heavy,motorcycle,131.3,41,fatal,2023-02-02 20:00:39,20,3,2,0,1,3
ACC03265,23.20733413345429,82.79470690009238,2023-05-21,18:36:57,cloudy,urban,dusk_dawn,low,motorcycle,32.2,39,moderate,2023-05-21 18:36:57,18,6,5,1,0,1
ACC03266,17.523009117711123,73.848339098815,2023-11-16,06:16:22,clear,urban,night_lit,low,bus,31.1,53,minor,2023-11-16 06:16:22,6,3,11,0,0,0
ACC03267,19.769703745822547,86.32865919699879,2022-03-19,17:18:14,clear,urban,daylight,moderate,motorcycle,26.5,35,moderate,2022-03-19 17:18:14,17,5,3,1,0,1
ACC03268,21.977366435032764,74.5709182844474,2025-05-20,23:28:11,rain,rural,night_lit,moderate,truck,136.6,49,moderate,2025-05-20 23:28:11,23,1,5,0,1,1
ACC03269,21.94586291591364,74.74873109461336,2022-03-27,11:34:00,clear,highway,daylight,heavy,auto,112.5,61,minor,2022-03-27 11:34:00,11,6,3,1,0,0
ACC03270,12.753507457323083,86.41613806673134,2024-12-31,20:08:17,rain,urban,daylight,moderate,motorcycle,47.7,30,minor,2024-12-31 20:08:17,20,1,12,0,1,0
ACC03271,19.91067179842006,79.75387102551225,2024-01-15,12:02:50,cloudy,urban,dusk_dawn,heavy,truck,31.4,51,moderate,2024-01-15 12:02:50,12,0,1,0,0,1
ACC03272,15.848726786260157,77.96626921530347,2026-06-29,22:27:15,cloudy,rural,night_lit,moderate,auto,103.0,72,moderate,2026-06-29 22:27:15,22,0,6,0,1,1
ACC03273,28.500511405536297,80.8585078767689,2025-02-11,17:21:57,clear,highway,daylight,heavy,truck,79.2,76,minor,2025-02-11 17:21:57,17,1,2,0,0,0
ACC03274,29.57843982222001,87.70235732531378,2024-02-20,06:34:57,heavy_rain,highway,dusk_dawn,low,car,65.3,70,minor,2024-02-20 06:34:57,6,1,2,0,0,0
ACC03275,17.393644134337244,73.91408728385669,2025-02-23,14:44:40,cloudy,highway,dusk_dawn,moderate,car,114.6,61,minor,2025-02-23 14:44:40,14,6,2,1,0,0
ACC03276,15.153337150519055,84.11118158067305,2022-07-12,05:36:58,heavy_rain,urban,night_unlit,heavy,car,46.7,51,fatal,2022-07-12 05:36:58,5,1,7,0,1,3
ACC03277,15.951074717070176,77.34921379590604,2022-10-25,12:06:24,cloudy,highway,daylight,moderate,truck,84.3,62,moderate,2022-10-25 12:06:24,12,1,10,0,0,1
ACC03278,20.599540596353165,73.87278833356199,2024-03-30,20:59:57,cloudy,urban,daylight,heavy,truck,41.0,54,moderate,2024-03-30 20:59:57,20,5,3,1,1,1
ACC03279,27.74110078403721,78.75093368564701,2025-11-09,09:42:32,fog,highway,night_unlit,moderate,car,133.4,64,moderate,2025-11-09 09:42:32,9,6,11,1,0,1
ACC03280,21.00065186887751,80.78004604360433,2025-09-08,21:02:04,clear,urban,night_lit,heavy,motorcycle,21.9,50,moderate,2025-09-08 21:02:04,21,0,9,0,1,1
ACC03281,12.997057110875357,75.29538620365035,2023-09-12,06:45:49,clear,urban,daylight,moderate,motorcycle,67.3,45,fatal,2023-09-12 06:45:49,6,1,9,0,0,3
ACC03282,12.717940848836593,78.48431134554563,2023-04-11,17:52:57,heavy_rain,urban,daylight,heavy,truck,77.0,42,severe,2023-04-11 17:52:57,17,1,4,0,0,2
ACC03283,16.093037021211273,82.17081640755664,2026-05-03,22:34:53,cloudy,rural,night_unlit,moderate,car,107.3,54,severe,2026-05-03 22:34:53,22,6,5,1,1,2
ACC03284,27.16988299696972,81.22316831552355,2024-07-17,17:49:25,clear,urban,dusk_dawn,moderate,car,44.4,51,severe,2024-07-17 17:49:25,17,2,7,0,0,2
ACC03285,23.186650035632592,83.57056950487761,2022-07-14,20:53:06,storm,rural,night_lit,moderate,motorcycle,122.0,43,moderate,2022-07-14 20:53:06,20,3,7,0,1,1
ACC03286,22.133241368153246,85.38247252699841,2023-01-05,23:57:35,clear,urban,daylight,moderate,car,38.8,60,moderate,2023-01-05 23:57:35,23,3,1,0,1,1
ACC03287,17.741452666487557,78.54624530830998,2025-10-05,16:57:52,cloudy,urban,night_unlit,moderate,truck,23.0,43,minor,2025-10-05 16:57:52,16,6,10,1,0,0
ACC03288,28.729657290831373,78.76747640739563,2026-01-14,18:11:50,rain,highway,dusk_dawn,low,motorcycle,65.1,68,moderate,2026-01-14 18:11:50,18,2,1,0,0,1
ACC03289,17.961208409318385,79.94707415128245,2026-01-31,03:02:37,rain,urban,night_unlit,heavy,motorcycle,21.1,43,moderate,2026-01-31 03:02:37,3,5,1,1,1,1
ACC03290,27.028999427753043,81.06165405410086,2022-01-12,12:39:47,cloudy,rural,daylight,moderate,truck,77.4,42,minor,2022-01-12 12:39:47,12,2,1,0,0,0
ACC03291,28.126263323565915,73.73316278780626,2025-09-12,09:40:01,clear,highway,daylight,low,car,88.0,91,severe,2025-09-12 09:40:01,9,4,9,0,0,2
ACC03292,20.70003023789046,77.00216566711639,2022-07-03,19:34:37,rain,highway,dusk_dawn,moderate,car,131.8,61,minor,2022-07-03 19:34:37,19,6,7,1,0,0
ACC03293,28.097206850653368,74.75026872603239,2025-08-21,17:14:06,rain,urban,night_lit,moderate,bus,58.1,37,severe,2025-08-21 17:14:06,17,3,8,0,0,2
ACC03294,16.982459173038848,78.1736441975061,2025-12-18,16:56:44,clear,urban,daylight,heavy,truck,52.4,32,fatal,2025-12-18 16:56:44,16,3,12,0,0,3
ACC03295,23.851801671298965,87.57366516118458,2023-08-17,21:24:02,clear,expressway,night_unlit,heavy,car,66.4,99,minor,2023-08-17 21:24:02,21,3,8,0,1,0
ACC03296,13.583347473438952,81.32369530689567,2022-11-14,06:44:35,cloudy,highway,dusk_dawn,moderate,truck,130.1,93,fatal,2022-11-14 06:44:35,6,0,11,0,0,3
ACC03297,20.53081585366309,78.87010431872874,2025-03-17,21:37:56,clear,rural,night_lit,heavy,motorcycle,56.8,42,severe,2025-03-17 21:37:56,21,0,3,0,1,2
ACC03298,15.911972438850263,81.05499032357935,2022-04-23,06:53:06,rain,rural,dusk_dawn,moderate,motorcycle,49.5,79,moderate,2022-04-23 06:53:06,6,5,4,1,0,1
ACC03299,13.129739002750853,82.70522488683487,2024-08-09,11:42:25,fog,rural,night_unlit,moderate,truck,127.9,56,moderate,2024-08-09 11:42:25,11,4,8,0,0,1
ACC03300,12.067059145397174,78.95925541264641,2023-06-29,16:38:02,clear,urban,night_lit,moderate,car,67.1,52,moderate,2023-06-29 16:38:02,16,3,6,0,0,1
ACC03301,17.84553809593455,79.1633568680462,2023-11-28,11:50:42,fog,highway,dusk_dawn,low,motorcycle,126.9,63,moderate,2023-11-28 11:50:42,11,1,11,0,0,1
ACC03302,22.61155070166173,83.22241807010734,2025-09-17,17:03:55,rain,highway,daylight,heavy,car,70.6,67,severe,2025-09-17 17:03:55,17,2,9,0,0,2
ACC03303,20.19414625772083,72.97380133129121,2026-06-19,18:42:00,rain,rural,dusk_dawn,moderate,motorcycle,98.9,45,moderate,2026-06-19 18:42:00,18,4,6,0,0,1
ACC03304,17.43184737335093,80.6412890926135,2023-10-23,19:35:32,fog,highway,daylight,low,motorcycle,104.7,87,moderate,2023-10-23 19:35:32,19,0,10,0,0,1
ACC03305,29.84160055397252,80.75724499548322,2023-04-22,08:46:47,clear,highway,daylight,moderate,auto,69.5,98,moderate,2023-04-22 08:46:47,8,5,4,1,0,1
ACC03306,28.9114507196342,84.10803617805409,2025-10-02,08:13:01,heavy_rain,highway,night_unlit,low,motorcycle,134.2,65,fatal,2025-10-02 08:13:01,8,3,10,0,0,3
ACC03307,14.261759523074945,87.72231603738653,2023-11-10,05:35:28,clear,rural,night_unlit,low,truck,119.9,46,fatal,2023-11-10 05:35:28,5,4,11,0,1,3
ACC03308,19.471933680032905,84.73207658858892,2022-11-25,14:17:07,cloudy,highway,daylight,low,car,138.9,87,moderate,2022-11-25 14:17:07,14,4,11,0,0,1
ACC03309,23.679244811884995,80.06061780240749,2026-01-22,07:07:55,cloudy,urban,daylight,heavy,motorcycle,52.7,31,severe,2026-01-22 07:07:55,7,3,1,0,0,2
ACC03310,25.20283435553886,74.71125087371486,2026-06-17,10:34:30,clear,rural,night_lit,low,truck,108.0,75,minor,2026-06-17 10:34:30,10,2,6,0,0,0
ACC03311,18.594698788370827,81.41217554613073,2023-04-20,19:01:31,rain,rural,dusk_dawn,moderate,car,121.0,73,severe,2023-04-20 19:01:31,19,3,4,0,0,2
ACC03312,25.433072629236257,85.34878218740297,2022-09-17,21:05:59,cloudy,rural,night_unlit,moderate,auto,51.9,69,moderate,2022-09-17 21:05:59,21,5,9,1,1,1
ACC03313,14.234700232392209,86.91862501832532,2022-09-08,19:31:47,cloudy,urban,dusk_dawn,heavy,truck,31.6,31,minor,2022-09-08 19:31:47,19,3,9,0,0,0
ACC03314,17.972627254638684,85.2049660719056,2024-09-09,00:53:18,cloudy,highway,night_unlit,heavy,bus,87.8,78,moderate,2024-09-09 00:53:18,0,0,9,0,1,1
ACC03315,24.89579716360629,75.02349770180102,2023-05-25,15:42:37,clear,highway,daylight,heavy,car,136.9,92,moderate,2023-05-25 15:42:37,15,3,5,0,0,1
ACC03316,23.26229022468675,83.4012138295893,2024-10-20,08:00:17,clear,highway,night_lit,moderate,motorcycle,81.9,93,severe,2024-10-20 08:00:17,8,6,10,1,0,2
ACC03317,27.069783867509788,86.0824791597735,2025-05-31,11:06:31,clear,urban,night_unlit,moderate,car,71.8,43,severe,2025-05-31 11:06:31,11,5,5,1,0,2
ACC03318,12.843426408008792,82.8962714660316,2022-01-10,12:25:48,fog,urban,night_lit,heavy,auto,73.3,50,fatal,2022-01-10 12:25:48,12,0,1,0,0,3
ACC03319,15.139050920814874,82.97203265485145,2025-11-12,21:25:56,rain,urban,night_unlit,low,car,66.8,49,severe,2025-11-12 21:25:56,21,2,11,0,1,2
ACC03320,12.872902480895396,80.00259658001725,2022-02-17,16:02:57,cloudy,urban,night_unlit,low,truck,77.1,60,fatal,2022-02-17 16:02:57,16,3,2,0,0,3
ACC03321,15.458056036485804,82.19161955400808,2022-07-07,09:15:29,rain,rural,daylight,heavy,motorcycle,59.5,61,minor,2022-07-07 09:15:29,9,3,7,0,0,0
ACC03322,12.07709059139283,76.71009150756834,2025-04-05,16:07:53,cloudy,highway,daylight,low,bus,108.2,89,moderate,2025-04-05 16:07:53,16,5,4,1,0,1
ACC03323,21.075785430219597,73.42096138857192,2024-10-17,21:34:53,clear,expressway,daylight,moderate,auto,79.3,96,fatal,2024-10-17 21:34:53,21,3,10,0,1,3
ACC03324,21.5096591202286,85.24343847592641,2026-05-26,05:39:32,clear,rural,night_unlit,low,truck,120.6,71,fatal,2026-05-26 05:39:32,5,1,5,0,1,3
ACC03325,23.842052065307907,87.09030891826426,2024-07-20,19:23:02,cloudy,highway,dusk_dawn,low,car,61.7,62,severe,2024-07-20 19:23:02,19,5,7,1,0,2
ACC03326,18.928424049618783,85.7091573660311,2023-11-16,08:34:07,clear,urban,night_lit,heavy,truck,72.5,60,moderate,2023-11-16 08:34:07,8,3,11,0,0,1
ACC03327,12.057738432333313,77.34261686049285,2025-01-03,07:12:39,heavy_rain,expressway,dusk_dawn,low,motorcycle,88.0,85,moderate,2025-01-03 07:12:39,7,4,1,0,0,1
ACC03328,24.13004077933747,73.49648242092685,2025-06-05,20:51:49,clear,expressway,night_lit,moderate,truck,95.3,96,severe,2025-06-05 20:51:49,20,3,6,0,1,2
ACC03329,12.977239579462427,76.48221420210251,2025-01-06,00:00:54,cloudy,urban,night_lit,low,car,48.1,41,moderate,2025-01-06 00:00:54,0,0,1,0,1,1
ACC03330,27.59106775471939,85.4853660129584,2023-09-01,18:30:14,cloudy,highway,dusk_dawn,moderate,truck,75.5,72,minor,2023-09-01 18:30:14,18,4,9,0,0,0
ACC03331,12.407771778742871,82.49303212213145,2026-04-25,06:19:53,rain,expressway,night_lit,heavy,motorcycle,101.3,80,moderate,2026-04-25 06:19:53,6,5,4,1,0,1
ACC03332,21.548552218619385,87.467107905647,2023-05-11,16:27:49,fog,urban,night_unlit,moderate,truck,70.5,43,severe,2023-05-11 16:27:49,16,3,5,0,0,2
ACC03333,28.10852188293937,77.48289629499365,2023-07-24,16:30:29,cloudy,urban,daylight,moderate,motorcycle,63.9,39,severe,2023-07-24 16:30:29,16,0,7,0,0,2
ACC03334,22.30481236419804,80.82355392466627,2023-04-02,19:38:22,clear,highway,dusk_dawn,moderate,motorcycle,134.4,71,minor,2023-04-02 19:38:22,19,6,4,1,0,0
ACC03335,22.95150143779074,84.64061154621164,2023-05-08,19:55:28,rain,rural,dusk_dawn,low,car,106.5,60,severe,2023-05-08 19:55:28,19,0,5,0,0,2
ACC03336,24.268995270073304,75.743871083709,2022-12-16,17:33:40,clear,urban,night_lit,moderate,car,49.6,47,moderate,2022-12-16 17:33:40,17,4,12,0,0,1
ACC03337,14.203359259148408,87.42543959455465,2024-08-12,11:13:48,clear,urban,daylight,heavy,auto,44.6,48,moderate,2024-08-12 11:13:48,11,0,8,0,0,1
ACC03338,24.14868781459007,81.47836275986904,2025-04-11,08:31:10,rain,rural,night_unlit,heavy,truck,62.6,49,fatal,2025-04-11 08:31:10,8,4,4,0,0,3
ACC03339,27.846387876230672,72.12636101311445,2023-12-07,16:30:20,clear,urban,night_lit,low,car,61.8,56,fatal,2023-12-07 16:30:20,16,3,12,0,0,3
ACC03340,29.535974991035697,72.4024524100482,2026-02-24,14:51:07,clear,urban,night_lit,heavy,motorcycle,24.3,40,severe,2026-02-24 14:51:07,14,1,2,0,0,2
ACC03341,19.974935988450248,86.11545626242552,2024-02-17,06:33:56,cloudy,urban,dusk_dawn,heavy,truck,60.6,52,severe,2024-02-17 06:33:56,6,5,2,1,0,2
ACC03342,18.201087330195843,82.32450444417724,2024-02-06,22:52:24,cloudy,urban,night_unlit,heavy,motorcycle,45.2,33,fatal,2024-02-06 22:52:24,22,1,2,0,1,3
ACC03343,25.559573080733703,84.2091603050218,2022-04-24,10:38:15,heavy_rain,expressway,night_lit,heavy,motorcycle,125.1,93,minor,2022-04-24 10:38:15,10,6,4,1,0,0
ACC03344,21.77173718571566,84.54425601531052,2026-01-23,00:34:12,clear,urban,night_lit,heavy,truck,42.9,58,moderate,2026-01-23 00:34:12,0,4,1,0,1,1
ACC03345,16.63148378019055,78.72735642001243,2022-09-01,20:19:04,cloudy,highway,night_unlit,low,car,93.0,89,moderate,2022-09-01 20:19:04,20,3,9,0,1,1
ACC03346,15.098841929454654,84.77777993827684,2022-09-27,15:15:28,rain,highway,night_lit,moderate,motorcycle,93.6,85,minor,2022-09-27 15:15:28,15,1,9,0,0,0
ACC03347,15.064145410669386,87.00051911700061,2026-03-16,17:05:46,rain,urban,daylight,heavy,motorcycle,48.2,33,moderate,2026-03-16 17:05:46,17,0,3,0,0,1
ACC03348,20.265186658910736,74.75473772431394,2024-05-03,07:32:19,clear,highway,dusk_dawn,moderate,motorcycle,129.4,80,moderate,2024-05-03 07:32:19,7,4,5,0,0,1
ACC03349,15.062239301081702,84.22618239267233,2022-04-23,12:55:24,cloudy,urban,night_lit,moderate,car,76.1,49,moderate,2022-04-23 12:55:24,12,5,4,1,0,1
ACC03350,12.354940992206744,76.92467212184904,2023-12-27,16:00:38,cloudy,urban,night_lit,moderate,car,78.7,34,moderate,2023-12-27 16:00:38,16,2,12,0,0,1
ACC03351,12.93759794945442,77.14388804886167,2024-08-27,09:57:21,clear,urban,night_unlit,low,auto,78.6,59,fatal,2024-08-27 09:57:21,9,1,8,0,0,3
ACC03352,28.737921791153383,78.60407761658217,2022-01-17,17:51:44,clear,highway,dusk_dawn,heavy,bus,105.7,67,moderate,2022-01-17 17:51:44,17,0,1,0,0,1
ACC03353,13.313304140882444,85.81951231852936,2025-05-24,09:26:19,rain,urban,night_unlit,moderate,bus,58.8,56,moderate,2025-05-24 09:26:19,9,5,5,1,0,1
ACC03354,13.317252430457271,72.35289707696079,2025-01-02,08:18:26,clear,highway,daylight,moderate,truck,93.4,65,moderate,2025-01-02 08:18:26,8,3,1,0,0,1
ACC03355,20.121392019603583,78.94281930896422,2022-01-20,01:34:58,clear,urban,night_unlit,low,car,68.5,49,moderate,2022-01-20 01:34:58,1,3,1,0,1,1
ACC03356,16.411805082030586,82.88076239310833,2024-10-12,09:51:50,cloudy,highway,daylight,heavy,motorcycle,82.1,81,moderate,2024-10-12 09:51:50,9,5,10,1,0,1
ACC03357,29.32848933910496,73.76664733252035,2023-01-01,09:01:34,clear,expressway,daylight,low,motorcycle,135.1,86,minor,2023-01-01 09:01:34,9,6,1,1,0,0
ACC03358,28.397745110960475,84.67605755227866,2025-04-20,18:26:23,clear,urban,dusk_dawn,heavy,car,30.0,42,severe,2025-04-20 18:26:23,18,6,4,1,0,2
ACC03359,19.28537847608281,87.07044156635764,2023-09-12,15:02:59,cloudy,rural,daylight,low,car,41.2,57,severe,2023-09-12 15:02:59,15,1,9,0,0,2
ACC03360,20.077167349492665,73.45495713723166,2022-11-28,08:38:27,heavy_rain,rural,night_lit,heavy,car,95.8,78,minor,2022-11-28 08:38:27,8,0,11,0,0,0
ACC03361,18.752045755360264,74.44717020529404,2024-04-12,15:04:20,rain,rural,night_unlit,moderate,car,41.5,55,moderate,2024-04-12 15:04:20,15,4,4,0,0,1
ACC03362,12.681590099576308,87.58555559913924,2023-12-29,08:18:35,clear,rural,night_lit,heavy,car,42.1,49,severe,2023-12-29 08:18:35,8,4,12,0,0,2
ACC03363,17.271243106584755,75.16569025257186,2023-07-15,12:44:24,clear,highway,daylight,moderate,truck,99.0,100,moderate,2023-07-15 12:44:24,12,5,7,1,0,1
ACC03364,14.208122453015717,73.26303481125127,2025-12-13,20:45:53,storm,highway,night_lit,low,auto,86.1,88,severe,2025-12-13 20:45:53,20,5,12,1,1,2
ACC03365,13.842665940272209,87.2350805823344,2024-12-01,17:13:12,rain,rural,night_lit,low,motorcycle,36.0,65,moderate,2024-12-01 17:13:12,17,6,12,1,0,1
ACC03366,22.09550831285498,86.28196335695151,2024-03-11,16:30:03,rain,urban,night_lit,heavy,car,51.7,33,moderate,2024-03-11 16:30:03,16,0,3,0,0,1
ACC03367,13.77776743884412,82.4916075637301,2023-01-07,09:11:25,clear,urban,daylight,moderate,car,38.7,59,moderate,2023-01-07 09:11:25,9,5,1,1,0,1
ACC03368,13.852763828314744,80.82289483660085,2024-07-22,07:35:56,clear,urban,night_lit,moderate,truck,30.3,40,fatal,2024-07-22 07:35:56,7,0,7,0,0,3
ACC03369,20.649246866748275,86.70772314084432,2022-02-11,18:00:03,clear,highway,daylight,low,car,131.9,66,minor,2022-02-11 18:00:03,18,4,2,0,0,0
ACC03370,19.9610825722075,82.48832120178277,2025-12-23,15:48:48,rain,highway,daylight,heavy,truck,114.4,98,severe,2025-12-23 15:48:48,15,1,12,0,0,2
ACC03371,14.477426132382648,82.53434654904112,2022-01-03,16:01:00,heavy_rain,urban,daylight,moderate,car,62.2,33,moderate,2022-01-03 16:01:00,16,0,1,0,0,1
ACC03372,12.080082446559532,85.49896902723125,2025-02-21,22:36:33,clear,urban,night_unlit,moderate,truck,20.5,44,moderate,2025-02-21 22:36:33,22,4,2,0,1,1
ACC03373,15.47353995182119,82.45193083667874,2023-07-22,11:24:27,rain,rural,daylight,moderate,truck,41.8,40,severe,2023-07-22 11:24:27,11,5,7,1,0,2
ACC03374,16.246060575276733,80.05883019260284,2025-03-26,18:13:09,heavy_rain,urban,dusk_dawn,moderate,car,71.9,31,minor,2025-03-26 18:13:09,18,2,3,0,0,0
ACC03375,26.404471984959617,78.23554396637516,2023-08-17,15:32:44,heavy_rain,highway,night_lit,moderate,auto,130.8,71,fatal,2023-08-17 15:32:44,15,3,8,0,0,3
ACC03376,28.47789030948987,80.05014228465986,2022-02-12,09:08:10,cloudy,highway,daylight,low,motorcycle,84.0,99,moderate,2022-02-12 09:08:10,9,5,2,1,0,1
ACC03377,19.30699915478345,80.35965838539511,2026-04-07,05:34:26,clear,urban,night_lit,heavy,car,79.5,54,moderate,2026-04-07 05:34:26,5,1,4,0,1,1
ACC03378,19.290481077017603,77.77331009789202,2025-06-11,16:38:33,fog,urban,night_unlit,moderate,motorcycle,39.2,43,moderate,2025-06-11 16:38:33,16,2,6,0,0,1
ACC03379,24.8246631076776,79.16989454368553,2022-03-15,10:27:31,clear,rural,night_unlit,moderate,motorcycle,45.1,61,severe,2022-03-15 10:27:31,10,1,3,0,0,2
ACC03380,23.2845962826844,84.82995092581633,2022-02-23,17:21:01,clear,urban,night_unlit,moderate,bus,28.0,39,severe,2022-02-23 17:21:01,17,2,2,0,0,2
ACC03381,15.314523360481363,78.66421389881421,2024-05-20,17:27:26,clear,rural,night_lit,moderate,car,33.2,46,moderate,2024-05-20 17:27:26,17,0,5,0,0,1
ACC03382,13.938404201325504,72.40895626616687,2026-04-20,13:57:39,cloudy,urban,daylight,moderate,bus,67.4,37,severe,2026-04-20 13:57:39,13,0,4,0,0,2
ACC03383,19.877014031790917,76.52830914838158,2024-08-06,15:45:31,clear,highway,daylight,moderate,truck,138.2,92,moderate,2024-08-06 15:45:31,15,1,8,0,0,1
ACC03384,22.16691053692973,75.70786982546717,2022-01-18,16:00:43,cloudy,urban,dusk_dawn,heavy,truck,68.0,45,moderate,2022-01-18 16:00:43,16,1,1,0,0,1
ACC03385,14.496736856858568,84.69731218931149,2025-02-22,13:17:46,fog,highway,night_unlit,low,car,129.8,66,severe,2025-02-22 13:17:46,13,5,2,1,0,2
ACC03386,17.278922881352003,79.18868893554894,2023-12-04,20:01:10,cloudy,highway,night_unlit,heavy,car,110.9,62,severe,2023-12-04 20:01:10,20,0,12,0,1,2
ACC03387,17.50697393575035,76.48496868856213,2024-11-14,06:14:48,fog,urban,dusk_dawn,heavy,bus,66.9,32,minor,2024-11-14 06:14:48,6,3,11,0,0,0
ACC03388,16.703367618434953,84.971278141466,2023-07-30,22:46:53,heavy_rain,urban,night_lit,heavy,motorcycle,62.3,36,moderate,2023-07-30 22:46:53,22,6,7,1,1,1
ACC03389,20.29370279325224,72.30746887290579,2022-01-14,03:51:50,rain,highway,night_unlit,low,auto,138.0,95,severe,2022-01-14 03:51:50,3,4,1,0,1,2
ACC03390,23.75514451775529,74.78801348369949,2022-01-31,08:27:51,cloudy,rural,daylight,moderate,motorcycle,121.0,40,severe,2022-01-31 08:27:51,8,0,1,0,0,2
ACC03391,21.169017905087863,85.2312771103328,2024-11-03,17:41:12,heavy_rain,urban,night_unlit,heavy,motorcycle,67.3,40,fatal,2024-11-03 17:41:12,17,6,11,1,0,3
ACC03392,15.626218120452195,80.81042764256644,2024-11-08,06:22:39,cloudy,highway,dusk_dawn,heavy,auto,95.2,60,minor,2024-11-08 06:22:39,6,4,11,0,0,0
ACC03393,13.852902846853196,84.37839639327169,2023-06-14,09:28:27,clear,rural,night_unlit,low,truck,120.9,54,fatal,2023-06-14 09:28:27,9,2,6,0,0,3
ACC03394,26.79366833217661,85.41081623619324,2022-05-16,07:49:59,fog,highway,dusk_dawn,heavy,motorcycle,100.2,62,moderate,2022-05-16 07:49:59,7,0,5,0,0,1
ACC03395,20.627484288920144,87.07141581741664,2025-06-23,17:16:49,cloudy,urban,daylight,heavy,truck,71.8,41,moderate,2025-06-23 17:16:49,17,0,6,0,0,1
ACC03396,13.11850531440979,73.01479358885341,2022-09-06,16:19:09,heavy_rain,urban,daylight,heavy,car,22.1,30,severe,2022-09-06 16:19:09,16,1,9,0,0,2
ACC03397,16.646186993692044,84.78775589277555,2022-11-06,06:08:56,clear,urban,dusk_dawn,moderate,motorcycle,79.5,38,moderate,2022-11-06 06:08:56,6,6,11,1,0,1
ACC03398,26.472608010914787,83.34025837151736,2024-01-13,13:13:41,clear,rural,daylight,moderate,car,110.9,69,severe,2024-01-13 13:13:41,13,5,1,1,0,2
ACC03399,25.5310738459239,75.31240961082494,2025-03-22,08:02:32,rain,urban,daylight,heavy,auto,65.9,41,moderate,2025-03-22 08:02:32,8,5,3,1,0,1
ACC03400,27.7646993921528,86.90723626144197,2026-06-22,22:48:26,cloudy,highway,night_lit,moderate,auto,107.7,79,severe,2026-06-22 22:48:26,22,0,6,0,1,2
ACC03401,22.837580868030457,78.46723008490227,2024-10-24,07:51:29,cloudy,urban,dusk_dawn,heavy,bus,52.7,59,moderate,2024-10-24 07:51:29,7,3,10,0,0,1
ACC03402,19.612306818444992,86.20176843927686,2026-04-26,16:25:46,heavy_rain,highway,daylight,low,motorcycle,122.5,78,severe,2026-04-26 16:25:46,16,6,4,1,0,2
ACC03403,19.679429955980112,81.68181927463881,2024-12-07,14:35:45,cloudy,highway,daylight,low,truck,116.1,77,moderate,2024-12-07 14:35:45,14,5,12,1,0,1
ACC03404,15.492000800872988,80.4279671446553,2025-10-24,16:14:33,clear,urban,dusk_dawn,heavy,car,44.0,57,severe,2025-10-24 16:14:33,16,4,10,0,0,2
ACC03405,23.714381307321872,74.55238294233567,2022-10-16,22:02:59,rain,highway,night_unlit,moderate,motorcycle,133.4,79,moderate,2022-10-16 22:02:59,22,6,10,1,1,1
ACC03406,22.53123760967137,86.629241988597,2022-04-03,11:30:13,clear,urban,daylight,low,truck,79.3,58,moderate,2022-04-03 11:30:13,11,6,4,1,0,1
ACC03407,14.787559405719046,80.90659051779593,2025-01-03,18:09:25,cloudy,urban,dusk_dawn,heavy,car,25.6,35,minor,2025-01-03 18:09:25,18,4,1,0,0,0
ACC03408,27.941932560816745,72.09747848794908,2026-05-21,13:50:35,clear,rural,dusk_dawn,heavy,car,112.3,43,moderate,2026-05-21 13:50:35,13,3,5,0,0,1
ACC03409,18.632427659590743,72.29255265712453,2025-04-25,17:16:09,clear,rural,night_lit,heavy,truck,74.7,43,moderate,2025-04-25 17:16:09,17,4,4,0,0,1
ACC03410,12.895297779379232,84.44212168028876,2023-07-18,11:44:29,storm,urban,daylight,moderate,truck,66.1,52,minor,2023-07-18 11:44:29,11,1,7,0,0,0
ACC03411,17.90185657403611,74.59098165405423,2024-03-14,08:15:50,clear,rural,dusk_dawn,moderate,motorcycle,132.8,73,minor,2024-03-14 08:15:50,8,3,3,0,0,0
ACC03412,27.657420864808365,81.57981497005032,2022-07-04,06:07:40,rain,urban,dusk_dawn,low,truck,28.1,30,minor,2022-07-04 06:07:40,6,0,7,0,0,0
ACC03413,28.50521854551212,82.89731139094368,2023-07-13,07:32:42,cloudy,rural,dusk_dawn,low,bus,85.8,77,severe,2023-07-13 07:32:42,7,3,7,0,0,2
ACC03414,20.8271715106734,76.46984948717595,2025-01-26,22:10:09,clear,rural,night_unlit,low,car,97.4,62,severe,2025-01-26 22:10:09,22,6,1,1,1,2
ACC03415,29.21411892132152,81.1090209345826,2022-10-01,18:23:08,fog,rural,dusk_dawn,moderate,truck,131.3,59,minor,2022-10-01 18:23:08,18,5,10,1,0,0
ACC03416,27.75435256581557,75.8441399358252,2024-03-01,09:17:26,clear,rural,dusk_dawn,moderate,motorcycle,111.7,77,moderate,2024-03-01 09:17:26,9,4,3,0,0,1
ACC03417,26.85415290778606,87.1410468378872,2023-04-22,15:52:19,cloudy,expressway,daylight,low,motorcycle,97.6,83,moderate,2023-04-22 15:52:19,15,5,4,1,0,1
ACC03418,27.474781164279708,85.76272250158667,2024-03-16,17:30:00,rain,urban,night_lit,heavy,car,53.6,33,severe,2024-03-16 17:30:00,17,5,3,1,0,2
ACC03419,18.873757419038824,76.60868466395951,2025-06-08,11:43:33,rain,expressway,night_lit,heavy,motorcycle,105.5,99,severe,2025-06-08 11:43:33,11,6,6,1,0,2
ACC03420,25.616440933599783,80.46103185520543,2025-12-23,13:35:45,clear,urban,dusk_dawn,low,truck,47.9,30,moderate,2025-12-23 13:35:45,13,1,12,0,0,1
ACC03421,22.392102055370685,80.01012571446249,2023-11-04,17:54:43,rain,highway,dusk_dawn,heavy,motorcycle,93.2,69,moderate,2023-11-04 17:54:43,17,5,11,1,0,1
ACC03422,24.95431203132552,87.36037212720119,2025-09-20,08:26:06,fog,highway,dusk_dawn,moderate,car,123.2,63,fatal,2025-09-20 08:26:06,8,5,9,1,0,3
ACC03423,15.200149936453943,78.30446048294166,2025-02-27,15:51:46,cloudy,urban,daylight,moderate,car,26.5,59,minor,2025-02-27 15:51:46,15,3,2,0,0,0
ACC03424,25.16509041194896,80.99564087394506,2026-02-22,08:53:22,rain,highway,dusk_dawn,moderate,truck,117.4,76,severe,2026-02-22 08:53:22,8,6,2,1,0,2
ACC03425,29.23666381549509,86.859305518199,2025-04-30,00:55:09,clear,highway,night_lit,heavy,motorcycle,136.4,72,severe,2025-04-30 00:55:09,0,2,4,0,1,2
ACC03426,17.447939802865733,74.60497681882492,2024-06-23,17:41:28,clear,urban,night_lit,low,car,30.7,39,severe,2024-06-23 17:41:28,17,6,6,1,0,2
ACC03427,29.75090383120129,80.8077696524534,2025-01-11,17:58:13,cloudy,urban,dusk_dawn,moderate,auto,41.7,34,fatal,2025-01-11 17:58:13,17,5,1,1,0,3
ACC03428,18.81076826649668,73.69076672578927,2023-06-06,23:44:40,clear,highway,night_unlit,low,car,137.4,76,severe,2023-06-06 23:44:40,23,1,6,0,1,2
ACC03429,15.595022946378592,81.87998290909601,2025-01-10,08:18:44,rain,urban,daylight,low,truck,39.5,33,moderate,2025-01-10 08:18:44,8,4,1,0,0,1
ACC03430,14.021152136404291,77.85093125419208,2025-03-09,18:09:43,clear,urban,dusk_dawn,moderate,car,34.1,31,minor,2025-03-09 18:09:43,18,6,3,1,0,0
ACC03431,26.1293144391872,87.48217717087361,2024-09-29,21:12:06,clear,rural,night_unlit,low,car,51.7,50,minor,2024-09-29 21:12:06,21,6,9,1,1,0
ACC03432,21.986857206778232,78.64654689837641,2022-06-19,16:34:20,cloudy,urban,daylight,heavy,car,49.2,33,severe,2022-06-19 16:34:20,16,6,6,1,0,2
ACC03433,17.52836328591652,74.17900220066731,2024-05-01,22:09:29,clear,highway,night_lit,moderate,bus,104.8,91,severe,2024-05-01 22:09:29,22,2,5,0,1,2
ACC03434,22.95210665628764,85.34399937485446,2025-03-13,23:14:59,cloudy,expressway,night_lit,low,truck,63.1,95,moderate,2025-03-13 23:14:59,23,3,3,0,1,1
ACC03435,17.977821381138085,85.13386706276663,2022-11-21,18:37:32,cloudy,rural,dusk_dawn,heavy,car,93.0,64,moderate,2022-11-21 18:37:32,18,0,11,0,0,1
ACC03436,20.070439631912254,83.11775391268455,2025-07-16,23:19:39,clear,urban,dusk_dawn,moderate,truck,55.7,31,minor,2025-07-16 23:19:39,23,2,7,0,1,0
ACC03437,27.52795426355564,83.98098883014765,2025-10-15,16:40:20,clear,highway,daylight,heavy,truck,106.9,60,moderate,2025-10-15 16:40:20,16,2,10,0,0,1
ACC03438,24.026996583464964,76.23544348303051,2024-06-03,14:59:17,clear,urban,daylight,low,motorcycle,62.9,48,minor,2024-06-03 14:59:17,14,0,6,0,0,0
ACC03439,25.72323311468489,82.2728560067645,2026-05-03,21:05:47,cloudy,rural,night_unlit,low,motorcycle,54.9,42,fatal,2026-05-03 21:05:47,21,6,5,1,1,3
ACC03440,22.502883926452373,72.6083179392863,2025-11-09,19:38:50,clear,rural,dusk_dawn,heavy,motorcycle,39.4,42,minor,2025-11-09 19:38:50,19,6,11,1,0,0
ACC03441,29.845164879941176,75.15024230224056,2024-02-05,07:49:03,rain,rural,dusk_dawn,heavy,car,85.4,54,minor,2024-02-05 07:49:03,7,0,2,0,0,0
ACC03442,16.34538119323607,86.91647116084938,2025-12-23,10:08:32,cloudy,expressway,night_unlit,moderate,truck,111.9,94,severe,2025-12-23 10:08:32,10,1,12,0,0,2
ACC03443,16.721240892938667,83.82776475332254,2026-03-13,09:46:46,clear,rural,night_lit,moderate,truck,126.1,61,minor,2026-03-13 09:46:46,9,4,3,0,0,0
ACC03444,13.666060897289992,75.69076065582813,2022-06-27,19:30:09,clear,highway,dusk_dawn,heavy,truck,65.4,68,moderate,2022-06-27 19:30:09,19,0,6,0,0,1
ACC03445,21.972351037272787,73.78212943230861,2026-06-27,09:37:38,clear,highway,daylight,low,truck,74.5,97,minor,2026-06-27 09:37:38,9,5,6,1,0,0
ACC03446,23.040466255350623,87.18271111789602,2022-01-09,10:03:28,clear,highway,night_unlit,heavy,truck,129.4,85,severe,2022-01-09 10:03:28,10,6,1,1,0,2
ACC03447,25.06730831217876,73.79500265696213,2024-03-09,14:26:30,clear,highway,night_lit,low,truck,94.6,80,minor,2024-03-09 14:26:30,14,5,3,1,0,0
ACC03448,18.038026667086697,76.11312076875598,2026-03-21,06:22:35,fog,highway,daylight,low,auto,133.9,99,severe,2026-03-21 06:22:35,6,5,3,1,0,2
ACC03449,12.22062243357049,74.92214388799131,2025-04-04,22:09:52,clear,urban,night_lit,low,motorcycle,39.4,38,minor,2025-04-04 22:09:52,22,4,4,0,1,0
ACC03450,23.38013166758976,72.11942112658829,2023-03-15,14:45:05,clear,rural,daylight,moderate,truck,109.7,40,minor,2023-03-15 14:45:05,14,2,3,0,0,0
ACC03451,29.976518865366888,77.0261563855687,2024-11-23,08:30:12,rain,highway,night_unlit,heavy,truck,85.8,76,severe,2024-11-23 08:30:12,8,5,11,1,0,2
ACC03452,17.301888368219863,87.5868619455802,2022-12-19,09:52:20,fog,rural,daylight,moderate,car,98.1,43,fatal,2022-12-19 09:52:20,9,0,12,0,0,3
ACC03453,15.310820144442356,77.47045289294971,2023-01-25,18:09:48,cloudy,expressway,night_lit,low,motorcycle,138.4,92,moderate,2023-01-25 18:09:48,18,2,1,0,0,1
ACC03454,17.071805240874358,80.06887807148438,2026-02-05,16:43:35,cloudy,highway,night_unlit,low,truck,113.9,62,severe,2026-02-05 16:43:35,16,3,2,0,0,2
ACC03455,19.657478545986848,83.9349725427485,2022-03-19,13:36:11,clear,highway,dusk_dawn,low,car,119.9,98,moderate,2022-03-19 13:36:11,13,5,3,1,0,1
ACC03456,16.516432721146163,80.81728163326746,2026-04-29,10:39:01,rain,urban,night_unlit,moderate,motorcycle,59.0,59,severe,2026-04-29 10:39:01,10,2,4,0,0,2
ACC03457,18.24528045661554,83.8974641185969,2024-01-15,20:18:59,cloudy,rural,night_lit,moderate,car,38.0,45,moderate,2024-01-15 20:18:59,20,0,1,0,1,1
ACC03458,23.487721294428525,82.58617389104825,2022-04-17,18:41:08,cloudy,rural,dusk_dawn,low,car,47.0,78,moderate,2022-04-17 18:41:08,18,6,4,1,0,1
ACC03459,18.210503763167065,81.73700836798423,2025-07-16,17:14:01,clear,highway,daylight,heavy,motorcycle,108.0,60,minor,2025-07-16 17:14:01,17,2,7,0,0,0
ACC03460,19.129061006105783,82.39438251538792,2022-03-21,13:45:24,cloudy,urban,daylight,moderate,car,56.5,34,moderate,2022-03-21 13:45:24,13,0,3,0,0,1
ACC03461,12.720562730386751,84.78662979325202,2023-06-18,22:26:33,rain,rural,night_unlit,heavy,truck,39.5,50,minor,2023-06-18 22:26:33,22,6,6,1,1,0
ACC03462,28.52296502921165,83.36306231681766,2023-01-31,17:28:15,clear,highway,night_lit,moderate,motorcycle,103.5,92,minor,2023-01-31 17:28:15,17,1,1,0,0,0
ACC03463,19.323947278467365,84.66839873128306,2025-07-12,12:34:10,cloudy,urban,night_lit,moderate,car,62.2,35,severe,2025-07-12 12:34:10,12,5,7,1,0,2
ACC03464,17.906583288626297,74.3295622125365,2023-10-14,22:05:05,clear,urban,night_lit,low,car,77.4,35,moderate,2023-10-14 22:05:05,22,5,10,1,1,1
ACC03465,13.556715532416922,82.84277972336865,2024-12-11,20:22:24,rain,highway,night_lit,heavy,car,118.2,70,minor,2024-12-11 20:22:24,20,2,12,0,1,0
ACC03466,23.415297877113304,83.79235059720853,2022-04-29,18:12:57,clear,expressway,daylight,low,motorcycle,76.0,83,moderate,2022-04-29 18:12:57,18,4,4,0,0,1
ACC03467,27.54884910474759,76.79946291994935,2025-02-16,18:57:08,heavy_rain,highway,dusk_dawn,moderate,truck,99.0,91,fatal,2025-02-16 18:57:08,18,6,2,1,0,3
ACC03468,12.740757600943205,85.99323724549252,2025-03-13,12:25:34,cloudy,rural,daylight,moderate,motorcycle,53.0,66,moderate,2025-03-13 12:25:34,12,3,3,0,0,1
ACC03469,14.61490441258864,76.8753856528432,2023-04-15,14:00:11,cloudy,rural,daylight,moderate,car,63.5,77,moderate,2023-04-15 14:00:11,14,5,4,1,0,1
ACC03470,14.635016919951733,75.90131391002396,2025-12-18,08:01:40,clear,highway,night_unlit,moderate,motorcycle,136.0,63,fatal,2025-12-18 08:01:40,8,3,12,0,0,3
ACC03471,22.840947396260272,85.87354904768819,2024-02-11,16:54:03,cloudy,rural,night_unlit,heavy,auto,38.7,54,moderate,2024-02-11 16:54:03,16,6,2,1,0,1
ACC03472,28.58214904893064,75.95231740986283,2024-12-31,11:09:12,clear,highway,dusk_dawn,low,bus,131.6,72,severe,2024-12-31 11:09:12,11,1,12,0,0,2
ACC03473,19.879830607179173,78.64803939890881,2022-10-26,11:00:00,clear,highway,daylight,heavy,truck,134.5,63,minor,2022-10-26 11:00:00,11,2,10,0,0,0
ACC03474,18.18851606748931,77.8867652805891,2026-03-12,21:12:38,clear,highway,night_lit,heavy,car,124.1,84,severe,2026-03-12 21:12:38,21,3,3,0,1,2
ACC03475,25.785132340740443,86.36898916093236,2023-02-09,08:13:43,clear,rural,dusk_dawn,low,car,35.3,46,moderate,2023-02-09 08:13:43,8,3,2,0,0,1
ACC03476,25.36624311160173,79.28377181260743,2024-10-25,19:04:10,rain,expressway,dusk_dawn,low,motorcycle,122.8,91,minor,2024-10-25 19:04:10,19,4,10,0,0,0
ACC03477,16.441610506989775,83.10894293273945,2022-05-28,09:59:27,clear,highway,night_unlit,heavy,motorcycle,134.1,76,moderate,2022-05-28 09:59:27,9,5,5,1,0,1
ACC03478,14.894874521541947,84.70462247430126,2022-03-15,03:03:17,rain,urban,night_lit,moderate,truck,74.1,40,severe,2022-03-15 03:03:17,3,1,3,0,1,2
ACC03479,18.44058058347641,82.04645729195482,2022-07-28,04:43:02,heavy_rain,expressway,night_lit,moderate,car,121.2,87,minor,2022-07-28 04:43:02,4,3,7,0,1,0
ACC03480,25.96086106007936,87.09911197319863,2026-03-29,12:50:02,rain,urban,dusk_dawn,moderate,bus,70.2,38,moderate,2026-03-29 12:50:02,12,6,3,1,0,1
ACC03481,24.51114101846961,84.84012046809613,2022-12-12,13:38:56,clear,highway,night_unlit,moderate,truck,67.3,69,minor,2022-12-12 13:38:56,13,0,12,0,0,0
ACC03482,23.985366714411693,78.40330604279781,2025-12-15,10:07:38,cloudy,urban,night_lit,heavy,auto,62.6,59,moderate,2025-12-15 10:07:38,10,0,12,0,0,1
ACC03483,26.92971408293767,87.21298949212293,2024-08-10,17:43:39,rain,urban,daylight,heavy,bus,36.9,57,minor,2024-08-10 17:43:39,17,5,8,1,0,0
ACC03484,16.988345622145086,80.39319733234134,2022-05-26,14:19:17,clear,highway,night_lit,moderate,motorcycle,106.1,86,moderate,2022-05-26 14:19:17,14,3,5,0,0,1
ACC03485,18.114307058451185,72.36123716711833,2023-12-26,06:24:15,clear,urban,dusk_dawn,low,truck,28.8,32,moderate,2023-12-26 06:24:15,6,1,12,0,0,1
ACC03486,12.762110110965168,76.16021247444635,2024-02-26,11:15:47,clear,rural,night_lit,moderate,truck,40.2,64,severe,2024-02-26 11:15:47,11,0,2,0,0,2
ACC03487,27.6374239644636,81.94767339259627,2023-03-15,07:47:26,cloudy,urban,dusk_dawn,moderate,car,61.7,58,minor,2023-03-15 07:47:26,7,2,3,0,0,0
ACC03488,22.483735228599205,74.50903843719098,2024-09-18,05:34:06,clear,urban,dusk_dawn,moderate,car,55.3,60,minor,2024-09-18 05:34:06,5,2,9,0,1,0
ACC03489,17.366201253906482,81.34508871829127,2025-11-14,08:09:29,clear,rural,night_lit,moderate,car,133.1,53,moderate,2025-11-14 08:09:29,8,4,11,0,0,1
ACC03490,13.24949756608858,77.78556835692048,2025-12-22,17:24:31,cloudy,urban,daylight,heavy,motorcycle,54.0,58,severe,2025-12-22 17:24:31,17,0,12,0,0,2
ACC03491,25.021371056924277,80.55016768093239,2024-05-12,17:47:34,cloudy,rural,dusk_dawn,low,motorcycle,52.4,70,moderate,2024-05-12 17:47:34,17,6,5,1,0,1
ACC03492,25.4772753518831,72.02999756597205,2026-01-07,19:56:32,clear,highway,dusk_dawn,low,car,63.1,60,minor,2026-01-07 19:56:32,19,2,1,0,0,0
ACC03493,23.99121573807041,85.57474167469917,2026-02-24,18:56:51,fog,urban,dusk_dawn,heavy,motorcycle,62.5,58,minor,2026-02-24 18:56:51,18,1,2,0,0,0
ACC03494,15.668057477041131,77.79080780440846,2022-05-25,15:08:14,clear,urban,daylight,moderate,motorcycle,57.7,54,minor,2022-05-25 15:08:14,15,2,5,0,0,0
ACC03495,28.437889053154887,74.24253494844724,2024-11-08,10:51:35,clear,urban,daylight,low,truck,33.8,38,minor,2024-11-08 10:51:35,10,4,11,0,0,0
ACC03496,25.556844342375776,79.00665371208127,2025-06-23,00:33:53,clear,urban,night_unlit,heavy,car,74.8,50,moderate,2025-06-23 00:33:53,0,0,6,0,1,1
ACC03497,23.839613824511467,79.77883669582134,2022-01-26,16:44:58,clear,urban,daylight,moderate,truck,72.8,37,moderate,2022-01-26 16:44:58,16,2,1,0,0,1
ACC03498,23.71699062159217,82.19844336793902,2024-09-17,09:23:57,cloudy,urban,daylight,moderate,auto,27.6,48,severe,2024-09-17 09:23:57,9,1,9,0,0,2
ACC03499,28.27843860164954,80.39299904563647,2026-02-08,09:39:43,clear,urban,daylight,heavy,motorcycle,55.7,30,severe,2026-02-08 09:39:43,9,6,2,1,0,2
ACC03500,28.70952839574823,72.696377313073,2023-03-17,22:15:06,heavy_rain,rural,daylight,moderate,motorcycle,88.6,79,minor,2023-03-17 22:15:06,22,4,3,0,1,0
ACC03501,22.72147352418432,85.94419715324423,2025-11-08,08:31:59,heavy_rain,urban,dusk_dawn,moderate,car,74.6,60,minor,2025-11-08 08:31:59,8,5,11,1,0,0
ACC03502,19.50004939732587,79.30414290859139,2026-03-14,03:13:01,clear,rural,night_lit,low,truck,21.0,78,moderate,2026-03-14 03:13:01,3,5,3,1,1,1
ACC03503,18.54721163206949,73.23180436052814,2024-11-09,21:23:33,rain,rural,night_lit,moderate,bus,115.3,55,moderate,2024-11-09 21:23:33,21,5,11,1,1,1
ACC03504,26.743419139453003,84.36525178446696,2024-10-30,10:24:26,cloudy,rural,daylight,moderate,car,83.4,65,moderate,2024-10-30 10:24:26,10,2,10,0,0,1
ACC03505,23.602896117018005,82.56247070052909,2024-05-28,12:51:40,rain,highway,daylight,heavy,truck,74.2,90,severe,2024-05-28 12:51:40,12,1,5,0,0,2
ACC03506,13.390788544565766,82.39100436430755,2023-11-03,06:37:46,clear,rural,dusk_dawn,moderate,car,72.7,58,minor,2023-11-03 06:37:46,6,4,11,0,0,0
ACC03507,14.55934823427049,78.83062402776898,2024-01-14,12:38:44,cloudy,highway,dusk_dawn,low,truck,114.3,63,minor,2024-01-14 12:38:44,12,6,1,1,0,0
ACC03508,28.203346111887235,78.56795300193582,2024-05-07,22:17:13,clear,urban,night_unlit,moderate,motorcycle,60.0,30,severe,2024-05-07 22:17:13,22,1,5,0,1,2
ACC03509,27.920966665881014,80.58141818219748,2024-03-02,17:26:45,clear,expressway,night_lit,low,motorcycle,133.8,100,moderate,2024-03-02 17:26:45,17,5,3,1,0,1
ACC03510,29.13298407655444,72.80951060638566,2025-09-18,13:28:45,heavy_rain,highway,daylight,heavy,auto,61.2,64,moderate,2025-09-18 13:28:45,13,3,9,0,0,1
ACC03511,19.701317411909827,76.78332422748673,2025-06-17,10:47:01,clear,highway,daylight,heavy,motorcycle,120.5,71,minor,2025-06-17 10:47:01,10,1,6,0,0,0
ACC03512,26.113096337532728,87.80630677699797,2023-07-25,11:11:38,cloudy,highway,dusk_dawn,moderate,car,96.6,83,fatal,2023-07-25 11:11:38,11,1,7,0,0,3
ACC03513,26.90805049165779,82.59507982604921,2024-04-22,16:03:07,clear,expressway,daylight,moderate,truck,125.8,92,moderate,2024-04-22 16:03:07,16,0,4,0,0,1
ACC03514,17.682544305087475,78.70294664667715,2022-12-20,09:30:33,heavy_rain,urban,daylight,low,car,51.4,39,moderate,2022-12-20 09:30:33,9,1,12,0,0,1
ACC03515,14.61607880208856,75.55780964704725,2022-10-17,07:48:13,clear,rural,dusk_dawn,moderate,bus,96.9,67,minor,2022-10-17 07:48:13,7,0,10,0,0,0
ACC03516,29.946474509505112,83.92334979040373,2023-08-29,17:44:21,clear,highway,dusk_dawn,low,car,110.7,94,severe,2023-08-29 17:44:21,17,1,8,0,0,2
ACC03517,12.543945667524298,76.16464495529907,2022-04-06,19:48:16,cloudy,highway,dusk_dawn,moderate,motorcycle,107.0,89,moderate,2022-04-06 19:48:16,19,2,4,0,0,1
ACC03518,22.75204653680597,74.59792166154072,2025-11-04,20:23:51,clear,highway,night_unlit,low,motorcycle,94.1,73,moderate,2025-11-04 20:23:51,20,1,11,0,1,1
ACC03519,23.703820935270763,74.47223840374859,2022-07-27,19:13:54,clear,rural,dusk_dawn,moderate,motorcycle,76.4,51,minor,2022-07-27 19:13:54,19,2,7,0,0,0
ACC03520,24.27220815545367,83.66821246663572,2023-06-21,15:39:47,rain,highway,night_unlit,low,motorcycle,87.9,85,minor,2023-06-21 15:39:47,15,2,6,0,0,0
ACC03521,16.601299391443614,82.28496406861947,2023-02-17,18:02:43,fog,expressway,dusk_dawn,low,motorcycle,100.2,98,moderate,2023-02-17 18:02:43,18,4,2,0,0,1
ACC03522,24.988426397379317,73.1168975899397,2022-12-06,21:53:21,rain,urban,night_lit,moderate,truck,74.8,33,moderate,2022-12-06 21:53:21,21,1,12,0,1,1
ACC03523,15.89519213906278,73.84068504579524,2023-08-27,02:42:08,clear,expressway,night_lit,heavy,car,113.8,83,minor,2023-08-27 02:42:08,2,6,8,1,1,0
ACC03524,26.922688603530283,82.14154987765724,2025-03-27,12:30:34,clear,urban,night_lit,low,truck,66.3,52,moderate,2025-03-27 12:30:34,12,3,3,0,0,1
ACC03525,15.94410013352342,81.13785762995454,2026-01-05,08:11:25,rain,urban,night_lit,moderate,car,59.4,49,moderate,2026-01-05 08:11:25,8,0,1,0,0,1
ACC03526,24.5407085233694,82.97598496594901,2022-11-06,23:15:16,clear,highway,night_lit,heavy,truck,90.3,93,minor,2022-11-06 23:15:16,23,6,11,1,1,0
ACC03527,26.101442745011568,74.84862253381219,2023-01-28,21:59:14,rain,urban,night_lit,moderate,truck,45.9,32,minor,2023-01-28 21:59:14,21,5,1,1,1,0
ACC03528,15.401023508319398,83.62540649947468,2024-02-11,18:00:09,cloudy,urban,night_unlit,moderate,truck,66.6,48,fatal,2024-02-11 18:00:09,18,6,2,1,0,3
ACC03529,16.28375677738685,86.97754347728879,2023-06-09,10:00:49,heavy_rain,highway,dusk_dawn,low,car,99.0,79,minor,2023-06-09 10:00:49,10,4,6,0,0,0
ACC03530,26.023867297218604,81.61680503256706,2025-08-06,21:20:19,clear,expressway,night_lit,low,truck,107.7,86,minor,2025-08-06 21:20:19,21,2,8,0,1,0
ACC03531,13.547981489429151,75.13808031428454,2023-01-02,03:13:55,fog,highway,night_lit,low,truck,60.2,90,moderate,2023-01-02 03:13:55,3,0,1,0,1,1
ACC03532,15.433697144399954,82.8727016845457,2023-10-23,08:40:40,cloudy,highway,daylight,heavy,auto,77.1,78,severe,2023-10-23 08:40:40,8,0,10,0,0,2
ACC03533,20.19955631141848,77.48930693673702,2024-06-15,16:02:09,rain,urban,night_unlit,low,car,72.3,32,severe,2024-06-15 16:02:09,16,5,6,1,0,2
ACC03534,28.74327471740587,72.78860394217155,2023-09-19,18:47:03,clear,urban,dusk_dawn,low,truck,29.9,50,minor,2023-09-19 18:47:03,18,1,9,0,0,0
ACC03535,22.11380102807419,76.83741912563997,2024-10-10,20:46:24,cloudy,highway,night_unlit,low,motorcycle,74.8,77,moderate,2024-10-10 20:46:24,20,3,10,0,1,1
ACC03536,18.97820126774806,86.48936163120212,2025-08-05,10:13:04,clear,expressway,night_lit,heavy,auto,129.9,92,moderate,2025-08-05 10:13:04,10,1,8,0,0,1
ACC03537,29.61066400000458,78.5782291228156,2024-05-23,12:34:57,clear,highway,night_lit,moderate,motorcycle,132.0,91,moderate,2024-05-23 12:34:57,12,3,5,0,0,1
ACC03538,20.346803511983197,85.83464540849748,2024-01-21,13:40:54,cloudy,urban,dusk_dawn,heavy,car,61.8,48,minor,2024-01-21 13:40:54,13,6,1,1,0,0
ACC03539,19.80722952637468,80.13854949636466,2026-04-12,02:50:39,clear,highway,night_unlit,moderate,bus,74.4,92,minor,2026-04-12 02:50:39,2,6,4,1,1,0
ACC03540,19.409597703979024,80.2716478233536,2026-06-01,19:43:17,fog,highway,dusk_dawn,heavy,car,115.8,69,moderate,2026-06-01 19:43:17,19,0,6,0,0,1
ACC03541,17.619241306922333,72.08346113703831,2026-06-23,10:57:52,rain,urban,night_lit,heavy,truck,61.9,31,minor,2026-06-23 10:57:52,10,1,6,0,0,0
ACC03542,17.86250657527652,82.19366517262355,2022-01-28,08:06:38,rain,rural,night_lit,moderate,car,118.5,56,moderate,2022-01-28 08:06:38,8,4,1,0,0,1
ACC03543,24.381067078730965,73.72502152048672,2025-10-07,12:36:21,cloudy,urban,daylight,heavy,auto,28.8,56,minor,2025-10-07 12:36:21,12,1,10,0,0,0
ACC03544,12.73504075215386,79.65997463491287,2026-01-15,17:46:52,clear,highway,daylight,heavy,motorcycle,93.3,64,severe,2026-01-15 17:46:52,17,3,1,0,0,2
ACC03545,24.27270106163374,76.16506969052958,2025-08-15,19:13:12,clear,highway,dusk_dawn,low,car,103.9,67,moderate,2025-08-15 19:13:12,19,4,8,0,0,1
ACC03546,15.62168096626571,78.27812745326904,2025-05-15,08:13:34,clear,expressway,daylight,moderate,truck,92.8,100,minor,2025-05-15 08:13:34,8,3,5,0,0,0
ACC03547,18.91574405768087,80.59323769066881,2023-08-25,08:05:41,cloudy,highway,night_lit,moderate,car,97.5,97,moderate,2023-08-25 08:05:41,8,4,8,0,0,1
ACC03548,14.637701506085977,72.23142583363156,2025-04-07,21:59:54,rain,urban,daylight,heavy,car,70.9,32,severe,2025-04-07 21:59:54,21,0,4,0,1,2
ACC03549,21.949518793304456,76.55333733234596,2024-08-10,15:51:08,clear,highway,dusk_dawn,moderate,truck,115.2,62,minor,2024-08-10 15:51:08,15,5,8,1,0,0
ACC03550,25.128308009138514,87.83379094866984,2025-09-27,11:07:17,clear,highway,night_unlit,moderate,car,83.2,93,moderate,2025-09-27 11:07:17,11,5,9,1,0,1
ACC03551,18.383800369014565,72.91838601312895,2023-08-01,08:14:50,clear,highway,dusk_dawn,low,car,61.7,76,severe,2023-08-01 08:14:50,8,1,8,0,0,2
ACC03552,14.941498395724732,77.1102958105179,2025-05-04,23:27:29,cloudy,highway,night_lit,heavy,motorcycle,100.2,95,moderate,2025-05-04 23:27:29,23,6,5,1,1,1
ACC03553,16.07710047476116,77.14274359943437,2025-07-11,17:53:45,clear,urban,daylight,low,car,71.9,57,moderate,2025-07-11 17:53:45,17,4,7,0,0,1
ACC03554,26.726032533460305,78.0701747349242,2025-10-01,08:49:46,cloudy,urban,daylight,moderate,auto,28.1,51,moderate,2025-10-01 08:49:46,8,2,10,0,0,1
ACC03555,16.817677231077344,82.95649469507752,2022-10-10,06:52:18,clear,rural,dusk_dawn,low,truck,60.7,44,moderate,2022-10-10 06:52:18,6,0,10,0,0,1
ACC03556,25.94464667420209,75.96390077892744,2025-11-19,08:49:19,clear,highway,night_unlit,heavy,bus,67.8,87,minor,2025-11-19 08:49:19,8,2,11,0,0,0
ACC03557,17.9615893225118,79.36430950617685,2022-12-22,09:37:29,rain,urban,night_lit,heavy,truck,63.9,30,minor,2022-12-22 09:37:29,9,3,12,0,0,0
ACC03558,15.397185978173326,82.31781706963919,2026-03-19,07:17:01,storm,urban,dusk_dawn,low,bus,34.1,40,moderate,2026-03-19 07:17:01,7,3,3,0,0,1
ACC03559,25.09155407329376,77.15715293325742,2022-03-05,09:36:47,clear,highway,daylight,heavy,car,136.6,89,severe,2022-03-05 09:36:47,9,5,3,1,0,2
ACC03560,20.43381053055372,87.18036128805207,2023-01-03,07:29:06,clear,highway,dusk_dawn,heavy,truck,87.4,81,minor,2023-01-03 07:29:06,7,1,1,0,0,0
ACC03561,12.562990522946516,87.6747621590829,2024-09-26,11:57:56,clear,highway,night_lit,low,bus,61.7,77,minor,2024-09-26 11:57:56,11,3,9,0,0,0
ACC03562,29.278963548199176,73.91477708300017,2024-06-11,14:26:46,rain,highway,daylight,moderate,truck,98.4,63,minor,2024-06-11 14:26:46,14,1,6,0,0,0
ACC03563,14.659562011297933,77.50111815041296,2025-02-04,13:45:21,cloudy,urban,dusk_dawn,low,auto,33.9,38,minor,2025-02-04 13:45:21,13,1,2,0,0,0
ACC03564,18.361325576155643,75.3275531169036,2023-10-25,19:10:04,cloudy,highway,dusk_dawn,low,bus,85.7,72,moderate,2023-10-25 19:10:04,19,2,10,0,0,1
ACC03565,18.926303429922733,74.98863352891384,2022-01-06,09:40:47,cloudy,urban,daylight,heavy,car,27.6,58,severe,2022-01-06 09:40:47,9,3,1,0,0,2
ACC03566,20.80973818665144,79.85567741341248,2024-10-11,20:27:26,fog,urban,night_lit,low,motorcycle,61.2,56,minor,2024-10-11 20:27:26,20,4,10,0,1,0
ACC03567,26.137992402015072,81.02123373015806,2024-04-18,20:26:11,clear,urban,night_unlit,moderate,car,74.5,41,fatal,2024-04-18 20:26:11,20,3,4,0,1,3
ACC03568,12.109625034152282,78.81043264956159,2024-04-15,22:45:25,clear,highway,daylight,low,bus,114.9,100,moderate,2024-04-15 22:45:25,22,0,4,0,1,1
ACC03569,28.784496924049343,76.36087796955778,2023-09-11,08:29:54,clear,urban,night_unlit,low,auto,54.5,47,severe,2023-09-11 08:29:54,8,0,9,0,0,2
ACC03570,23.6278102836542,76.45794518805823,2026-01-02,09:03:41,cloudy,urban,night_unlit,moderate,motorcycle,35.5,36,minor,2026-01-02 09:03:41,9,4,1,0,0,0
ACC03571,29.11167982468084,87.87405050145169,2025-07-25,16:23:41,clear,expressway,night_unlit,moderate,car,116.5,81,severe,2025-07-25 16:23:41,16,4,7,0,0,2
ACC03572,26.713011673496744,86.77883798384401,2022-10-25,07:57:30,heavy_rain,highway,dusk_dawn,heavy,car,115.9,77,moderate,2022-10-25 07:57:30,7,1,10,0,0,1
ACC03573,28.701087925497905,73.21438145582971,2022-03-05,06:56:09,rain,highway,dusk_dawn,low,car,91.3,75,minor,2022-03-05 06:56:09,6,5,3,1,0,0
ACC03574,22.818009916842207,82.50481043193801,2022-10-25,06:36:56,fog,rural,dusk_dawn,moderate,motorcycle,42.2,49,moderate,2022-10-25 06:36:56,6,1,10,0,0,1
ACC03575,18.43156169178915,79.3100417197575,2022-03-21,16:38:44,fog,highway,night_unlit,heavy,auto,128.6,100,severe,2022-03-21 16:38:44,16,0,3,0,0,2
ACC03576,19.972453136044862,83.0210255551866,2025-03-10,18:15:30,cloudy,highway,daylight,moderate,car,63.8,60,moderate,2025-03-10 18:15:30,18,0,3,0,0,1
ACC03577,23.844581586914032,81.55137128864885,2024-10-15,09:46:43,heavy_rain,rural,daylight,moderate,truck,35.0,49,severe,2024-10-15 09:46:43,9,1,10,0,0,2
ACC03578,19.684773475794053,86.22803840131868,2024-01-31,21:35:21,rain,urban,daylight,low,truck,31.4,35,minor,2024-01-31 21:35:21,21,2,1,0,1,0
ACC03579,25.170110102420203,73.0718130286212,2024-08-29,18:02:44,clear,urban,dusk_dawn,heavy,truck,30.0,38,severe,2024-08-29 18:02:44,18,3,8,0,0,2
ACC03580,13.653264289440532,77.59356659292328,2025-08-20,06:56:58,rain,highway,dusk_dawn,moderate,car,97.6,85,minor,2025-08-20 06:56:58,6,2,8,0,0,0
ACC03581,26.939759681728,87.76790601240936,2025-09-26,12:51:20,fog,highway,night_unlit,heavy,car,135.8,84,fatal,2025-09-26 12:51:20,12,4,9,0,0,3
ACC03582,15.675395513556076,74.91656558384987,2023-12-15,06:04:00,rain,highway,daylight,low,car,93.5,88,moderate,2023-12-15 06:04:00,6,4,12,0,0,1
ACC03583,28.991056971445005,74.03733503210636,2024-08-30,20:25:44,rain,rural,night_lit,low,car,33.1,54,moderate,2024-08-30 20:25:44,20,4,8,0,1,1
ACC03584,14.799824398870822,83.66355209600921,2024-08-05,18:44:51,clear,urban,dusk_dawn,moderate,car,32.3,44,severe,2024-08-05 18:44:51,18,0,8,0,0,2
ACC03585,14.32495552984316,84.43896256027942,2026-04-08,17:44:49,rain,urban,daylight,moderate,motorcycle,53.2,30,moderate,2026-04-08 17:44:49,17,2,4,0,0,1
ACC03586,26.613769990573072,82.75637676279456,2025-06-04,17:10:58,clear,expressway,night_lit,low,truck,138.6,82,minor,2025-06-04 17:10:58,17,2,6,0,0,0
ACC03587,26.736632898654257,84.4191332601588,2023-06-01,09:02:20,cloudy,expressway,daylight,low,car,116.9,95,moderate,2023-06-01 09:02:20,9,3,6,0,0,1
ACC03588,25.29766955786245,83.09954515349075,2025-12-27,21:59:55,rain,highway,daylight,low,motorcycle,92.7,60,minor,2025-12-27 21:59:55,21,5,12,1,1,0
ACC03589,29.289548350284683,74.17233091662683,2023-10-16,21:53:12,cloudy,urban,night_unlit,low,motorcycle,79.7,54,fatal,2023-10-16 21:53:12,21,0,10,0,1,3
ACC03590,16.86971331633749,81.73155035965611,2025-05-29,18:44:35,clear,urban,night_unlit,low,car,76.1,53,fatal,2025-05-29 18:44:35,18,3,5,0,0,3
ACC03591,26.879677301825176,84.43002692095251,2026-05-25,13:39:53,rain,rural,daylight,heavy,car,35.6,46,minor,2026-05-25 13:39:53,13,0,5,0,0,0
ACC03592,18.336729540781576,85.84826570119148,2025-08-21,05:41:54,clear,expressway,daylight,heavy,car,114.6,82,moderate,2025-08-21 05:41:54,5,3,8,0,1,1
ACC03593,21.673175260248133,75.93976388293932,2022-06-26,03:27:37,clear,rural,night_unlit,moderate,motorcycle,114.8,67,moderate,2022-06-26 03:27:37,3,6,6,1,1,1
ACC03594,20.02080053462392,74.03889217501661,2022-12-04,07:41:32,clear,urban,dusk_dawn,low,motorcycle,25.6,54,moderate,2022-12-04 07:41:32,7,6,12,1,0,1
ACC03595,12.105300408124933,84.49744709732127,2025-07-30,16:18:27,cloudy,highway,night_unlit,moderate,car,135.7,93,severe,2025-07-30 16:18:27,16,2,7,0,0,2
ACC03596,22.34031948370484,76.10477352057065,2022-07-22,18:05:52,clear,urban,dusk_dawn,heavy,car,32.1,52,moderate,2022-07-22 18:05:52,18,4,7,0,0,1
ACC03597,25.455105979751156,72.5108716531342,2022-01-19,21:18:52,clear,urban,night_unlit,heavy,car,60.9,56,minor,2022-01-19 21:18:52,21,2,1,0,1,0
ACC03598,15.141942904354885,85.20341701838886,2023-02-28,08:17:14,heavy_rain,urban,night_lit,low,car,61.4,33,moderate,2023-02-28 08:17:14,8,1,2,0,0,1
ACC03599,28.769805514074672,80.09585814097376,2024-03-09,09:18:08,cloudy,urban,daylight,low,truck,32.6,30,moderate,2024-03-09 09:18:08,9,5,3,1,0,1
ACC03600,21.547191709533067,77.22613011885475,2022-07-30,05:28:48,heavy_rain,urban,night_lit,moderate,truck,77.4,43,moderate,2022-07-30 05:28:48,5,5,7,1,1,1
ACC03601,15.208428056719685,72.18286568370479,2022-09-09,23:07:48,cloudy,urban,daylight,moderate,truck,55.2,39,minor,2022-09-09 23:07:48,23,4,9,0,1,0
ACC03602,23.627056276503936,72.56523911532716,2023-07-11,18:24:05,clear,expressway,dusk_dawn,low,motorcycle,127.9,86,severe,2023-07-11 18:24:05,18,1,7,0,0,2
ACC03603,15.454608753276192,84.68197232896472,2024-09-10,14:27:29,rain,highway,daylight,moderate,car,75.6,96,moderate,2024-09-10 14:27:29,14,1,9,0,0,1
ACC03604,13.143600269316057,79.83529415943784,2024-06-12,15:11:30,clear,rural,daylight,low,car,38.9,80,minor,2024-06-12 15:11:30,15,2,6,0,0,0
ACC03605,24.33567436354636,74.39555278874336,2025-08-03,15:27:02,fog,urban,night_unlit,low,motorcycle,51.7,54,minor,2025-08-03 15:27:02,15,6,8,1,0,0
ACC03606,13.9925078994989,77.73609003598429,2026-05-30,09:40:39,clear,urban,night_unlit,heavy,truck,69.4,39,moderate,2026-05-30 09:40:39,9,5,5,1,0,1
ACC03607,13.911914070775836,74.64488236060036,2022-02-24,08:24:58,rain,urban,dusk_dawn,heavy,truck,42.5,44,moderate,2022-02-24 08:24:58,8,3,2,0,0,1
ACC03608,25.31898413727264,73.80610485088619,2025-02-04,10:00:12,cloudy,urban,night_lit,low,truck,62.9,38,minor,2025-02-04 10:00:12,10,1,2,0,0,0
ACC03609,12.99364019774528,76.4209251307863,2022-09-26,09:42:46,rain,rural,night_unlit,heavy,truck,58.7,75,moderate,2022-09-26 09:42:46,9,0,9,0,0,1
ACC03610,26.575845222863183,80.79213675939836,2023-08-15,15:34:04,clear,highway,daylight,low,truck,125.3,86,severe,2023-08-15 15:34:04,15,1,8,0,0,2
ACC03611,26.3306776556609,75.36010572499563,2023-07-17,10:25:12,cloudy,expressway,night_lit,moderate,truck,78.2,93,minor,2023-07-17 10:25:12,10,0,7,0,0,0
ACC03612,14.545081705399788,77.49873730055627,2025-02-24,17:01:33,clear,rural,daylight,low,auto,70.5,71,minor,2025-02-24 17:01:33,17,0,2,0,0,0
ACC03613,21.33085165098544,79.64689414330336,2023-02-25,15:05:55,rain,highway,night_lit,low,car,68.0,84,fatal,2023-02-25 15:05:55,15,5,2,1,0,3
ACC03614,13.739258837440962,78.72047582693043,2026-01-08,15:04:53,clear,highway,daylight,low,car,92.3,81,moderate,2026-01-08 15:04:53,15,3,1,0,0,1
ACC03615,23.38628195614777,74.05804478594064,2023-09-22,21:51:56,cloudy,highway,night_unlit,moderate,motorcycle,107.4,73,severe,2023-09-22 21:51:56,21,4,9,0,1,2
ACC03616,13.13274023346984,72.62185016857421,2025-08-31,10:18:59,rain,highway,daylight,heavy,motorcycle,85.0,97,moderate,2025-08-31 10:18:59,10,6,8,1,0,1
ACC03617,29.00065541380945,72.56733963118302,2026-04-12,16:25:48,cloudy,highway,dusk_dawn,low,car,127.8,73,minor,2026-04-12 16:25:48,16,6,4,1,0,0
ACC03618,15.73915323665247,77.60286428844587,2024-04-18,00:41:21,rain,highway,night_lit,low,truck,86.1,92,severe,2024-04-18 00:41:21,0,3,4,0,1,2
ACC03619,24.292103807075613,83.50083325659716,2022-06-16,18:39:07,rain,expressway,dusk_dawn,moderate,motorcycle,69.6,88,moderate,2022-06-16 18:39:07,18,3,6,0,0,1
ACC03620,14.30924563878798,74.10008477966834,2025-02-25,14:03:49,clear,urban,night_unlit,moderate,motorcycle,75.1,55,moderate,2025-02-25 14:03:49,14,1,2,0,0,1
ACC03621,15.772736069881976,84.5916818618308,2023-11-27,08:55:11,rain,rural,daylight,heavy,car,113.4,67,moderate,2023-11-27 08:55:11,8,0,11,0,0,1
ACC03622,20.11709367990067,83.45078894902139,2023-07-10,00:15:31,cloudy,urban,night_unlit,low,motorcycle,77.0,43,fatal,2023-07-10 00:15:31,0,0,7,0,1,3
ACC03623,22.315730544147293,72.06309585416977,2024-01-21,17:46:45,cloudy,urban,night_lit,moderate,motorcycle,22.4,50,severe,2024-01-21 17:46:45,17,6,1,1,0,2
ACC03624,29.97953832705029,72.42796596770953,2023-05-08,17:49:02,clear,rural,daylight,moderate,car,26.5,52,moderate,2023-05-08 17:49:02,17,0,5,0,0,1
ACC03625,12.466672105636995,75.12053144860883,2023-04-06,17:32:54,cloudy,highway,night_lit,heavy,car,99.9,64,minor,2023-04-06 17:32:54,17,3,4,0,0,0
ACC03626,12.005659553593564,72.89793457680936,2026-06-14,13:09:18,rain,urban,dusk_dawn,moderate,motorcycle,24.4,42,minor,2026-06-14 13:09:18,13,6,6,1,0,0
ACC03627,18.306607704869062,80.5014896843249,2023-04-03,16:32:12,fog,rural,night_lit,low,bus,109.4,79,severe,2023-04-03 16:32:12,16,0,4,0,0,2
ACC03628,18.59081462044356,72.63403618333466,2024-01-24,15:14:22,fog,expressway,night_lit,low,car,110.7,95,fatal,2024-01-24 15:14:22,15,2,1,0,0,3
ACC03629,27.909070249775368,84.84233340792636,2025-03-19,09:50:27,rain,urban,daylight,moderate,car,62.5,52,severe,2025-03-19 09:50:27,9,2,3,0,0,2
ACC03630,28.426485858551438,79.88739310313296,2022-12-29,14:45:27,clear,rural,daylight,moderate,car,73.7,63,fatal,2022-12-29 14:45:27,14,3,12,0,0,3
ACC03631,27.84944957446774,83.64726986675964,2024-10-11,14:49:09,cloudy,urban,daylight,moderate,car,20.3,42,minor,2024-10-11 14:49:09,14,4,10,0,0,0
ACC03632,14.57721750874886,84.01124081497346,2026-01-10,19:49:11,clear,highway,dusk_dawn,low,truck,82.1,65,moderate,2026-01-10 19:49:11,19,5,1,1,0,1
ACC03633,19.417887033259323,80.10822303472372,2025-08-27,13:10:28,rain,highway,daylight,low,car,131.6,77,moderate,2025-08-27 13:10:28,13,2,8,0,0,1
ACC03634,25.42593292131042,86.80580602005546,2022-02-16,13:01:13,clear,urban,daylight,moderate,motorcycle,59.8,58,minor,2022-02-16 13:01:13,13,2,2,0,0,0
ACC03635,17.626999220116346,87.84385238168493,2023-10-28,23:37:38,storm,highway,night_lit,low,auto,64.9,60,severe,2023-10-28 23:37:38,23,5,10,1,1,2
ACC03636,23.93828451318992,77.74743497623274,2022-01-01,20:36:53,clear,highway,night_lit,heavy,car,107.7,80,fatal,2022-01-01 20:36:53,20,5,1,1,1,3
ACC03637,16.268571537439655,74.01382624398774,2024-09-23,09:51:01,clear,highway,dusk_dawn,heavy,motorcycle,127.4,83,fatal,2024-09-23 09:51:01,9,0,9,0,0,3
ACC03638,17.821546643294546,77.81181085836587,2023-06-18,20:38:02,rain,rural,night_unlit,low,auto,86.6,67,fatal,2023-06-18 20:38:02,20,6,6,1,1,3
ACC03639,27.487733688272712,75.57366235222833,2026-01-07,07:48:38,clear,rural,night_unlit,moderate,motorcycle,70.9,43,severe,2026-01-07 07:48:38,7,2,1,0,0,2
ACC03640,16.50916264960191,80.496090672988,2022-10-16,19:20:01,clear,rural,dusk_dawn,low,car,64.8,65,severe,2022-10-16 19:20:01,19,6,10,1,0,2
ACC03641,29.35783356392753,78.05420162003843,2025-10-29,08:07:38,cloudy,urban,night_unlit,heavy,car,69.3,43,fatal,2025-10-29 08:07:38,8,2,10,0,0,3
ACC03642,17.512672096863245,79.68719062858865,2023-07-17,12:02:29,fog,expressway,night_lit,moderate,bus,124.8,80,severe,2023-07-17 12:02:29,12,0,7,0,0,2
ACC03643,12.423505976818992,84.21100121721602,2026-02-19,23:26:27,clear,urban,daylight,moderate,bus,25.4,40,moderate,2026-02-19 23:26:27,23,3,2,0,1,1
ACC03644,16.588216268446267,76.38433559266963,2022-11-24,06:00:36,cloudy,urban,daylight,moderate,car,21.4,39,minor,2022-11-24 06:00:36,6,3,11,0,0,0
ACC03645,15.081688960381664,80.59959559423561,2023-03-18,19:31:53,clear,urban,daylight,low,motorcycle,50.5,54,minor,2023-03-18 19:31:53,19,5,3,1,0,0
ACC03646,21.122885391915894,77.36257998925902,2023-07-31,14:24:07,cloudy,highway,night_lit,low,car,112.1,66,minor,2023-07-31 14:24:07,14,0,7,0,0,0
ACC03647,14.02888919390148,84.55937382593058,2026-06-07,07:15:08,clear,urban,daylight,low,car,79.2,60,moderate,2026-06-07 07:15:08,7,6,6,1,0,1
ACC03648,23.268879790417373,82.23258611852314,2025-04-20,21:35:41,cloudy,urban,dusk_dawn,moderate,bus,52.1,47,minor,2025-04-20 21:35:41,21,6,4,1,1,0
ACC03649,27.748183270016906,72.13607568816977,2025-09-02,15:40:03,cloudy,expressway,night_lit,low,motorcycle,63.4,93,moderate,2025-09-02 15:40:03,15,1,9,0,0,1
ACC03650,18.52533987246724,82.56082145768349,2024-06-26,20:02:25,fog,highway,night_lit,heavy,car,66.5,84,minor,2024-06-26 20:02:25,20,2,6,0,1,0
ACC03651,15.03286894749728,74.72259212906532,2025-07-29,19:28:29,rain,highway,dusk_dawn,moderate,motorcycle,98.5,87,severe,2025-07-29 19:28:29,19,1,7,0,0,2
ACC03652,19.200449924119432,83.59158064324863,2024-10-26,01:56:23,rain,urban,night_unlit,heavy,bus,78.5,47,severe,2024-10-26 01:56:23,1,5,10,1,1,2
ACC03653,26.14740278611129,81.07741866952733,2025-01-01,09:17:31,cloudy,highway,dusk_dawn,low,truck,135.6,67,moderate,2025-01-01 09:17:31,9,2,1,0,0,1
ACC03654,22.64677813343272,78.4237228435708,2025-10-06,10:46:06,clear,expressway,night_lit,heavy,truck,66.3,93,minor,2025-10-06 10:46:06,10,0,10,0,0,0
ACC03655,13.820577839896856,83.10506286731614,2026-06-03,15:20:16,clear,urban,night_unlit,moderate,truck,62.1,59,moderate,2026-06-03 15:20:16,15,2,6,0,0,1
ACC03656,21.6693687778866,85.70549257390049,2024-08-03,06:16:00,cloudy,urban,daylight,moderate,truck,38.1,44,minor,2024-08-03 06:16:00,6,5,8,1,0,0
ACC03657,20.42553686620068,84.45989942179317,2023-12-27,12:51:57,clear,urban,night_unlit,heavy,auto,34.5,56,minor,2023-12-27 12:51:57,12,2,12,0,0,0
ACC03658,17.888020608380906,80.72606842515052,2024-12-08,19:21:49,clear,urban,night_lit,moderate,truck,56.3,37,moderate,2024-12-08 19:21:49,19,6,12,1,0,1
ACC03659,13.98289072895982,83.56310912415248,2025-05-02,08:51:15,clear,highway,night_unlit,moderate,motorcycle,128.2,73,severe,2025-05-02 08:51:15,8,4,5,0,0,2
ACC03660,29.660014841164948,78.62263287028406,2026-06-08,17:39:02,clear,urban,daylight,heavy,bus,40.0,33,minor,2026-06-08 17:39:02,17,0,6,0,0,0
ACC03661,15.1687797580786,84.62441794501007,2025-02-21,13:48:16,clear,highway,daylight,low,motorcycle,125.0,93,fatal,2025-02-21 13:48:16,13,4,2,0,0,3
ACC03662,15.46937203423342,85.26483026596509,2026-04-17,06:48:57,cloudy,urban,daylight,low,motorcycle,34.3,37,severe,2026-04-17 06:48:57,6,4,4,0,0,2
ACC03663,14.620488457840246,74.19670139002238,2025-04-17,08:54:48,rain,rural,night_lit,heavy,bus,72.9,48,moderate,2025-04-17 08:54:48,8,3,4,0,0,1
ACC03664,22.26347469658089,75.80850175350314,2026-04-12,07:33:39,clear,highway,dusk_dawn,heavy,auto,136.3,62,fatal,2026-04-12 07:33:39,7,6,4,1,0,3
ACC03665,19.98605234068861,76.31981979758653,2025-05-18,16:57:55,rain,urban,daylight,moderate,motorcycle,43.7,33,moderate,2025-05-18 16:57:55,16,6,5,1,0,1
ACC03666,16.492029276478007,74.65730750371347,2025-12-24,06:03:10,clear,rural,dusk_dawn,heavy,motorcycle,81.4,40,moderate,2025-12-24 06:03:10,6,2,12,0,0,1
ACC03667,19.72962089438751,78.28056011035873,2022-11-10,19:29:32,storm,urban,dusk_dawn,heavy,truck,52.0,53,fatal,2022-11-10 19:29:32,19,3,11,0,0,3
ACC03668,24.123393319110924,75.0885313831938,2026-06-18,18:23:47,cloudy,urban,dusk_dawn,moderate,motorcycle,75.4,34,moderate,2026-06-18 18:23:47,18,3,6,0,0,1
ACC03669,17.070609566975342,81.52862897482575,2023-07-28,06:05:01,cloudy,urban,dusk_dawn,low,motorcycle,77.3,42,minor,2023-07-28 06:05:01,6,4,7,0,0,0
ACC03670,28.474423968546848,73.62584708636186,2025-08-02,20:52:26,rain,urban,night_lit,moderate,car,63.8,53,minor,2025-08-02 20:52:26,20,5,8,1,1,0
ACC03671,17.514232269198704,76.3187064484281,2023-10-07,22:48:21,cloudy,urban,dusk_dawn,moderate,car,34.5,40,minor,2023-10-07 22:48:21,22,5,10,1,1,0
ACC03672,15.56722255481136,82.64833033514171,2024-01-23,04:44:10,cloudy,highway,daylight,low,car,72.1,87,minor,2024-01-23 04:44:10,4,1,1,0,1,0
ACC03673,29.18222124371066,78.37672197013359,2025-05-13,21:38:13,clear,urban,night_lit,heavy,motorcycle,47.6,57,minor,2025-05-13 21:38:13,21,1,5,0,1,0
ACC03674,26.59009098212723,78.74340386965453,2024-06-06,09:36:58,storm,rural,daylight,heavy,truck,132.6,78,moderate,2024-06-06 09:36:58,9,3,6,0,0,1
ACC03675,18.17647724718238,84.76680404733423,2025-03-22,17:22:30,heavy_rain,urban,night_lit,heavy,car,25.9,35,moderate,2025-03-22 17:22:30,17,5,3,1,0,1
ACC03676,27.145773320589768,87.75218485265579,2022-05-10,08:41:04,cloudy,expressway,daylight,moderate,car,68.4,85,minor,2022-05-10 08:41:04,8,1,5,0,0,0
ACC03677,21.3386564847684,81.0410845320674,2025-09-30,19:58:40,rain,highway,dusk_dawn,low,motorcycle,90.3,70,moderate,2025-09-30 19:58:40,19,1,9,0,0,1
ACC03678,18.24154496869913,73.26507474341773,2023-11-02,19:15:35,clear,urban,dusk_dawn,moderate,car,54.2,52,moderate,2023-11-02 19:15:35,19,3,11,0,0,1
ACC03679,27.113008611705855,73.64644758757818,2025-07-18,22:20:23,cloudy,urban,night_lit,moderate,auto,58.4,60,fatal,2025-07-18 22:20:23,22,4,7,0,1,3
ACC03680,25.538971203559928,87.49601155247066,2023-04-14,23:06:23,cloudy,urban,night_lit,moderate,car,43.9,39,moderate,2023-04-14 23:06:23,23,4,4,0,1,1
ACC03681,17.361747167575906,82.86775860397555,2024-09-05,06:54:32,clear,expressway,dusk_dawn,low,truck,101.5,94,severe,2024-09-05 06:54:32,6,3,9,0,0,2
ACC03682,22.92021327464353,84.03950589334111,2024-08-23,17:31:55,heavy_rain,highway,daylight,heavy,motorcycle,128.6,89,fatal,2024-08-23 17:31:55,17,4,8,0,0,3
ACC03683,18.64902402335635,82.81222012296867,2022-08-18,09:35:45,rain,urban,night_lit,low,auto,33.1,41,moderate,2022-08-18 09:35:45,9,3,8,0,0,1
ACC03684,12.018935506086986,74.87388162712246,2024-02-18,07:15:24,heavy_rain,urban,dusk_dawn,moderate,motorcycle,79.2,52,minor,2024-02-18 07:15:24,7,6,2,1,0,0
ACC03685,29.312683345205027,79.17379457319619,2024-11-09,07:02:14,cloudy,urban,dusk_dawn,moderate,auto,22.4,35,severe,2024-11-09 07:02:14,7,5,11,1,0,2
ACC03686,21.893323369311062,84.76928700190985,2025-10-04,21:48:06,clear,rural,night_lit,heavy,motorcycle,73.3,65,minor,2025-10-04 21:48:06,21,5,10,1,1,0
ACC03687,22.77178682998409,85.86180740707317,2025-12-27,17:51:11,rain,rural,night_lit,moderate,truck,81.7,40,minor,2025-12-27 17:51:11,17,5,12,1,0,0
ACC03688,22.798045662191303,75.79736823594195,2023-09-24,05:20:08,clear,highway,night_lit,low,car,133.6,61,severe,2023-09-24 05:20:08,5,6,9,1,1,2
ACC03689,21.91154629474925,81.53538865334113,2024-11-22,23:45:48,heavy_rain,rural,night_unlit,heavy,motorcycle,88.9,42,fatal,2024-11-22 23:45:48,23,4,11,0,1,3
ACC03690,17.220861205924685,74.51363044381526,2022-10-14,19:34:34,clear,rural,dusk_dawn,heavy,car,57.7,72,minor,2022-10-14 19:34:34,19,4,10,0,0,0
ACC03691,29.488370248345014,87.33242996994802,2026-01-10,10:38:02,rain,urban,daylight,low,truck,63.9,49,minor,2026-01-10 10:38:02,10,5,1,1,0,0
ACC03692,23.19003142527513,76.0352686238798,2025-11-26,13:10:55,rain,highway,daylight,heavy,motorcycle,85.6,93,moderate,2025-11-26 13:10:55,13,2,11,0,0,1
ACC03693,24.076584489971307,83.62616205766234,2026-06-29,17:36:09,clear,expressway,daylight,heavy,motorcycle,125.9,89,minor,2026-06-29 17:36:09,17,0,6,0,0,0
ACC03694,20.186269631706896,75.69780710762967,2024-03-09,17:09:38,clear,rural,daylight,low,car,74.0,61,moderate,2024-03-09 17:09:38,17,5,3,1,0,1
ACC03695,17.181505208834086,81.85686308605666,2023-08-13,13:13:00,cloudy,highway,dusk_dawn,heavy,car,127.0,97,moderate,2023-08-13 13:13:00,13,6,8,1,0,1
ACC03696,13.158281679148727,82.5482289123625,2025-05-29,14:21:35,clear,highway,night_lit,low,truck,93.0,84,severe,2025-05-29 14:21:35,14,3,5,0,0,2
ACC03697,18.30414353822195,77.25484965527605,2025-04-02,04:12:33,heavy_rain,rural,night_unlit,heavy,motorcycle,68.0,46,fatal,2025-04-02 04:12:33,4,2,4,0,1,3
ACC03698,15.169753726831058,85.10134184681682,2022-12-15,14:54:54,clear,expressway,night_lit,low,motorcycle,96.6,98,fatal,2022-12-15 14:54:54,14,3,12,0,0,3
ACC03699,23.91758882862621,86.16593437195921,2024-06-05,11:01:36,cloudy,urban,daylight,moderate,auto,61.3,52,severe,2024-06-05 11:01:36,11,2,6,0,0,2
ACC03700,27.822069926448947,85.68111888406392,2024-11-23,09:54:29,clear,rural,daylight,heavy,car,112.2,64,minor,2024-11-23 09:54:29,9,5,11,1,0,0
ACC03701,17.44958744842174,77.29277151143548,2024-01-18,09:09:31,clear,urban,night_unlit,low,motorcycle,53.6,59,moderate,2024-01-18 09:09:31,9,3,1,0,0,1
ACC03702,17.991887257452838,83.90944414420247,2023-09-02,16:52:37,clear,urban,daylight,heavy,car,31.2,57,fatal,2023-09-02 16:52:37,16,5,9,1,0,3
ACC03703,24.06656106892221,80.95185207790759,2023-01-29,12:20:24,heavy_rain,urban,daylight,low,truck,71.2,37,minor,2023-01-29 12:20:24,12,6,1,1,0,0
ACC03704,14.686885816342254,81.48205319187218,2023-11-07,12:55:42,rain,highway,night_unlit,low,motorcycle,130.5,78,fatal,2023-11-07 12:55:42,12,1,11,0,0,3
ACC03705,28.729873680198583,79.63880136413539,2023-02-08,08:32:31,heavy_rain,highway,daylight,heavy,truck,130.2,88,severe,2023-02-08 08:32:31,8,2,2,0,0,2
ACC03706,18.54924205845869,81.60417836750194,2023-05-09,22:29:58,cloudy,rural,dusk_dawn,heavy,truck,55.2,78,minor,2023-05-09 22:29:58,22,1,5,0,1,0
ACC03707,13.821590026681944,74.170466528572,2022-10-31,08:07:11,clear,highway,daylight,heavy,car,136.9,99,minor,2022-10-31 08:07:11,8,0,10,0,0,0
ACC03708,15.144312088571548,78.54155572987929,2023-09-10,12:26:43,clear,highway,night_lit,heavy,car,109.0,87,minor,2023-09-10 12:26:43,12,6,9,1,0,0
ACC03709,28.789429368134247,74.84274819180713,2024-11-02,08:33:49,cloudy,highway,daylight,low,car,98.9,85,moderate,2024-11-02 08:33:49,8,5,11,1,0,1
ACC03710,16.44814719064236,76.48168849554281,2023-09-13,17:59:43,clear,highway,night_lit,moderate,motorcycle,126.1,80,severe,2023-09-13 17:59:43,17,2,9,0,0,2
ACC03711,23.920838468963154,74.04503257475415,2022-08-22,13:15:58,clear,highway,night_lit,heavy,car,66.5,61,moderate,2022-08-22 13:15:58,13,0,8,0,0,1
ACC03712,14.810974023688772,75.39992968355232,2025-08-08,12:04:26,cloudy,highway,night_lit,heavy,motorcycle,129.8,65,minor,2025-08-08 12:04:26,12,4,8,0,0,0
ACC03713,15.493830462277998,84.51086809260346,2023-12-10,20:15:32,clear,expressway,night_unlit,moderate,motorcycle,77.3,96,minor,2023-12-10 20:15:32,20,6,12,1,1,0
ACC03714,27.826287940199595,80.79738339484273,2024-08-16,18:14:09,cloudy,urban,dusk_dawn,moderate,motorcycle,56.6,53,moderate,2024-08-16 18:14:09,18,4,8,0,0,1
ACC03715,14.664597961846113,72.37828989619575,2024-05-09,14:56:22,cloudy,urban,night_lit,moderate,motorcycle,60.7,54,minor,2024-05-09 14:56:22,14,3,5,0,0,0
ACC03716,12.337510561253024,84.61639174083385,2024-04-11,13:09:09,rain,highway,night_unlit,low,bus,97.6,67,severe,2024-04-11 13:09:09,13,3,4,0,0,2
ACC03717,21.022197411472973,86.55149433487185,2023-12-21,22:59:47,clear,highway,night_unlit,heavy,auto,114.9,62,moderate,2023-12-21 22:59:47,22,3,12,0,1,1
ACC03718,27.529082638732824,86.08686841252221,2025-05-25,22:06:46,rain,rural,night_lit,low,motorcycle,103.3,66,moderate,2025-05-25 22:06:46,22,6,5,1,1,1
ACC03719,17.867838817481246,85.16827012597315,2025-11-04,17:48:11,clear,urban,night_lit,moderate,bus,62.5,41,severe,2025-11-04 17:48:11,17,1,11,0,0,2
ACC03720,14.30692087162279,87.875463084815,2026-01-24,18:24:48,clear,rural,night_lit,low,truck,34.2,74,moderate,2026-01-24 18:24:48,18,5,1,1,0,1
ACC03721,29.68015493218148,81.38243128860692,2023-12-29,20:03:19,clear,urban,night_unlit,heavy,car,27.2,57,minor,2023-12-29 20:03:19,20,4,12,0,1,0
ACC03722,24.18129533080944,87.40140205623848,2023-07-14,22:36:43,clear,urban,night_lit,heavy,motorcycle,48.0,52,minor,2023-07-14 22:36:43,22,4,7,0,1,0
ACC03723,27.31243137506681,87.18150772002284,2022-05-17,06:43:56,cloudy,urban,dusk_dawn,moderate,motorcycle,67.4,43,minor,2022-05-17 06:43:56,6,1,5,0,0,0
ACC03724,25.538488901920623,77.01181968805503,2023-12-28,23:50:49,rain,highway,night_lit,heavy,truck,62.2,81,minor,2023-12-28 23:50:49,23,3,12,0,1,0
ACC03725,24.568360931805422,85.81494009689393,2026-06-18,17:10:11,rain,rural,night_unlit,moderate,bus,103.3,75,fatal,2026-06-18 17:10:11,17,3,6,0,0,3
ACC03726,18.92215320835657,84.67956264894043,2023-03-04,16:37:10,clear,highway,daylight,low,motorcycle,91.2,76,severe,2023-03-04 16:37:10,16,5,3,1,0,2
ACC03727,17.83811987766551,84.41278043841737,2025-10-19,12:34:06,clear,urban,dusk_dawn,heavy,motorcycle,43.9,39,minor,2025-10-19 12:34:06,12,6,10,1,0,0
ACC03728,24.905254726100534,86.34049234067075,2025-05-27,10:26:50,clear,highway,daylight,low,truck,83.4,60,minor,2025-05-27 10:26:50,10,1,5,0,0,0
ACC03729,24.900834147190142,78.14704015872492,2024-12-19,18:53:32,storm,urban,dusk_dawn,low,motorcycle,63.9,33,moderate,2024-12-19 18:53:32,18,3,12,0,0,1
ACC03730,29.11059091288368,78.4008794541981,2024-07-17,17:25:09,clear,rural,night_unlit,moderate,motorcycle,101.4,78,fatal,2024-07-17 17:25:09,17,2,7,0,0,3
ACC03731,22.235876721269804,82.24083694725819,2025-05-26,08:22:35,cloudy,urban,daylight,low,motorcycle,42.5,45,minor,2025-05-26 08:22:35,8,0,5,0,0,0
ACC03732,17.303179904178123,83.80487260502947,2022-06-11,16:31:31,clear,expressway,night_lit,heavy,truck,65.5,95,minor,2022-06-11 16:31:31,16,5,6,1,0,0
ACC03733,20.811518387948595,86.07579364252183,2022-07-30,07:55:35,rain,highway,dusk_dawn,moderate,motorcycle,73.5,82,moderate,2022-07-30 07:55:35,7,5,7,1,0,1
ACC03734,23.046848701066544,86.01352513054852,2022-11-18,14:52:38,cloudy,rural,daylight,low,car,80.4,59,moderate,2022-11-18 14:52:38,14,4,11,0,0,1
ACC03735,19.681136392384424,83.54143399018015,2025-06-11,16:42:09,clear,rural,night_lit,moderate,car,81.9,80,moderate,2025-06-11 16:42:09,16,2,6,0,0,1
ACC03736,26.24039622047187,87.31028444514436,2023-12-11,16:04:23,cloudy,expressway,daylight,low,motorcycle,72.8,91,severe,2023-12-11 16:04:23,16,0,12,0,0,2
ACC03737,22.52303781988508,74.85805790313988,2022-12-08,07:18:43,rain,rural,night_lit,heavy,truck,133.8,59,minor,2022-12-08 07:18:43,7,3,12,0,0,0
ACC03738,12.16984309729771,87.20543755488139,2022-03-15,06:00:54,cloudy,urban,dusk_dawn,low,motorcycle,68.2,32,moderate,2022-03-15 06:00:54,6,1,3,0,0,1
ACC03739,22.257117988176155,73.02706371253794,2024-03-13,09:05:14,fog,urban,night_lit,heavy,motorcycle,70.7,33,moderate,2024-03-13 09:05:14,9,2,3,0,0,1
ACC03740,23.404868146953497,80.88995009907069,2023-10-17,16:49:34,heavy_rain,rural,night_unlit,low,bus,128.8,53,moderate,2023-10-17 16:49:34,16,1,10,0,0,1
ACC03741,28.474702527793276,73.44315131212996,2022-10-20,21:48:56,cloudy,rural,daylight,low,bus,112.9,62,moderate,2022-10-20 21:48:56,21,3,10,0,1,1
ACC03742,19.446990125955395,81.08801560317018,2022-02-08,18:06:36,fog,urban,daylight,moderate,motorcycle,70.0,50,minor,2022-02-08 18:06:36,18,1,2,0,0,0
ACC03743,22.34041786688445,78.2417553992915,2025-05-22,18:27:13,rain,rural,dusk_dawn,moderate,truck,99.6,75,moderate,2025-05-22 18:27:13,18,3,5,0,0,1
ACC03744,20.54995411285873,73.30575090403819,2025-07-03,10:16:35,clear,urban,daylight,moderate,motorcycle,59.2,38,moderate,2025-07-03 10:16:35,10,3,7,0,0,1
ACC03745,21.569815712439937,82.36986888038702,2023-02-08,07:04:01,rain,highway,dusk_dawn,moderate,motorcycle,120.1,85,minor,2023-02-08 07:04:01,7,2,2,0,0,0
ACC03746,13.211473272041935,83.69916799396547,2024-03-21,20:22:29,cloudy,highway,night_lit,low,car,92.4,68,minor,2024-03-21 20:22:29,20,3,3,0,1,0
ACC03747,28.15110601559583,74.7869666179197,2023-02-20,14:06:34,cloudy,urban,daylight,moderate,motorcycle,50.3,47,moderate,2023-02-20 14:06:34,14,0,2,0,0,1
ACC03748,28.38742211696926,83.1109875089403,2023-11-03,06:44:03,cloudy,urban,dusk_dawn,heavy,motorcycle,71.3,45,minor,2023-11-03 06:44:03,6,4,11,0,0,0
ACC03749,21.865072977167387,74.86476078636373,2022-06-29,15:58:12,rain,urban,daylight,low,motorcycle,42.8,47,moderate,2022-06-29 15:58:12,15,2,6,0,0,1
ACC03750,22.01799928297702,74.19834318904442,2026-04-03,17:25:59,heavy_rain,urban,night_lit,moderate,truck,77.7,32,moderate,2026-04-03 17:25:59,17,4,4,0,0,1
ACC03751,13.03600864699118,74.35781226439593,2025-03-29,10:14:37,clear,highway,night_lit,moderate,car,63.7,95,severe,2025-03-29 10:14:37,10,5,3,1,0,2
ACC03752,22.76310923615562,81.58525550326937,2026-01-19,01:29:27,cloudy,highway,night_unlit,heavy,car,77.8,72,minor,2026-01-19 01:29:27,1,0,1,0,1,0
ACC03753,19.72473221782493,84.46065293002565,2023-05-01,16:57:13,cloudy,highway,night_lit,low,bus,117.9,73,severe,2023-05-01 16:57:13,16,0,5,0,0,2
ACC03754,24.76278534421987,81.55029922358102,2025-12-04,04:09:07,heavy_rain,highway,night_unlit,low,motorcycle,77.9,97,severe,2025-12-04 04:09:07,4,3,12,0,1,2
ACC03755,12.848248498720302,84.94962324829191,2024-05-01,13:40:25,cloudy,urban,daylight,moderate,car,69.9,47,moderate,2024-05-01 13:40:25,13,2,5,0,0,1
ACC03756,24.79597828913081,81.46363745712591,2022-11-22,19:05:32,clear,rural,dusk_dawn,moderate,motorcycle,53.6,53,fatal,2022-11-22 19:05:32,19,1,11,0,0,3
ACC03757,17.16408882898165,84.75713995757579,2023-06-30,23:18:10,clear,expressway,night_lit,low,car,95.0,94,moderate,2023-06-30 23:18:10,23,4,6,0,1,1
ACC03758,23.730695948155944,87.6243600181328,2025-08-25,11:26:48,clear,highway,night_lit,heavy,truck,112.6,94,severe,2025-08-25 11:26:48,11,0,8,0,0,2
ACC03759,23.28826755561821,78.25535692749159,2025-06-26,02:23:25,clear,rural,night_lit,moderate,car,122.8,59,minor,2025-06-26 02:23:25,2,3,6,0,1,0
ACC03760,16.083146723380185,74.39907483083032,2025-03-28,14:10:03,clear,urban,dusk_dawn,heavy,auto,36.1,52,severe,2025-03-28 14:10:03,14,4,3,0,0,2
ACC03761,19.9281422138928,74.16634898727932,2023-01-07,09:46:08,clear,highway,night_lit,heavy,car,136.9,75,fatal,2023-01-07 09:46:08,9,5,1,1,0,3
ACC03762,27.041398662959843,81.55964154650557,2024-11-29,20:40:51,heavy_rain,rural,night_unlit,heavy,motorcycle,75.0,51,moderate,2024-11-29 20:40:51,20,4,11,0,1,1
ACC03763,22.90064958470593,80.75364905368548,2026-03-25,17:26:20,clear,expressway,daylight,heavy,motorcycle,64.8,82,moderate,2026-03-25 17:26:20,17,2,3,0,0,1
ACC03764,13.237289435611409,74.94776605667249,2022-03-22,12:25:22,clear,urban,daylight,moderate,car,42.5,54,severe,2022-03-22 12:25:22,12,1,3,0,0,2
ACC03765,19.972358963774933,86.11367940268278,2023-06-12,18:04:11,rain,urban,dusk_dawn,heavy,car,73.8,42,minor,2023-06-12 18:04:11,18,0,6,0,0,0
ACC03766,17.611886258002507,87.30797389526701,2022-05-12,11:39:48,clear,highway,daylight,low,car,77.7,97,moderate,2022-05-12 11:39:48,11,3,5,0,0,1
ACC03767,23.54962222040939,76.05145028965282,2022-06-20,14:13:48,rain,highway,night_lit,heavy,car,77.8,84,minor,2022-06-20 14:13:48,14,0,6,0,0,0
ACC03768,23.06215094331469,75.31012689441707,2026-06-27,21:18:14,rain,highway,daylight,moderate,truck,130.7,70,minor,2026-06-27 21:18:14,21,5,6,1,1,0
ACC03769,12.187165827182527,75.42274963692076,2023-01-30,08:51:43,clear,highway,night_lit,heavy,bus,104.1,78,moderate,2023-01-30 08:51:43,8,0,1,0,0,1
ACC03770,22.93851916953233,78.19874447506174,2022-10-22,10:38:27,cloudy,rural,night_unlit,moderate,motorcycle,95.0,54,severe,2022-10-22 10:38:27,10,5,10,1,0,2
ACC03771,25.22729377172886,85.65163480478314,2022-05-02,20:41:10,clear,highway,night_lit,moderate,motorcycle,120.1,79,moderate,2022-05-02 20:41:10,20,0,5,0,1,1
ACC03772,25.83714058322836,81.53536975905789,2026-05-30,13:15:47,cloudy,urban,night_lit,moderate,motorcycle,35.2,44,moderate,2026-05-30 13:15:47,13,5,5,1,0,1
ACC03773,13.0615638670193,73.08085490772272,2024-02-09,10:30:04,cloudy,rural,night_unlit,moderate,car,27.0,44,severe,2024-02-09 10:30:04,10,4,2,0,0,2
ACC03774,17.46585150797764,79.56766536275308,2025-07-23,04:00:52,clear,rural,night_lit,moderate,motorcycle,88.5,75,minor,2025-07-23 04:00:52,4,2,7,0,1,0
ACC03775,19.58292408992743,73.44530692844948,2023-02-15,12:14:01,cloudy,highway,night_lit,heavy,auto,96.7,61,moderate,2023-02-15 12:14:01,12,2,2,0,0,1
ACC03776,15.235890740308411,78.49942582413505,2024-11-18,14:48:19,cloudy,highway,night_lit,low,car,97.8,72,moderate,2024-11-18 14:48:19,14,0,11,0,0,1
ACC03777,19.573209680970177,78.45632227685307,2025-12-25,12:28:13,clear,urban,night_unlit,heavy,car,24.9,46,severe,2025-12-25 12:28:13,12,3,12,0,0,2
ACC03778,13.280331644860665,82.37364265135433,2025-01-07,09:38:14,clear,highway,night_lit,heavy,car,137.9,87,severe,2025-01-07 09:38:14,9,1,1,0,0,2
ACC03779,14.03791109412693,80.79126347140962,2024-04-29,11:47:28,cloudy,urban,daylight,heavy,motorcycle,24.7,49,minor,2024-04-29 11:47:28,11,0,4,0,0,0
ACC03780,24.03650573118155,85.99607651742538,2022-12-12,16:56:45,clear,urban,night_lit,heavy,bus,72.0,44,severe,2022-12-12 16:56:45,16,0,12,0,0,2
ACC03781,16.726304300882788,72.26040292264756,2023-01-19,20:04:23,rain,urban,night_lit,moderate,motorcycle,42.3,50,moderate,2023-01-19 20:04:23,20,3,1,0,1,1
ACC03782,24.805305254632305,84.38398115351438,2024-09-07,16:34:30,heavy_rain,highway,daylight,heavy,car,73.2,71,moderate,2024-09-07 16:34:30,16,5,9,1,0,1
ACC03783,12.865953504300023,72.36253345529347,2024-01-11,16:59:58,rain,highway,night_lit,moderate,car,91.8,84,minor,2024-01-11 16:59:58,16,3,1,0,0,0
ACC03784,22.12865495478305,76.86863725562185,2022-03-18,19:11:29,clear,rural,dusk_dawn,low,truck,22.8,74,minor,2022-03-18 19:11:29,19,4,3,0,0,0
ACC03785,19.046075944563125,86.07461021087302,2022-11-18,08:51:47,cloudy,expressway,night_lit,low,motorcycle,139.0,88,moderate,2022-11-18 08:51:47,8,4,11,0,0,1
ACC03786,26.34548505447837,83.04662674683395,2023-12-11,10:34:23,rain,urban,night_unlit,low,car,32.7,52,moderate,2023-12-11 10:34:23,10,0,12,0,0,1
ACC03787,26.111128443700117,74.7519468538583,2022-10-21,05:19:04,rain,urban,night_lit,low,car,36.0,52,minor,2022-10-21 05:19:04,5,4,10,0,1,0
ACC03788,18.760073564235142,79.85255270579108,2024-06-28,11:46:15,storm,urban,night_unlit,moderate,car,55.6,49,fatal,2024-06-28 11:46:15,11,4,6,0,0,3
ACC03789,23.208852253578858,83.55046689564777,2023-05-09,23:52:09,cloudy,highway,night_unlit,heavy,auto,80.8,60,severe,2023-05-09 23:52:09,23,1,5,0,1,2
ACC03790,16.095879638750787,86.99749314143247,2023-04-24,10:08:54,clear,rural,daylight,low,motorcycle,31.6,80,fatal,2023-04-24 10:08:54,10,0,4,0,0,3
ACC03791,22.447323051247565,82.14913918749126,2022-06-27,19:40:01,clear,highway,daylight,heavy,car,68.9,69,minor,2022-06-27 19:40:01,19,0,6,0,0,0
ACC03792,13.462764491055404,72.39480658292683,2024-04-06,06:56:49,fog,urban,dusk_dawn,heavy,bus,45.1,59,minor,2024-04-06 06:56:49,6,5,4,1,0,0
ACC03793,19.822877114134982,79.99522975514054,2022-11-06,13:39:08,cloudy,highway,night_lit,heavy,auto,83.7,69,severe,2022-11-06 13:39:08,13,6,11,1,0,2
ACC03794,15.289098267685963,74.44738622673324,2024-11-01,11:32:09,heavy_rain,rural,night_lit,heavy,car,23.9,41,severe,2024-11-01 11:32:09,11,4,11,0,0,2
ACC03795,27.900861277647408,72.76447280759874,2026-03-21,08:08:31,rain,rural,daylight,heavy,car,73.7,42,minor,2026-03-21 08:08:31,8,5,3,1,0,0
ACC03796,20.00821472340297,81.57617015490536,2026-02-06,11:27:04,fog,rural,dusk_dawn,low,auto,101.1,80,minor,2026-02-06 11:27:04,11,4,2,0,0,0
ACC03797,22.633927475475627,84.43075044016679,2024-12-30,16:54:04,cloudy,urban,night_unlit,moderate,car,28.6,51,minor,2024-12-30 16:54:04,16,0,12,0,0,0
ACC03798,18.486873485940187,72.57696888794247,2025-08-18,14:47:46,fog,urban,daylight,moderate,car,49.5,59,moderate,2025-08-18 14:47:46,14,0,8,0,0,1
ACC03799,17.197338634316452,84.53742833544831,2026-02-21,19:27:03,heavy_rain,urban,dusk_dawn,low,motorcycle,59.2,37,minor,2026-02-21 19:27:03,19,5,2,1,0,0
ACC03800,15.652556095107604,83.30220607698413,2025-01-24,20:18:35,rain,rural,night_lit,moderate,truck,95.9,74,minor,2025-01-24 20:18:35,20,4,1,0,1,0
ACC03801,28.413688488006358,84.03179021069379,2023-02-26,14:48:07,fog,urban,night_lit,moderate,motorcycle,43.7,50,severe,2023-02-26 14:48:07,14,6,2,1,0,2
ACC03802,26.39038408368515,75.9156539634512,2024-04-02,23:58:05,cloudy,urban,night_unlit,heavy,car,57.0,49,severe,2024-04-02 23:58:05,23,1,4,0,1,2
ACC03803,14.398700599758556,78.29752728789487,2025-11-08,06:17:40,rain,urban,dusk_dawn,low,truck,62.1,41,moderate,2025-11-08 06:17:40,6,5,11,1,0,1
ACC03804,25.44104777325237,73.9160132353155,2025-01-01,09:48:23,cloudy,highway,dusk_dawn,heavy,truck,126.9,86,minor,2025-01-01 09:48:23,9,2,1,0,0,0
ACC03805,19.53355398665976,75.82225520375147,2023-08-18,12:18:01,rain,urban,daylight,low,car,59.0,46,moderate,2023-08-18 12:18:01,12,4,8,0,0,1
ACC03806,12.277139789290258,76.84463474363888,2022-10-04,16:49:40,rain,highway,daylight,moderate,car,139.6,92,minor,2022-10-04 16:49:40,16,1,10,0,0,0
ACC03807,21.510611766771994,77.11098623258857,2022-08-25,15:57:58,rain,rural,daylight,moderate,truck,52.7,51,minor,2022-08-25 15:57:58,15,3,8,0,0,0
ACC03808,14.340835921527589,74.80063820954899,2023-09-12,15:39:33,cloudy,urban,daylight,heavy,car,28.5,42,moderate,2023-09-12 15:39:33,15,1,9,0,0,1
ACC03809,15.778817635684703,75.01938876913829,2025-08-14,20:29:22,rain,rural,daylight,moderate,truck,47.8,59,minor,2025-08-14 20:29:22,20,3,8,0,1,0
ACC03810,24.52873730563368,86.42352639667456,2024-06-26,09:18:50,heavy_rain,highway,night_lit,low,car,109.8,76,severe,2024-06-26 09:18:50,9,2,6,0,0,2
ACC03811,16.628556668541528,84.54229783704969,2022-04-08,19:03:20,cloudy,urban,dusk_dawn,heavy,truck,46.2,32,minor,2022-04-08 19:03:20,19,4,4,0,0,0
ACC03812,28.053987633152698,77.51164325586299,2026-02-17,15:03:36,cloudy,highway,dusk_dawn,low,car,139.2,96,severe,2026-02-17 15:03:36,15,1,2,0,0,2
ACC03813,23.82905565163506,87.16229663169537,2023-10-27,14:50:28,heavy_rain,rural,dusk_dawn,heavy,car,137.8,68,moderate,2023-10-27 14:50:28,14,4,10,0,0,1
ACC03814,26.98110272839456,75.82276340467718,2023-10-04,10:39:43,rain,highway,daylight,low,car,74.2,100,moderate,2023-10-04 10:39:43,10,2,10,0,0,1
ACC03815,23.073411689943317,78.50912725520081,2025-09-07,10:13:31,cloudy,urban,night_lit,low,car,74.5,41,severe,2025-09-07 10:13:31,10,6,9,1,0,2
ACC03816,27.639292638396284,85.01640498295313,2023-09-11,12:33:28,cloudy,highway,daylight,low,motorcycle,110.3,72,minor,2023-09-11 12:33:28,12,0,9,0,0,0
ACC03817,18.510324150398706,79.08618192325802,2024-10-10,18:52:25,rain,rural,dusk_dawn,moderate,motorcycle,50.0,55,moderate,2024-10-10 18:52:25,18,3,10,0,0,1
ACC03818,21.88453038394044,75.75400516653033,2026-02-21,13:38:17,rain,highway,night_lit,heavy,truck,107.4,76,moderate,2026-02-21 13:38:17,13,5,2,1,0,1
ACC03819,21.286027207998004,77.89656748194382,2024-04-30,07:54:29,clear,urban,dusk_dawn,moderate,motorcycle,29.5,31,minor,2024-04-30 07:54:29,7,1,4,0,0,0
ACC03820,28.26823274540347,80.01153715799491,2024-10-05,18:07:03,clear,highway,dusk_dawn,low,motorcycle,70.5,61,minor,2024-10-05 18:07:03,18,5,10,1,0,0
ACC03821,14.968477354955043,81.9303101385654,2023-08-04,17:04:20,heavy_rain,urban,daylight,moderate,truck,72.5,57,minor,2023-08-04 17:04:20,17,4,8,0,0,0
ACC03822,22.405093737360463,78.48970399330437,2026-01-02,21:39:04,fog,highway,daylight,moderate,car,109.3,74,moderate,2026-01-02 21:39:04,21,4,1,0,1,1
ACC03823,25.579761496085645,78.90086929791958,2022-05-04,15:34:19,cloudy,urban,daylight,moderate,truck,46.8,48,moderate,2022-05-04 15:34:19,15,2,5,0,0,1
ACC03824,18.660895689605887,76.2230978048228,2023-03-30,17:41:21,heavy_rain,highway,night_lit,moderate,motorcycle,102.9,90,moderate,2023-03-30 17:41:21,17,3,3,0,0,1
ACC03825,27.616467443087576,80.56555677467858,2026-06-16,14:58:01,cloudy,expressway,night_lit,moderate,car,120.5,87,minor,2026-06-16 14:58:01,14,1,6,0,0,0
ACC03826,18.71426580739921,75.51129974031274,2024-03-05,17:06:17,clear,urban,night_lit,moderate,motorcycle,56.2,48,minor,2024-03-05 17:06:17,17,1,3,0,0,0
ACC03827,15.11955767812649,85.8804194897292,2022-10-14,13:55:40,rain,urban,night_unlit,moderate,auto,38.9,48,moderate,2022-10-14 13:55:40,13,4,10,0,0,1
ACC03828,22.51287039729057,83.95787312426083,2023-11-11,07:03:58,clear,highway,dusk_dawn,low,car,126.4,93,minor,2023-11-11 07:03:58,7,5,11,1,0,0
ACC03829,19.570224180671623,78.56446381462695,2023-02-24,23:31:37,clear,highway,night_unlit,heavy,motorcycle,77.9,88,moderate,2023-02-24 23:31:37,23,4,2,0,1,1
ACC03830,12.273421884276082,83.95564555252557,2024-05-12,17:49:42,fog,rural,night_unlit,heavy,motorcycle,114.9,69,severe,2024-05-12 17:49:42,17,6,5,1,0,2
ACC03831,13.257094664883056,72.11193506894998,2023-01-23,16:40:40,cloudy,rural,daylight,heavy,motorcycle,42.4,72,minor,2023-01-23 16:40:40,16,0,1,0,0,0
ACC03832,15.51498924371862,77.51182756227834,2023-10-18,14:13:56,clear,urban,night_unlit,heavy,car,63.6,41,fatal,2023-10-18 14:13:56,14,2,10,0,0,3
ACC03833,25.84793927132674,79.04481837034862,2026-01-30,17:36:56,cloudy,rural,daylight,moderate,car,108.7,56,minor,2026-01-30 17:36:56,17,4,1,0,0,0
ACC03834,28.05671128860747,79.51677612073115,2022-05-16,07:54:06,cloudy,highway,dusk_dawn,heavy,car,68.8,78,severe,2022-05-16 07:54:06,7,0,5,0,0,2
ACC03835,21.821535732256,83.97970364336543,2025-06-07,10:12:28,cloudy,expressway,daylight,moderate,truck,133.9,81,minor,2025-06-07 10:12:28,10,5,6,1,0,0
ACC03836,13.900178325254222,87.40491884098742,2022-05-09,07:56:54,clear,urban,daylight,moderate,car,30.7,53,moderate,2022-05-09 07:56:54,7,0,5,0,0,1
ACC03837,21.619541140353228,78.07995408708484,2024-01-21,07:39:52,clear,rural,dusk_dawn,heavy,motorcycle,83.1,41,moderate,2024-01-21 07:39:52,7,6,1,1,0,1
ACC03838,27.40089829074501,77.609597592446,2025-01-02,02:05:32,cloudy,rural,night_unlit,heavy,car,106.0,56,severe,2025-01-02 02:05:32,2,3,1,0,1,2
ACC03839,25.49059732420661,81.76824362528635,2026-04-18,18:19:26,cloudy,highway,dusk_dawn,moderate,car,119.3,71,minor,2026-04-18 18:19:26,18,5,4,1,0,0
ACC03840,17.23976694655275,76.50005782706526,2023-02-15,08:51:03,fog,urban,night_unlit,heavy,motorcycle,65.8,42,moderate,2023-02-15 08:51:03,8,2,2,0,0,1
ACC03841,14.23003096719044,74.26160534104302,2022-03-28,19:20:28,clear,expressway,dusk_dawn,moderate,motorcycle,89.0,96,minor,2022-03-28 19:20:28,19,0,3,0,0,0
ACC03842,28.212270595720373,87.38465392787518,2025-05-17,20:56:30,heavy_rain,highway,night_lit,moderate,motorcycle,102.9,80,severe,2025-05-17 20:56:30,20,5,5,1,1,2
ACC03843,27.3735974393798,84.95247930894435,2026-01-07,08:25:37,storm,urban,night_unlit,heavy,truck,28.6,53,fatal,2026-01-07 08:25:37,8,2,1,0,0,3
ACC03844,12.966876572614064,87.33599284838604,2024-07-16,17:20:31,clear,urban,daylight,moderate,motorcycle,30.3,44,minor,2024-07-16 17:20:31,17,1,7,0,0,0
ACC03845,26.826140816842155,75.48532605894266,2022-04-10,13:51:12,clear,highway,daylight,heavy,car,125.8,93,minor,2022-04-10 13:51:12,13,6,4,1,0,0
ACC03846,13.74982748012891,72.28494743951472,2024-04-02,21:47:58,cloudy,highway,night_lit,heavy,car,73.0,97,minor,2024-04-02 21:47:58,21,1,4,0,1,0
ACC03847,13.139105401236666,78.9961852118097,2023-10-05,14:14:13,heavy_rain,rural,daylight,low,car,111.4,79,minor,2023-10-05 14:14:13,14,3,10,0,0,0
ACC03848,25.65481614863267,86.9377434078653,2024-01-12,11:46:22,clear,expressway,daylight,heavy,motorcycle,60.1,93,moderate,2024-01-12 11:46:22,11,4,1,0,0,1
ACC03849,21.653591194649245,74.21320542194815,2022-03-30,10:15:30,clear,urban,night_lit,low,car,20.5,44,moderate,2022-03-30 10:15:30,10,2,3,0,0,1
ACC03850,19.461864433625745,73.87496836535357,2023-06-06,20:53:17,rain,expressway,daylight,heavy,motorcycle,103.7,86,moderate,2023-06-06 20:53:17,20,1,6,0,1,1
ACC03851,28.269519527568395,73.10324454793347,2026-06-29,08:00:04,rain,highway,night_lit,heavy,car,67.5,91,minor,2026-06-29 08:00:04,8,0,6,0,0,0
ACC03852,27.10746429721957,84.2402879829116,2022-03-17,19:39:36,clear,highway,dusk_dawn,heavy,motorcycle,137.0,78,moderate,2022-03-17 19:39:36,19,3,3,0,0,1
ACC03853,13.03722248784702,84.57482454133662,2026-02-10,08:09:14,clear,highway,daylight,heavy,motorcycle,76.3,63,severe,2026-02-10 08:09:14,8,1,2,0,0,2
ACC03854,23.089570354941102,83.12601689061543,2024-04-29,16:40:52,clear,urban,dusk_dawn,moderate,auto,71.8,38,fatal,2024-04-29 16:40:52,16,0,4,0,0,3
ACC03855,25.90081325773425,72.85266952195738,2024-08-18,13:58:47,fog,urban,daylight,moderate,bus,70.7,43,moderate,2024-08-18 13:58:47,13,6,8,1,0,1
ACC03856,21.908830435949135,83.57261337304325,2026-03-13,07:40:25,rain,highway,night_lit,moderate,auto,118.9,90,moderate,2026-03-13 07:40:25,7,4,3,0,0,1
ACC03857,29.69409898337139,79.178060935387,2022-12-24,07:26:27,cloudy,urban,dusk_dawn,moderate,truck,43.5,37,moderate,2022-12-24 07:26:27,7,5,12,1,0,1
ACC03858,24.34885508365587,74.52631075098569,2026-06-05,09:49:56,heavy_rain,urban,night_lit,moderate,auto,20.2,42,minor,2026-06-05 09:49:56,9,4,6,0,0,0
ACC03859,13.874574228546456,76.72201616775364,2023-03-31,18:11:01,cloudy,urban,dusk_dawn,low,car,76.0,41,minor,2023-03-31 18:11:01,18,4,3,0,0,0
ACC03860,15.569364215999162,80.01834943892737,2023-07-28,17:32:22,heavy_rain,urban,night_lit,moderate,motorcycle,30.3,59,severe,2023-07-28 17:32:22,17,4,7,0,0,2
ACC03861,26.872421181590315,77.2744235563149,2024-01-09,08:57:03,clear,urban,daylight,heavy,truck,28.9,41,severe,2024-01-09 08:57:03,8,1,1,0,0,2
ACC03862,29.9416201165974,87.51598762786548,2024-09-14,13:21:08,clear,expressway,daylight,moderate,motorcycle,116.9,80,fatal,2024-09-14 13:21:08,13,5,9,1,0,3
ACC03863,13.770106803703015,79.59586786731519,2023-06-15,06:01:55,cloudy,rural,dusk_dawn,heavy,car,107.1,64,moderate,2023-06-15 06:01:55,6,3,6,0,0,1
ACC03864,13.805927721210873,77.9544081640343,2025-07-26,17:26:06,clear,expressway,night_lit,moderate,truck,73.3,100,minor,2025-07-26 17:26:06,17,5,7,1,0,0
ACC03865,25.740966974579106,82.7706468634886,2022-02-04,18:29:57,rain,expressway,dusk_dawn,heavy,auto,62.0,93,severe,2022-02-04 18:29:57,18,4,2,0,0,2
ACC03866,13.158377070897712,82.40872090969464,2024-12-30,20:48:47,cloudy,rural,night_lit,heavy,motorcycle,69.5,44,moderate,2024-12-30 20:48:47,20,0,12,0,1,1
ACC03867,13.234082089167254,72.03902848648428,2024-12-13,20:48:38,clear,highway,night_lit,moderate,car,78.4,79,minor,2024-12-13 20:48:38,20,4,12,0,1,0
ACC03868,27.99869669417393,81.89557917281189,2024-05-27,10:20:44,rain,urban,night_unlit,moderate,car,32.7,51,minor,2024-05-27 10:20:44,10,0,5,0,0,0
ACC03869,26.40809662173212,75.90030359630454,2024-10-04,09:46:11,cloudy,urban,night_unlit,heavy,car,35.4,40,moderate,2024-10-04 09:46:11,9,4,10,0,0,1
ACC03870,27.86813759755888,78.00373826540675,2025-05-12,20:08:07,cloudy,highway,daylight,heavy,truck,103.3,62,moderate,2025-05-12 20:08:07,20,0,5,0,1,1
ACC03871,23.709241238389566,83.30158225175751,2026-01-24,07:11:22,clear,urban,dusk_dawn,moderate,motorcycle,75.9,40,minor,2026-01-24 07:11:22,7,5,1,1,0,0
ACC03872,17.805655594899452,80.91817953617114,2022-12-25,05:36:45,storm,highway,night_lit,heavy,car,70.1,66,fatal,2022-12-25 05:36:45,5,6,12,1,1,3
ACC03873,28.31363742599024,77.89848230648155,2024-02-22,10:42:18,rain,urban,daylight,heavy,bus,57.7,41,minor,2024-02-22 10:42:18,10,3,2,0,0,0
ACC03874,17.37702344953977,74.67856562939399,2024-07-12,18:48:10,heavy_rain,rural,dusk_dawn,low,motorcycle,82.0,42,minor,2024-07-12 18:48:10,18,4,7,0,0,0
ACC03875,16.959195110187288,80.08771499596405,2023-07-21,17:37:47,rain,urban,dusk_dawn,moderate,truck,40.5,51,minor,2023-07-21 17:37:47,17,4,7,0,0,0
ACC03876,27.95520754546988,77.10985637611525,2026-05-19,23:07:38,cloudy,expressway,night_lit,heavy,truck,135.2,96,moderate,2026-05-19 23:07:38,23,1,5,0,1,1
ACC03877,24.25480666487774,86.6068449345292,2024-04-19,11:40:32,clear,rural,daylight,low,truck,59.4,79,moderate,2024-04-19 11:40:32,11,4,4,0,0,1
ACC03878,28.12209752476637,80.5495462446248,2024-08-31,09:25:24,rain,rural,night_unlit,heavy,auto,41.3,40,moderate,2024-08-31 09:25:24,9,5,8,1,0,1
ACC03879,14.806223206571502,85.8554239067266,2022-11-16,11:15:46,clear,highway,daylight,low,bus,122.6,100,minor,2022-11-16 11:15:46,11,2,11,0,0,0
ACC03880,29.141342359781365,78.24289645573619,2023-11-14,18:20:44,fog,expressway,dusk_dawn,moderate,car,77.9,81,moderate,2023-11-14 18:20:44,18,1,11,0,0,1
ACC03881,23.02935882060589,85.23899462060737,2024-10-24,08:48:21,clear,highway,daylight,moderate,car,69.0,66,moderate,2024-10-24 08:48:21,8,3,10,0,0,1
ACC03882,24.02463079368169,72.90459043475326,2023-12-05,21:10:07,clear,rural,night_unlit,heavy,auto,115.9,40,fatal,2023-12-05 21:10:07,21,1,12,0,1,3
ACC03883,28.45309044587613,76.76990440908824,2025-06-18,14:33:52,cloudy,highway,night_unlit,low,truck,65.4,77,severe,2025-06-18 14:33:52,14,2,6,0,0,2
ACC03884,18.85355354450332,73.25081492871519,2022-08-13,18:04:08,cloudy,highway,daylight,moderate,motorcycle,125.6,75,severe,2022-08-13 18:04:08,18,5,8,1,0,2
ACC03885,24.95234990452552,72.50640289143799,2022-09-09,19:43:25,rain,highway,dusk_dawn,low,bus,130.6,79,severe,2022-09-09 19:43:25,19,4,9,0,0,2
ACC03886,23.52613118024071,86.7017959251699,2023-07-11,14:08:53,rain,rural,daylight,low,motorcycle,23.2,69,minor,2023-07-11 14:08:53,14,1,7,0,0,0
ACC03887,26.179548939587285,83.46989991039487,2023-06-07,18:56:25,rain,rural,dusk_dawn,heavy,motorcycle,105.2,44,moderate,2023-06-07 18:56:25,18,2,6,0,0,1
ACC03888,28.14497025299953,82.00176103149553,2025-08-31,11:52:49,heavy_rain,urban,daylight,low,car,65.8,36,severe,2025-08-31 11:52:49,11,6,8,1,0,2
ACC03889,24.241095397741702,80.51988495058933,2025-11-25,19:51:29,cloudy,rural,dusk_dawn,low,bus,48.3,61,severe,2025-11-25 19:51:29,19,1,11,0,0,2
ACC03890,13.21751198105516,81.11286457946947,2024-02-14,19:20:44,cloudy,highway,daylight,low,truck,102.1,66,severe,2024-02-14 19:20:44,19,2,2,0,0,2
ACC03891,15.296526225296043,82.21904610218326,2024-04-10,15:46:35,heavy_rain,expressway,night_lit,moderate,bus,105.2,99,moderate,2024-04-10 15:46:35,15,2,4,0,0,1
ACC03892,29.171607280807518,85.22527671584166,2023-04-29,08:08:16,clear,urban,daylight,low,truck,66.4,46,moderate,2023-04-29 08:08:16,8,5,4,1,0,1
ACC03893,29.435708520790072,81.55021689272846,2024-05-23,22:17:53,clear,expressway,night_unlit,moderate,car,93.8,81,moderate,2024-05-23 22:17:53,22,3,5,0,1,1
ACC03894,29.413439646570524,83.97729220977412,2025-03-06,21:07:28,clear,rural,night_lit,heavy,motorcycle,35.4,44,minor,2025-03-06 21:07:28,21,3,3,0,1,0
ACC03895,12.662389207202123,76.49564882927575,2025-04-01,16:03:27,rain,urban,daylight,low,car,34.8,45,moderate,2025-04-01 16:03:27,16,1,4,0,0,1
ACC03896,18.88406702308953,87.62818780506356,2026-05-11,23:22:39,rain,highway,night_unlit,low,car,123.9,75,fatal,2026-05-11 23:22:39,23,0,5,0,1,3
ACC03897,25.674108671783927,72.51035533499247,2024-08-06,14:34:55,clear,urban,night_lit,moderate,truck,30.5,47,severe,2024-08-06 14:34:55,14,1,8,0,0,2
ACC03898,25.551944465840958,78.18522552443704,2023-07-13,11:51:52,clear,expressway,night_unlit,heavy,car,129.9,99,fatal,2023-07-13 11:51:52,11,3,7,0,0,3
ACC03899,13.546360289099251,86.11279282405926,2022-04-25,13:02:23,clear,urban,dusk_dawn,low,motorcycle,29.2,32,severe,2022-04-25 13:02:23,13,0,4,0,0,2
ACC03900,22.97079996761134,74.88836740297904,2025-02-03,05:24:13,cloudy,rural,night_lit,heavy,bus,78.2,80,moderate,2025-02-03 05:24:13,5,0,2,0,1,1
ACC03901,14.571653133735436,74.26140948693853,2025-08-13,15:42:19,clear,expressway,daylight,heavy,truck,85.1,91,minor,2025-08-13 15:42:19,15,2,8,0,0,0
ACC03902,20.87776799162028,77.84689227039861,2024-06-26,17:12:15,rain,highway,night_lit,low,car,132.0,94,moderate,2024-06-26 17:12:15,17,2,6,0,0,1
ACC03903,16.314342615140188,78.85111520826923,2026-02-24,07:44:17,fog,urban,dusk_dawn,moderate,car,41.4,58,minor,2026-02-24 07:44:17,7,1,2,0,0,0
ACC03904,12.9569010912251,86.93430497058765,2023-06-05,09:34:25,rain,urban,daylight,heavy,motorcycle,21.7,38,minor,2023-06-05 09:34:25,9,0,6,0,0,0
ACC03905,13.440349659478972,85.37791255534114,2022-03-29,17:33:01,heavy_rain,highway,night_lit,heavy,motorcycle,79.3,64,moderate,2022-03-29 17:33:01,17,1,3,0,0,1
ACC03906,28.396073095138348,79.42543420304823,2024-11-05,18:07:31,storm,rural,dusk_dawn,low,bus,48.3,48,fatal,2024-11-05 18:07:31,18,1,11,0,0,3
ACC03907,25.403627355627613,87.56760161410566,2022-07-19,23:10:50,rain,highway,night_lit,moderate,motorcycle,77.6,78,minor,2022-07-19 23:10:50,23,1,7,0,1,0
ACC03908,28.772831671913107,82.27645446654503,2022-05-19,09:52:25,cloudy,rural,dusk_dawn,heavy,car,102.4,52,severe,2022-05-19 09:52:25,9,3,5,0,0,2
ACC03909,20.45981878200395,85.97853971171025,2025-02-26,19:52:04,rain,urban,dusk_dawn,moderate,truck,46.5,48,minor,2025-02-26 19:52:04,19,2,2,0,0,0
ACC03910,19.43926498115048,75.9369116877892,2023-12-15,08:27:23,cloudy,rural,dusk_dawn,moderate,motorcycle,110.0,51,moderate,2023-12-15 08:27:23,8,4,12,0,0,1
ACC03911,18.45133126503772,79.82342518879972,2024-09-19,07:35:20,cloudy,urban,daylight,moderate,truck,32.1,40,severe,2024-09-19 07:35:20,7,3,9,0,0,2
ACC03912,23.09352772893762,72.47547541370294,2025-05-12,17:32:35,clear,urban,daylight,heavy,car,66.0,58,moderate,2025-05-12 17:32:35,17,0,5,0,0,1
ACC03913,18.328068965484004,72.14208309226318,2023-09-21,13:30:15,cloudy,highway,daylight,moderate,motorcycle,128.1,93,moderate,2023-09-21 13:30:15,13,3,9,0,0,1
ACC03914,25.43291821167611,83.28725153503143,2024-09-30,18:42:18,heavy_rain,rural,dusk_dawn,moderate,motorcycle,74.3,55,severe,2024-09-30 18:42:18,18,0,9,0,0,2
ACC03915,26.42371187188552,73.8926979594496,2024-06-04,09:34:44,rain,urban,daylight,moderate,motorcycle,39.8,60,minor,2024-06-04 09:34:44,9,1,6,0,0,0
ACC03916,27.76520268172886,80.76493179377309,2024-08-10,08:07:10,cloudy,urban,daylight,low,motorcycle,59.1,46,minor,2024-08-10 08:07:10,8,5,8,1,0,0
ACC03917,16.37041674441499,83.13611971536032,2025-02-28,15:04:55,cloudy,rural,dusk_dawn,moderate,motorcycle,104.0,53,moderate,2025-02-28 15:04:55,15,4,2,0,0,1
ACC03918,21.48639688726276,72.51575337967422,2023-09-17,07:51:17,rain,urban,dusk_dawn,low,truck,60.9,57,minor,2023-09-17 07:51:17,7,6,9,1,0,0
ACC03919,16.0220031011371,79.17986238633091,2024-04-08,09:44:49,rain,highway,dusk_dawn,moderate,car,101.6,95,moderate,2024-04-08 09:44:49,9,0,4,0,0,1
ACC03920,12.67600482156614,82.94643099177344,2024-08-28,08:11:04,cloudy,highway,daylight,moderate,car,64.2,95,moderate,2024-08-28 08:11:04,8,2,8,0,0,1
ACC03921,24.74085547505708,86.23569580567761,2022-08-19,10:03:19,clear,urban,dusk_dawn,heavy,car,67.7,53,severe,2022-08-19 10:03:19,10,4,8,0,0,2
ACC03922,21.88166293083224,76.7876816096265,2022-12-14,18:13:22,clear,highway,daylight,heavy,car,68.2,82,minor,2022-12-14 18:13:22,18,2,12,0,0,0
ACC03923,25.030691031955502,87.58746447494929,2022-05-27,07:34:27,heavy_rain,highway,dusk_dawn,moderate,motorcycle,83.1,61,moderate,2022-05-27 07:34:27,7,4,5,0,0,1
ACC03924,13.577212405317669,85.51266399455515,2022-11-22,16:35:05,clear,highway,night_lit,moderate,car,74.3,84,moderate,2022-11-22 16:35:05,16,1,11,0,0,1
ACC03925,29.919471223114957,82.41016115330967,2023-12-22,16:10:14,heavy_rain,urban,dusk_dawn,moderate,car,48.5,59,moderate,2023-12-22 16:10:14,16,4,12,0,0,1
ACC03926,29.898274205046576,78.2708081159381,2026-03-20,15:10:52,clear,urban,night_lit,moderate,auto,44.0,46,moderate,2026-03-20 15:10:52,15,4,3,0,0,1
ACC03927,20.369996859063228,83.37776601919198,2026-02-24,14:12:55,storm,urban,daylight,low,motorcycle,35.4,49,fatal,2026-02-24 14:12:55,14,1,2,0,0,3
ACC03928,27.589056873309048,85.05909230512566,2025-06-06,17:26:26,cloudy,urban,night_lit,low,truck,20.6,47,minor,2025-06-06 17:26:26,17,4,6,0,0,0
ACC03929,16.384234004500023,76.85279799818491,2024-07-04,19:13:07,rain,urban,dusk_dawn,heavy,truck,29.4,52,severe,2024-07-04 19:13:07,19,3,7,0,0,2
ACC03930,25.276190902019344,87.88528103851247,2022-11-29,08:27:16,rain,urban,dusk_dawn,heavy,car,33.3,43,minor,2022-11-29 08:27:16,8,1,11,0,0,0
ACC03931,27.826065422644184,86.53790991607423,2023-08-12,19:00:57,rain,expressway,dusk_dawn,moderate,motorcycle,139.7,98,minor,2023-08-12 19:00:57,19,5,8,1,0,0
ACC03932,26.663992789454014,79.76802304548676,2025-06-12,05:56:55,rain,urban,night_lit,low,motorcycle,59.5,42,moderate,2025-06-12 05:56:55,5,3,6,0,1,1
ACC03933,26.611933408340832,83.56527865240632,2026-02-01,14:53:48,clear,rural,night_lit,low,car,132.3,66,minor,2026-02-01 14:53:48,14,6,2,1,0,0
ACC03934,20.33447937759957,80.38414231390051,2026-04-30,14:20:51,clear,urban,daylight,low,car,67.5,50,minor,2026-04-30 14:20:51,14,3,4,0,0,0
ACC03935,26.75981906001791,84.17488883515242,2023-10-01,08:48:42,clear,urban,night_unlit,heavy,car,47.5,57,moderate,2023-10-01 08:48:42,8,6,10,1,0,1
ACC03936,24.43268663438341,85.2317152620477,2024-03-10,06:32:37,rain,rural,daylight,moderate,car,116.3,57,minor,2024-03-10 06:32:37,6,6,3,1,0,0
ACC03937,14.38412516659568,72.37156088251268,2024-04-16,06:01:46,rain,highway,dusk_dawn,heavy,car,117.4,98,minor,2024-04-16 06:01:46,6,1,4,0,0,0
ACC03938,14.055319273161365,73.26611247521039,2022-04-03,04:17:38,clear,expressway,daylight,moderate,car,95.1,99,minor,2022-04-03 04:17:38,4,6,4,1,1,0
ACC03939,25.894598446823515,77.38347865402763,2022-07-11,15:03:20,rain,urban,dusk_dawn,moderate,motorcycle,69.3,32,minor,2022-07-11 15:03:20,15,0,7,0,0,0
ACC03940,23.25835359791263,86.68181812211759,2022-03-16,07:42:38,clear,highway,dusk_dawn,moderate,car,124.6,83,moderate,2022-03-16 07:42:38,7,2,3,0,0,1
ACC03941,21.348770109444796,78.37237733029423,2025-04-25,19:46:17,clear,urban,dusk_dawn,low,truck,42.4,59,moderate,2025-04-25 19:46:17,19,4,4,0,0,1
ACC03942,28.330712235278902,86.20019544323078,2023-01-04,20:37:37,clear,rural,night_lit,moderate,car,76.0,68,minor,2023-01-04 20:37:37,20,2,1,0,1,0
ACC03943,23.872626423681936,79.39894260210805,2025-02-23,09:00:22,rain,highway,night_lit,heavy,motorcycle,83.5,87,moderate,2025-02-23 09:00:22,9,6,2,1,0,1
ACC03944,19.1306414115894,76.62164672498517,2023-09-09,08:14:29,clear,highway,daylight,low,truck,62.3,67,severe,2023-09-09 08:14:29,8,5,9,1,0,2
ACC03945,19.450772547171308,86.41032292899992,2025-07-28,12:28:10,heavy_rain,expressway,night_lit,low,motorcycle,89.2,98,fatal,2025-07-28 12:28:10,12,0,7,0,0,3
ACC03946,22.89439849471653,80.97073230269883,2022-07-09,20:08:57,rain,urban,night_unlit,moderate,car,59.3,51,severe,2022-07-09 20:08:57,20,5,7,1,1,2
ACC03947,25.68495512435427,77.76774872048065,2023-06-18,12:06:44,cloudy,highway,daylight,heavy,car,88.6,89,moderate,2023-06-18 12:06:44,12,6,6,1,0,1
ACC03948,22.15835952508424,72.71051205804507,2022-12-03,07:18:06,clear,highway,dusk_dawn,heavy,car,71.2,65,minor,2022-12-03 07:18:06,7,5,12,1,0,0
ACC03949,21.15769587994524,73.77493011917159,2023-12-17,23:35:28,rain,urban,night_unlit,low,car,53.4,30,severe,2023-12-17 23:35:28,23,6,12,1,1,2
ACC03950,25.084212647775274,74.2289652422645,2024-07-11,14:05:27,heavy_rain,urban,night_lit,heavy,motorcycle,29.0,46,severe,2024-07-11 14:05:27,14,3,7,0,0,2
ACC03951,24.694761898326654,77.8373806465697,2022-10-04,11:59:53,cloudy,urban,night_unlit,heavy,motorcycle,47.7,58,minor,2022-10-04 11:59:53,11,1,10,0,0,0
ACC03952,26.9462431310441,81.7173272919095,2024-12-31,20:27:45,clear,expressway,dusk_dawn,heavy,motorcycle,110.4,95,fatal,2024-12-31 20:27:45,20,1,12,0,1,3
ACC03953,13.1259321529913,76.92144183075088,2026-05-03,21:10:52,clear,highway,night_unlit,low,auto,90.9,75,severe,2026-05-03 21:10:52,21,6,5,1,1,2
ACC03954,25.58913837747562,73.0484421402368,2022-03-13,14:01:28,cloudy,highway,daylight,heavy,bus,83.9,72,moderate,2022-03-13 14:01:28,14,6,3,1,0,1
ACC03955,21.24768811713042,76.23693979707734,2022-05-22,10:57:09,clear,highway,night_lit,heavy,car,108.4,61,moderate,2022-05-22 10:57:09,10,6,5,1,0,1
ACC03956,13.344476160596734,78.53890641439376,2026-04-13,14:35:43,rain,urban,dusk_dawn,moderate,truck,78.1,52,moderate,2026-04-13 14:35:43,14,0,4,0,0,1
ACC03957,24.222180507051355,87.87631885875726,2024-12-01,08:51:13,clear,highway,night_lit,low,car,117.8,87,moderate,2024-12-01 08:51:13,8,6,12,1,0,1
ACC03958,24.89772349203497,78.28779047601502,2026-02-19,14:46:38,rain,urban,night_lit,low,truck,29.0,47,minor,2026-02-19 14:46:38,14,3,2,0,0,0
ACC03959,21.42528905180432,73.4271266999591,2025-03-04,09:59:24,cloudy,rural,daylight,moderate,truck,82.2,62,minor,2025-03-04 09:59:24,9,1,3,0,0,0
ACC03960,26.28838159769573,81.29783703158293,2025-03-23,16:53:20,cloudy,highway,night_unlit,heavy,motorcycle,139.3,64,fatal,2025-03-23 16:53:20,16,6,3,1,0,3
ACC03961,17.404465955327428,86.71424116202064,2022-09-17,18:45:07,fog,expressway,dusk_dawn,heavy,motorcycle,130.8,82,fatal,2022-09-17 18:45:07,18,5,9,1,0,3
ACC03962,15.63432993356585,84.587131181788,2024-04-20,22:51:48,cloudy,expressway,night_unlit,heavy,motorcycle,61.2,94,moderate,2024-04-20 22:51:48,22,5,4,1,1,1
ACC03963,18.313211131379013,85.37949294699578,2023-08-23,19:51:41,clear,urban,dusk_dawn,moderate,car,44.3,30,fatal,2023-08-23 19:51:41,19,2,8,0,0,3
ACC03964,19.380909239327597,86.85170873763728,2025-09-30,06:15:20,cloudy,rural,dusk_dawn,heavy,motorcycle,35.2,55,minor,2025-09-30 06:15:20,6,1,9,0,0,0
ACC03965,24.52680484323904,82.18469605416861,2022-03-12,08:35:44,cloudy,rural,daylight,heavy,bus,55.7,73,severe,2022-03-12 08:35:44,8,5,3,1,0,2
ACC03966,27.2193588818081,87.91876369045598,2022-01-30,15:59:59,rain,urban,night_lit,low,motorcycle,39.9,43,moderate,2022-01-30 15:59:59,15,6,1,1,0,1
ACC03967,24.97652742141618,72.53250511807441,2024-07-02,09:52:43,heavy_rain,urban,daylight,low,car,64.8,39,severe,2024-07-02 09:52:43,9,1,7,0,0,2
ACC03968,15.131776063252827,85.357434818297,2026-05-13,01:06:56,rain,highway,night_unlit,heavy,motorcycle,72.1,95,moderate,2026-05-13 01:06:56,1,2,5,0,1,1
ACC03969,18.591907526404636,85.71217071235618,2026-06-22,18:06:28,storm,urban,dusk_dawn,moderate,truck,22.3,55,severe,2026-06-22 18:06:28,18,0,6,0,0,2
ACC03970,14.851446842060003,86.66720625219143,2024-09-01,11:12:22,clear,rural,daylight,low,motorcycle,117.8,45,fatal,2024-09-01 11:12:22,11,6,9,1,0,3
ACC03971,24.361035592044924,79.65071132217358,2023-12-07,06:44:50,clear,urban,dusk_dawn,heavy,car,47.2,47,severe,2023-12-07 06:44:50,6,3,12,0,0,2
ACC03972,16.467093807904092,84.6040947779296,2023-03-25,14:23:39,clear,urban,daylight,moderate,truck,35.9,38,minor,2023-03-25 14:23:39,14,5,3,1,0,0
ACC03973,21.45696479133324,75.12128638593887,2026-06-14,22:37:36,rain,urban,night_lit,moderate,car,37.9,44,severe,2026-06-14 22:37:36,22,6,6,1,1,2
ACC03974,26.25293717750432,81.65008360285142,2022-10-28,17:08:38,clear,expressway,daylight,heavy,motorcycle,103.6,91,moderate,2022-10-28 17:08:38,17,4,10,0,0,1
ACC03975,24.07690694858907,77.73832243781538,2022-07-27,08:03:59,clear,highway,dusk_dawn,low,motorcycle,97.1,94,minor,2022-07-27 08:03:59,8,2,7,0,0,0
ACC03976,17.37073183197239,81.5387784105916,2024-04-14,14:46:41,storm,highway,daylight,low,truck,129.8,66,severe,2024-04-14 14:46:41,14,6,4,1,0,2
ACC03977,17.991601511094135,82.8089681145328,2023-10-07,20:17:48,clear,highway,night_unlit,moderate,bus,125.2,80,severe,2023-10-07 20:17:48,20,5,10,1,1,2
ACC03978,23.76055715885457,77.55309866793885,2024-03-25,05:02:02,clear,expressway,night_lit,heavy,truck,102.3,96,moderate,2024-03-25 05:02:02,5,0,3,0,1,1
ACC03979,21.890419488118997,75.45981278884595,2026-01-21,16:12:43,clear,urban,night_lit,moderate,truck,44.4,51,severe,2026-01-21 16:12:43,16,2,1,0,0,2
ACC03980,13.7350827744608,77.14700654174936,2023-03-20,17:19:19,clear,highway,daylight,moderate,car,135.9,63,severe,2023-03-20 17:19:19,17,0,3,0,0,2
ACC03981,27.73184860692383,82.62331592171908,2025-12-10,17:24:07,clear,urban,night_lit,moderate,truck,37.5,33,moderate,2025-12-10 17:24:07,17,2,12,0,0,1
ACC03982,21.227038464965315,82.82998773876497,2022-12-14,07:53:16,clear,urban,dusk_dawn,heavy,truck,54.1,45,moderate,2022-12-14 07:53:16,7,2,12,0,0,1
ACC03983,20.520498237554374,83.86107097638558,2023-06-16,20:11:49,clear,highway,night_lit,moderate,truck,88.8,68,moderate,2023-06-16 20:11:49,20,4,6,0,1,1
ACC03984,15.57190805938072,74.02458573716329,2022-01-08,10:36:49,rain,rural,daylight,low,truck,94.0,74,moderate,2022-01-08 10:36:49,10,5,1,1,0,1
ACC03985,18.78588874146967,85.09627824407139,2025-01-19,05:16:18,cloudy,rural,dusk_dawn,low,car,47.4,42,fatal,2025-01-19 05:16:18,5,6,1,1,1,3
ACC03986,17.990847521671782,83.01036482465528,2025-11-10,06:29:11,rain,highway,daylight,moderate,car,112.2,94,minor,2025-11-10 06:29:11,6,0,11,0,0,0
ACC03987,16.87324229092968,72.48808122705023,2025-12-26,13:17:25,rain,expressway,daylight,low,truck,115.7,100,minor,2025-12-26 13:17:25,13,4,12,0,0,0
ACC03988,22.21331834364192,77.36956559096082,2022-10-02,04:20:19,rain,highway,night_unlit,low,car,100.7,73,severe,2022-10-02 04:20:19,4,6,10,1,1,2
ACC03989,20.32095648504508,79.46738009450364,2025-06-13,18:35:27,heavy_rain,highway,dusk_dawn,heavy,car,77.3,74,severe,2025-06-13 18:35:27,18,4,6,0,0,2
ACC03990,28.00555833566401,77.76987984618904,2022-08-21,19:35:47,cloudy,urban,daylight,heavy,auto,37.2,31,minor,2022-08-21 19:35:47,19,6,8,1,0,0
ACC03991,28.94419158684889,73.87867021133461,2024-10-28,01:08:19,clear,highway,night_unlit,low,auto,72.4,97,minor,2024-10-28 01:08:19,1,0,10,0,1,0
ACC03992,15.950521726105636,75.31754055208012,2025-02-27,19:09:10,clear,urban,dusk_dawn,heavy,car,75.0,35,moderate,2025-02-27 19:09:10,19,3,2,0,0,1
ACC03993,13.801897717809789,72.39298231856212,2022-09-08,22:14:06,clear,highway,night_lit,moderate,car,72.9,70,minor,2022-09-08 22:14:06,22,3,9,0,1,0
ACC03994,26.13607592677949,73.489234581641,2022-07-01,03:53:41,rain,highway,night_lit,heavy,motorcycle,91.0,68,moderate,2022-07-01 03:53:41,3,4,7,0,1,1
ACC03995,29.90750526549496,76.26080188359272,2022-04-30,17:19:11,cloudy,expressway,daylight,heavy,car,113.7,89,severe,2022-04-30 17:19:11,17,5,4,1,0,2
ACC03996,27.544801257374772,85.1195242501717,2025-03-09,23:34:13,clear,highway,daylight,moderate,car,84.8,60,minor,2025-03-09 23:34:13,23,6,3,1,1,0
ACC03997,12.426553238137226,80.4262001589952,2024-10-06,18:26:48,clear,urban,dusk_dawn,moderate,car,46.8,42,moderate,2024-10-06 18:26:48,18,6,10,1,0,1
ACC03998,16.522743912716386,78.7919662510577,2022-07-15,14:21:05,heavy_rain,highway,night_lit,moderate,truck,128.8,92,moderate,2022-07-15 14:21:05,14,4,7,0,0,1
ACC03999,12.78016098674275,82.59460710333678,2024-04-01,20:02:39,cloudy,rural,night_lit,heavy,motorcycle,90.2,61,severe,2024-04-01 20:02:39,20,0,4,0,1,2
ACC04000,26.774028786741,80.66416896520008,2025-07-30,17:26:00,clear,highway,daylight,low,car,107.7,68,fatal,2025-07-30 17:26:00,17,2,7,0,0,3
ACC04001,22.46532557326169,74.10422282809002,2023-01-26,09:59:56,heavy_rain,highway,night_lit,moderate,motorcycle,96.3,77,severe,2023-01-26 09:59:56,9,3,1,0,0,2
ACC04002,21.24693374100697,75.56197382118704,2024-09-21,08:56:42,rain,rural,dusk_dawn,low,car,29.0,40,minor,2024-09-21 08:56:42,8,5,9,1,0,0
ACC04003,21.980097875937496,75.56035777584972,2023-04-26,14:18:49,cloudy,highway,night_lit,moderate,bus,85.7,61,fatal,2023-04-26 14:18:49,14,2,4,0,0,3
ACC04004,16.54412265653864,81.59924020179747,2023-03-05,11:31:39,cloudy,rural,night_lit,moderate,car,120.7,64,minor,2023-03-05 11:31:39,11,6,3,1,0,0
ACC04005,22.82949064449953,79.38598985902954,2023-10-06,10:17:24,rain,urban,daylight,heavy,car,29.3,48,moderate,2023-10-06 10:17:24,10,4,10,0,0,1
ACC04006,12.55200561235254,78.20136100097366,2023-08-02,08:55:59,clear,rural,night_unlit,low,motorcycle,127.9,55,fatal,2023-08-02 08:55:59,8,2,8,0,0,3
ACC04007,23.62821103147511,80.9062267661086,2024-03-24,19:33:47,storm,highway,daylight,moderate,car,69.1,81,severe,2024-03-24 19:33:47,19,6,3,1,0,2
ACC04008,25.219808943218958,87.52185257252091,2022-12-04,17:55:05,rain,expressway,night_unlit,low,car,104.0,85,severe,2022-12-04 17:55:05,17,6,12,1,0,2
ACC04009,24.11447274681289,77.02709529689403,2023-10-03,10:51:34,cloudy,highway,daylight,moderate,bus,90.3,88,minor,2023-10-03 10:51:34,10,1,10,0,0,0
ACC04010,17.978115329619964,80.32312693813628,2024-10-18,09:19:32,rain,highway,dusk_dawn,low,bus,137.0,73,severe,2024-10-18 09:19:32,9,4,10,0,0,2
ACC04011,26.87273247229577,79.68592025030586,2023-09-28,07:27:17,storm,rural,dusk_dawn,moderate,bus,34.7,45,minor,2023-09-28 07:27:17,7,3,9,0,0,0
ACC04012,24.87979194811468,83.46628850793351,2024-12-13,07:34:27,clear,highway,daylight,moderate,truck,119.4,62,minor,2024-12-13 07:34:27,7,4,12,0,0,0
ACC04013,14.309351812637,83.68464428772666,2022-07-10,16:14:58,clear,urban,night_lit,heavy,car,37.3,42,minor,2022-07-10 16:14:58,16,6,7,1,0,0
ACC04014,15.51259596968967,83.66513154260865,2022-08-15,07:49:05,rain,urban,dusk_dawn,moderate,auto,67.8,58,moderate,2022-08-15 07:49:05,7,0,8,0,0,1
ACC04015,23.467951437208296,75.22431327901992,2025-11-22,22:33:55,clear,highway,night_lit,low,truck,70.8,68,severe,2025-11-22 22:33:55,22,5,11,1,1,2
ACC04016,17.20949040400847,79.185490181779,2024-01-29,09:12:42,rain,highway,daylight,heavy,motorcycle,104.5,90,minor,2024-01-29 09:12:42,9,0,1,0,0,0
ACC04017,14.149792946032266,84.9787950564662,2024-09-27,02:28:06,cloudy,urban,night_unlit,low,truck,26.5,41,moderate,2024-09-27 02:28:06,2,4,9,0,1,1
ACC04018,14.78944187669806,78.1044827286503,2025-04-29,19:49:18,clear,urban,night_unlit,heavy,motorcycle,42.8,49,moderate,2025-04-29 19:49:18,19,1,4,0,0,1
ACC04019,14.981109249727211,87.74808187663886,2022-08-28,11:25:50,clear,urban,dusk_dawn,moderate,truck,76.9,59,moderate,2022-08-28 11:25:50,11,6,8,1,0,1
ACC04020,20.60023632273088,77.83658786867518,2026-05-16,11:42:42,rain,rural,dusk_dawn,low,truck,104.1,51,moderate,2026-05-16 11:42:42,11,5,5,1,0,1
ACC04021,22.932938161730952,79.96266923747149,2023-11-28,07:59:04,clear,urban,dusk_dawn,heavy,auto,20.1,50,moderate,2023-11-28 07:59:04,7,1,11,0,0,1
ACC04022,15.17524094737947,79.59240951684075,2025-12-31,17:20:08,clear,urban,daylight,moderate,truck,78.3,36,severe,2025-12-31 17:20:08,17,2,12,0,0,2
ACC04023,24.82493898653798,78.93862083950788,2023-11-16,11:59:55,cloudy,highway,night_unlit,heavy,bus,129.9,95,moderate,2023-11-16 11:59:55,11,3,11,0,0,1
ACC04024,17.058226935027513,85.53010189311395,2023-10-28,19:24:09,clear,highway,night_lit,moderate,motorcycle,135.1,88,minor,2023-10-28 19:24:09,19,5,10,1,0,0
ACC04025,17.608046491091294,74.48440380076822,2024-09-13,16:33:37,cloudy,highway,night_lit,moderate,car,134.5,97,severe,2024-09-13 16:33:37,16,4,9,0,0,2
ACC04026,16.022975179333937,81.08263530262373,2022-11-10,20:46:59,storm,urban,night_unlit,moderate,truck,41.5,30,severe,2022-11-10 20:46:59,20,3,11,0,1,2
ACC04027,26.13371044697744,81.89762523768678,2024-09-26,16:04:09,rain,highway,night_lit,moderate,motorcycle,125.4,61,fatal,2024-09-26 16:04:09,16,3,9,0,0,3
ACC04028,29.276648992863787,85.61954092910993,2026-06-03,18:42:02,cloudy,rural,dusk_dawn,heavy,car,115.6,60,moderate,2026-06-03 18:42:02,18,2,6,0,0,1
ACC04029,20.86499727620567,81.74720255881773,2024-11-25,17:34:49,clear,highway,night_unlit,low,motorcycle,82.2,91,minor,2024-11-25 17:34:49,17,0,11,0,0,0
ACC04030,12.75655154577586,87.3603255646045,2022-04-26,13:39:56,storm,highway,night_lit,moderate,motorcycle,110.6,100,severe,2022-04-26 13:39:56,13,1,4,0,0,2
ACC04031,16.690247695658567,85.95468339617486,2025-02-19,17:57:30,heavy_rain,highway,daylight,low,motorcycle,116.8,96,minor,2025-02-19 17:57:30,17,2,2,0,0,0
ACC04032,14.84490524013923,77.5798391736437,2022-02-24,17:29:13,rain,urban,night_unlit,moderate,truck,32.7,52,severe,2022-02-24 17:29:13,17,3,2,0,0,2
ACC04033,27.169721127336324,85.75850312465334,2022-06-19,00:55:03,clear,urban,night_unlit,low,bus,69.5,36,severe,2022-06-19 00:55:03,0,6,6,1,1,2
ACC04034,13.527371773797691,87.3356450254953,2023-04-13,17:34:54,clear,urban,daylight,moderate,car,48.2,35,minor,2023-04-13 17:34:54,17,3,4,0,0,0
ACC04035,29.396572332390907,76.11515489479338,2023-05-16,09:12:47,clear,expressway,daylight,moderate,truck,126.7,95,severe,2023-05-16 09:12:47,9,1,5,0,0,2
ACC04036,22.593247979243262,81.76334090663053,2022-01-06,15:39:53,clear,urban,night_lit,heavy,car,26.3,55,moderate,2022-01-06 15:39:53,15,3,1,0,0,1
ACC04037,21.31931616733494,76.50886259747416,2022-01-29,07:11:47,clear,highway,night_lit,heavy,motorcycle,130.9,100,moderate,2022-01-29 07:11:47,7,5,1,1,0,1
ACC04038,27.25231120354536,82.39307646531549,2025-07-19,02:53:25,heavy_rain,rural,night_lit,low,truck,125.8,40,moderate,2025-07-19 02:53:25,2,5,7,1,1,1
ACC04039,12.49585718324621,73.49828487275235,2024-01-17,01:09:28,clear,rural,night_unlit,moderate,bus,35.5,58,severe,2024-01-17 01:09:28,1,2,1,0,1,2
ACC04040,25.98874948932617,83.74700834990492,2022-11-25,08:29:22,clear,highway,night_lit,moderate,car,102.5,80,minor,2022-11-25 08:29:22,8,4,11,0,0,0
ACC04041,14.098872820233298,78.71711725752549,2023-12-07,02:49:43,heavy_rain,highway,night_lit,moderate,truck,85.9,98,fatal,2023-12-07 02:49:43,2,3,12,0,1,3
ACC04042,27.13400578092778,81.39691485882298,2025-02-11,07:00:06,fog,urban,dusk_dawn,moderate,bus,60.0,31,moderate,2025-02-11 07:00:06,7,1,2,0,0,1
ACC04043,21.525171946281517,72.41379844037597,2025-04-20,15:29:02,clear,highway,daylight,low,car,102.1,78,fatal,2025-04-20 15:29:02,15,6,4,1,0,3
ACC04044,13.100329242481653,83.12706328336526,2023-04-19,12:30:57,clear,urban,daylight,moderate,motorcycle,66.7,39,fatal,2023-04-19 12:30:57,12,2,4,0,0,3
ACC04045,26.99841069842384,79.9358616661639,2022-10-02,22:20:19,rain,highway,night_unlit,low,truck,133.8,70,severe,2022-10-02 22:20:19,22,6,10,1,1,2
ACC04046,12.49165410728253,82.00401612300547,2026-04-25,19:40:02,storm,expressway,night_unlit,low,car,102.1,85,severe,2026-04-25 19:40:02,19,5,4,1,0,2
ACC04047,14.490672472084864,77.05068755801878,2024-11-02,07:19:40,cloudy,urban,dusk_dawn,heavy,motorcycle,47.1,49,moderate,2024-11-02 07:19:40,7,5,11,1,0,1
ACC04048,26.36084142887932,74.33312277474263,2026-06-03,12:22:23,cloudy,rural,night_unlit,heavy,motorcycle,53.1,67,minor,2026-06-03 12:22:23,12,2,6,0,0,0
ACC04049,20.36768022944204,78.96686307193828,2023-05-19,12:16:13,rain,highway,dusk_dawn,moderate,motorcycle,71.3,95,moderate,2023-05-19 12:16:13,12,4,5,0,0,1
ACC04050,27.86499667838701,87.1036659405818,2022-07-02,11:37:26,rain,urban,night_lit,low,motorcycle,62.9,58,minor,2022-07-02 11:37:26,11,5,7,1,0,0
ACC04051,23.437726910239505,75.64470442646089,2023-09-20,14:52:27,clear,rural,daylight,moderate,car,32.1,48,fatal,2023-09-20 14:52:27,14,2,9,0,0,3
ACC04052,23.223517578667344,82.81342419256403,2023-06-23,17:10:36,cloudy,highway,night_lit,moderate,car,94.8,87,minor,2023-06-23 17:10:36,17,4,6,0,0,0
ACC04053,17.26023191037627,72.79749670455266,2025-03-27,16:24:55,heavy_rain,urban,night_lit,heavy,bus,26.4,56,minor,2025-03-27 16:24:55,16,3,3,0,0,0
ACC04054,14.406249423931204,83.48959656427085,2025-03-21,11:13:52,rain,highway,daylight,heavy,motorcycle,120.9,88,moderate,2025-03-21 11:13:52,11,4,3,0,0,1
ACC04055,29.301103036140287,75.81499498882388,2022-04-28,17:14:49,clear,urban,daylight,moderate,motorcycle,21.9,50,minor,2022-04-28 17:14:49,17,3,4,0,0,0
ACC04056,13.886358404581111,79.22427296366932,2024-08-23,09:58:29,rain,rural,daylight,moderate,truck,60.1,54,severe,2024-08-23 09:58:29,9,4,8,0,0,2
ACC04057,21.52219080132421,77.88404960951638,2023-07-17,19:42:33,rain,urban,dusk_dawn,low,car,33.1,40,minor,2023-07-17 19:42:33,19,0,7,0,0,0
ACC04058,16.906234635026046,73.80544549307768,2024-10-06,22:56:07,clear,rural,night_unlit,heavy,car,45.4,58,moderate,2024-10-06 22:56:07,22,6,10,1,1,1
ACC04059,16.754531944466187,77.5293112401884,2023-10-05,10:38:34,clear,highway,daylight,moderate,motorcycle,137.9,78,moderate,2023-10-05 10:38:34,10,3,10,0,0,1
ACC04060,22.70255194745064,77.60199933269097,2024-06-01,18:39:40,clear,rural,dusk_dawn,heavy,car,49.0,62,fatal,2024-06-01 18:39:40,18,5,6,1,0,3
ACC04061,26.36281410921964,80.35369022447603,2025-03-21,19:42:53,storm,urban,daylight,heavy,car,78.9,37,severe,2025-03-21 19:42:53,19,4,3,0,0,2
ACC04062,25.989230690963016,87.55762452703979,2023-04-27,14:39:02,clear,highway,daylight,low,truck,93.8,100,severe,2023-04-27 14:39:02,14,3,4,0,0,2
ACC04063,27.63843040548396,79.52028036017009,2022-11-24,06:49:51,rain,rural,night_lit,heavy,bus,94.4,65,moderate,2022-11-24 06:49:51,6,3,11,0,0,1
ACC04064,17.272249282422607,86.63081849012214,2025-03-05,18:19:31,cloudy,highway,dusk_dawn,heavy,car,123.8,73,moderate,2025-03-05 18:19:31,18,2,3,0,0,1
ACC04065,20.383524870871327,79.38492253700089,2026-04-05,12:06:05,heavy_rain,highway,daylight,moderate,motorcycle,81.8,85,moderate,2026-04-05 12:06:05,12,6,4,1,0,1
ACC04066,12.16802231796045,73.72069281399904,2023-12-31,08:29:59,storm,rural,night_lit,low,truck,133.0,75,severe,2023-12-31 08:29:59,8,6,12,1,0,2
ACC04067,25.44343721645458,75.68244632441504,2026-06-27,16:00:27,fog,highway,daylight,low,truck,89.1,77,fatal,2026-06-27 16:00:27,16,5,6,1,0,3
ACC04068,17.442176018561096,78.52028281692161,2022-10-31,13:02:24,heavy_rain,highway,daylight,low,car,83.8,73,minor,2022-10-31 13:02:24,13,0,10,0,0,0
ACC04069,22.106883598863355,77.20590036752296,2025-09-06,06:03:11,cloudy,highway,dusk_dawn,moderate,truck,114.3,88,moderate,2025-09-06 06:03:11,6,5,9,1,0,1
ACC04070,15.047405076350111,85.85326860051987,2026-06-11,23:04:04,clear,rural,night_unlit,low,auto,116.2,69,severe,2026-06-11 23:04:04,23,3,6,0,1,2
ACC04071,26.749191128417912,82.85832963514483,2023-05-08,09:42:04,clear,highway,dusk_dawn,heavy,car,133.4,65,moderate,2023-05-08 09:42:04,9,0,5,0,0,1
ACC04072,26.710899947009,81.25293523069877,2022-08-31,14:35:16,rain,urban,night_unlit,moderate,car,30.5,46,moderate,2022-08-31 14:35:16,14,2,8,0,0,1
ACC04073,27.7941524655532,79.85967281978705,2024-12-26,17:56:17,clear,highway,night_lit,moderate,truck,125.5,64,moderate,2024-12-26 17:56:17,17,3,12,0,0,1
ACC04074,12.82686594792101,78.35632989262507,2025-11-28,07:17:27,cloudy,highway,daylight,heavy,car,107.5,86,severe,2025-11-28 07:17:27,7,4,11,0,0,2
ACC04075,29.86425677595025,81.79507903731218,2022-05-17,18:19:36,clear,highway,dusk_dawn,moderate,car,102.8,78,moderate,2022-05-17 18:19:36,18,1,5,0,0,1
ACC04076,16.4600294599145,73.9937146471101,2024-11-18,16:29:59,rain,rural,daylight,moderate,truck,21.8,54,minor,2024-11-18 16:29:59,16,0,11,0,0,0
ACC04077,17.56980634885229,74.6005310114705,2025-12-01,14:46:47,clear,rural,night_lit,heavy,truck,38.3,75,minor,2025-12-01 14:46:47,14,0,12,0,0,0
ACC04078,16.488043125428028,76.8498616543472,2022-02-22,15:55:29,clear,rural,dusk_dawn,moderate,motorcycle,136.2,48,minor,2022-02-22 15:55:29,15,1,2,0,0,0
ACC04079,16.815588570597583,74.73895386337719,2024-04-27,22:43:54,cloudy,rural,night_lit,moderate,motorcycle,105.7,72,moderate,2024-04-27 22:43:54,22,5,4,1,1,1
ACC04080,21.94790440986564,82.83357950439706,2022-05-07,20:30:33,cloudy,highway,night_unlit,moderate,motorcycle,128.0,65,fatal,2022-05-07 20:30:33,20,5,5,1,1,3
ACC04081,16.316589797468033,72.39629314249993,2022-10-17,07:58:25,heavy_rain,highway,dusk_dawn,moderate,truck,135.0,98,moderate,2022-10-17 07:58:25,7,0,10,0,0,1
ACC04082,19.087883605207285,74.562839866668,2024-03-09,11:10:13,rain,urban,night_unlit,heavy,bus,75.2,48,severe,2024-03-09 11:10:13,11,5,3,1,0,2
ACC04083,23.800918483977878,86.44172975198086,2023-06-22,14:28:25,rain,urban,dusk_dawn,moderate,truck,37.8,49,severe,2023-06-22 14:28:25,14,3,6,0,0,2
ACC04084,27.04847166439908,87.9606903715534,2022-05-20,21:14:02,clear,urban,night_lit,low,motorcycle,49.5,60,severe,2022-05-20 21:14:02,21,4,5,0,1,2
ACC04085,24.46934700480383,79.80144764524948,2025-08-07,19:09:09,clear,highway,dusk_dawn,heavy,truck,122.3,98,moderate,2025-08-07 19:09:09,19,3,8,0,0,1
ACC04086,22.697811206171817,79.92592116834814,2022-11-30,12:23:56,rain,rural,daylight,moderate,truck,89.8,51,minor,2022-11-30 12:23:56,12,2,11,0,0,0
ACC04087,14.659114125739237,84.374380195799,2025-11-29,20:45:11,clear,highway,night_lit,heavy,motorcycle,112.5,85,severe,2025-11-29 20:45:11,20,5,11,1,1,2
ACC04088,26.69008082774309,72.5790332419292,2022-10-18,11:19:34,rain,urban,daylight,low,car,62.3,50,minor,2022-10-18 11:19:34,11,1,10,0,0,0
ACC04089,12.670947983874695,78.83234371041564,2024-05-03,09:49:06,fog,expressway,night_unlit,moderate,motorcycle,123.8,90,fatal,2024-05-03 09:49:06,9,4,5,0,0,3
ACC04090,16.755449938235436,73.59724610903936,2025-04-08,16:36:36,clear,highway,night_lit,heavy,motorcycle,99.0,75,moderate,2025-04-08 16:36:36,16,1,4,0,0,1
ACC04091,13.0270605047753,78.41482212250378,2024-02-28,11:42:58,rain,highway,night_lit,moderate,car,94.0,97,minor,2024-02-28 11:42:58,11,2,2,0,0,0
ACC04092,24.013721560520324,87.741149458062,2023-11-16,16:14:27,cloudy,highway,daylight,low,car,137.1,68,minor,2023-11-16 16:14:27,16,3,11,0,0,0
ACC04093,18.63067948668326,84.05813249285377,2025-05-17,12:51:07,clear,urban,night_unlit,heavy,car,30.2,35,moderate,2025-05-17 12:51:07,12,5,5,1,0,1
ACC04094,23.7368726976876,87.76073401096349,2022-01-20,18:12:01,cloudy,urban,dusk_dawn,low,car,32.0,48,minor,2022-01-20 18:12:01,18,3,1,0,0,0
ACC04095,18.246557267464624,83.93677801072963,2025-09-18,22:22:45,cloudy,expressway,daylight,moderate,motorcycle,104.2,94,moderate,2025-09-18 22:22:45,22,3,9,0,1,1
ACC04096,20.203333154390897,81.72976114890541,2025-02-06,09:46:06,storm,rural,dusk_dawn,low,truck,93.3,56,minor,2025-02-06 09:46:06,9,3,2,0,0,0
ACC04097,20.243298182991253,84.0675333268359,2025-06-09,14:41:19,clear,rural,night_unlit,low,motorcycle,91.4,41,fatal,2025-06-09 14:41:19,14,0,6,0,0,3
ACC04098,12.820451766015802,82.54546676753576,2023-11-23,17:17:50,rain,rural,daylight,low,truck,96.3,76,severe,2023-11-23 17:17:50,17,3,11,0,0,2
ACC04099,19.744077474228064,79.42505647843053,2023-09-24,08:15:32,clear,highway,daylight,moderate,motorcycle,106.0,61,minor,2023-09-24 08:15:32,8,6,9,1,0,0
ACC04100,23.53915853607365,76.68074134408336,2024-07-28,18:25:52,clear,expressway,night_unlit,heavy,truck,69.4,99,moderate,2024-07-28 18:25:52,18,6,7,1,0,1
ACC04101,21.828940429357807,80.32284894934968,2024-11-20,16:26:52,cloudy,urban,dusk_dawn,low,truck,35.2,55,moderate,2024-11-20 16:26:52,16,2,11,0,0,1
ACC04102,13.355107793009172,76.13589558242289,2026-02-28,07:03:39,rain,highway,night_unlit,moderate,truck,101.2,84,moderate,2026-02-28 07:03:39,7,5,2,1,0,1
ACC04103,24.02500774236148,79.78682154307432,2025-11-08,19:14:56,rain,expressway,dusk_dawn,moderate,truck,90.3,95,moderate,2025-11-08 19:14:56,19,5,11,1,0,1
ACC04104,17.559529588474696,74.33816649473738,2022-03-30,12:09:02,fog,urban,dusk_dawn,heavy,car,48.6,57,minor,2022-03-30 12:09:02,12,2,3,0,0,0
ACC04105,12.259826450022398,81.04632158352065,2022-09-07,08:09:14,clear,highway,dusk_dawn,heavy,motorcycle,82.3,83,minor,2022-09-07 08:09:14,8,2,9,0,0,0
ACC04106,14.800720027516414,75.92453905299368,2026-04-04,08:21:16,cloudy,rural,dusk_dawn,heavy,truck,120.7,49,fatal,2026-04-04 08:21:16,8,5,4,1,0,3
ACC04107,20.95607383169807,76.69772966306512,2023-09-30,18:02:54,clear,highway,night_unlit,heavy,car,137.2,71,severe,2023-09-30 18:02:54,18,5,9,1,0,2
ACC04108,17.587229862541236,79.98445026851822,2024-08-10,21:40:37,rain,highway,night_unlit,moderate,car,134.3,88,fatal,2024-08-10 21:40:37,21,5,8,1,1,3
ACC04109,24.498894247563918,74.60042004834528,2022-04-03,11:40:15,clear,highway,night_unlit,low,motorcycle,138.2,69,fatal,2022-04-03 11:40:15,11,6,4,1,0,3
ACC04110,16.331762560183762,87.39807813817471,2022-06-21,06:13:12,clear,urban,dusk_dawn,heavy,motorcycle,40.8,41,minor,2022-06-21 06:13:12,6,1,6,0,0,0
ACC04111,25.910331032553035,79.15110904628602,2023-11-03,06:52:48,rain,highway,dusk_dawn,heavy,bus,88.0,73,minor,2023-11-03 06:52:48,6,4,11,0,0,0
ACC04112,17.15658926509164,77.63646767402801,2025-03-23,17:35:51,clear,highway,night_lit,low,truck,112.0,65,moderate,2025-03-23 17:35:51,17,6,3,1,0,1
ACC04113,23.17554673651948,72.4671456814813,2025-06-22,11:18:00,rain,urban,daylight,low,car,25.2,35,moderate,2025-06-22 11:18:00,11,6,6,1,0,1
ACC04114,26.385894844521243,85.49206980979572,2026-01-09,12:11:21,storm,highway,daylight,moderate,motorcycle,84.6,65,severe,2026-01-09 12:11:21,12,4,1,0,0,2
ACC04115,18.94001031558748,82.01334264490215,2022-11-20,10:25:32,cloudy,urban,daylight,low,truck,36.0,41,moderate,2022-11-20 10:25:32,10,6,11,1,0,1
ACC04116,12.842488952678467,78.66248247746076,2022-11-28,13:57:14,cloudy,urban,daylight,heavy,truck,69.6,52,severe,2022-11-28 13:57:14,13,0,11,0,0,2
ACC04117,21.638019379059852,75.9285247894156,2024-06-08,16:00:43,storm,highway,night_unlit,low,motorcycle,95.6,64,severe,2024-06-08 16:00:43,16,5,6,1,0,2
ACC04118,29.917363107801005,83.92219869880617,2024-06-17,15:01:45,rain,highway,night_unlit,low,car,81.3,63,severe,2024-06-17 15:01:45,15,0,6,0,0,2
ACC04119,29.441853594784444,87.12759321186667,2022-03-02,08:24:50,clear,highway,daylight,low,bus,106.8,68,severe,2022-03-02 08:24:50,8,2,3,0,0,2
ACC04120,15.978399490995027,78.09295529043233,2024-01-05,14:55:47,rain,urban,daylight,moderate,motorcycle,51.0,36,minor,2024-01-05 14:55:47,14,4,1,0,0,0
ACC04121,25.60253716963654,74.1580170940677,2026-01-13,13:16:50,cloudy,rural,daylight,heavy,car,97.0,41,moderate,2026-01-13 13:16:50,13,1,1,0,0,1
ACC04122,18.20913297276119,73.7471159563638,2022-09-27,15:44:21,rain,highway,night_lit,moderate,car,83.1,82,moderate,2022-09-27 15:44:21,15,1,9,0,0,1
ACC04123,14.884904643295648,72.10179155734218,2025-09-08,07:34:17,cloudy,highway,dusk_dawn,low,truck,83.5,76,moderate,2025-09-08 07:34:17,7,0,9,0,0,1
ACC04124,23.98646461084488,83.90328705234755,2024-01-05,07:11:18,clear,highway,dusk_dawn,heavy,motorcycle,93.7,67,minor,2024-01-05 07:11:18,7,4,1,0,0,0
ACC04125,21.01563713148184,87.70232617442673,2024-05-11,15:54:51,rain,urban,night_lit,moderate,car,76.8,59,moderate,2024-05-11 15:54:51,15,5,5,1,0,1
ACC04126,21.70615003780219,87.8850840440571,2024-11-19,09:09:38,clear,highway,night_unlit,low,motorcycle,61.8,65,moderate,2024-11-19 09:09:38,9,1,11,0,0,1
ACC04127,26.893067920239154,84.5471560694868,2025-03-04,16:30:19,heavy_rain,urban,daylight,low,auto,36.6,55,moderate,2025-03-04 16:30:19,16,1,3,0,0,1
ACC04128,18.057786165973617,74.5949404527367,2024-11-12,11:39:43,rain,urban,daylight,moderate,motorcycle,35.7,40,minor,2024-11-12 11:39:43,11,1,11,0,0,0
ACC04129,24.007705672001933,87.64335129460994,2022-06-20,08:40:14,storm,highway,night_lit,moderate,motorcycle,131.9,62,moderate,2022-06-20 08:40:14,8,0,6,0,0,1
ACC04130,18.59144640532725,77.24501508803121,2023-04-30,17:51:15,clear,urban,night_unlit,moderate,car,45.5,43,moderate,2023-04-30 17:51:15,17,6,4,1,0,1
ACC04131,12.769030138447723,77.3379137518807,2025-10-19,12:42:00,cloudy,expressway,night_lit,low,car,77.8,94,moderate,2025-10-19 12:42:00,12,6,10,1,0,1
ACC04132,18.80427193205428,82.99739124627902,2022-03-07,08:39:57,clear,highway,night_unlit,heavy,bus,110.5,85,fatal,2022-03-07 08:39:57,8,0,3,0,0,3
ACC04133,29.100620337674425,72.78478699319122,2025-03-20,19:09:14,clear,urban,dusk_dawn,moderate,car,24.8,54,minor,2025-03-20 19:09:14,19,3,3,0,0,0
ACC04134,20.698724677591507,85.21231567852095,2024-05-04,13:18:45,clear,urban,daylight,low,car,39.0,49,fatal,2024-05-04 13:18:45,13,5,5,1,0,3
ACC04135,13.948147863063626,87.95675642380391,2022-07-16,20:20:07,cloudy,highway,night_unlit,moderate,car,65.5,94,severe,2022-07-16 20:20:07,20,5,7,1,1,2
ACC04136,24.380882928772067,84.40111644943867,2022-07-21,08:22:02,cloudy,rural,night_unlit,moderate,car,95.9,76,moderate,2022-07-21 08:22:02,8,3,7,0,0,1
ACC04137,29.34082829493338,84.50682385931734,2026-05-30,20:06:40,fog,highway,night_lit,heavy,motorcycle,90.5,70,severe,2026-05-30 20:06:40,20,5,5,1,1,2
ACC04138,28.34301443779663,78.24501872906481,2022-02-20,19:05:05,clear,highway,night_lit,moderate,bus,63.5,92,minor,2022-02-20 19:05:05,19,6,2,1,0,0
ACC04139,22.29529508054649,73.0547422242505,2022-02-06,07:26:08,cloudy,urban,daylight,low,car,41.6,49,moderate,2022-02-06 07:26:08,7,6,2,1,0,1
ACC04140,18.77305339827356,84.68267894775077,2022-01-28,15:43:19,rain,expressway,night_lit,heavy,car,139.8,90,severe,2022-01-28 15:43:19,15,4,1,0,0,2
ACC04141,22.45219803316633,81.5545293904768,2024-10-29,17:53:35,clear,highway,daylight,moderate,motorcycle,129.5,89,minor,2024-10-29 17:53:35,17,1,10,0,0,0
ACC04142,26.68675911958649,86.54941902595336,2026-03-02,14:56:01,rain,urban,daylight,moderate,bus,57.3,35,severe,2026-03-02 14:56:01,14,0,3,0,0,2
ACC04143,27.50227215633217,73.85540640266932,2022-10-10,12:28:07,rain,highway,night_lit,low,bus,128.2,90,moderate,2022-10-10 12:28:07,12,0,10,0,0,1
ACC04144,26.739189928963945,76.88196900950574,2025-07-30,21:53:20,rain,urban,night_unlit,moderate,auto,28.5,38,moderate,2025-07-30 21:53:20,21,2,7,0,1,1
ACC04145,20.19857481195128,77.77049845957418,2025-03-27,17:27:42,rain,urban,daylight,heavy,car,73.3,35,moderate,2025-03-27 17:27:42,17,3,3,0,0,1
ACC04146,14.13944381226414,82.93247533671506,2023-01-13,22:28:05,rain,urban,night_lit,heavy,truck,72.6,42,minor,2023-01-13 22:28:05,22,4,1,0,1,0
ACC04147,22.245121681297974,84.60392260965048,2022-04-26,19:12:17,storm,expressway,dusk_dawn,heavy,motorcycle,76.5,86,minor,2022-04-26 19:12:17,19,1,4,0,0,0
ACC04148,14.815718904600574,87.37632653735072,2024-03-12,19:37:11,clear,urban,dusk_dawn,heavy,car,51.8,48,moderate,2024-03-12 19:37:11,19,1,3,0,0,1
ACC04149,13.097250010161408,76.72651453318647,2022-05-14,17:18:18,cloudy,highway,night_lit,moderate,truck,105.5,71,moderate,2022-05-14 17:18:18,17,5,5,1,0,1
ACC04150,20.97602100171949,79.89818253702796,2022-07-06,16:29:15,rain,expressway,daylight,moderate,truck,129.4,97,moderate,2022-07-06 16:29:15,16,2,7,0,0,1
ACC04151,23.796722100839304,72.46337488130078,2024-02-05,20:56:38,clear,highway,night_unlit,low,truck,90.3,82,moderate,2024-02-05 20:56:38,20,0,2,0,1,1
ACC04152,27.374651515315072,76.0478060497422,2025-09-01,16:32:04,cloudy,urban,night_lit,heavy,car,45.3,57,moderate,2025-09-01 16:32:04,16,0,9,0,0,1
ACC04153,26.091039971177462,77.98405612991425,2026-06-21,06:18:56,rain,urban,dusk_dawn,heavy,car,61.9,60,moderate,2026-06-21 06:18:56,6,6,6,1,0,1
ACC04154,27.43032922961787,81.50089930440717,2024-10-27,16:40:14,clear,rural,daylight,heavy,motorcycle,86.9,79,severe,2024-10-27 16:40:14,16,6,10,1,0,2
ACC04155,25.68123787477603,79.53352789758678,2023-03-31,07:43:59,cloudy,urban,daylight,moderate,car,32.2,44,moderate,2023-03-31 07:43:59,7,4,3,0,0,1
ACC04156,24.658309144310508,77.83160095643196,2023-06-24,21:36:43,rain,urban,night_unlit,low,car,53.8,42,severe,2023-06-24 21:36:43,21,5,6,1,1,2
ACC04157,12.182476244532593,81.98524746446947,2024-10-02,16:02:21,clear,urban,night_lit,heavy,truck,37.2,39,severe,2024-10-02 16:02:21,16,2,10,0,0,2
ACC04158,23.26984161256579,85.257850833872,2022-10-12,15:13:18,clear,urban,daylight,heavy,car,75.4,56,fatal,2022-10-12 15:13:18,15,2,10,0,0,3
ACC04159,14.16867247450412,75.86689812775663,2024-05-01,08:07:56,rain,expressway,dusk_dawn,moderate,car,62.8,87,moderate,2024-05-01 08:07:56,8,2,5,0,0,1
ACC04160,13.05600838198574,77.4860140681666,2025-06-16,14:57:59,rain,highway,dusk_dawn,low,car,93.6,83,minor,2025-06-16 14:57:59,14,0,6,0,0,0
ACC04161,14.815418737901798,83.27877839499232,2025-10-14,11:18:36,cloudy,highway,night_lit,heavy,car,131.4,81,moderate,2025-10-14 11:18:36,11,1,10,0,0,1
ACC04162,26.819258905951504,84.44704958013648,2022-04-08,17:28:02,cloudy,urban,night_lit,moderate,car,48.8,60,severe,2022-04-08 17:28:02,17,4,4,0,0,2
ACC04163,25.389289075800384,85.20634994775436,2023-04-19,16:54:54,clear,highway,dusk_dawn,moderate,truck,68.9,90,minor,2023-04-19 16:54:54,16,2,4,0,0,0
ACC04164,29.077903293693826,75.34929950235247,2023-02-23,14:59:28,rain,rural,daylight,heavy,truck,50.6,45,minor,2023-02-23 14:59:28,14,3,2,0,0,0
ACC04165,29.62157265570739,80.62827137991064,2024-06-30,09:13:01,clear,highway,daylight,moderate,car,67.0,82,severe,2024-06-30 09:13:01,9,6,6,1,0,2
ACC04166,28.07911175473168,86.40017757640454,2022-11-01,15:51:48,heavy_rain,urban,night_lit,moderate,motorcycle,50.4,42,minor,2022-11-01 15:51:48,15,1,11,0,0,0
ACC04167,14.392668917585985,78.27120728146387,2026-04-10,13:43:01,rain,urban,daylight,heavy,car,65.8,39,moderate,2026-04-10 13:43:01,13,4,4,0,0,1
ACC04168,27.810889336649645,78.87812944354489,2026-02-14,19:36:22,clear,rural,daylight,moderate,car,111.4,74,severe,2026-02-14 19:36:22,19,5,2,1,0,2
ACC04169,27.095468426195616,87.75716710241097,2023-07-01,20:10:04,cloudy,urban,night_lit,low,truck,67.1,60,minor,2023-07-01 20:10:04,20,5,7,1,1,0
ACC04170,27.67954547747455,73.80884233652009,2023-10-31,18:41:26,fog,highway,daylight,low,auto,107.9,83,fatal,2023-10-31 18:41:26,18,1,10,0,0,3
ACC04171,14.730341108096844,83.28963183138617,2023-12-23,10:36:48,heavy_rain,highway,daylight,heavy,car,78.1,91,severe,2023-12-23 10:36:48,10,5,12,1,0,2
ACC04172,14.102252899919716,85.60294603265427,2022-03-12,04:26:07,cloudy,rural,night_lit,low,truck,87.7,53,moderate,2022-03-12 04:26:07,4,5,3,1,1,1
ACC04173,28.62855983251347,74.41269626614428,2025-12-30,21:35:08,clear,expressway,dusk_dawn,heavy,car,91.1,84,moderate,2025-12-30 21:35:08,21,1,12,0,1,1
ACC04174,15.12887968442108,83.4312517761158,2025-07-03,23:12:57,rain,urban,night_unlit,moderate,truck,34.1,31,minor,2025-07-03 23:12:57,23,3,7,0,1,0
ACC04175,18.635191158766823,79.51581155216708,2023-06-30,07:37:10,rain,urban,daylight,moderate,motorcycle,56.6,44,moderate,2023-06-30 07:37:10,7,4,6,0,0,1
ACC04176,20.20772729089308,85.64625415479429,2024-06-17,17:09:06,cloudy,urban,night_lit,low,motorcycle,72.0,36,minor,2024-06-17 17:09:06,17,0,6,0,0,0
ACC04177,14.23996550093216,86.5192370693745,2023-09-18,12:17:35,clear,urban,daylight,moderate,truck,44.8,48,moderate,2023-09-18 12:17:35,12,0,9,0,0,1
ACC04178,12.371417184585852,85.95975845047317,2023-01-10,07:29:16,heavy_rain,urban,dusk_dawn,moderate,truck,26.7,59,moderate,2023-01-10 07:29:16,7,1,1,0,0,1
ACC04179,29.89362845580809,73.0301622012642,2023-05-15,23:09:57,cloudy,highway,dusk_dawn,heavy,auto,91.9,70,severe,2023-05-15 23:09:57,23,0,5,0,1,2
ACC04180,27.7798304070293,84.10968442903959,2022-06-25,21:54:09,clear,highway,night_unlit,low,motorcycle,116.0,87,severe,2022-06-25 21:54:09,21,5,6,1,1,2
ACC04181,28.422082728311477,86.74444119977326,2025-08-22,23:53:34,clear,urban,night_unlit,moderate,auto,72.1,32,moderate,2025-08-22 23:53:34,23,4,8,0,1,1
ACC04182,17.122135246898132,81.9415750507349,2024-12-11,07:28:55,clear,urban,dusk_dawn,heavy,truck,73.8,39,minor,2024-12-11 07:28:55,7,2,12,0,0,0
ACC04183,15.961828309417903,81.61401696765584,2026-03-08,14:34:43,cloudy,highway,daylight,moderate,motorcycle,62.3,87,severe,2026-03-08 14:34:43,14,6,3,1,0,2
ACC04184,19.66559804715768,72.72008619836977,2022-01-11,20:17:01,clear,rural,daylight,heavy,motorcycle,54.6,72,minor,2022-01-11 20:17:01,20,1,1,0,1,0
ACC04185,20.159748641604125,85.69652835529502,2024-11-02,17:12:11,cloudy,highway,night_unlit,heavy,bus,112.7,65,moderate,2024-11-02 17:12:11,17,5,11,1,0,1
ACC04186,12.100789899556332,72.74245697326658,2024-07-09,13:57:07,clear,rural,night_unlit,moderate,motorcycle,87.8,45,fatal,2024-07-09 13:57:07,13,1,7,0,0,3
ACC04187,26.026556026076992,77.01615370215478,2024-10-21,14:24:54,clear,rural,night_lit,moderate,car,121.9,40,minor,2024-10-21 14:24:54,14,0,10,0,0,0
ACC04188,29.940006686556316,86.81380904459544,2026-06-14,04:57:12,clear,rural,night_unlit,moderate,car,41.6,42,moderate,2026-06-14 04:57:12,4,6,6,1,1,1
ACC04189,21.51643566183761,87.19592228367219,2023-10-03,16:04:03,clear,rural,daylight,low,car,58.2,71,moderate,2023-10-03 16:04:03,16,1,10,0,0,1
ACC04190,18.98865651022412,87.87040864761477,2022-08-20,19:06:22,cloudy,rural,night_lit,low,car,111.6,55,severe,2022-08-20 19:06:22,19,5,8,1,0,2
ACC04191,19.069534077981658,79.62243656980618,2022-01-21,00:28:16,cloudy,urban,night_unlit,moderate,car,29.2,31,moderate,2022-01-21 00:28:16,0,4,1,0,1,1
ACC04192,13.729388379097813,74.83887274209617,2024-03-18,08:46:09,rain,urban,daylight,heavy,truck,32.9,56,moderate,2024-03-18 08:46:09,8,0,3,0,0,1
ACC04193,16.79091273055221,79.80711178926535,2022-10-13,14:25:27,cloudy,rural,night_lit,moderate,motorcycle,98.9,48,minor,2022-10-13 14:25:27,14,3,10,0,0,0
ACC04194,21.03839019542336,73.6370068013288,2022-08-20,15:50:54,rain,urban,daylight,moderate,car,34.3,33,moderate,2022-08-20 15:50:54,15,5,8,1,0,1
ACC04195,19.773264020424552,85.96057774351952,2022-08-31,11:07:13,clear,urban,night_lit,heavy,car,70.1,57,moderate,2022-08-31 11:07:13,11,2,8,0,0,1
ACC04196,21.81062542337598,80.96859573226408,2023-03-31,03:51:58,cloudy,highway,night_lit,moderate,car,99.2,89,minor,2023-03-31 03:51:58,3,4,3,0,1,0
ACC04197,27.28318167547332,78.47209438666809,2022-07-10,18:26:39,clear,urban,dusk_dawn,low,motorcycle,77.3,40,severe,2022-07-10 18:26:39,18,6,7,1,0,2
ACC04198,16.054361448593014,73.27249123969287,2024-03-08,09:17:22,cloudy,highway,night_lit,low,motorcycle,101.0,74,moderate,2024-03-08 09:17:22,9,4,3,0,0,1
ACC04199,12.497955256313617,78.48385082906609,2024-12-09,16:38:40,cloudy,urban,daylight,heavy,auto,43.7,30,moderate,2024-12-09 16:38:40,16,0,12,0,0,1
ACC04200,12.688058015089334,85.85906573424174,2023-04-21,15:46:20,rain,urban,night_lit,moderate,motorcycle,76.1,45,minor,2023-04-21 15:46:20,15,4,4,0,0,0
ACC04201,14.41503849552345,83.2544949196354,2022-08-12,12:55:12,cloudy,highway,night_lit,moderate,truck,116.6,88,moderate,2022-08-12 12:55:12,12,4,8,0,0,1
ACC04202,22.268693726479245,73.31928828017547,2024-07-28,16:05:14,clear,urban,night_lit,heavy,car,21.2,52,moderate,2024-07-28 16:05:14,16,6,7,1,0,1
ACC04203,26.547326580682643,74.55851519561881,2022-05-21,17:42:00,clear,rural,night_unlit,moderate,truck,23.6,73,moderate,2022-05-21 17:42:00,17,5,5,1,0,1
ACC04204,27.96250690705137,78.27693585132008,2025-04-26,15:18:38,fog,expressway,night_unlit,moderate,truck,111.3,93,severe,2025-04-26 15:18:38,15,5,4,1,0,2
ACC04205,23.432037635549484,73.6220013229747,2023-09-21,15:30:04,clear,highway,night_lit,moderate,auto,114.1,88,severe,2023-09-21 15:30:04,15,3,9,0,0,2
ACC04206,19.25657854411608,86.94465907189233,2023-11-05,13:27:11,clear,highway,night_unlit,low,truck,83.9,70,fatal,2023-11-05 13:27:11,13,6,11,1,0,3
ACC04207,14.781264746810653,82.43667271409402,2023-02-13,12:46:00,clear,rural,daylight,low,bus,38.7,56,severe,2023-02-13 12:46:00,12,0,2,0,0,2
ACC04208,19.22553010998262,73.51716802086312,2023-04-10,14:23:03,storm,urban,night_unlit,moderate,bus,43.8,36,moderate,2023-04-10 14:23:03,14,0,4,0,0,1
ACC04209,17.983472410340106,84.60891939808737,2022-08-28,13:16:54,heavy_rain,highway,night_unlit,low,bus,128.2,82,fatal,2022-08-28 13:16:54,13,6,8,1,0,3
ACC04210,27.66046585542848,77.89449485715109,2024-07-05,13:29:01,clear,urban,daylight,heavy,motorcycle,27.0,46,minor,2024-07-05 13:29:01,13,4,7,0,0,0
ACC04211,20.76094879339093,75.91793031285154,2022-08-28,08:40:37,clear,rural,night_lit,low,car,137.9,41,severe,2022-08-28 08:40:37,8,6,8,1,0,2
ACC04212,16.07152619918152,81.11975907103506,2025-01-22,17:50:19,rain,highway,dusk_dawn,moderate,motorcycle,109.3,80,moderate,2025-01-22 17:50:19,17,2,1,0,0,1
ACC04213,17.198419202684036,72.21395412992867,2023-02-25,07:00:08,clear,urban,night_lit,moderate,bus,79.1,41,minor,2023-02-25 07:00:08,7,5,2,1,0,0
ACC04214,14.456462961768402,79.44636256166808,2024-07-17,20:34:17,clear,highway,daylight,moderate,auto,96.8,98,fatal,2024-07-17 20:34:17,20,2,7,0,1,3
ACC04215,28.53453808324436,85.50087988952271,2024-05-31,16:04:05,cloudy,expressway,dusk_dawn,low,auto,100.1,99,minor,2024-05-31 16:04:05,16,4,5,0,0,0
ACC04216,12.906225232256434,86.8489215357691,2024-11-06,05:37:18,cloudy,rural,night_lit,heavy,motorcycle,23.4,74,severe,2024-11-06 05:37:18,5,2,11,0,1,2
ACC04217,12.231232474006095,77.48087527066303,2025-05-29,17:37:49,clear,urban,daylight,moderate,truck,31.8,49,severe,2025-05-29 17:37:49,17,3,5,0,0,2
ACC04218,15.293800803483638,82.27898541064071,2024-07-09,11:51:37,rain,expressway,night_unlit,low,motorcycle,79.6,89,moderate,2024-07-09 11:51:37,11,1,7,0,0,1
ACC04219,26.595732322391264,75.62917501390133,2025-11-01,21:11:48,rain,highway,night_unlit,low,truck,123.1,67,moderate,2025-11-01 21:11:48,21,5,11,1,1,1
ACC04220,21.422402159359464,80.96340913575534,2023-03-02,21:47:41,cloudy,rural,daylight,heavy,motorcycle,31.6,68,minor,2023-03-02 21:47:41,21,3,3,0,1,0
ACC04221,23.265179172785757,76.06444361845102,2025-05-18,19:41:55,clear,rural,dusk_dawn,moderate,car,63.2,67,minor,2025-05-18 19:41:55,19,6,5,1,0,0
ACC04222,18.439170157483225,81.14170413803924,2023-07-18,15:39:06,clear,rural,daylight,moderate,motorcycle,84.4,42,severe,2023-07-18 15:39:06,15,1,7,0,0,2
ACC04223,13.23620373988506,74.7475538766917,2024-10-28,21:38:09,heavy_rain,urban,daylight,low,car,76.1,36,minor,2024-10-28 21:38:09,21,0,10,0,1,0
ACC04224,27.410846924859023,87.0597209081719,2024-03-18,16:32:24,clear,highway,daylight,moderate,motorcycle,82.3,71,minor,2024-03-18 16:32:24,16,0,3,0,0,0
ACC04225,15.454096898257331,86.19067962251667,2026-01-30,20:03:31,clear,highway,night_lit,moderate,truck,106.4,76,minor,2026-01-30 20:03:31,20,4,1,0,1,0
ACC04226,12.595065609812064,77.39069199118144,2023-03-22,08:48:47,clear,highway,night_unlit,low,car,134.7,89,severe,2023-03-22 08:48:47,8,2,3,0,0,2
ACC04227,22.30867444679749,84.42660622279908,2024-05-03,20:23:07,clear,rural,night_unlit,heavy,truck,22.6,46,moderate,2024-05-03 20:23:07,20,4,5,0,1,1
ACC04228,13.49920596692282,73.52806609171512,2022-09-28,17:06:06,cloudy,urban,daylight,heavy,car,66.6,43,moderate,2022-09-28 17:06:06,17,2,9,0,0,1
ACC04229,13.723713333477017,83.84577453928678,2024-11-05,10:36:47,clear,urban,dusk_dawn,moderate,car,73.4,58,severe,2024-11-05 10:36:47,10,1,11,0,0,2
ACC04230,26.40678656668545,76.51934607380326,2022-03-02,23:56:32,rain,highway,night_lit,low,car,104.1,69,minor,2022-03-02 23:56:32,23,2,3,0,1,0
ACC04231,20.84897260772392,74.1702682988138,2023-11-07,17:42:24,clear,urban,dusk_dawn,moderate,car,50.5,33,minor,2023-11-07 17:42:24,17,1,11,0,0,0
ACC04232,16.347152140448575,82.85105948645781,2022-01-17,20:14:13,rain,urban,night_lit,heavy,truck,50.7,38,moderate,2022-01-17 20:14:13,20,0,1,0,1,1
ACC04233,18.275275620471337,79.51690908511023,2023-06-22,00:48:41,cloudy,urban,night_unlit,moderate,truck,28.9,34,minor,2023-06-22 00:48:41,0,3,6,0,1,0
ACC04234,25.12633761917709,80.48223362768711,2024-03-05,15:50:48,clear,urban,night_unlit,low,truck,27.5,42,minor,2024-03-05 15:50:48,15,1,3,0,0,0
ACC04235,13.194374605618831,80.32847654620673,2023-06-29,17:19:01,rain,highway,night_lit,moderate,truck,63.1,89,severe,2023-06-29 17:19:01,17,3,6,0,0,2
ACC04236,14.096651086797776,72.95116771369631,2023-09-26,01:31:03,fog,highway,night_unlit,moderate,truck,137.5,66,severe,2023-09-26 01:31:03,1,1,9,0,1,2
ACC04237,23.092716629830253,72.82208398548283,2022-09-01,18:50:46,clear,expressway,dusk_dawn,low,truck,105.2,87,severe,2022-09-01 18:50:46,18,3,9,0,0,2
ACC04238,22.92549122040793,81.61868006316955,2025-03-19,17:09:53,rain,urban,daylight,heavy,motorcycle,59.7,30,severe,2025-03-19 17:09:53,17,2,3,0,0,2
ACC04239,29.504319321636693,81.98183427768666,2025-08-01,09:21:13,cloudy,urban,night_lit,low,car,36.5,30,minor,2025-08-01 09:21:13,9,4,8,0,0,0
ACC04240,18.74189066259809,72.75479290424184,2024-01-17,17:27:42,rain,expressway,daylight,moderate,bus,74.6,83,minor,2024-01-17 17:27:42,17,2,1,0,0,0
ACC04241,13.171397289195284,78.05502931020509,2022-04-01,07:00:50,clear,urban,dusk_dawn,moderate,motorcycle,48.5,38,minor,2022-04-01 07:00:50,7,4,4,0,0,0
ACC04242,21.675673827293306,81.80562047296684,2022-04-13,19:10:06,clear,urban,daylight,moderate,bus,27.4,53,minor,2022-04-13 19:10:06,19,2,4,0,0,0
ACC04243,23.490242611712222,82.50689049204922,2025-01-12,19:36:11,clear,urban,night_unlit,low,bus,55.4,50,fatal,2025-01-12 19:36:11,19,6,1,1,0,3
ACC04244,14.512850144152484,85.25241214842482,2026-03-06,14:15:07,clear,highway,night_lit,moderate,motorcycle,99.8,90,severe,2026-03-06 14:15:07,14,4,3,0,0,2
ACC04245,21.95151552363354,78.7317165375501,2025-11-20,14:14:47,clear,highway,daylight,heavy,auto,89.5,91,minor,2025-11-20 14:14:47,14,3,11,0,0,0
ACC04246,15.559808189848765,80.7721244983515,2023-10-28,12:17:46,heavy_rain,rural,daylight,heavy,car,68.9,69,minor,2023-10-28 12:17:46,12,5,10,1,0,0
ACC04247,27.20514104185923,81.25696600974108,2024-03-27,11:07:08,clear,urban,night_lit,low,truck,24.7,47,moderate,2024-03-27 11:07:08,11,2,3,0,0,1
ACC04248,27.032906924108936,76.9927245328051,2022-09-25,20:38:10,clear,highway,daylight,low,truck,93.6,86,minor,2022-09-25 20:38:10,20,6,9,1,1,0
ACC04249,19.733323727971957,72.86120643906578,2022-04-26,10:15:39,clear,rural,daylight,heavy,truck,123.6,71,minor,2022-04-26 10:15:39,10,1,4,0,0,0
ACC04250,29.40137742923047,72.06761481928167,2025-06-11,12:39:53,cloudy,highway,night_lit,moderate,motorcycle,98.7,100,minor,2025-06-11 12:39:53,12,2,6,0,0,0
ACC04251,29.63592974009535,85.37800665789639,2023-12-05,10:49:46,rain,urban,daylight,moderate,car,30.5,38,severe,2023-12-05 10:49:46,10,1,12,0,0,2
ACC04252,14.32651960105715,75.20370916035819,2024-03-26,17:28:10,rain,rural,dusk_dawn,heavy,car,75.5,79,minor,2024-03-26 17:28:10,17,1,3,0,0,0
ACC04253,18.61884848698442,82.08407462654617,2023-07-18,19:54:23,cloudy,highway,night_lit,low,motorcycle,126.2,96,minor,2023-07-18 19:54:23,19,1,7,0,0,0
ACC04254,22.8057864608396,81.23275965830271,2023-05-30,08:11:03,clear,highway,daylight,heavy,motorcycle,79.3,88,moderate,2023-05-30 08:11:03,8,1,5,0,0,1
ACC04255,13.527080572465998,78.39412922784831,2026-06-07,09:57:14,clear,urban,daylight,moderate,motorcycle,28.8,58,minor,2026-06-07 09:57:14,9,6,6,1,0,0
ACC04256,18.887799068654463,85.33589293921014,2025-09-02,07:19:33,storm,rural,dusk_dawn,heavy,motorcycle,63.4,74,minor,2025-09-02 07:19:33,7,1,9,0,0,0
ACC04257,16.701097512298634,83.17442553109406,2025-02-09,08:18:20,clear,rural,night_unlit,moderate,motorcycle,57.7,51,fatal,2025-02-09 08:18:20,8,6,2,1,0,3
ACC04258,29.136903977400674,72.36386341502677,2023-10-01,12:58:36,clear,rural,daylight,heavy,car,30.2,60,severe,2023-10-01 12:58:36,12,6,10,1,0,2
ACC04259,19.408544810966468,84.42710517370696,2025-03-30,18:27:17,cloudy,highway,dusk_dawn,moderate,car,112.8,92,minor,2025-03-30 18:27:17,18,6,3,1,0,0
ACC04260,25.728075453855222,80.1119810880282,2023-07-12,15:44:33,clear,highway,night_lit,low,bus,117.5,86,minor,2023-07-12 15:44:33,15,2,7,0,0,0
ACC04261,18.96069654321913,77.55230862532555,2024-04-26,05:48:37,clear,urban,night_lit,moderate,truck,28.3,41,severe,2024-04-26 05:48:37,5,4,4,0,1,2
ACC04262,14.372617267539038,83.63015450418685,2022-08-27,16:26:11,fog,rural,daylight,heavy,motorcycle,50.6,58,minor,2022-08-27 16:26:11,16,5,8,1,0,0
ACC04263,27.536727542895253,82.97705007434031,2025-03-10,18:19:02,clear,highway,dusk_dawn,moderate,motorcycle,138.4,93,moderate,2025-03-10 18:19:02,18,0,3,0,0,1
ACC04264,12.00750450425587,76.96941180590318,2022-04-10,12:29:20,clear,highway,dusk_dawn,moderate,car,85.1,93,minor,2022-04-10 12:29:20,12,6,4,1,0,0
ACC04265,13.0069357315401,87.7286219439661,2025-04-01,09:23:02,clear,highway,night_lit,low,car,76.0,78,moderate,2025-04-01 09:23:02,9,1,4,0,0,1
ACC04266,18.558919306146777,82.37933578738806,2024-09-18,18:24:09,clear,highway,dusk_dawn,moderate,truck,134.8,65,minor,2024-09-18 18:24:09,18,2,9,0,0,0
ACC04267,24.36416859933725,81.69247539926229,2022-04-19,02:14:17,fog,urban,night_lit,moderate,car,57.5,48,moderate,2022-04-19 02:14:17,2,1,4,0,1,1
ACC04268,18.150677315233963,73.11808581570835,2024-04-11,19:54:20,rain,expressway,dusk_dawn,moderate,car,136.1,97,severe,2024-04-11 19:54:20,19,3,4,0,0,2
ACC04269,13.19363071717755,76.4691004855158,2023-01-01,18:34:16,heavy_rain,highway,dusk_dawn,heavy,motorcycle,122.3,62,severe,2023-01-01 18:34:16,18,6,1,1,0,2
ACC04270,17.72112060721468,79.15158403722306,2024-02-21,20:47:03,heavy_rain,urban,dusk_dawn,low,truck,22.2,48,severe,2024-02-21 20:47:03,20,2,2,0,1,2
ACC04271,16.409655461822922,82.09001126895483,2022-01-22,06:39:10,cloudy,urban,night_lit,moderate,motorcycle,60.4,58,moderate,2022-01-22 06:39:10,6,5,1,1,0,1
ACC04272,12.097556396727564,80.20421809168604,2025-03-31,07:21:52,cloudy,urban,dusk_dawn,moderate,motorcycle,60.4,49,minor,2025-03-31 07:21:52,7,0,3,0,0,0
ACC04273,21.626434437247237,84.20852693554227,2024-04-17,20:19:43,cloudy,highway,night_unlit,low,bus,91.0,71,fatal,2024-04-17 20:19:43,20,2,4,0,1,3
ACC04274,14.09962646539535,76.20108339948644,2023-08-18,13:58:26,rain,highway,night_lit,moderate,bus,137.7,82,fatal,2023-08-18 13:58:26,13,4,8,0,0,3
ACC04275,17.17493319833999,83.23451192451975,2025-12-09,12:01:01,rain,highway,daylight,heavy,motorcycle,106.7,71,minor,2025-12-09 12:01:01,12,1,12,0,0,0
ACC04276,23.54141694400346,85.0655527502586,2024-11-24,15:17:21,cloudy,rural,daylight,low,car,28.4,56,fatal,2024-11-24 15:17:21,15,6,11,1,0,3
ACC04277,25.05208239881359,84.24079960932725,2024-09-27,05:44:55,cloudy,urban,night_unlit,low,motorcycle,32.0,43,fatal,2024-09-27 05:44:55,5,4,9,0,1,3
ACC04278,16.742201283408406,84.33354535340854,2022-08-30,16:32:48,rain,urban,night_lit,moderate,bus,48.4,56,minor,2022-08-30 16:32:48,16,1,8,0,0,0
ACC04279,17.925486079174213,86.21611291619465,2024-04-01,21:36:45,clear,urban,night_lit,moderate,truck,30.6,50,moderate,2024-04-01 21:36:45,21,0,4,0,1,1
ACC04280,16.444366286294375,73.34685667968783,2025-02-24,17:01:14,cloudy,highway,daylight,heavy,auto,77.5,79,minor,2025-02-24 17:01:14,17,0,2,0,0,0
ACC04281,29.22399480569145,83.15506514198565,2026-03-01,13:13:24,cloudy,highway,night_lit,heavy,motorcycle,126.0,68,minor,2026-03-01 13:13:24,13,6,3,1,0,0
ACC04282,15.42935508577325,87.49885121786338,2024-09-19,22:35:01,cloudy,highway,daylight,moderate,car,98.5,98,minor,2024-09-19 22:35:01,22,3,9,0,1,0
ACC04283,15.297250865406172,81.17841039799261,2022-10-10,17:18:51,cloudy,highway,daylight,low,motorcycle,64.6,77,minor,2022-10-10 17:18:51,17,0,10,0,0,0
ACC04284,20.010635324967577,75.47706099175028,2025-01-18,05:28:06,rain,highway,night_lit,low,bus,122.2,87,severe,2025-01-18 05:28:06,5,5,1,1,1,2
ACC04285,15.407514465610245,87.9800608923874,2022-05-03,17:57:37,rain,expressway,dusk_dawn,moderate,car,125.3,93,minor,2022-05-03 17:57:37,17,1,5,0,0,0
ACC04286,14.820752213140944,74.79483668514366,2023-05-29,05:38:16,clear,expressway,night_unlit,moderate,motorcycle,128.5,83,severe,2023-05-29 05:38:16,5,0,5,0,1,2
ACC04287,13.72583167861954,77.36892315799776,2026-02-15,10:37:34,clear,rural,daylight,low,motorcycle,28.7,62,fatal,2026-02-15 10:37:34,10,6,2,1,0,3
ACC04288,23.52308246594849,74.75299501467468,2025-08-09,16:11:49,clear,urban,daylight,heavy,motorcycle,37.9,41,moderate,2025-08-09 16:11:49,16,5,8,1,0,1
ACC04289,23.01748058823413,79.4322059000011,2026-01-22,08:35:18,clear,urban,daylight,heavy,motorcycle,66.7,31,severe,2026-01-22 08:35:18,8,3,1,0,0,2
ACC04290,23.702932053803394,78.70201615377533,2023-08-02,04:57:01,clear,urban,night_unlit,heavy,motorcycle,50.4,52,moderate,2023-08-02 04:57:01,4,2,8,0,1,1
ACC04291,25.91940014416913,79.85985434416916,2025-01-26,16:38:39,rain,urban,daylight,moderate,bus,77.9,54,minor,2025-01-26 16:38:39,16,6,1,1,0,0
ACC04292,17.874444230266363,86.84773440088688,2025-02-23,09:47:31,rain,highway,daylight,heavy,car,73.0,82,severe,2025-02-23 09:47:31,9,6,2,1,0,2
ACC04293,28.531627205014587,79.6531901733476,2023-02-08,15:57:08,clear,expressway,night_unlit,low,truck,86.9,92,moderate,2023-02-08 15:57:08,15,2,2,0,0,1
ACC04294,25.197682999237607,80.23402121941831,2026-03-28,09:54:02,heavy_rain,rural,night_unlit,heavy,car,60.2,76,moderate,2026-03-28 09:54:02,9,5,3,1,0,1
ACC04295,26.484754594461364,86.18691369469549,2026-05-12,17:20:31,clear,highway,night_lit,moderate,car,123.3,92,minor,2026-05-12 17:20:31,17,1,5,0,0,0
ACC04296,24.9773189488808,85.08412790423732,2022-07-01,20:17:36,rain,urban,night_unlit,moderate,car,76.3,40,fatal,2022-07-01 20:17:36,20,4,7,0,1,3
ACC04297,18.452201617786116,75.8355524996071,2025-06-10,06:16:06,cloudy,rural,dusk_dawn,low,car,132.5,49,minor,2025-06-10 06:16:06,6,1,6,0,0,0
ACC04298,17.09458478512743,72.2068152836616,2024-01-06,18:46:35,rain,expressway,dusk_dawn,moderate,motorcycle,120.9,87,severe,2024-01-06 18:46:35,18,5,1,1,0,2
ACC04299,19.605307252422254,82.07199347523282,2025-01-11,08:22:26,clear,urban,night_lit,low,car,33.0,48,fatal,2025-01-11 08:22:26,8,5,1,1,0,3
ACC04300,13.746546489600451,85.51759718140032,2024-06-29,10:49:08,clear,urban,daylight,low,car,68.8,52,minor,2024-06-29 10:49:08,10,5,6,1,0,0
ACC04301,20.123049028187047,80.8456018017664,2023-01-02,11:48:36,clear,highway,daylight,moderate,bus,130.9,83,moderate,2023-01-02 11:48:36,11,0,1,0,0,1
ACC04302,12.776537695714318,75.37883072020553,2022-06-07,08:39:38,rain,urban,daylight,low,truck,40.5,53,minor,2022-06-07 08:39:38,8,1,6,0,0,0
ACC04303,12.0710272804895,83.86168145080491,2024-04-22,06:07:09,heavy_rain,highway,dusk_dawn,low,auto,103.8,88,moderate,2024-04-22 06:07:09,6,0,4,0,0,1
ACC04304,28.76698091054447,82.71262852178032,2025-10-06,18:42:40,cloudy,highway,dusk_dawn,heavy,truck,84.9,94,minor,2025-10-06 18:42:40,18,0,10,0,0,0
ACC04305,24.408063490582077,81.04052059853684,2025-09-12,18:12:13,rain,urban,dusk_dawn,low,motorcycle,43.0,58,moderate,2025-09-12 18:12:13,18,4,9,0,0,1
ACC04306,22.11324504718744,85.81337878433574,2023-03-28,23:33:35,clear,urban,night_unlit,moderate,motorcycle,55.7,48,fatal,2023-03-28 23:33:35,23,1,3,0,1,3
ACC04307,18.13983670961504,84.54787764702452,2025-11-13,21:13:48,rain,rural,night_unlit,low,auto,24.6,62,severe,2025-11-13 21:13:48,21,3,11,0,1,2
ACC04308,22.26968426433133,82.68723346276448,2023-08-08,13:03:56,rain,urban,night_unlit,heavy,motorcycle,50.3,40,moderate,2023-08-08 13:03:56,13,1,8,0,0,1
ACC04309,28.04836397408997,82.63613870437149,2024-07-10,07:38:15,cloudy,highway,dusk_dawn,heavy,motorcycle,92.8,86,severe,2024-07-10 07:38:15,7,2,7,0,0,2
ACC04310,23.742842410989564,82.5952421487724,2023-06-17,01:27:20,cloudy,urban,night_unlit,moderate,car,76.1,44,moderate,2023-06-17 01:27:20,1,5,6,1,1,1
ACC04311,22.84467596316308,80.40263591866503,2024-05-08,15:38:05,clear,rural,night_unlit,heavy,car,138.4,41,moderate,2024-05-08 15:38:05,15,2,5,0,0,1
ACC04312,20.28368105349021,79.42274631430155,2024-05-19,19:29:58,clear,urban,dusk_dawn,moderate,truck,74.3,45,minor,2024-05-19 19:29:58,19,6,5,1,0,0
ACC04313,18.22254655171545,83.35360735197952,2025-02-19,09:22:19,clear,urban,daylight,moderate,car,46.9,35,minor,2025-02-19 09:22:19,9,2,2,0,0,0
ACC04314,24.57384805059081,81.7679117035237,2024-02-14,08:00:48,rain,highway,daylight,low,car,83.5,86,moderate,2024-02-14 08:00:48,8,2,2,0,0,1
ACC04315,29.657656938284656,79.83968899680869,2024-05-17,13:16:56,rain,highway,night_lit,heavy,truck,111.4,97,minor,2024-05-17 13:16:56,13,4,5,0,0,0
ACC04316,19.64563848337062,74.02658166257666,2024-12-05,20:52:28,clear,expressway,night_unlit,heavy,truck,99.6,80,severe,2024-12-05 20:52:28,20,3,12,0,1,2
ACC04317,19.05969367225561,83.23086061845065,2023-11-17,13:45:41,fog,highway,daylight,low,bus,105.4,89,fatal,2023-11-17 13:45:41,13,4,11,0,0,3
ACC04318,19.706042502570764,82.33597712924745,2024-05-11,17:27:28,rain,highway,daylight,low,truck,113.8,62,severe,2024-05-11 17:27:28,17,5,5,1,0,2
ACC04319,19.659791424894987,77.47597481557605,2022-05-21,13:01:34,cloudy,highway,night_lit,moderate,car,79.1,92,moderate,2022-05-21 13:01:34,13,5,5,1,0,1
ACC04320,29.831245920632917,77.70117065944123,2025-11-29,11:59:14,storm,urban,night_lit,low,motorcycle,69.6,37,moderate,2025-11-29 11:59:14,11,5,11,1,0,1
ACC04321,24.72200863516813,75.94755814616404,2022-07-26,13:44:50,heavy_rain,rural,dusk_dawn,moderate,car,66.7,61,minor,2022-07-26 13:44:50,13,1,7,0,0,0
ACC04322,18.46532008579065,87.39064410184031,2025-12-04,18:01:07,clear,urban,dusk_dawn,heavy,car,74.8,36,minor,2025-12-04 18:01:07,18,3,12,0,0,0
ACC04323,18.687042728881007,85.76322180589956,2025-06-02,18:12:39,fog,rural,dusk_dawn,heavy,bus,43.0,42,fatal,2025-06-02 18:12:39,18,0,6,0,0,3
ACC04324,19.754344645393004,80.97678447059548,2026-04-06,13:10:55,cloudy,highway,daylight,moderate,truck,131.6,95,fatal,2026-04-06 13:10:55,13,0,4,0,0,3
ACC04325,12.660819376448094,78.42645034493623,2022-02-10,09:54:48,clear,highway,daylight,low,car,63.7,84,severe,2022-02-10 09:54:48,9,3,2,0,0,2
ACC04326,21.500695236382494,83.78920421914277,2022-12-23,07:57:45,clear,expressway,dusk_dawn,moderate,motorcycle,79.6,93,moderate,2022-12-23 07:57:45,7,4,12,0,0,1
ACC04327,26.604857127409765,80.44365081801595,2022-03-27,00:24:39,rain,urban,night_lit,heavy,auto,63.4,46,severe,2022-03-27 00:24:39,0,6,3,1,1,2
ACC04328,23.89022027773519,87.61361654264182,2023-11-17,07:10:56,storm,rural,dusk_dawn,heavy,motorcycle,86.3,75,minor,2023-11-17 07:10:56,7,4,11,0,0,0
ACC04329,15.571575241707748,72.88196182275448,2026-01-25,08:38:51,cloudy,urban,daylight,heavy,car,61.9,43,moderate,2026-01-25 08:38:51,8,6,1,1,0,1
ACC04330,25.10461634481066,72.54857174485561,2025-06-12,17:16:16,cloudy,highway,night_unlit,heavy,car,70.0,92,moderate,2025-06-12 17:16:16,17,3,6,0,0,1
ACC04331,24.950254913976543,81.09777628757398,2025-03-01,19:07:37,clear,expressway,dusk_dawn,moderate,motorcycle,92.9,88,moderate,2025-03-01 19:07:37,19,5,3,1,0,1
ACC04332,16.725705881681947,75.2524675630225,2025-10-25,18:15:25,rain,highway,dusk_dawn,low,motorcycle,135.6,63,minor,2025-10-25 18:15:25,18,5,10,1,0,0
ACC04333,23.211743823424836,81.66886661680309,2022-01-07,17:15:15,clear,urban,dusk_dawn,heavy,truck,53.9,46,moderate,2022-01-07 17:15:15,17,4,1,0,0,1
ACC04334,22.99708259619485,84.50276845675484,2025-07-17,23:03:49,cloudy,highway,night_lit,moderate,car,126.2,100,minor,2025-07-17 23:03:49,23,3,7,0,1,0
ACC04335,27.116177229411267,74.20975617895796,2023-05-28,22:42:02,cloudy,urban,daylight,heavy,motorcycle,61.5,32,severe,2023-05-28 22:42:02,22,6,5,1,1,2
ACC04336,14.449301613001944,79.04973158703245,2025-02-08,09:21:07,clear,urban,dusk_dawn,heavy,car,28.9,55,moderate,2025-02-08 09:21:07,9,5,2,1,0,1
ACC04337,15.507093081207408,83.01867333518969,2025-06-07,07:33:06,fog,highway,dusk_dawn,low,car,99.5,95,moderate,2025-06-07 07:33:06,7,5,6,1,0,1
ACC04338,20.74745106782049,85.34181713076754,2025-01-31,07:33:12,storm,expressway,dusk_dawn,low,car,92.2,84,fatal,2025-01-31 07:33:12,7,4,1,0,0,3
ACC04339,12.794612680061526,79.94150544058172,2023-11-17,20:46:30,cloudy,highway,night_unlit,heavy,motorcycle,63.1,65,fatal,2023-11-17 20:46:30,20,4,11,0,1,3
ACC04340,19.48069555683072,75.29845739049634,2024-10-01,07:45:56,rain,urban,dusk_dawn,moderate,motorcycle,32.4,57,severe,2024-10-01 07:45:56,7,1,10,0,0,2
ACC04341,26.187942755995017,81.37278808937013,2024-02-09,11:33:58,rain,highway,night_unlit,low,car,99.2,86,severe,2024-02-09 11:33:58,11,4,2,0,0,2
ACC04342,14.676859091711968,79.2722730996,2024-10-28,15:50:54,clear,urban,night_unlit,moderate,auto,42.1,54,moderate,2024-10-28 15:50:54,15,0,10,0,0,1
ACC04343,20.27907726485745,84.35080683207177,2024-01-24,16:34:45,clear,urban,night_unlit,low,car,76.6,51,severe,2024-01-24 16:34:45,16,2,1,0,0,2
ACC04344,29.815846200884003,80.88921702724717,2023-10-10,16:01:27,rain,urban,daylight,moderate,truck,37.9,42,severe,2023-10-10 16:01:27,16,1,10,0,0,2
ACC04345,21.10656024164756,76.47076551952689,2022-11-28,18:51:46,cloudy,urban,daylight,moderate,bus,27.7,33,moderate,2022-11-28 18:51:46,18,0,11,0,0,1
ACC04346,20.969828834197628,84.07028671553901,2023-09-29,15:46:16,rain,rural,night_unlit,moderate,car,96.7,55,severe,2023-09-29 15:46:16,15,4,9,0,0,2
ACC04347,22.058284507035022,80.28395220739135,2025-03-30,19:25:39,cloudy,expressway,night_lit,heavy,car,80.4,95,moderate,2025-03-30 19:25:39,19,6,3,1,0,1
ACC04348,15.34807866598934,74.84074483645324,2025-11-29,06:23:00,rain,rural,dusk_dawn,low,car,130.7,49,moderate,2025-11-29 06:23:00,6,5,11,1,0,1
ACC04349,14.648949888346998,81.00915717027192,2022-06-19,19:53:54,clear,highway,dusk_dawn,heavy,bus,60.1,94,minor,2022-06-19 19:53:54,19,6,6,1,0,0
ACC04350,24.192383324071955,87.17312095753397,2022-10-28,16:25:58,clear,rural,daylight,heavy,motorcycle,131.1,48,minor,2022-10-28 16:25:58,16,4,10,0,0,0
ACC04351,19.123802578303863,83.28826017500378,2024-04-12,08:22:44,clear,highway,daylight,heavy,car,127.6,90,severe,2024-04-12 08:22:44,8,4,4,0,0,2
ACC04352,17.218319307878563,76.78085378332766,2025-02-27,22:43:10,cloudy,highway,night_unlit,heavy,car,117.8,70,fatal,2025-02-27 22:43:10,22,3,2,0,1,3
ACC04353,12.565049158558155,83.37397080468573,2022-10-07,21:19:15,rain,urban,night_lit,low,car,47.8,35,minor,2022-10-07 21:19:15,21,4,10,0,1,0
ACC04354,27.228908949212684,76.52170097603486,2023-06-18,19:24:44,rain,urban,dusk_dawn,moderate,motorcycle,40.4,40,severe,2023-06-18 19:24:44,19,6,6,1,0,2
ACC04355,12.58191958520699,80.6830214006602,2022-03-18,20:46:29,cloudy,urban,night_lit,low,truck,79.4,37,severe,2022-03-18 20:46:29,20,4,3,0,1,2
ACC04356,25.499696233499748,80.42553222060084,2022-03-28,11:13:32,cloudy,urban,daylight,moderate,motorcycle,43.2,39,minor,2022-03-28 11:13:32,11,0,3,0,0,0
ACC04357,18.875794061974457,75.95825406258886,2022-08-24,08:00:24,clear,urban,daylight,low,car,53.8,45,minor,2022-08-24 08:00:24,8,2,8,0,0,0
ACC04358,22.7763805890837,77.56609919807708,2025-04-12,08:20:50,cloudy,expressway,dusk_dawn,low,truck,135.2,84,moderate,2025-04-12 08:20:50,8,5,4,1,0,1
ACC04359,16.45820401242292,87.07490327657673,2025-11-28,20:10:09,fog,highway,night_lit,heavy,bus,97.5,69,severe,2025-11-28 20:10:09,20,4,11,0,1,2
ACC04360,14.797193992177316,76.00957658264694,2024-03-30,19:21:26,clear,urban,night_unlit,heavy,motorcycle,77.9,43,severe,2024-03-30 19:21:26,19,5,3,1,0,2
ACC04361,21.600984015029056,84.81643269809578,2022-10-17,22:04:13,rain,highway,night_unlit,moderate,truck,99.7,62,fatal,2022-10-17 22:04:13,22,0,10,0,1,3
ACC04362,24.521118509174585,82.67792928019423,2026-02-21,19:35:41,clear,highway,dusk_dawn,moderate,bus,104.9,82,minor,2026-02-21 19:35:41,19,5,2,1,0,0
ACC04363,15.518879309012638,80.52206612041223,2023-04-03,16:30:17,clear,expressway,dusk_dawn,heavy,motorcycle,130.6,83,minor,2023-04-03 16:30:17,16,0,4,0,0,0
ACC04364,19.85446105378616,74.20023791144261,2022-09-12,07:16:17,rain,highway,dusk_dawn,heavy,car,76.5,70,moderate,2022-09-12 07:16:17,7,0,9,0,0,1
ACC04365,20.00378946524512,75.27313204330204,2022-08-15,08:37:10,rain,highway,daylight,low,motorcycle,65.5,83,moderate,2022-08-15 08:37:10,8,0,8,0,0,1
ACC04366,15.887624683430332,74.86364197744646,2023-08-03,13:08:51,cloudy,urban,night_lit,low,car,73.5,60,moderate,2023-08-03 13:08:51,13,3,8,0,0,1
ACC04367,22.17089003253836,81.38870814358003,2025-04-22,18:00:13,heavy_rain,highway,dusk_dawn,heavy,car,113.1,66,severe,2025-04-22 18:00:13,18,1,4,0,0,2
ACC04368,14.626842362070612,87.57413114749565,2023-10-15,08:28:52,rain,urban,daylight,low,truck,74.2,33,minor,2023-10-15 08:28:52,8,6,10,1,0,0
ACC04369,21.17548511973444,86.03582820439992,2024-01-02,20:09:54,cloudy,expressway,night_unlit,heavy,bus,100.7,83,fatal,2024-01-02 20:09:54,20,1,1,0,1,3
ACC04370,14.041767204587993,72.40403012687324,2023-07-13,17:51:57,clear,rural,night_lit,moderate,motorcycle,137.4,50,severe,2023-07-13 17:51:57,17,3,7,0,0,2
ACC04371,20.739763359392477,76.37962599139755,2026-03-30,10:18:20,clear,urban,night_lit,moderate,bus,67.5,51,severe,2026-03-30 10:18:20,10,0,3,0,0,2
ACC04372,17.608782987760023,74.51611934299235,2025-01-27,20:25:39,cloudy,urban,night_lit,low,auto,41.7,36,minor,2025-01-27 20:25:39,20,0,1,0,1,0
ACC04373,20.140433257467627,87.61084547036643,2024-12-26,16:17:49,rain,rural,dusk_dawn,heavy,truck,96.3,61,moderate,2024-12-26 16:17:49,16,3,12,0,0,1
ACC04374,19.80748846997713,75.76976375356504,2023-12-20,17:26:04,clear,highway,daylight,moderate,bus,107.4,76,minor,2023-12-20 17:26:04,17,2,12,0,0,0
ACC04375,28.342796210734672,75.2210109606207,2024-05-22,12:05:03,clear,rural,night_lit,heavy,bus,123.6,53,minor,2024-05-22 12:05:03,12,2,5,0,0,0
ACC04376,20.81884079921633,81.93400469731614,2025-12-24,12:56:12,clear,urban,dusk_dawn,moderate,car,66.4,38,minor,2025-12-24 12:56:12,12,2,12,0,0,0
ACC04377,26.732980269783734,80.89898533719658,2024-12-14,01:10:58,clear,rural,night_unlit,heavy,auto,101.6,42,severe,2024-12-14 01:10:58,1,5,12,1,1,2
ACC04378,16.061743072410874,75.61362374049976,2025-08-29,15:23:05,cloudy,highway,daylight,low,auto,131.0,71,fatal,2025-08-29 15:23:05,15,4,8,0,0,3
ACC04379,18.337490303416654,82.72583783259587,2022-03-08,18:50:45,rain,rural,daylight,low,car,68.1,48,minor,2022-03-08 18:50:45,18,1,3,0,0,0
ACC04380,13.351608851397437,73.55211538071502,2025-11-12,22:25:50,rain,rural,night_unlit,heavy,motorcycle,87.6,68,fatal,2025-11-12 22:25:50,22,2,11,0,1,3
ACC04381,19.573460306786885,72.30990505649427,2026-04-10,20:42:54,storm,urban,night_unlit,low,car,55.9,43,fatal,2026-04-10 20:42:54,20,4,4,0,1,3
ACC04382,24.03659796734876,73.31863665130155,2025-01-02,06:04:31,rain,highway,night_unlit,low,motorcycle,132.5,65,moderate,2025-01-02 06:04:31,6,3,1,0,0,1
ACC04383,27.08700661396913,77.83789161561236,2026-04-20,22:17:31,clear,highway,night_lit,low,motorcycle,90.3,97,minor,2026-04-20 22:17:31,22,0,4,0,1,0
ACC04384,22.186468412384794,87.60026124599707,2024-07-21,07:45:44,rain,rural,dusk_dawn,heavy,car,122.2,52,moderate,2024-07-21 07:45:44,7,6,7,1,0,1
ACC04385,23.521308052675412,80.75595198094982,2023-03-30,04:15:38,rain,urban,daylight,heavy,motorcycle,41.8,60,minor,2023-03-30 04:15:38,4,3,3,0,1,0
ACC04386,15.190807397105068,84.07561764824747,2024-09-22,18:24:47,cloudy,expressway,dusk_dawn,heavy,motorcycle,115.1,97,moderate,2024-09-22 18:24:47,18,6,9,1,0,1
ACC04387,12.669708688201908,77.14393203570495,2024-10-28,20:04:21,cloudy,urban,night_unlit,low,car,51.9,59,minor,2024-10-28 20:04:21,20,0,10,0,1,0
ACC04388,26.250386613191687,83.50942504773326,2022-08-26,21:30:56,cloudy,highway,daylight,moderate,truck,99.4,64,severe,2022-08-26 21:30:56,21,4,8,0,1,2
ACC04389,15.006687733943156,87.45889916995772,2022-11-28,19:20:25,clear,rural,dusk_dawn,moderate,auto,60.6,46,minor,2022-11-28 19:20:25,19,0,11,0,0,0
ACC04390,13.641051639589543,77.72417424451285,2023-04-24,08:51:14,clear,rural,night_lit,heavy,car,107.5,64,moderate,2023-04-24 08:51:14,8,0,4,0,0,1
ACC04391,28.876121776318715,87.9849509557604,2024-06-17,07:23:45,clear,urban,daylight,moderate,motorcycle,71.9,55,moderate,2024-06-17 07:23:45,7,0,6,0,0,1
ACC04392,29.343384553065174,82.21455921650666,2022-09-01,05:49:37,cloudy,rural,night_unlit,moderate,car,23.7,41,severe,2022-09-01 05:49:37,5,3,9,0,1,2
ACC04393,23.092631248844903,83.97746259943558,2025-06-19,16:54:02,heavy_rain,highway,daylight,low,car,104.5,86,moderate,2025-06-19 16:54:02,16,3,6,0,0,1
ACC04394,18.81547090837128,76.0346758215704,2022-06-29,14:50:09,clear,highway,night_lit,moderate,motorcycle,125.0,78,moderate,2022-06-29 14:50:09,14,2,6,0,0,1
ACC04395,26.99831173735293,82.28945230683587,2026-03-24,07:44:02,clear,highway,daylight,heavy,car,82.4,83,severe,2026-03-24 07:44:02,7,1,3,0,0,2
ACC04396,15.684959268037424,80.17610002339819,2025-01-14,13:35:34,rain,highway,night_unlit,moderate,motorcycle,67.3,71,severe,2025-01-14 13:35:34,13,1,1,0,0,2
ACC04397,19.72906189373428,87.30244232763897,2023-07-11,15:28:52,heavy_rain,urban,night_unlit,moderate,car,23.9,31,severe,2023-07-11 15:28:52,15,1,7,0,0,2
ACC04398,18.42631138201083,86.47480076463225,2023-09-04,17:04:19,cloudy,highway,night_unlit,moderate,truck,114.6,95,moderate,2023-09-04 17:04:19,17,0,9,0,0,1
ACC04399,28.42859983335027,78.34676158280124,2025-02-12,12:08:06,clear,rural,night_lit,low,car,54.1,65,moderate,2025-02-12 12:08:06,12,2,2,0,0,1
ACC04400,28.555993476520925,87.14991602461174,2022-05-26,10:22:51,cloudy,highway,night_lit,moderate,bus,84.4,74,moderate,2022-05-26 10:22:51,10,3,5,0,0,1
ACC04401,23.715946673826,86.15700084400015,2025-03-22,17:39:43,rain,urban,daylight,heavy,motorcycle,73.9,43,severe,2025-03-22 17:39:43,17,5,3,1,0,2
ACC04402,13.993322524908454,81.44614160590623,2024-06-25,17:00:32,rain,urban,night_lit,low,car,62.6,55,moderate,2024-06-25 17:00:32,17,1,6,0,0,1
ACC04403,20.679470213849445,73.31388654063264,2022-12-30,09:56:11,clear,highway,daylight,moderate,car,83.8,96,minor,2022-12-30 09:56:11,9,4,12,0,0,0
ACC04404,16.415910592033022,74.57264385055261,2026-01-13,02:59:40,heavy_rain,urban,night_lit,heavy,motorcycle,39.6,51,minor,2026-01-13 02:59:40,2,1,1,0,1,0
ACC04405,27.92848193732068,73.2299879147808,2024-10-29,21:04:21,rain,expressway,night_unlit,moderate,bus,70.0,89,moderate,2024-10-29 21:04:21,21,1,10,0,1,1
ACC04406,14.491250382291634,73.72788983438498,2022-09-26,18:05:14,rain,expressway,dusk_dawn,moderate,motorcycle,136.1,91,moderate,2022-09-26 18:05:14,18,0,9,0,0,1
ACC04407,12.977584965492731,87.63123799028924,2024-12-12,08:50:17,clear,highway,daylight,heavy,motorcycle,126.7,75,moderate,2024-12-12 08:50:17,8,3,12,0,0,1
ACC04408,24.67972260390141,75.39467678745844,2023-11-07,15:11:03,heavy_rain,urban,daylight,moderate,truck,44.1,41,severe,2023-11-07 15:11:03,15,1,11,0,0,2
ACC04409,20.15914934942675,83.0536733174506,2025-06-08,16:10:29,cloudy,highway,dusk_dawn,low,car,118.5,99,severe,2025-06-08 16:10:29,16,6,6,1,0,2
ACC04410,27.09056797685552,82.18445212292431,2024-03-19,07:11:45,clear,urban,night_lit,moderate,truck,45.9,33,moderate,2024-03-19 07:11:45,7,1,3,0,0,1
ACC04411,13.343333361047613,82.09831783764807,2026-06-30,08:42:49,clear,highway,night_unlit,low,car,103.5,90,fatal,2026-06-30 08:42:49,8,1,6,0,0,3
ACC04412,26.419370386941164,75.30726399353648,2026-03-03,22:07:43,clear,expressway,night_unlit,moderate,truck,62.3,97,severe,2026-03-03 22:07:43,22,1,3,0,1,2
ACC04413,12.67202555119485,81.26954551015375,2022-03-08,14:11:52,clear,urban,daylight,heavy,bus,46.0,44,severe,2022-03-08 14:11:52,14,1,3,0,0,2
ACC04414,12.505260214451226,82.00861359335923,2023-11-06,08:23:57,clear,highway,daylight,low,car,137.7,95,moderate,2023-11-06 08:23:57,8,0,11,0,0,1
ACC04415,20.303683531158534,81.12648506632178,2022-11-29,18:36:13,clear,expressway,dusk_dawn,heavy,car,75.7,88,moderate,2022-11-29 18:36:13,18,1,11,0,0,1
ACC04416,15.983243214251733,74.97859947641086,2024-01-10,13:59:26,cloudy,urban,dusk_dawn,heavy,truck,21.2,60,minor,2024-01-10 13:59:26,13,2,1,0,0,0
ACC04417,22.68693672611755,83.56896955319534,2022-08-27,16:14:20,rain,highway,night_lit,low,truck,117.2,64,minor,2022-08-27 16:14:20,16,5,8,1,0,0
ACC04418,12.464705895806468,73.17189059066418,2024-05-29,10:15:41,rain,rural,night_lit,moderate,motorcycle,83.1,50,moderate,2024-05-29 10:15:41,10,2,5,0,0,1
ACC04419,12.637011762533614,81.45920018911394,2022-09-11,05:32:50,cloudy,urban,daylight,low,motorcycle,30.9,39,severe,2022-09-11 05:32:50,5,6,9,1,1,2
ACC04420,25.088672931094926,78.98014931842101,2024-10-20,08:25:53,clear,urban,daylight,heavy,car,46.1,34,moderate,2024-10-20 08:25:53,8,6,10,1,0,1
ACC04421,15.78297292486161,76.00458549012917,2024-01-16,22:36:05,cloudy,highway,night_unlit,moderate,truck,103.8,93,moderate,2024-01-16 22:36:05,22,1,1,0,1,1
ACC04422,23.815508225893204,84.91822382441822,2026-06-19,16:14:30,rain,highway,night_lit,heavy,car,82.5,89,severe,2026-06-19 16:14:30,16,4,6,0,0,2
ACC04423,25.49859890701365,74.81428106675494,2025-12-13,19:37:07,rain,highway,night_lit,heavy,motorcycle,96.5,61,moderate,2025-12-13 19:37:07,19,5,12,1,0,1
ACC04424,13.067960983049414,86.92770815836721,2024-09-12,02:55:19,clear,rural,night_unlit,moderate,car,27.8,61,minor,2024-09-12 02:55:19,2,3,9,0,1,0
ACC04425,25.855571180356307,86.153040453139,2024-01-07,18:40:28,fog,highway,dusk_dawn,heavy,car,106.1,62,moderate,2024-01-07 18:40:28,18,6,1,1,0,1
ACC04426,16.831581923303148,77.76940075459333,2025-03-21,14:44:37,rain,urban,night_unlit,low,truck,25.4,55,severe,2025-03-21 14:44:37,14,4,3,0,0,2
ACC04427,19.01182724759547,76.8824468937375,2025-01-02,17:04:47,heavy_rain,expressway,daylight,low,motorcycle,116.2,85,fatal,2025-01-02 17:04:47,17,3,1,0,0,3
ACC04428,13.5595054613157,74.19978693470243,2022-08-17,11:54:59,rain,expressway,daylight,moderate,motorcycle,119.6,100,minor,2022-08-17 11:54:59,11,2,8,0,0,0
ACC04429,27.09533970056735,86.6612450549433,2023-09-11,16:42:20,cloudy,rural,daylight,heavy,bus,43.7,68,minor,2023-09-11 16:42:20,16,0,9,0,0,0
ACC04430,22.09311815386375,82.04050974117236,2026-06-18,03:37:33,fog,rural,daylight,low,motorcycle,90.8,58,moderate,2026-06-18 03:37:33,3,3,6,0,1,1
ACC04431,21.0839750012491,72.50853731429444,2023-06-09,04:09:04,heavy_rain,expressway,night_unlit,moderate,truck,62.8,92,fatal,2023-06-09 04:09:04,4,4,6,0,1,3
ACC04432,29.4339865962496,80.17599063298577,2022-01-22,18:33:06,rain,rural,dusk_dawn,heavy,bus,106.2,44,minor,2022-01-22 18:33:06,18,5,1,1,0,0
ACC04433,18.021103678932075,73.37278316527019,2025-10-01,07:40:58,heavy_rain,urban,night_lit,low,truck,28.4,56,moderate,2025-10-01 07:40:58,7,2,10,0,0,1
ACC04434,28.034027156580528,81.18001095924546,2026-03-12,01:37:56,heavy_rain,highway,night_unlit,moderate,car,129.7,82,severe,2026-03-12 01:37:56,1,3,3,0,1,2
ACC04435,24.95438185916288,80.143387493133,2024-12-12,20:07:56,rain,highway,night_lit,low,car,117.6,86,moderate,2024-12-12 20:07:56,20,3,12,0,1,1
ACC04436,28.7135064453403,73.32553672804355,2024-11-08,09:02:15,clear,urban,night_lit,low,motorcycle,75.7,54,minor,2024-11-08 09:02:15,9,4,11,0,0,0
ACC04437,28.340436949724275,85.05376948986836,2023-07-31,16:28:39,cloudy,highway,night_lit,moderate,car,122.6,76,minor,2023-07-31 16:28:39,16,0,7,0,0,0
ACC04438,29.83853649046925,76.19707483466044,2023-08-14,19:43:13,cloudy,highway,night_unlit,heavy,car,87.8,97,minor,2023-08-14 19:43:13,19,0,8,0,0,0
ACC04439,14.370181536668836,80.66374982666719,2026-02-10,18:23:40,rain,highway,dusk_dawn,low,car,115.5,62,moderate,2026-02-10 18:23:40,18,1,2,0,0,1
ACC04440,26.32829505764871,82.22462202608855,2025-11-09,05:41:29,cloudy,urban,night_lit,moderate,car,54.0,44,moderate,2025-11-09 05:41:29,5,6,11,1,1,1
ACC04441,26.480898389055056,87.39687253720267,2024-03-29,15:58:56,cloudy,urban,daylight,heavy,motorcycle,74.3,44,minor,2024-03-29 15:58:56,15,4,3,0,0,0
ACC04442,23.59872350721276,79.90098708607754,2023-05-30,15:53:22,storm,highway,dusk_dawn,moderate,car,109.0,74,moderate,2023-05-30 15:53:22,15,1,5,0,0,1
ACC04443,17.019497248287635,86.67705235660678,2022-11-06,11:37:38,cloudy,urban,night_lit,moderate,car,59.0,53,minor,2022-11-06 11:37:38,11,6,11,1,0,0
ACC04444,29.372668889309672,77.67771746156318,2022-01-18,18:43:39,clear,highway,dusk_dawn,moderate,truck,87.1,63,severe,2022-01-18 18:43:39,18,1,1,0,0,2
ACC04445,15.679598482023772,85.71899522639993,2024-03-04,22:05:47,rain,urban,daylight,heavy,bus,41.4,32,minor,2024-03-04 22:05:47,22,0,3,0,1,0
ACC04446,20.992356810451906,75.77321963122267,2024-06-28,07:05:03,clear,highway,dusk_dawn,heavy,motorcycle,73.4,100,severe,2024-06-28 07:05:03,7,4,6,0,0,2
ACC04447,21.38676803074535,83.31967619896669,2025-01-12,07:42:27,clear,urban,night_lit,low,bus,68.7,40,moderate,2025-01-12 07:42:27,7,6,1,1,0,1
ACC04448,14.9129282070487,73.41779190007995,2025-08-14,18:48:27,cloudy,rural,dusk_dawn,moderate,car,63.9,69,minor,2025-08-14 18:48:27,18,3,8,0,0,0
ACC04449,25.00551880199833,87.77680570693855,2023-08-26,13:11:13,fog,highway,daylight,moderate,truck,106.6,77,severe,2023-08-26 13:11:13,13,5,8,1,0,2
ACC04450,13.599608955244316,87.26298239779788,2022-10-01,18:35:48,clear,rural,dusk_dawn,moderate,motorcycle,116.3,71,minor,2022-10-01 18:35:48,18,5,10,1,0,0
ACC04451,24.4757600192408,79.07541821627804,2025-10-17,07:17:49,clear,rural,night_lit,moderate,motorcycle,129.6,51,minor,2025-10-17 07:17:49,7,4,10,0,0,0
ACC04452,27.275078933231462,80.38296348784405,2025-06-05,04:06:04,cloudy,expressway,night_lit,heavy,truck,121.6,93,minor,2025-06-05 04:06:04,4,3,6,0,1,0
ACC04453,18.289135651483196,81.56439779708836,2024-05-25,17:22:41,rain,rural,daylight,heavy,truck,72.7,65,minor,2024-05-25 17:22:41,17,5,5,1,0,0
ACC04454,24.769574554785603,76.40060095503472,2022-03-06,23:26:51,clear,urban,night_lit,moderate,car,54.7,32,severe,2022-03-06 23:26:51,23,6,3,1,1,2
ACC04455,14.821932146661297,82.79154296328261,2024-02-08,06:46:17,cloudy,highway,dusk_dawn,low,motorcycle,87.6,61,moderate,2024-02-08 06:46:17,6,3,2,0,0,1
ACC04456,27.227082026151816,83.17699114567226,2024-10-13,19:51:37,rain,highway,dusk_dawn,moderate,truck,129.4,98,minor,2024-10-13 19:51:37,19,6,10,1,0,0
ACC04457,29.136570573958043,80.40122387720442,2025-11-11,11:56:37,storm,highway,daylight,moderate,motorcycle,129.5,90,severe,2025-11-11 11:56:37,11,1,11,0,0,2
ACC04458,14.748486482995984,74.36385107976348,2024-04-14,01:06:01,clear,urban,night_lit,moderate,car,51.6,45,moderate,2024-04-14 01:06:01,1,6,4,1,1,1
ACC04459,24.453470531501974,86.7069751022656,2024-01-31,14:55:48,cloudy,expressway,dusk_dawn,heavy,car,121.0,86,fatal,2024-01-31 14:55:48,14,2,1,0,0,3
ACC04460,21.104959738017463,73.84072131752984,2023-09-16,09:31:45,rain,highway,daylight,heavy,car,70.2,78,moderate,2023-09-16 09:31:45,9,5,9,1,0,1
ACC04461,21.566987972982812,82.06675469936818,2023-11-12,17:10:16,clear,urban,night_lit,heavy,motorcycle,25.5,58,minor,2023-11-12 17:10:16,17,6,11,1,0,0
ACC04462,24.716814934812387,73.64941754575608,2022-01-27,09:38:18,rain,expressway,night_unlit,heavy,motorcycle,101.1,99,minor,2022-01-27 09:38:18,9,3,1,0,0,0
ACC04463,20.79732898805587,74.33761134612676,2022-06-20,14:03:46,clear,highway,daylight,moderate,car,138.6,84,severe,2022-06-20 14:03:46,14,0,6,0,0,2
ACC04464,22.805875056318904,72.32861302446126,2025-05-26,08:27:48,clear,highway,daylight,moderate,truck,80.8,91,severe,2025-05-26 08:27:48,8,0,5,0,0,2
ACC04465,16.15621834940479,77.81382534170815,2023-08-19,19:49:04,clear,highway,daylight,heavy,truck,62.9,70,minor,2023-08-19 19:49:04,19,5,8,1,0,0
ACC04466,18.813118736795342,82.2333210307526,2025-10-29,21:58:21,clear,highway,night_lit,moderate,car,101.5,68,severe,2025-10-29 21:58:21,21,2,10,0,1,2
ACC04467,27.57432630128704,80.34470751572596,2023-10-14,12:17:37,rain,urban,dusk_dawn,low,car,32.3,48,minor,2023-10-14 12:17:37,12,5,10,1,0,0
ACC04468,13.97824520967094,82.79262641997578,2026-06-25,13:10:07,rain,urban,night_lit,low,bus,22.4,31,minor,2026-06-25 13:10:07,13,3,6,0,0,0
ACC04469,22.75635469680552,82.80030177393525,2022-10-24,23:34:59,rain,urban,night_unlit,heavy,bus,25.1,42,minor,2022-10-24 23:34:59,23,0,10,0,1,0
ACC04470,15.317167120228024,74.24277990390782,2022-11-05,07:09:12,rain,highway,dusk_dawn,moderate,auto,81.3,94,fatal,2022-11-05 07:09:12,7,5,11,1,0,3
ACC04471,27.237712762620696,72.91739845474746,2024-08-23,19:58:51,clear,urban,dusk_dawn,heavy,truck,73.5,48,minor,2024-08-23 19:58:51,19,4,8,0,0,0
ACC04472,22.422791169363897,82.00573024695471,2025-08-10,15:19:03,fog,highway,daylight,moderate,bus,119.2,69,moderate,2025-08-10 15:19:03,15,6,8,1,0,1
ACC04473,19.25487808806488,82.45158887960389,2022-08-25,20:11:52,heavy_rain,urban,night_lit,low,car,67.5,44,severe,2022-08-25 20:11:52,20,3,8,0,1,2
ACC04474,16.49684412573272,80.90725976226727,2024-04-05,09:14:02,clear,highway,night_unlit,heavy,car,135.3,87,severe,2024-04-05 09:14:02,9,4,4,0,0,2
ACC04475,19.86320458541342,75.93219946118514,2023-01-03,10:22:40,rain,rural,night_lit,heavy,car,38.3,41,moderate,2023-01-03 10:22:40,10,1,1,0,0,1
ACC04476,29.237021866591363,84.97224347171607,2025-04-25,10:44:21,rain,urban,night_lit,low,motorcycle,33.3,44,severe,2025-04-25 10:44:21,10,4,4,0,0,2
ACC04477,21.16576721538517,73.21097624794011,2024-07-10,01:52:27,cloudy,highway,night_unlit,low,car,94.5,94,minor,2024-07-10 01:52:27,1,2,7,0,1,0
ACC04478,20.450811570597484,82.11698862914174,2024-12-10,08:44:06,clear,urban,night_lit,moderate,motorcycle,34.5,60,moderate,2024-12-10 08:44:06,8,1,12,0,0,1
ACC04479,25.432928643005564,73.92658457406995,2023-03-18,23:38:40,clear,urban,night_lit,low,car,49.4,36,minor,2023-03-18 23:38:40,23,5,3,1,1,0
ACC04480,18.82284727497432,82.47116346293167,2023-04-20,09:16:37,storm,rural,night_lit,moderate,motorcycle,78.3,52,severe,2023-04-20 09:16:37,9,3,4,0,0,2
ACC04481,19.693631097854293,78.68361260517594,2024-11-16,02:56:19,rain,expressway,night_unlit,heavy,bus,123.9,86,severe,2024-11-16 02:56:19,2,5,11,1,1,2
ACC04482,18.065059168289142,83.48964888700274,2023-08-03,09:59:28,rain,highway,daylight,low,truck,117.2,62,moderate,2023-08-03 09:59:28,9,3,8,0,0,1
ACC04483,14.716555595929044,72.83507523963095,2025-02-07,12:37:33,heavy_rain,urban,night_lit,moderate,motorcycle,39.8,44,moderate,2025-02-07 12:37:33,12,4,2,0,0,1
ACC04484,24.848565855647717,80.88132781568589,2022-09-10,15:46:41,clear,highway,night_unlit,low,car,113.7,71,fatal,2022-09-10 15:46:41,15,5,9,1,0,3
ACC04485,27.714556449905228,74.31804638208128,2023-05-10,06:18:32,fog,rural,night_unlit,moderate,car,60.6,74,minor,2023-05-10 06:18:32,6,2,5,0,0,0
ACC04486,28.30066768636978,82.91810610576758,2022-06-16,18:26:03,cloudy,highway,dusk_dawn,moderate,motorcycle,62.6,62,minor,2022-06-16 18:26:03,18,3,6,0,0,0
ACC04487,27.85445288468004,73.91929010098691,2022-05-24,19:48:32,rain,urban,night_lit,low,car,53.3,41,moderate,2022-05-24 19:48:32,19,1,5,0,0,1
ACC04488,20.132108443883872,73.17733316723081,2023-03-07,08:25:20,clear,rural,daylight,heavy,truck,67.6,43,minor,2023-03-07 08:25:20,8,1,3,0,0,0
ACC04489,17.113191459657532,83.4099647709378,2024-03-14,18:45:24,clear,urban,dusk_dawn,heavy,auto,33.0,34,minor,2024-03-14 18:45:24,18,3,3,0,0,0
ACC04490,23.48262749281482,73.01651095309252,2022-08-26,11:51:22,clear,rural,night_unlit,moderate,car,121.1,53,fatal,2022-08-26 11:51:22,11,4,8,0,0,3
ACC04491,29.18468841430857,75.59249308690426,2022-06-02,12:56:21,clear,highway,night_unlit,heavy,car,118.0,86,fatal,2022-06-02 12:56:21,12,3,6,0,0,3
ACC04492,25.08691166703489,85.19576315401075,2025-12-11,21:17:14,clear,expressway,night_unlit,low,car,122.2,100,fatal,2025-12-11 21:17:14,21,3,12,0,1,3
ACC04493,20.90727410862282,84.95501292493162,2024-04-26,20:28:19,clear,rural,night_lit,moderate,truck,57.1,77,moderate,2024-04-26 20:28:19,20,4,4,0,1,1
ACC04494,24.39855434124207,85.66601212449241,2025-03-20,11:23:42,cloudy,urban,daylight,heavy,car,44.4,60,minor,2025-03-20 11:23:42,11,3,3,0,0,0
ACC04495,25.905682424179147,77.21759823341942,2025-04-07,14:30:13,heavy_rain,highway,night_lit,moderate,truck,66.0,67,severe,2025-04-07 14:30:13,14,0,4,0,0,2
ACC04496,28.546846703905278,80.44876846000335,2022-06-16,09:44:45,clear,urban,daylight,heavy,motorcycle,75.0,45,minor,2022-06-16 09:44:45,9,3,6,0,0,0
ACC04497,25.737883571498774,84.37355764169843,2024-10-15,14:19:26,clear,urban,daylight,moderate,motorcycle,47.6,45,moderate,2024-10-15 14:19:26,14,1,10,0,0,1
ACC04498,19.7974300014463,74.19176824017728,2025-11-14,17:13:36,cloudy,highway,night_lit,heavy,truck,132.6,60,moderate,2025-11-14 17:13:36,17,4,11,0,0,1
ACC04499,16.924917332378712,83.5902540674515,2024-01-07,06:16:07,rain,expressway,daylight,low,car,97.0,93,minor,2024-01-07 06:16:07,6,6,1,1,0,0
ACC04500,20.997869965132644,73.55978159031447,2025-11-16,21:45:12,cloudy,rural,night_unlit,low,truck,129.7,59,fatal,2025-11-16 21:45:12,21,6,11,1,1,3
ACC04501,17.90720300289849,86.61200973802988,2026-04-03,17:59:54,storm,expressway,daylight,moderate,car,121.7,89,minor,2026-04-03 17:59:54,17,4,4,0,0,0
ACC04502,28.969762668380653,82.19696292018601,2024-06-16,06:06:49,clear,highway,dusk_dawn,heavy,truck,115.8,93,minor,2024-06-16 06:06:49,6,6,6,1,0,0
ACC04503,21.14338518209932,79.8928850030361,2022-06-17,19:58:04,cloudy,urban,dusk_dawn,low,bus,72.5,58,moderate,2022-06-17 19:58:04,19,4,6,0,0,1
ACC04504,20.49701404735215,79.75566807467463,2024-10-10,18:01:54,heavy_rain,highway,dusk_dawn,low,car,124.0,61,fatal,2024-10-10 18:01:54,18,3,10,0,0,3
ACC04505,18.26753192678753,74.90179276551856,2025-12-15,10:31:50,cloudy,highway,daylight,heavy,motorcycle,61.8,82,moderate,2025-12-15 10:31:50,10,0,12,0,0,1
ACC04506,23.509325825248805,77.53467795927446,2024-08-09,14:08:08,cloudy,highway,night_lit,moderate,motorcycle,111.5,79,moderate,2024-08-09 14:08:08,14,4,8,0,0,1
ACC04507,21.36092301517706,83.6339786450744,2025-08-06,19:57:14,fog,highway,dusk_dawn,moderate,car,85.4,72,minor,2025-08-06 19:57:14,19,2,8,0,0,0
ACC04508,14.322880612168618,80.65509793367022,2024-05-29,22:45:10,clear,urban,daylight,low,motorcycle,51.9,38,minor,2024-05-29 22:45:10,22,2,5,0,1,0
ACC04509,27.645740594948904,80.46889926560421,2023-11-21,09:21:51,clear,highway,night_lit,heavy,car,90.0,84,minor,2023-11-21 09:21:51,9,1,11,0,0,0
ACC04510,18.462230978588373,75.12393431272928,2026-04-02,16:41:51,clear,highway,night_lit,heavy,truck,70.8,84,moderate,2026-04-02 16:41:51,16,3,4,0,0,1
ACC04511,19.786411739246777,83.04579699125894,2022-09-09,19:50:43,rain,urban,dusk_dawn,heavy,motorcycle,45.6,37,minor,2022-09-09 19:50:43,19,4,9,0,0,0
ACC04512,15.702007019944425,78.27254241698161,2024-01-05,23:13:15,heavy_rain,rural,night_unlit,low,motorcycle,60.0,49,severe,2024-01-05 23:13:15,23,4,1,0,1,2
ACC04513,21.961167737122004,74.92405341501654,2022-09-13,06:38:55,clear,rural,dusk_dawn,moderate,truck,138.0,69,minor,2022-09-13 06:38:55,6,1,9,0,0,0
ACC04514,24.63699112371449,87.10055602554127,2024-12-11,14:17:50,cloudy,urban,daylight,moderate,truck,50.6,56,moderate,2024-12-11 14:17:50,14,2,12,0,0,1
ACC04515,27.86097577126691,80.10877994984968,2026-02-22,20:43:52,cloudy,highway,daylight,heavy,car,105.7,63,moderate,2026-02-22 20:43:52,20,6,2,1,1,1
ACC04516,12.928937969500728,80.44858636019785,2026-06-27,00:34:21,clear,urban,night_lit,heavy,car,64.5,39,minor,2026-06-27 00:34:21,0,5,6,1,1,0
ACC04517,29.51997437458881,87.7019505634369,2023-01-19,13:43:42,rain,urban,night_lit,heavy,car,79.9,43,moderate,2023-01-19 13:43:42,13,3,1,0,0,1
ACC04518,24.668719356366424,77.86249819472789,2025-04-09,16:38:40,cloudy,highway,daylight,moderate,bus,117.7,63,moderate,2025-04-09 16:38:40,16,2,4,0,0,1
ACC04519,17.117376319407313,87.0883309529992,2025-12-06,15:38:09,heavy_rain,highway,night_unlit,low,motorcycle,79.5,92,fatal,2025-12-06 15:38:09,15,5,12,1,0,3
ACC04520,15.68054559025139,83.11880577816768,2025-09-30,17:05:34,rain,expressway,daylight,heavy,car,72.5,95,minor,2025-09-30 17:05:34,17,1,9,0,0,0
ACC04521,17.329582535782762,82.1295301239168,2024-04-06,06:51:32,clear,highway,dusk_dawn,moderate,motorcycle,136.1,66,moderate,2024-04-06 06:51:32,6,5,4,1,0,1
ACC04522,27.76306352999596,75.75069283107969,2022-10-14,18:10:35,rain,highway,dusk_dawn,low,motorcycle,79.4,62,moderate,2022-10-14 18:10:35,18,4,10,0,0,1
ACC04523,17.245023117527108,72.82809075820464,2024-01-29,09:23:20,rain,highway,night_lit,heavy,motorcycle,86.3,67,severe,2024-01-29 09:23:20,9,0,1,0,0,2
ACC04524,20.330780422030244,79.00454141256222,2025-06-28,19:30:40,clear,rural,dusk_dawn,low,motorcycle,61.6,65,severe,2025-06-28 19:30:40,19,5,6,1,0,2
ACC04525,24.703284976360187,72.1627353919316,2024-10-14,12:50:53,clear,urban,night_lit,heavy,car,21.8,38,moderate,2024-10-14 12:50:53,12,0,10,0,0,1
ACC04526,27.69581754702994,73.13604017232613,2023-09-30,04:37:36,rain,expressway,night_unlit,heavy,car,130.5,87,fatal,2023-09-30 04:37:36,4,5,9,1,1,3
ACC04527,23.85428092222988,81.52522809110997,2022-12-20,22:11:52,rain,rural,daylight,low,truck,84.3,59,minor,2022-12-20 22:11:52,22,1,12,0,1,0
ACC04528,25.55596553761961,83.59154932916844,2024-12-06,18:17:46,rain,rural,dusk_dawn,heavy,truck,46.8,68,severe,2024-12-06 18:17:46,18,4,12,0,0,2
ACC04529,15.1198823333272,74.68717331078844,2023-12-05,11:11:18,clear,highway,night_lit,moderate,truck,93.5,87,moderate,2023-12-05 11:11:18,11,1,12,0,0,1
ACC04530,27.793340898440498,83.72000660278039,2024-02-15,09:35:44,rain,highway,night_lit,moderate,car,86.5,67,minor,2024-02-15 09:35:44,9,3,2,0,0,0
ACC04531,16.96294530512599,87.19561322551603,2026-03-21,16:43:40,rain,rural,daylight,heavy,auto,124.7,72,minor,2026-03-21 16:43:40,16,5,3,1,0,0
ACC04532,14.310806953017282,83.89081729161914,2022-01-15,23:42:56,clear,expressway,night_lit,heavy,car,65.6,97,severe,2022-01-15 23:42:56,23,5,1,1,1,2
ACC04533,29.572397226132047,84.55544351320053,2023-01-27,09:45:20,clear,rural,night_lit,moderate,truck,126.9,61,moderate,2023-01-27 09:45:20,9,4,1,0,0,1
ACC04534,15.6295186581749,83.21140128429394,2026-02-19,21:42:09,cloudy,expressway,night_unlit,heavy,truck,123.1,98,fatal,2026-02-19 21:42:09,21,3,2,0,1,3
ACC04535,14.459735461403575,75.59579904727602,2026-02-22,10:54:40,rain,urban,daylight,moderate,car,51.0,38,severe,2026-02-22 10:54:40,10,6,2,1,0,2
ACC04536,23.26837620183216,77.77423907449338,2023-05-12,17:54:37,clear,urban,night_unlit,heavy,car,60.3,41,moderate,2023-05-12 17:54:37,17,4,5,0,0,1
ACC04537,17.739536690929715,87.18827140431708,2026-06-21,11:16:36,heavy_rain,urban,night_unlit,moderate,truck,44.3,38,severe,2026-06-21 11:16:36,11,6,6,1,0,2
ACC04538,14.40028569324888,82.5793692635219,2022-12-14,06:18:44,clear,urban,daylight,moderate,motorcycle,54.3,44,fatal,2022-12-14 06:18:44,6,2,12,0,0,3
ACC04539,22.82018010988577,84.62439574294515,2022-03-27,21:03:30,rain,highway,night_lit,low,auto,118.9,87,moderate,2022-03-27 21:03:30,21,6,3,1,1,1
ACC04540,25.66173409000024,87.49911390151483,2023-05-20,08:16:01,clear,highway,daylight,heavy,truck,81.8,98,moderate,2023-05-20 08:16:01,8,5,5,1,0,1
ACC04541,26.277570735728816,75.70299072820265,2024-05-22,21:30:52,rain,highway,daylight,heavy,bus,108.7,78,minor,2024-05-22 21:30:52,21,2,5,0,1,0
ACC04542,14.799226818220902,77.14698667722486,2022-01-10,07:39:16,cloudy,highway,dusk_dawn,low,motorcycle,64.6,100,minor,2022-01-10 07:39:16,7,0,1,0,0,0
ACC04543,22.02360722291896,82.31682644535199,2022-10-10,09:52:14,rain,highway,daylight,moderate,motorcycle,78.6,78,minor,2022-10-10 09:52:14,9,0,10,0,0,0
ACC04544,26.64621067226629,72.38971958054412,2025-07-22,21:35:48,storm,urban,night_unlit,moderate,auto,23.2,55,minor,2025-07-22 21:35:48,21,1,7,0,1,0
ACC04545,14.899566205635336,81.13950523733929,2024-10-17,17:58:47,clear,urban,night_lit,low,truck,36.8,40,minor,2024-10-17 17:58:47,17,3,10,0,0,0
ACC04546,15.738280531872148,84.93901407223198,2024-09-20,08:33:30,clear,urban,night_unlit,low,car,42.6,38,fatal,2024-09-20 08:33:30,8,4,9,0,0,3
ACC04547,12.043405153770196,81.76709398118601,2026-06-13,16:51:41,clear,rural,daylight,heavy,motorcycle,98.3,48,severe,2026-06-13 16:51:41,16,5,6,1,0,2
ACC04548,21.443414815115187,76.72629254233777,2023-01-11,08:48:04,cloudy,urban,daylight,low,car,44.4,35,severe,2023-01-11 08:48:04,8,2,1,0,0,2
ACC04549,15.504270543515116,83.585665333377,2026-01-12,20:29:16,rain,urban,night_lit,moderate,auto,60.9,43,minor,2026-01-12 20:29:16,20,0,1,0,1,0
ACC04550,25.036366363084184,74.33650599487913,2023-08-07,05:52:14,clear,urban,night_unlit,heavy,truck,74.1,40,severe,2023-08-07 05:52:14,5,0,8,0,1,2
ACC04551,29.319849401116905,86.31637550845628,2026-02-27,15:51:25,rain,highway,night_unlit,low,motorcycle,124.9,96,severe,2026-02-27 15:51:25,15,4,2,0,0,2
ACC04552,15.757598801983264,73.61464049664728,2025-07-09,05:18:21,cloudy,urban,night_lit,moderate,auto,23.7,42,minor,2025-07-09 05:18:21,5,2,7,0,1,0
ACC04553,23.68374621174359,85.81585814019896,2022-12-17,17:12:04,fog,rural,night_lit,heavy,car,30.3,63,minor,2022-12-17 17:12:04,17,5,12,1,0,0
ACC04554,15.813020306253204,79.96495084377972,2022-12-10,21:07:41,clear,highway,night_unlit,heavy,motorcycle,135.8,60,fatal,2022-12-10 21:07:41,21,5,12,1,1,3
ACC04555,12.324123461634672,78.85835205580483,2024-06-09,19:55:35,storm,rural,night_unlit,low,motorcycle,130.5,73,severe,2024-06-09 19:55:35,19,6,6,1,0,2
ACC04556,25.653975495862525,80.0105881692069,2024-04-05,11:26:22,cloudy,highway,dusk_dawn,low,car,121.7,89,moderate,2024-04-05 11:26:22,11,4,4,0,0,1
ACC04557,19.81208417971607,75.20330084948674,2023-01-21,09:34:53,storm,urban,night_unlit,heavy,car,47.0,42,fatal,2023-01-21 09:34:53,9,5,1,1,0,3
ACC04558,29.042163507263755,79.32296927294102,2023-03-04,07:16:21,cloudy,rural,night_lit,low,motorcycle,85.0,52,moderate,2023-03-04 07:16:21,7,5,3,1,0,1
ACC04559,21.6171458785813,85.59551705437853,2026-01-16,20:23:07,clear,rural,night_unlit,moderate,car,27.0,42,minor,2026-01-16 20:23:07,20,4,1,0,1,0
ACC04560,14.834691641562312,84.81528387550078,2025-05-22,06:24:50,rain,urban,dusk_dawn,low,auto,43.9,47,fatal,2025-05-22 06:24:50,6,3,5,0,0,3
ACC04561,20.095939952351003,74.60877655186127,2022-11-10,16:34:07,cloudy,urban,night_unlit,heavy,car,77.9,45,severe,2022-11-10 16:34:07,16,3,11,0,0,2
ACC04562,15.652052306508295,82.77473565006498,2025-04-05,11:10:04,clear,highway,daylight,moderate,car,117.6,81,minor,2025-04-05 11:10:04,11,5,4,1,0,0
ACC04563,27.80452690835834,85.7093962394468,2022-09-10,23:47:28,cloudy,urban,night_lit,moderate,car,62.4,36,moderate,2022-09-10 23:47:28,23,5,9,1,1,1
ACC04564,24.43625725597545,85.11628141790095,2024-01-01,14:23:34,heavy_rain,urban,night_lit,heavy,motorcycle,77.3,50,moderate,2024-01-01 14:23:34,14,0,1,0,0,1
ACC04565,18.142298483784664,78.8101190927549,2022-01-20,15:14:16,rain,highway,dusk_dawn,low,truck,113.4,95,severe,2022-01-20 15:14:16,15,3,1,0,0,2
ACC04566,21.500765810528527,72.76948544553785,2024-12-02,21:00:50,clear,highway,night_lit,moderate,auto,65.9,72,moderate,2024-12-02 21:00:50,21,0,12,0,1,1
ACC04567,24.050643387834512,86.89871076757998,2022-10-26,22:06:16,rain,expressway,night_unlit,heavy,car,104.4,82,moderate,2022-10-26 22:06:16,22,2,10,0,1,1
ACC04568,26.091438899617657,78.33416185356899,2023-01-23,16:16:57,cloudy,highway,night_unlit,moderate,car,113.9,96,fatal,2023-01-23 16:16:57,16,0,1,0,0,3
ACC04569,13.44264977766975,77.7756261961015,2022-11-08,18:43:38,clear,rural,dusk_dawn,low,car,24.4,64,moderate,2022-11-08 18:43:38,18,1,11,0,0,1
ACC04570,12.405339155914442,84.152239111661,2022-10-29,16:51:11,clear,highway,daylight,heavy,motorcycle,121.1,69,moderate,2022-10-29 16:51:11,16,5,10,1,0,1
ACC04571,14.060148549058017,76.22355544787236,2022-05-08,12:57:24,clear,urban,night_lit,low,car,50.2,47,minor,2022-05-08 12:57:24,12,6,5,1,0,0
ACC04572,19.10993358310613,85.35596677067667,2024-06-29,05:17:04,rain,urban,night_unlit,moderate,car,57.7,52,moderate,2024-06-29 05:17:04,5,5,6,1,1,1
ACC04573,20.400718981477656,73.21682497310906,2025-11-25,17:38:50,clear,urban,daylight,low,truck,71.3,54,minor,2025-11-25 17:38:50,17,1,11,0,0,0
ACC04574,14.45630934384927,83.85137921145937,2023-05-11,17:16:38,clear,urban,daylight,heavy,truck,22.2,55,severe,2023-05-11 17:16:38,17,3,5,0,0,2
ACC04575,19.400756482192897,87.45263184706451,2025-07-04,07:08:25,clear,highway,night_lit,low,car,116.9,79,minor,2025-07-04 07:08:25,7,4,7,0,0,0
ACC04576,19.949210154512947,87.93230074998678,2024-06-11,09:32:40,heavy_rain,urban,night_lit,low,motorcycle,75.5,52,moderate,2024-06-11 09:32:40,9,1,6,0,0,1
ACC04577,13.96361934619476,86.78086976102666,2023-02-22,17:38:36,cloudy,rural,daylight,moderate,truck,82.9,54,severe,2023-02-22 17:38:36,17,2,2,0,0,2
ACC04578,28.499879283523214,85.93219848650095,2022-04-12,07:45:35,cloudy,urban,daylight,low,car,48.6,37,fatal,2022-04-12 07:45:35,7,1,4,0,0,3
ACC04579,22.784626696578737,76.46208359132368,2025-07-10,17:06:23,rain,urban,night_lit,heavy,motorcycle,77.7,33,fatal,2025-07-10 17:06:23,17,3,7,0,0,3
ACC04580,18.99363954821308,87.46637380207622,2022-02-07,17:44:21,clear,urban,daylight,moderate,car,20.6,49,severe,2022-02-07 17:44:21,17,0,2,0,0,2
ACC04581,21.12432930249972,86.84634550102965,2023-11-25,11:18:15,heavy_rain,highway,night_unlit,moderate,motorcycle,86.4,64,fatal,2023-11-25 11:18:15,11,5,11,1,0,3
ACC04582,17.65555475643852,80.54996011240299,2022-02-26,09:16:47,clear,highway,night_lit,low,motorcycle,106.4,67,minor,2022-02-26 09:16:47,9,5,2,1,0,0
ACC04583,27.37795856960268,78.43324247029888,2025-06-27,11:01:28,clear,highway,night_unlit,heavy,truck,124.6,85,moderate,2025-06-27 11:01:28,11,4,6,0,0,1
ACC04584,22.350270748233065,73.74827605693102,2026-06-14,11:12:28,clear,rural,daylight,moderate,motorcycle,111.5,73,minor,2026-06-14 11:12:28,11,6,6,1,0,0
ACC04585,20.908124659083786,81.450145245202,2023-06-15,16:29:43,clear,expressway,daylight,moderate,truck,99.6,80,minor,2023-06-15 16:29:43,16,3,6,0,0,0
ACC04586,28.39593725572076,83.20873517635516,2023-05-30,18:11:31,clear,highway,night_lit,low,car,93.0,74,moderate,2023-05-30 18:11:31,18,1,5,0,0,1
ACC04587,27.08363456821322,78.46394533090447,2024-07-16,19:19:57,rain,highway,daylight,heavy,motorcycle,67.2,95,moderate,2024-07-16 19:19:57,19,1,7,0,0,1
ACC04588,26.63043404566529,78.4964729700885,2024-04-04,03:31:14,cloudy,expressway,night_unlit,moderate,bus,103.8,81,fatal,2024-04-04 03:31:14,3,3,4,0,1,3
ACC04589,16.060965676173197,81.17298225142886,2023-09-19,17:05:02,clear,highway,daylight,low,motorcycle,116.7,97,minor,2023-09-19 17:05:02,17,1,9,0,0,0
ACC04590,14.75621600643042,72.44454553451459,2023-08-24,10:52:25,cloudy,urban,dusk_dawn,low,motorcycle,25.6,35,fatal,2023-08-24 10:52:25,10,3,8,0,0,3
ACC04591,24.42173735482946,87.32585434218798,2022-11-05,19:18:31,rain,urban,dusk_dawn,moderate,truck,24.5,35,severe,2022-11-05 19:18:31,19,5,11,1,0,2
ACC04592,20.435560614145125,76.63849131354735,2023-02-16,06:45:49,heavy_rain,urban,dusk_dawn,low,bus,23.4,50,moderate,2023-02-16 06:45:49,6,3,2,0,0,1
ACC04593,24.306828833223182,74.25425378830208,2024-08-19,15:38:38,clear,urban,daylight,moderate,motorcycle,28.0,49,minor,2024-08-19 15:38:38,15,0,8,0,0,0
ACC04594,25.69129017800009,72.08781433815345,2025-04-20,15:45:56,heavy_rain,expressway,night_lit,moderate,motorcycle,88.3,89,moderate,2025-04-20 15:45:56,15,6,4,1,0,1
ACC04595,17.315643132205516,85.71026466217141,2025-05-17,10:17:05,rain,urban,daylight,moderate,truck,40.0,35,moderate,2025-05-17 10:17:05,10,5,5,1,0,1
ACC04596,17.123707796210557,85.8113180127947,2024-04-28,22:10:32,cloudy,urban,night_lit,heavy,auto,28.0,58,severe,2024-04-28 22:10:32,22,6,4,1,1,2
ACC04597,20.834968192647302,73.52490567228337,2025-05-21,07:08:49,clear,highway,dusk_dawn,moderate,bus,120.2,65,moderate,2025-05-21 07:08:49,7,2,5,0,0,1
ACC04598,16.923887643476952,74.43586084622082,2024-08-30,07:13:30,cloudy,highway,dusk_dawn,low,car,139.5,92,fatal,2024-08-30 07:13:30,7,4,8,0,0,3
ACC04599,24.011314968291597,79.16643570012428,2023-08-09,16:32:16,clear,rural,night_unlit,moderate,truck,69.4,65,minor,2023-08-09 16:32:16,16,2,8,0,0,0
ACC04600,25.441148025852904,74.97126676906105,2023-08-04,14:37:46,rain,expressway,night_unlit,heavy,car,76.6,93,minor,2023-08-04 14:37:46,14,4,8,0,0,0
ACC04601,20.4967010289584,83.7731381893881,2024-05-01,09:45:52,rain,rural,daylight,heavy,motorcycle,40.2,71,moderate,2024-05-01 09:45:52,9,2,5,0,0,1
ACC04602,25.02839578077558,72.92863593129155,2023-05-21,10:57:15,clear,highway,daylight,heavy,motorcycle,109.7,89,fatal,2023-05-21 10:57:15,10,6,5,1,0,3
ACC04603,21.18787624327397,80.79534931817386,2025-06-08,08:49:33,clear,rural,night_lit,heavy,car,88.2,60,minor,2025-06-08 08:49:33,8,6,6,1,0,0
ACC04604,24.831690995406166,78.12466504182247,2022-11-01,19:21:48,heavy_rain,highway,dusk_dawn,low,truck,86.9,86,minor,2022-11-01 19:21:48,19,1,11,0,0,0
ACC04605,16.049428460323057,79.43914373907603,2022-03-31,15:28:09,cloudy,urban,daylight,low,car,28.7,32,moderate,2022-03-31 15:28:09,15,3,3,0,0,1
ACC04606,25.299174826794754,78.79611388312964,2024-03-17,09:57:00,cloudy,urban,night_unlit,low,truck,47.0,57,moderate,2024-03-17 09:57:00,9,6,3,1,0,1
ACC04607,24.87223242222632,74.45054692055446,2022-04-29,12:42:44,fog,urban,night_unlit,low,motorcycle,57.6,55,moderate,2022-04-29 12:42:44,12,4,4,0,0,1
ACC04608,16.798902726885196,75.524503764937,2022-11-11,20:25:45,clear,urban,night_lit,heavy,car,22.7,48,minor,2022-11-11 20:25:45,20,4,11,0,1,0
ACC04609,22.007477838723148,73.03692318256682,2023-09-10,20:49:09,cloudy,rural,night_unlit,low,motorcycle,33.8,49,moderate,2023-09-10 20:49:09,20,6,9,1,1,1
ACC04610,27.39561002173923,73.84456920478515,2022-01-07,06:08:35,rain,rural,dusk_dawn,moderate,truck,91.0,66,minor,2022-01-07 06:08:35,6,4,1,0,0,0
ACC04611,16.4914076455039,87.64631715870264,2023-01-02,17:40:43,clear,highway,daylight,low,motorcycle,79.4,79,minor,2023-01-02 17:40:43,17,0,1,0,0,0
ACC04612,25.24763611226417,76.47658898683603,2024-06-13,07:56:57,clear,highway,dusk_dawn,heavy,truck,104.7,86,moderate,2024-06-13 07:56:57,7,3,6,0,0,1
ACC04613,29.171400908643967,76.91240862943303,2023-09-08,08:31:48,heavy_rain,urban,daylight,heavy,truck,54.5,40,minor,2023-09-08 08:31:48,8,4,9,0,0,0
ACC04614,27.59235455563617,74.03370128691394,2026-01-11,19:36:13,clear,highway,dusk_dawn,heavy,car,90.7,60,moderate,2026-01-11 19:36:13,19,6,1,1,0,1
ACC04615,19.22736148824497,84.08262727194803,2022-06-03,20:03:34,clear,highway,night_unlit,moderate,car,109.6,69,fatal,2022-06-03 20:03:34,20,4,6,0,1,3
ACC04616,22.92973919378649,86.78628496299652,2025-03-27,06:36:43,cloudy,highway,dusk_dawn,heavy,car,113.0,80,fatal,2025-03-27 06:36:43,6,3,3,0,0,3
ACC04617,29.85186241654867,84.63600859306642,2024-08-30,20:17:16,rain,highway,night_lit,heavy,car,93.0,94,severe,2024-08-30 20:17:16,20,4,8,0,1,2
ACC04618,22.231873404762933,81.80185327094675,2024-11-23,17:59:09,cloudy,urban,daylight,moderate,motorcycle,54.9,38,minor,2024-11-23 17:59:09,17,5,11,1,0,0
ACC04619,14.070496843746598,85.01172664976922,2025-01-07,18:19:26,clear,expressway,dusk_dawn,moderate,car,61.1,93,minor,2025-01-07 18:19:26,18,1,1,0,0,0
ACC04620,12.817753586017696,78.46768372692574,2022-03-27,18:18:43,cloudy,rural,night_unlit,moderate,motorcycle,51.2,72,moderate,2022-03-27 18:18:43,18,6,3,1,0,1
ACC04621,26.22566117539251,85.751957681291,2025-07-24,14:23:31,cloudy,urban,night_lit,heavy,motorcycle,39.3,47,moderate,2025-07-24 14:23:31,14,3,7,0,0,1
ACC04622,19.62530985723323,84.7763015942109,2023-06-29,21:41:36,rain,highway,night_unlit,heavy,motorcycle,133.0,94,moderate,2023-06-29 21:41:36,21,3,6,0,1,1
ACC04623,16.442632031325502,72.0275943081011,2024-12-04,08:57:39,heavy_rain,urban,daylight,moderate,auto,31.3,34,fatal,2024-12-04 08:57:39,8,2,12,0,0,3
ACC04624,18.258096551897047,79.80470615868028,2023-04-28,14:20:57,clear,urban,night_lit,low,truck,58.0,54,moderate,2023-04-28 14:20:57,14,4,4,0,0,1
ACC04625,25.632711597836146,76.23386521726762,2023-10-13,10:12:38,rain,rural,night_lit,low,car,72.9,49,severe,2023-10-13 10:12:38,10,4,10,0,0,2
ACC04626,20.37445204140892,73.37972666188313,2025-02-23,19:45:08,rain,urban,dusk_dawn,heavy,motorcycle,66.9,43,moderate,2025-02-23 19:45:08,19,6,2,1,0,1
ACC04627,27.63299086546578,85.5391366839644,2026-03-16,06:32:24,rain,urban,dusk_dawn,moderate,car,37.0,46,severe,2026-03-16 06:32:24,6,0,3,0,0,2
ACC04628,25.228660597998587,72.12719494881796,2025-12-12,13:27:10,cloudy,highway,daylight,heavy,motorcycle,137.0,82,severe,2025-12-12 13:27:10,13,4,12,0,0,2
ACC04629,29.53225470801765,83.68261603288576,2025-04-07,18:59:45,clear,rural,dusk_dawn,moderate,motorcycle,136.2,67,moderate,2025-04-07 18:59:45,18,0,4,0,0,1
ACC04630,27.99306780221718,87.81107393595498,2024-06-03,10:29:59,rain,rural,daylight,low,auto,110.6,79,moderate,2024-06-03 10:29:59,10,0,6,0,0,1
ACC04631,16.581849812148164,79.71231626729977,2024-05-16,09:37:46,cloudy,urban,night_lit,moderate,car,50.6,42,fatal,2024-05-16 09:37:46,9,3,5,0,0,3
ACC04632,23.86306619044596,77.93984847906296,2026-05-05,09:58:14,cloudy,expressway,dusk_dawn,low,car,82.0,85,fatal,2026-05-05 09:58:14,9,1,5,0,0,3
ACC04633,12.36977462150659,81.69332727159542,2022-12-06,17:12:41,clear,highway,night_unlit,moderate,car,128.9,99,fatal,2022-12-06 17:12:41,17,1,12,0,0,3
ACC04634,29.83992103973277,84.87516524236275,2026-04-16,09:54:01,clear,highway,daylight,moderate,motorcycle,133.0,98,severe,2026-04-16 09:54:01,9,3,4,0,0,2
ACC04635,16.698109958446736,75.84403190040446,2024-12-01,12:57:16,clear,rural,daylight,moderate,auto,112.6,57,moderate,2024-12-01 12:57:16,12,6,12,1,0,1
ACC04636,23.96631168522451,76.01122286645658,2024-10-08,15:28:18,clear,urban,dusk_dawn,moderate,motorcycle,25.9,33,moderate,2024-10-08 15:28:18,15,1,10,0,0,1
ACC04637,27.28476518159217,81.71484822538955,2024-08-29,21:20:28,clear,highway,night_lit,moderate,motorcycle,77.7,79,minor,2024-08-29 21:20:28,21,3,8,0,1,0
ACC04638,14.888363929103486,87.03807713366888,2025-08-27,18:09:19,clear,highway,dusk_dawn,heavy,car,98.8,62,moderate,2025-08-27 18:09:19,18,2,8,0,0,1
ACC04639,27.261828170588625,76.77503961214022,2025-01-27,08:02:25,clear,highway,night_unlit,low,motorcycle,66.4,78,minor,2025-01-27 08:02:25,8,0,1,0,0,0
ACC04640,12.220421984234804,78.02807461166421,2022-06-05,20:59:00,clear,highway,dusk_dawn,heavy,car,95.5,88,minor,2022-06-05 20:59:00,20,6,6,1,1,0
ACC04641,19.955588485537334,87.89333282336463,2025-07-06,19:25:49,storm,urban,daylight,moderate,car,66.9,50,minor,2025-07-06 19:25:49,19,6,7,1,0,0
ACC04642,20.49667720556049,74.81955464330426,2025-04-11,18:40:23,cloudy,highway,dusk_dawn,moderate,truck,84.5,74,moderate,2025-04-11 18:40:23,18,4,4,0,0,1
ACC04643,18.733632838657247,73.23149069400486,2026-02-11,14:14:48,clear,urban,night_unlit,low,car,59.8,51,severe,2026-02-11 14:14:48,14,2,2,0,0,2
ACC04644,22.554925433409,81.4360838220897,2026-03-18,06:19:03,rain,urban,dusk_dawn,low,car,45.7,33,severe,2026-03-18 06:19:03,6,2,3,0,0,2
ACC04645,28.46716227664737,72.38827181474613,2026-04-08,17:49:51,cloudy,rural,daylight,heavy,car,76.8,50,severe,2026-04-08 17:49:51,17,2,4,0,0,2
ACC04646,17.885804057405203,74.88693170039716,2022-03-12,14:39:37,clear,expressway,daylight,heavy,car,73.1,97,moderate,2022-03-12 14:39:37,14,5,3,1,0,1
ACC04647,22.426677968995637,81.95534689104748,2024-10-31,10:13:13,cloudy,highway,night_lit,moderate,motorcycle,104.5,97,moderate,2024-10-31 10:13:13,10,3,10,0,0,1
ACC04648,27.794325463379813,82.55219841106133,2026-03-15,01:00:45,clear,highway,dusk_dawn,low,car,70.3,75,fatal,2026-03-15 01:00:45,1,6,3,1,1,3
ACC04649,25.91391711182481,80.16680399436191,2026-05-06,09:49:44,cloudy,highway,daylight,heavy,truck,88.3,93,minor,2026-05-06 09:49:44,9,2,5,0,0,0
ACC04650,12.733198766498928,78.13996873967014,2024-06-20,16:04:43,clear,highway,daylight,heavy,motorcycle,129.1,79,moderate,2024-06-20 16:04:43,16,3,6,0,0,1
ACC04651,28.97023375429792,81.21916135074957,2026-02-05,07:02:52,cloudy,urban,dusk_dawn,moderate,motorcycle,56.3,40,severe,2026-02-05 07:02:52,7,3,2,0,0,2
ACC04652,12.83964427665503,82.29417204853182,2025-12-16,17:18:57,clear,highway,daylight,low,car,114.4,77,moderate,2025-12-16 17:18:57,17,1,12,0,0,1
ACC04653,22.597652538737933,84.8557127406664,2022-01-05,19:55:09,clear,urban,dusk_dawn,moderate,truck,77.3,31,severe,2022-01-05 19:55:09,19,2,1,0,0,2
ACC04654,22.356365165672965,84.68401325135756,2025-12-24,10:38:16,rain,expressway,night_lit,heavy,motorcycle,124.5,81,minor,2025-12-24 10:38:16,10,2,12,0,0,0
ACC04655,26.155024152641687,82.63681224823917,2024-11-12,06:02:02,clear,highway,dusk_dawn,low,truck,78.7,63,severe,2024-11-12 06:02:02,6,1,11,0,0,2
ACC04656,14.671974933281598,86.30772133165544,2024-07-31,07:55:03,cloudy,highway,dusk_dawn,low,motorcycle,105.0,71,minor,2024-07-31 07:55:03,7,2,7,0,0,0
ACC04657,15.228667057128668,85.4084040575267,2022-10-21,11:56:06,clear,rural,daylight,heavy,truck,90.3,59,moderate,2022-10-21 11:56:06,11,4,10,0,0,1
ACC04658,25.53792478929049,74.13193613148704,2026-02-17,19:41:41,rain,rural,daylight,moderate,motorcycle,81.6,57,minor,2026-02-17 19:41:41,19,1,2,0,0,0
ACC04659,14.691085543409253,87.30687106117574,2023-04-30,16:04:36,cloudy,highway,daylight,low,truck,83.4,86,minor,2023-04-30 16:04:36,16,6,4,1,0,0
ACC04660,20.45001228718151,86.26787683708673,2023-11-18,19:00:02,rain,urban,dusk_dawn,moderate,motorcycle,53.7,40,moderate,2023-11-18 19:00:02,19,5,11,1,0,1
ACC04661,25.16966562379677,77.13483487212736,2023-05-04,23:52:25,cloudy,highway,night_unlit,heavy,auto,96.2,79,severe,2023-05-04 23:52:25,23,3,5,0,1,2
ACC04662,23.722354718088265,72.32295069771263,2026-05-12,08:49:06,storm,urban,night_lit,heavy,bus,45.6,52,moderate,2026-05-12 08:49:06,8,1,5,0,0,1
ACC04663,15.790875350035712,81.6636151481326,2024-03-04,17:49:11,clear,rural,night_lit,low,car,55.2,61,fatal,2024-03-04 17:49:11,17,0,3,0,0,3
ACC04664,17.47128465634954,79.0146812298622,2022-07-07,13:29:03,rain,highway,daylight,heavy,truck,108.7,74,moderate,2022-07-07 13:29:03,13,3,7,0,0,1
ACC04665,29.441548258338734,83.9930666013781,2022-01-18,14:35:31,cloudy,highway,night_lit,moderate,car,90.5,64,minor,2022-01-18 14:35:31,14,1,1,0,0,0
ACC04666,20.076071162787912,80.39359623213797,2026-05-29,10:10:04,clear,urban,daylight,low,bus,47.2,47,minor,2026-05-29 10:10:04,10,4,5,0,0,0
ACC04667,12.80023457585485,73.22384696401515,2023-01-23,11:02:47,rain,urban,night_unlit,low,car,30.9,48,severe,2023-01-23 11:02:47,11,0,1,0,0,2
ACC04668,15.952528190393988,75.91499872407641,2025-06-19,17:13:55,fog,rural,daylight,heavy,motorcycle,89.8,67,fatal,2025-06-19 17:13:55,17,3,6,0,0,3
ACC04669,18.16383161391308,86.12038009802447,2022-02-17,16:37:51,rain,urban,daylight,low,car,74.6,48,moderate,2022-02-17 16:37:51,16,3,2,0,0,1
ACC04670,29.990809277302542,72.6030351314408,2026-01-12,10:24:49,clear,rural,daylight,low,bus,57.7,71,moderate,2026-01-12 10:24:49,10,0,1,0,0,1
ACC04671,17.448447854584536,83.78671471037259,2024-12-04,07:37:45,cloudy,rural,daylight,moderate,auto,106.2,70,moderate,2024-12-04 07:37:45,7,2,12,0,0,1
ACC04672,12.475125278085809,76.67109612722291,2023-01-05,16:26:54,clear,urban,daylight,heavy,motorcycle,53.1,40,moderate,2023-01-05 16:26:54,16,3,1,0,0,1
ACC04673,21.232588395996046,79.24223684867995,2025-12-31,18:33:53,cloudy,highway,dusk_dawn,low,car,102.3,87,severe,2025-12-31 18:33:53,18,2,12,0,0,2
ACC04674,13.504896929531586,80.49608691058573,2023-05-05,15:57:12,cloudy,highway,night_lit,heavy,truck,107.1,84,moderate,2023-05-05 15:57:12,15,4,5,0,0,1
ACC04675,16.933216776522993,76.00130171691522,2026-06-27,00:37:36,clear,urban,night_lit,heavy,car,43.7,42,moderate,2026-06-27 00:37:36,0,5,6,1,1,1
ACC04676,29.862897169690903,82.4313670879626,2024-09-11,09:57:18,clear,highway,daylight,heavy,auto,70.3,85,moderate,2024-09-11 09:57:18,9,2,9,0,0,1
ACC04677,24.68349334074278,83.09507548956601,2024-01-07,18:58:50,fog,highway,dusk_dawn,heavy,car,61.7,64,minor,2024-01-07 18:58:50,18,6,1,1,0,0
ACC04678,12.911999327091667,73.3609516747324,2022-04-07,18:37:00,clear,highway,dusk_dawn,low,motorcycle,67.2,96,moderate,2022-04-07 18:37:00,18,3,4,0,0,1
ACC04679,20.076360934652328,77.98283321362273,2023-03-04,01:59:25,clear,expressway,night_lit,heavy,car,130.6,94,minor,2023-03-04 01:59:25,1,5,3,1,1,0
ACC04680,15.089475227319287,83.91003681930067,2022-04-06,13:14:22,clear,urban,dusk_dawn,moderate,auto,76.2,53,fatal,2022-04-06 13:14:22,13,2,4,0,0,3
ACC04681,14.213003815238183,83.54620095745811,2025-11-01,13:31:51,cloudy,rural,daylight,moderate,motorcycle,51.9,65,minor,2025-11-01 13:31:51,13,5,11,1,0,0
ACC04682,22.567177440278435,80.71365350248382,2022-06-14,17:04:17,clear,expressway,night_lit,low,auto,138.9,89,minor,2022-06-14 17:04:17,17,1,6,0,0,0
ACC04683,21.101806013523884,84.44279647788822,2022-07-05,07:05:53,rain,rural,daylight,moderate,car,98.2,67,severe,2022-07-05 07:05:53,7,1,7,0,0,2
ACC04684,25.371598517679143,73.7223182886375,2022-07-24,16:07:29,clear,urban,daylight,low,motorcycle,53.1,52,minor,2022-07-24 16:07:29,16,6,7,1,0,0
ACC04685,28.061512108173478,73.89138028551248,2026-05-19,21:08:41,clear,urban,night_lit,moderate,car,28.8,43,moderate,2026-05-19 21:08:41,21,1,5,0,1,1
ACC04686,16.440273433769914,82.51982880474152,2026-05-13,11:24:31,clear,rural,night_lit,low,truck,52.9,74,moderate,2026-05-13 11:24:31,11,2,5,0,0,1
ACC04687,28.613855759797147,83.09334188632207,2025-03-19,10:43:25,clear,rural,night_lit,moderate,car,65.2,49,moderate,2025-03-19 10:43:25,10,2,3,0,0,1
ACC04688,21.32385190597372,85.03242968513712,2022-05-02,03:59:18,cloudy,rural,night_lit,low,motorcycle,86.4,73,moderate,2022-05-02 03:59:18,3,0,5,0,1,1
ACC04689,16.659028527332108,74.89659004437212,2024-04-07,05:58:16,clear,urban,dusk_dawn,moderate,truck,61.6,53,moderate,2024-04-07 05:58:16,5,6,4,1,1,1
ACC04690,27.224145085846967,80.26834655089769,2026-04-07,21:10:38,rain,rural,night_lit,moderate,car,93.4,46,minor,2026-04-07 21:10:38,21,1,4,0,1,0
ACC04691,12.639538524522404,82.57330075416932,2022-06-08,22:26:19,cloudy,urban,night_lit,moderate,truck,78.0,54,moderate,2022-06-08 22:26:19,22,2,6,0,1,1
ACC04692,22.07116879451329,75.57919318126424,2025-07-27,00:25:51,clear,urban,night_unlit,heavy,truck,69.6,42,severe,2025-07-27 00:25:51,0,6,7,1,1,2
ACC04693,24.9891876305394,80.27084584950386,2022-01-30,20:05:07,clear,highway,night_unlit,moderate,motorcycle,71.7,68,severe,2022-01-30 20:05:07,20,6,1,1,1,2
ACC04694,17.03959836881058,82.21512039024954,2025-08-13,08:02:12,cloudy,highway,night_lit,heavy,motorcycle,88.2,71,moderate,2025-08-13 08:02:12,8,2,8,0,0,1
ACC04695,27.54285451613792,75.43119218364288,2024-06-13,15:21:02,clear,highway,daylight,moderate,car,86.6,68,moderate,2024-06-13 15:21:02,15,3,6,0,0,1
ACC04696,16.325122140443728,78.00901456400226,2025-12-28,17:51:51,cloudy,rural,night_unlit,heavy,motorcycle,70.9,77,severe,2025-12-28 17:51:51,17,6,12,1,0,2
ACC04697,27.117737089171307,75.46142096217133,2023-11-11,11:23:24,rain,highway,night_unlit,heavy,truck,107.5,98,minor,2023-11-11 11:23:24,11,5,11,1,0,0
ACC04698,13.41380934898423,86.44708647085758,2025-07-13,15:23:02,clear,expressway,night_lit,moderate,car,84.6,80,minor,2025-07-13 15:23:02,15,6,7,1,0,0
ACC04699,14.878696653631764,75.78878211087986,2025-10-15,16:59:02,clear,highway,night_unlit,heavy,auto,136.5,80,severe,2025-10-15 16:59:02,16,2,10,0,0,2
ACC04700,18.857722510234343,73.93335401577275,2023-06-18,08:22:55,cloudy,highway,night_lit,low,motorcycle,74.6,87,severe,2023-06-18 08:22:55,8,6,6,1,0,2
ACC04701,27.372999230367228,72.56248498443429,2024-11-20,23:41:52,clear,urban,night_lit,heavy,car,42.8,55,minor,2024-11-20 23:41:52,23,2,11,0,1,0
ACC04702,14.602536572282084,72.71925555858161,2024-01-27,08:58:16,cloudy,highway,night_lit,moderate,car,98.5,89,moderate,2024-01-27 08:58:16,8,5,1,1,0,1
ACC04703,27.757888316296345,75.06537975946907,2023-12-11,01:07:38,cloudy,highway,night_unlit,low,motorcycle,77.6,85,minor,2023-12-11 01:07:38,1,0,12,0,1,0
ACC04704,16.135167479030287,81.73133618091124,2025-08-06,21:30:15,cloudy,highway,night_lit,moderate,auto,92.1,90,minor,2025-08-06 21:30:15,21,2,8,0,1,0
ACC04705,20.14515117470152,72.28239799217796,2023-01-07,12:20:50,rain,urban,night_lit,low,truck,68.5,34,minor,2023-01-07 12:20:50,12,5,1,1,0,0
ACC04706,18.34921927668608,76.58790279611435,2022-07-16,12:07:42,clear,highway,night_lit,heavy,motorcycle,76.1,82,minor,2022-07-16 12:07:42,12,5,7,1,0,0
ACC04707,14.126272079061424,72.93067026117279,2024-02-28,09:02:26,cloudy,urban,night_unlit,heavy,auto,48.9,53,moderate,2024-02-28 09:02:26,9,2,2,0,0,1
ACC04708,28.997575311344523,78.45854032478668,2025-09-11,02:38:55,rain,highway,night_lit,moderate,car,67.0,86,moderate,2025-09-11 02:38:55,2,3,9,0,1,1
ACC04709,19.88720923353984,72.77722780527772,2022-09-25,09:39:13,cloudy,highway,night_lit,low,motorcycle,132.1,68,minor,2022-09-25 09:39:13,9,6,9,1,0,0
ACC04710,24.4259627044115,81.72066842593324,2023-07-13,12:33:59,rain,highway,night_lit,heavy,truck,106.6,77,fatal,2023-07-13 12:33:59,12,3,7,0,0,3
ACC04711,22.35481817995256,83.01478824830424,2024-12-31,14:40:17,cloudy,highway,night_lit,heavy,motorcycle,113.7,60,moderate,2024-12-31 14:40:17,14,1,12,0,0,1
ACC04712,21.030886503339733,83.70140079430021,2024-02-22,13:43:53,cloudy,rural,daylight,heavy,car,125.0,62,moderate,2024-02-22 13:43:53,13,3,2,0,0,1
ACC04713,23.09839722402328,75.58949437834008,2024-09-21,20:03:51,clear,urban,night_unlit,moderate,truck,44.3,47,fatal,2024-09-21 20:03:51,20,5,9,1,1,3
ACC04714,28.17016151164372,85.8960025913879,2024-05-17,20:02:33,cloudy,urban,night_lit,moderate,car,53.3,58,minor,2024-05-17 20:02:33,20,4,5,0,1,0
ACC04715,24.58762276249397,83.04461067729483,2025-08-23,10:20:07,cloudy,rural,night_lit,moderate,motorcycle,80.9,75,moderate,2025-08-23 10:20:07,10,5,8,1,0,1
ACC04716,21.58464143019398,72.90640350879713,2025-12-08,22:34:45,clear,highway,night_lit,heavy,bus,92.3,80,moderate,2025-12-08 22:34:45,22,0,12,0,1,1
ACC04717,23.613347291987573,79.05226733922284,2024-01-09,19:54:41,clear,rural,dusk_dawn,moderate,car,69.0,79,severe,2024-01-09 19:54:41,19,1,1,0,0,2
ACC04718,22.915097049162387,84.2841038939597,2023-12-10,21:58:51,clear,rural,night_unlit,low,truck,90.5,40,severe,2023-12-10 21:58:51,21,6,12,1,1,2
ACC04719,19.79618173475364,76.97430282752367,2023-04-03,17:49:13,cloudy,rural,daylight,low,bus,52.8,62,minor,2023-04-03 17:49:13,17,0,4,0,0,0
ACC04720,23.245752182348102,78.10494038251623,2023-12-30,08:17:14,clear,rural,night_lit,moderate,car,92.8,54,minor,2023-12-30 08:17:14,8,5,12,1,0,0
ACC04721,19.984256402954944,82.07366123674468,2025-10-05,08:34:21,rain,highway,night_unlit,moderate,car,72.6,82,minor,2025-10-05 08:34:21,8,6,10,1,0,0
ACC04722,25.637058801694423,72.88769408185436,2024-04-03,20:06:22,fog,urban,night_lit,heavy,bus,24.6,36,minor,2024-04-03 20:06:22,20,2,4,0,1,0
ACC04723,29.44042470340114,87.47096064812668,2025-02-08,14:29:00,storm,urban,daylight,heavy,motorcycle,35.9,32,moderate,2025-02-08 14:29:00,14,5,2,1,0,1
ACC04724,29.277576434950127,74.79169616975565,2023-11-19,20:05:09,clear,urban,night_unlit,low,car,54.8,31,fatal,2023-11-19 20:05:09,20,6,11,1,1,3
ACC04725,26.77324415564965,72.42675199434017,2025-03-06,17:59:28,cloudy,highway,night_lit,low,car,137.6,81,minor,2025-03-06 17:59:28,17,3,3,0,0,0
ACC04726,22.83166014707073,72.08516771264672,2025-03-15,08:27:58,heavy_rain,highway,dusk_dawn,moderate,car,87.1,97,moderate,2025-03-15 08:27:58,8,5,3,1,0,1
ACC04727,25.487975785273328,78.39286999999032,2024-05-17,11:43:07,rain,expressway,night_lit,heavy,motorcycle,119.2,98,minor,2024-05-17 11:43:07,11,4,5,0,0,0
ACC04728,15.204869314635978,86.14805384760604,2026-03-15,22:06:14,clear,urban,night_unlit,heavy,truck,27.0,33,moderate,2026-03-15 22:06:14,22,6,3,1,1,1
ACC04729,20.622332231650606,85.11619326748686,2025-12-09,02:57:51,rain,highway,night_lit,low,motorcycle,132.3,80,moderate,2025-12-09 02:57:51,2,1,12,0,1,1
ACC04730,16.63148576984456,86.59273277199512,2022-09-18,17:31:02,cloudy,highway,daylight,low,car,104.8,94,moderate,2022-09-18 17:31:02,17,6,9,1,0,1
ACC04731,12.062909659968248,80.54051710926238,2023-01-10,22:04:05,rain,urban,night_unlit,heavy,bus,44.6,46,severe,2023-01-10 22:04:05,22,1,1,0,1,2
ACC04732,29.40127634409737,79.17993974200263,2026-04-17,07:22:53,fog,highway,dusk_dawn,moderate,motorcycle,92.8,82,moderate,2026-04-17 07:22:53,7,4,4,0,0,1
ACC04733,27.549274113333144,78.17377561770871,2023-10-22,09:12:15,storm,highway,night_unlit,moderate,car,80.5,63,fatal,2023-10-22 09:12:15,9,6,10,1,0,3
ACC04734,21.24657513245868,72.74268921266089,2023-05-25,15:04:18,cloudy,expressway,daylight,low,auto,64.0,94,fatal,2023-05-25 15:04:18,15,3,5,0,0,3
ACC04735,16.574741186142123,86.55234010088246,2025-07-31,19:01:00,clear,highway,dusk_dawn,low,motorcycle,65.8,61,moderate,2025-07-31 19:01:00,19,3,7,0,0,1
ACC04736,24.47355378358626,79.93881747655564,2024-09-15,14:42:24,cloudy,highway,night_lit,low,motorcycle,113.6,72,moderate,2024-09-15 14:42:24,14,6,9,1,0,1
ACC04737,19.826419521898693,79.28107889682417,2022-08-07,05:52:59,cloudy,urban,dusk_dawn,moderate,truck,69.7,54,severe,2022-08-07 05:52:59,5,6,8,1,1,2
ACC04738,26.46029160160859,80.24267979222587,2022-05-31,07:39:59,cloudy,highway,daylight,heavy,car,133.6,92,moderate,2022-05-31 07:39:59,7,1,5,0,0,1
ACC04739,29.991325983257088,84.7064722898272,2025-08-19,11:41:38,cloudy,highway,night_unlit,moderate,motorcycle,120.7,79,fatal,2025-08-19 11:41:38,11,1,8,0,0,3
ACC04740,18.28348693481766,75.59153737572102,2025-06-09,10:02:40,cloudy,urban,daylight,moderate,bus,73.6,55,moderate,2025-06-09 10:02:40,10,0,6,0,0,1
ACC04741,16.39925478260486,83.35841086391878,2023-08-02,08:10:38,cloudy,urban,daylight,low,car,31.0,52,severe,2023-08-02 08:10:38,8,2,8,0,0,2
ACC04742,16.812884798305646,83.37231585366453,2025-11-17,19:02:41,fog,urban,dusk_dawn,low,bus,76.7,38,moderate,2025-11-17 19:02:41,19,0,11,0,0,1
ACC04743,13.680232422252097,85.59284451613092,2022-07-26,02:58:31,rain,rural,daylight,low,car,126.7,47,minor,2022-07-26 02:58:31,2,1,7,0,1,0
ACC04744,19.092831537002795,72.13893757542192,2025-11-27,19:44:12,clear,rural,dusk_dawn,low,bus,57.4,55,severe,2025-11-27 19:44:12,19,3,11,0,0,2
ACC04745,12.313650948904368,74.72632869176212,2022-05-10,21:57:52,cloudy,urban,night_unlit,heavy,motorcycle,48.0,43,severe,2022-05-10 21:57:52,21,1,5,0,1,2
ACC04746,14.05912003322296,79.5367496327161,2024-11-10,16:54:52,cloudy,urban,daylight,low,motorcycle,29.1,31,fatal,2024-11-10 16:54:52,16,6,11,1,0,3
ACC04747,16.890523450908066,85.60864619938366,2025-10-16,16:13:08,cloudy,rural,night_lit,low,motorcycle,133.1,65,severe,2025-10-16 16:13:08,16,3,10,0,0,2
ACC04748,14.877529966370652,87.44186978604775,2024-10-13,07:30:05,clear,highway,dusk_dawn,heavy,car,84.6,75,minor,2024-10-13 07:30:05,7,6,10,1,0,0
ACC04749,25.17886379101305,81.51789783487042,2025-07-02,15:38:47,rain,urban,night_lit,moderate,car,65.0,46,severe,2025-07-02 15:38:47,15,2,7,0,0,2
ACC04750,13.900886235622206,75.39414360676832,2023-07-19,11:44:02,rain,highway,night_unlit,low,truck,69.1,80,severe,2023-07-19 11:44:02,11,2,7,0,0,2
ACC04751,27.587893890441443,74.95335513319434,2023-04-18,08:40:48,cloudy,highway,night_unlit,low,truck,76.3,98,minor,2023-04-18 08:40:48,8,1,4,0,0,0
ACC04752,15.980061066797152,82.23110326378028,2023-03-13,16:27:58,heavy_rain,expressway,daylight,low,car,128.6,91,severe,2023-03-13 16:27:58,16,0,3,0,0,2
ACC04753,13.954631105488218,75.36110635295047,2022-07-11,00:00:02,storm,highway,night_lit,low,truck,80.0,67,severe,2022-07-11 00:00:02,0,0,7,0,1,2
ACC04754,12.181919599762654,80.84939878273418,2023-04-01,09:56:47,rain,highway,night_lit,moderate,car,103.5,84,minor,2023-04-01 09:56:47,9,5,4,1,0,0
ACC04755,24.873690077798635,85.35699086630244,2023-02-10,17:41:07,fog,highway,daylight,moderate,motorcycle,139.6,87,severe,2023-02-10 17:41:07,17,4,2,0,0,2
ACC04756,16.619101426893756,78.23711437539345,2025-05-27,13:50:17,cloudy,urban,night_lit,low,motorcycle,25.1,53,severe,2025-05-27 13:50:17,13,1,5,0,0,2
ACC04757,21.170974892479947,78.05555503587087,2022-12-16,07:13:32,heavy_rain,rural,dusk_dawn,heavy,truck,92.8,68,moderate,2022-12-16 07:13:32,7,4,12,0,0,1
ACC04758,14.009088840098803,72.57824539025718,2022-09-30,00:06:40,fog,urban,daylight,low,motorcycle,63.9,36,moderate,2022-09-30 00:06:40,0,4,9,0,1,1
ACC04759,29.735326618252486,76.06535325479288,2025-04-18,09:54:05,cloudy,rural,daylight,moderate,car,102.4,43,moderate,2025-04-18 09:54:05,9,4,4,0,0,1
ACC04760,14.256925303259194,83.1710633539084,2024-06-02,15:48:06,clear,urban,night_unlit,low,car,61.9,45,severe,2024-06-02 15:48:06,15,6,6,1,0,2
ACC04761,19.414666679553807,77.76625992211514,2022-12-20,15:50:16,clear,expressway,night_lit,low,motorcycle,139.9,93,minor,2022-12-20 15:50:16,15,1,12,0,0,0
ACC04762,27.329691042020382,74.53278267663875,2025-03-05,07:26:40,cloudy,rural,night_lit,moderate,motorcycle,112.2,63,severe,2025-03-05 07:26:40,7,2,3,0,0,2
ACC04763,16.407965072647322,73.69228374016524,2022-12-21,16:54:24,rain,highway,night_lit,low,car,77.3,93,moderate,2022-12-21 16:54:24,16,2,12,0,0,1
ACC04764,16.80549213623112,73.52085405041134,2025-07-13,23:13:16,cloudy,rural,night_unlit,low,car,46.2,64,fatal,2025-07-13 23:13:16,23,6,7,1,1,3
ACC04765,26.55299128603319,82.54613492988632,2022-02-22,16:45:09,rain,highway,daylight,moderate,car,136.7,79,moderate,2022-02-22 16:45:09,16,1,2,0,0,1
ACC04766,16.920113829456227,81.80194366069678,2024-08-26,15:29:58,rain,urban,night_lit,heavy,car,58.2,40,minor,2024-08-26 15:29:58,15,0,8,0,0,0
ACC04767,12.051683599706632,80.29633608963336,2024-09-07,16:09:42,clear,highway,daylight,moderate,motorcycle,84.7,98,minor,2024-09-07 16:09:42,16,5,9,1,0,0
ACC04768,19.702446968819096,80.00522317054623,2023-09-05,20:43:59,clear,urban,night_unlit,low,auto,69.7,57,severe,2023-09-05 20:43:59,20,1,9,0,1,2
ACC04769,12.22563377421255,74.45018964300594,2025-02-05,21:21:29,rain,expressway,night_lit,moderate,car,126.6,86,moderate,2025-02-05 21:21:29,21,2,2,0,1,1
ACC04770,28.376261108928603,80.00966759616139,2023-09-16,04:09:49,clear,rural,night_lit,moderate,car,116.7,80,severe,2023-09-16 04:09:49,4,5,9,1,1,2
ACC04771,23.55263803522597,72.95900442560608,2024-12-09,08:42:38,fog,urban,night_lit,low,motorcycle,69.4,32,severe,2024-12-09 08:42:38,8,0,12,0,0,2
ACC04772,22.49425679198236,86.81373533764301,2023-01-03,07:46:31,heavy_rain,expressway,daylight,moderate,motorcycle,78.9,80,moderate,2023-01-03 07:46:31,7,1,1,0,0,1
ACC04773,15.628611195522536,72.9284408640417,2024-07-22,18:19:28,cloudy,urban,night_lit,moderate,motorcycle,46.4,52,fatal,2024-07-22 18:19:28,18,0,7,0,0,3
ACC04774,24.59903133771545,78.77648311830269,2025-05-26,04:58:30,cloudy,highway,night_lit,heavy,car,63.1,95,severe,2025-05-26 04:58:30,4,0,5,0,1,2
ACC04775,24.190583586210224,72.00913690245076,2026-05-06,20:42:24,rain,rural,night_unlit,heavy,car,85.9,48,severe,2026-05-06 20:42:24,20,2,5,0,1,2
ACC04776,13.088344330656568,84.57840702053191,2023-08-15,02:01:38,heavy_rain,highway,night_unlit,low,bus,124.3,64,severe,2023-08-15 02:01:38,2,1,8,0,1,2
ACC04777,27.855237554590303,74.65872301657008,2024-02-16,16:20:29,cloudy,rural,dusk_dawn,heavy,motorcycle,37.1,65,moderate,2024-02-16 16:20:29,16,4,2,0,0,1
ACC04778,22.4294405327365,86.79865628514685,2024-02-22,09:58:58,storm,highway,night_lit,moderate,truck,96.5,70,moderate,2024-02-22 09:58:58,9,3,2,0,0,1
ACC04779,26.264403858694983,72.70364396576903,2025-11-13,13:10:53,cloudy,highway,daylight,heavy,motorcycle,138.9,70,minor,2025-11-13 13:10:53,13,3,11,0,0,0
ACC04780,16.732453298319196,85.13259735303083,2026-04-30,13:57:27,clear,urban,night_lit,moderate,truck,51.0,31,moderate,2026-04-30 13:57:27,13,3,4,0,0,1
ACC04781,14.196860395562174,82.50620500504941,2024-11-26,18:31:23,cloudy,highway,dusk_dawn,moderate,truck,88.3,97,fatal,2024-11-26 18:31:23,18,1,11,0,0,3
ACC04782,24.644092317362123,75.99577150217425,2025-09-11,14:40:45,rain,highway,night_unlit,moderate,car,89.3,64,fatal,2025-09-11 14:40:45,14,3,9,0,0,3
ACC04783,26.28988835259292,75.23871374768952,2022-05-19,12:41:38,storm,highway,night_unlit,heavy,car,105.3,93,severe,2022-05-19 12:41:38,12,3,5,0,0,2
ACC04784,18.948603605147245,77.72284693403236,2025-05-31,17:30:13,clear,highway,daylight,moderate,car,123.6,99,severe,2025-05-31 17:30:13,17,5,5,1,0,2
ACC04785,12.426460955693605,85.25444613080568,2025-08-23,21:31:50,cloudy,rural,night_unlit,moderate,truck,60.8,72,minor,2025-08-23 21:31:50,21,5,8,1,1,0
ACC04786,26.72857244376956,85.79130477336729,2025-03-19,18:34:40,cloudy,urban,dusk_dawn,moderate,car,45.1,44,severe,2025-03-19 18:34:40,18,2,3,0,0,2
ACC04787,15.709690313947933,74.8045660723892,2024-08-17,18:38:37,heavy_rain,highway,dusk_dawn,low,motorcycle,61.7,76,severe,2024-08-17 18:38:37,18,5,8,1,0,2
ACC04788,18.10257495415479,77.65516863494929,2026-01-17,14:44:46,rain,highway,daylight,moderate,motorcycle,110.7,65,minor,2026-01-17 14:44:46,14,5,1,1,0,0
ACC04789,23.308158139988343,75.79986214243607,2024-12-09,20:26:13,clear,highway,night_unlit,low,truck,79.4,93,fatal,2024-12-09 20:26:13,20,0,12,0,1,3
ACC04790,13.799184945803448,73.96228556220636,2025-10-21,14:26:47,heavy_rain,urban,night_lit,low,motorcycle,56.8,50,minor,2025-10-21 14:26:47,14,1,10,0,0,0
ACC04791,13.295923790492337,82.34319020046284,2022-10-23,21:46:07,rain,urban,night_lit,moderate,motorcycle,51.4,44,minor,2022-10-23 21:46:07,21,6,10,1,1,0
ACC04792,12.462667888354936,77.53393637176856,2024-12-28,18:45:47,heavy_rain,highway,night_lit,moderate,car,78.0,77,moderate,2024-12-28 18:45:47,18,5,12,1,0,1
ACC04793,28.4995174843102,75.60614471642134,2023-12-20,07:38:35,rain,expressway,dusk_dawn,low,car,67.0,87,minor,2023-12-20 07:38:35,7,2,12,0,0,0
ACC04794,17.6048893968358,85.85596437603162,2025-11-26,05:27:34,clear,highway,night_unlit,low,car,60.7,86,minor,2025-11-26 05:27:34,5,2,11,0,1,0
ACC04795,23.891858672108373,83.97308689445707,2025-12-16,18:34:43,fog,urban,night_unlit,moderate,bus,37.8,48,fatal,2025-12-16 18:34:43,18,1,12,0,0,3
ACC04796,29.80623448231936,84.38017837914148,2025-10-17,17:34:18,cloudy,rural,dusk_dawn,heavy,auto,122.2,63,moderate,2025-10-17 17:34:18,17,4,10,0,0,1
ACC04797,24.050114284114983,72.62713425893249,2022-12-20,16:26:46,storm,highway,daylight,moderate,truck,84.3,72,fatal,2022-12-20 16:26:46,16,1,12,0,0,3
ACC04798,21.45170632541124,86.64208718769706,2024-03-19,22:10:01,clear,highway,night_lit,heavy,car,111.7,78,minor,2024-03-19 22:10:01,22,1,3,0,1,0
ACC04799,21.376558803310296,81.19581404758776,2022-01-01,15:32:41,rain,urban,night_lit,moderate,car,45.4,50,minor,2022-01-01 15:32:41,15,5,1,1,0,0
ACC04800,18.78450867219993,80.0608448749523,2026-05-28,11:26:47,clear,urban,night_lit,low,motorcycle,53.9,51,moderate,2026-05-28 11:26:47,11,3,5,0,0,1
ACC04801,22.79603380719153,72.1693655364445,2023-02-27,15:03:00,clear,rural,daylight,low,car,92.9,48,severe,2023-02-27 15:03:00,15,0,2,0,0,2
ACC04802,29.25824501182268,86.36259536694567,2024-10-22,03:57:41,storm,urban,night_lit,moderate,bus,68.0,30,moderate,2024-10-22 03:57:41,3,1,10,0,1,1
ACC04803,26.18479260656958,80.70224752777601,2024-03-11,16:40:46,clear,rural,daylight,heavy,truck,33.2,74,moderate,2024-03-11 16:40:46,16,0,3,0,0,1
ACC04804,19.636079106598277,85.20245539744856,2026-01-25,20:06:31,clear,urban,night_lit,moderate,auto,28.1,41,minor,2026-01-25 20:06:31,20,6,1,1,1,0
ACC04805,17.9840069225856,82.4881753718127,2025-09-10,00:12:36,heavy_rain,rural,night_lit,moderate,bus,32.2,45,moderate,2025-09-10 00:12:36,0,2,9,0,1,1
ACC04806,27.903567533216187,84.74709781617409,2025-06-29,19:34:03,cloudy,highway,dusk_dawn,moderate,motorcycle,94.2,76,moderate,2025-06-29 19:34:03,19,6,6,1,0,1
ACC04807,14.444144861278687,83.08690797692483,2024-11-22,18:51:59,cloudy,rural,night_lit,heavy,car,89.3,72,minor,2024-11-22 18:51:59,18,4,11,0,0,0
ACC04808,27.292534625357437,86.73542243737323,2022-07-16,07:29:58,storm,highway,dusk_dawn,moderate,truck,69.3,80,severe,2022-07-16 07:29:58,7,5,7,1,0,2
ACC04809,16.591381704161982,75.6077469814328,2026-02-18,19:48:45,cloudy,highway,dusk_dawn,moderate,motorcycle,99.3,60,fatal,2026-02-18 19:48:45,19,2,2,0,0,3
ACC04810,24.88132624396652,75.23360167572652,2022-04-13,18:07:00,clear,urban,night_lit,heavy,bus,53.7,45,minor,2022-04-13 18:07:00,18,2,4,0,0,0
ACC04811,26.51197045394694,83.40066499112196,2024-01-19,14:31:25,rain,expressway,daylight,moderate,car,125.8,86,minor,2024-01-19 14:31:25,14,4,1,0,0,0
ACC04812,20.58593731074251,80.0223168093355,2023-09-16,09:49:49,rain,highway,daylight,low,motorcycle,126.9,82,moderate,2023-09-16 09:49:49,9,5,9,1,0,1
ACC04813,15.461111570560938,81.58657872535792,2023-10-04,09:50:40,clear,highway,night_lit,heavy,motorcycle,106.5,71,moderate,2023-10-04 09:50:40,9,2,10,0,0,1
ACC04814,27.20581938232276,83.33667950705963,2026-05-24,16:14:54,cloudy,expressway,dusk_dawn,heavy,car,104.2,94,moderate,2026-05-24 16:14:54,16,6,5,1,0,1
ACC04815,18.615150210959666,80.75885115200003,2023-01-15,09:40:36,clear,rural,daylight,heavy,motorcycle,36.7,78,minor,2023-01-15 09:40:36,9,6,1,1,0,0
ACC04816,17.772244688685348,84.60309516265914,2024-08-10,10:02:42,clear,urban,night_lit,moderate,car,76.3,54,moderate,2024-08-10 10:02:42,10,5,8,1,0,1
ACC04817,21.180291282361917,77.10187769497364,2022-12-25,21:08:20,clear,urban,daylight,heavy,motorcycle,44.5,49,moderate,2022-12-25 21:08:20,21,6,12,1,1,1
ACC04818,19.83155233987052,85.74384709759508,2026-02-05,17:54:48,heavy_rain,urban,night_lit,low,motorcycle,24.1,41,severe,2026-02-05 17:54:48,17,3,2,0,0,2
ACC04819,24.294939906697035,73.7228216468096,2025-04-23,18:44:32,clear,expressway,dusk_dawn,heavy,car,89.3,89,minor,2025-04-23 18:44:32,18,2,4,0,0,0
ACC04820,14.469560550707977,82.14406363137898,2023-11-13,22:12:48,clear,highway,night_unlit,heavy,truck,99.1,69,fatal,2023-11-13 22:12:48,22,0,11,0,1,3
ACC04821,19.84241377286171,86.24212012042877,2022-05-12,00:59:12,fog,rural,night_unlit,moderate,car,77.3,46,moderate,2022-05-12 00:59:12,0,3,5,0,1,1
ACC04822,28.05063260205367,76.04310604642727,2022-09-08,09:59:16,clear,urban,night_lit,low,truck,71.0,55,fatal,2022-09-08 09:59:16,9,3,9,0,0,3
ACC04823,12.64912876991506,77.22935479878261,2023-02-03,17:02:05,fog,expressway,night_unlit,heavy,car,121.7,100,severe,2023-02-03 17:02:05,17,4,2,0,0,2
ACC04824,20.232089996759875,76.88706845588382,2023-10-30,13:01:40,heavy_rain,urban,night_lit,moderate,truck,32.7,39,minor,2023-10-30 13:01:40,13,0,10,0,0,0
ACC04825,23.889575394933782,81.02821938840054,2025-12-25,07:14:43,cloudy,highway,dusk_dawn,heavy,motorcycle,94.6,97,minor,2025-12-25 07:14:43,7,3,12,0,0,0
ACC04826,27.978799566755736,78.60594904904238,2022-07-16,18:47:17,clear,rural,dusk_dawn,heavy,truck,61.4,65,severe,2022-07-16 18:47:17,18,5,7,1,0,2
ACC04827,22.688152084797164,73.72734855991844,2024-08-05,05:35:23,clear,expressway,night_lit,heavy,motorcycle,127.3,93,moderate,2024-08-05 05:35:23,5,0,8,0,1,1
ACC04828,26.84071688230792,86.26059554810337,2023-07-25,15:30:34,clear,expressway,night_lit,moderate,motorcycle,109.1,94,moderate,2023-07-25 15:30:34,15,1,7,0,0,1
ACC04829,16.008438341267155,75.2748260665388,2022-03-18,15:24:45,clear,highway,dusk_dawn,heavy,truck,92.6,66,fatal,2022-03-18 15:24:45,15,4,3,0,0,3
ACC04830,18.350569852101472,80.54528017581647,2024-10-13,16:28:18,cloudy,highway,night_lit,heavy,motorcycle,133.8,94,minor,2024-10-13 16:28:18,16,6,10,1,0,0
ACC04831,28.958380930704767,81.51687833499618,2025-03-02,10:38:29,clear,rural,daylight,moderate,motorcycle,31.9,59,minor,2025-03-02 10:38:29,10,6,3,1,0,0
ACC04832,27.947552035668352,72.65202949836066,2026-04-25,02:03:11,rain,urban,night_lit,low,motorcycle,61.8,55,minor,2026-04-25 02:03:11,2,5,4,1,1,0
ACC04833,22.04315368839668,73.5313972424694,2024-04-11,20:35:48,clear,highway,daylight,heavy,truck,131.0,92,moderate,2024-04-11 20:35:48,20,3,4,0,1,1
ACC04834,20.55879008030721,87.54703536687282,2023-06-19,21:13:52,cloudy,highway,night_unlit,low,motorcycle,91.9,75,moderate,2023-06-19 21:13:52,21,0,6,0,1,1
ACC04835,20.119213046180253,82.63219744239012,2025-11-04,14:47:44,clear,highway,daylight,low,bus,119.3,63,minor,2025-11-04 14:47:44,14,1,11,0,0,0
ACC04836,13.05821390820629,72.53704283274283,2023-02-11,02:11:48,clear,highway,night_lit,low,car,134.3,87,minor,2023-02-11 02:11:48,2,5,2,1,1,0
ACC04837,28.062787871218205,84.70718753044798,2025-01-25,16:04:45,rain,highway,night_lit,moderate,car,107.1,88,moderate,2025-01-25 16:04:45,16,5,1,1,0,1
ACC04838,26.72669115147604,80.13668494843976,2026-03-30,10:26:50,rain,expressway,daylight,moderate,motorcycle,135.0,94,minor,2026-03-30 10:26:50,10,0,3,0,0,0
ACC04839,20.21252060510161,73.20319315325561,2022-01-08,08:26:25,cloudy,urban,night_unlit,low,truck,47.7,48,minor,2022-01-08 08:26:25,8,5,1,1,0,0
ACC04840,17.02991950895052,82.89203356876466,2026-02-28,08:31:12,cloudy,highway,daylight,moderate,car,66.4,68,moderate,2026-02-28 08:31:12,8,5,2,1,0,1
ACC04841,18.17257091567755,79.9896288938955,2022-12-04,08:51:57,cloudy,urban,daylight,heavy,car,76.4,54,minor,2022-12-04 08:51:57,8,6,12,1,0,0
ACC04842,14.21689054571201,75.27871681777478,2024-03-01,10:41:00,heavy_rain,urban,daylight,moderate,auto,66.4,46,minor,2024-03-01 10:41:00,10,4,3,0,0,0
ACC04843,24.992215343503005,86.04323635342111,2023-02-28,09:21:24,clear,rural,daylight,moderate,car,134.0,69,moderate,2023-02-28 09:21:24,9,1,2,0,0,1
ACC04844,22.02005741798744,76.66207773280406,2022-08-26,19:43:43,rain,rural,dusk_dawn,low,motorcycle,92.2,80,fatal,2022-08-26 19:43:43,19,4,8,0,0,3
ACC04845,16.21386161084811,76.55290616725293,2025-02-27,14:30:47,clear,highway,daylight,moderate,car,135.0,96,severe,2025-02-27 14:30:47,14,3,2,0,0,2
ACC04846,23.214100297398414,76.36437730867647,2024-03-02,12:13:41,cloudy,expressway,daylight,moderate,car,114.5,86,severe,2024-03-02 12:13:41,12,5,3,1,0,2
ACC04847,29.626143856589543,84.27929243342481,2024-04-16,07:01:29,cloudy,highway,daylight,heavy,car,72.7,73,moderate,2024-04-16 07:01:29,7,1,4,0,0,1
ACC04848,14.203112438571225,83.29789872608852,2024-03-05,20:00:55,clear,rural,daylight,heavy,car,95.6,49,minor,2024-03-05 20:00:55,20,1,3,0,1,0
ACC04849,20.2527301912559,86.45033096752572,2025-05-12,05:13:14,cloudy,expressway,night_lit,moderate,motorcycle,69.6,91,moderate,2025-05-12 05:13:14,5,0,5,0,1,1
ACC04850,20.89485877659828,75.66942751334848,2026-05-06,09:49:08,cloudy,rural,dusk_dawn,low,car,67.9,69,severe,2026-05-06 09:49:08,9,2,5,0,0,2
ACC04851,15.002349848828445,84.58183352868494,2024-04-22,16:27:37,clear,highway,daylight,heavy,motorcycle,118.5,77,minor,2024-04-22 16:27:37,16,0,4,0,0,0
ACC04852,21.568443797951662,81.16872922444954,2022-09-13,17:27:19,storm,highway,daylight,heavy,car,79.9,98,fatal,2022-09-13 17:27:19,17,1,9,0,0,3
ACC04853,22.90759065386562,76.93887375444268,2023-06-22,18:23:28,clear,highway,dusk_dawn,heavy,bus,62.7,91,severe,2023-06-22 18:23:28,18,3,6,0,0,2
ACC04854,14.832201698732916,72.567266118524,2024-03-25,12:15:27,heavy_rain,highway,night_lit,heavy,car,76.1,78,moderate,2024-03-25 12:15:27,12,0,3,0,0,1
ACC04855,14.785030182159776,85.10316079761776,2022-06-20,11:42:15,cloudy,highway,dusk_dawn,low,car,68.4,95,moderate,2022-06-20 11:42:15,11,0,6,0,0,1
ACC04856,27.41427688140761,75.85714194421371,2023-01-12,09:00:59,clear,highway,night_lit,heavy,truck,73.6,73,moderate,2023-01-12 09:00:59,9,3,1,0,0,1
ACC04857,17.60497386006081,82.10788857943871,2022-11-29,15:36:22,clear,urban,night_unlit,low,truck,68.1,54,fatal,2022-11-29 15:36:22,15,1,11,0,0,3
ACC04858,23.34600096741536,80.781886976957,2026-05-17,11:56:40,rain,highway,night_lit,low,motorcycle,102.3,71,minor,2026-05-17 11:56:40,11,6,5,1,0,0
ACC04859,23.281915362153853,72.07119261834855,2023-10-21,10:52:09,rain,urban,daylight,moderate,car,56.1,52,minor,2023-10-21 10:52:09,10,5,10,1,0,0
ACC04860,27.10507576048743,87.9094980790362,2025-12-14,01:22:59,rain,rural,night_unlit,low,truck,112.9,78,fatal,2025-12-14 01:22:59,1,6,12,1,1,3
ACC04861,25.31810336216742,85.02926969280206,2024-06-24,21:51:59,cloudy,highway,night_unlit,moderate,truck,102.6,88,moderate,2024-06-24 21:51:59,21,0,6,0,1,1
ACC04862,27.130375801889,79.78354033018691,2024-04-11,05:14:04,clear,urban,dusk_dawn,low,motorcycle,28.4,46,minor,2024-04-11 05:14:04,5,3,4,0,1,0
ACC04863,23.25386621371198,82.88546192387813,2026-03-22,09:14:38,rain,rural,night_lit,low,motorcycle,61.9,40,moderate,2026-03-22 09:14:38,9,6,3,1,0,1
ACC04864,20.09022888925189,79.62550778545236,2025-02-10,21:20:35,heavy_rain,urban,night_unlit,low,car,30.2,44,moderate,2025-02-10 21:20:35,21,0,2,0,1,1
ACC04865,19.084197383635345,83.9133803404597,2023-01-29,18:01:10,clear,urban,dusk_dawn,moderate,car,22.7,44,minor,2023-01-29 18:01:10,18,6,1,1,0,0
ACC04866,18.822535799905843,74.1492567331023,2023-04-08,16:15:46,rain,rural,daylight,moderate,car,53.2,73,moderate,2023-04-08 16:15:46,16,5,4,1,0,1
ACC04867,19.53107576236484,79.14161592374448,2024-12-29,17:51:45,cloudy,urban,daylight,moderate,car,57.8,59,moderate,2024-12-29 17:51:45,17,6,12,1,0,1
ACC04868,14.327566538767863,77.36859483316576,2022-01-04,06:45:50,cloudy,urban,dusk_dawn,moderate,bus,61.4,48,minor,2022-01-04 06:45:50,6,1,1,0,0,0
ACC04869,19.631250678057008,79.35448389590456,2022-09-08,19:19:36,cloudy,rural,night_lit,low,truck,22.6,42,minor,2022-09-08 19:19:36,19,3,9,0,0,0
ACC04870,19.01000832964718,79.20756244576583,2022-05-03,09:18:42,clear,rural,daylight,heavy,car,64.1,46,minor,2022-05-03 09:18:42,9,1,5,0,0,0
ACC04871,12.622289939728166,74.28950319646711,2025-03-17,22:20:43,clear,urban,night_unlit,low,car,32.4,45,minor,2025-03-17 22:20:43,22,0,3,0,1,0
ACC04872,16.952353595874122,87.62381713134447,2023-12-26,09:07:46,rain,urban,night_unlit,heavy,motorcycle,71.5,40,severe,2023-12-26 09:07:46,9,1,12,0,0,2
ACC04873,25.534325545323902,72.24787428461005,2022-01-19,16:09:35,fog,rural,daylight,heavy,motorcycle,27.0,69,moderate,2022-01-19 16:09:35,16,2,1,0,0,1
ACC04874,22.403020285373252,72.16116711707838,2025-05-02,15:59:44,cloudy,urban,daylight,heavy,truck,41.2,30,fatal,2025-05-02 15:59:44,15,4,5,0,0,3
ACC04875,26.511014941608543,77.97506109653852,2024-12-13,07:41:03,clear,urban,dusk_dawn,moderate,auto,33.2,35,minor,2024-12-13 07:41:03,7,4,12,0,0,0
ACC04876,21.768384798853766,81.92602158954908,2025-03-26,11:40:37,clear,highway,daylight,heavy,motorcycle,95.9,70,severe,2025-03-26 11:40:37,11,2,3,0,0,2
ACC04877,27.373507778554814,74.87445162903884,2022-09-26,18:16:12,cloudy,highway,daylight,low,car,119.7,82,minor,2022-09-26 18:16:12,18,0,9,0,0,0
ACC04878,26.3292077928309,80.53110406246658,2025-12-07,08:51:24,rain,urban,daylight,heavy,bus,65.1,47,moderate,2025-12-07 08:51:24,8,6,12,1,0,1
ACC04879,13.769122262560447,83.56435148741566,2022-10-24,22:10:46,clear,rural,night_unlit,low,motorcycle,56.3,76,moderate,2022-10-24 22:10:46,22,0,10,0,1,1
ACC04880,29.586114624287863,73.50496974464242,2024-07-26,10:58:06,clear,highway,daylight,moderate,motorcycle,61.3,81,fatal,2024-07-26 10:58:06,10,4,7,0,0,3
ACC04881,12.26545404422392,87.75075852825493,2024-07-06,16:30:45,rain,expressway,night_lit,moderate,truck,131.1,99,moderate,2024-07-06 16:30:45,16,5,7,1,0,1
ACC04882,22.743084682733134,77.38721036382871,2022-12-26,16:19:15,clear,rural,daylight,heavy,motorcycle,71.0,71,moderate,2022-12-26 16:19:15,16,0,12,0,0,1
ACC04883,26.26520716770172,82.27864662059598,2023-09-09,13:45:45,cloudy,rural,dusk_dawn,heavy,car,137.4,47,minor,2023-09-09 13:45:45,13,5,9,1,0,0
ACC04884,17.97409451731626,73.77151773098521,2022-03-27,17:25:45,rain,rural,daylight,moderate,truck,124.4,73,severe,2022-03-27 17:25:45,17,6,3,1,0,2
ACC04885,22.77425626134884,83.35178221954122,2024-02-13,18:16:00,clear,highway,night_unlit,low,car,139.2,81,fatal,2024-02-13 18:16:00,18,1,2,0,0,3
ACC04886,18.51820555525407,85.44730155299978,2025-01-16,16:41:14,cloudy,highway,night_lit,heavy,car,135.6,97,minor,2025-01-16 16:41:14,16,3,1,0,0,0
ACC04887,13.091069550135034,73.68456227728996,2023-05-23,15:43:48,clear,highway,daylight,heavy,motorcycle,81.2,75,minor,2023-05-23 15:43:48,15,1,5,0,0,0
ACC04888,12.152307343607957,74.01381046992105,2024-06-02,16:36:20,clear,urban,night_lit,low,car,57.6,31,fatal,2024-06-02 16:36:20,16,6,6,1,0,3
ACC04889,13.70751654200139,76.49675863019564,2026-04-15,12:27:26,heavy_rain,highway,daylight,heavy,truck,130.3,88,severe,2026-04-15 12:27:26,12,2,4,0,0,2
ACC04890,13.771372694160842,72.19097304600527,2023-01-21,06:19:00,rain,rural,dusk_dawn,moderate,auto,86.1,51,minor,2023-01-21 06:19:00,6,5,1,1,0,0
ACC04891,22.996015993087497,87.77682070939568,2023-04-23,08:24:41,clear,rural,daylight,moderate,auto,37.0,51,minor,2023-04-23 08:24:41,8,6,4,1,0,0
ACC04892,21.46557415732524,81.5741451992424,2022-07-17,16:52:05,clear,highway,night_lit,low,car,119.3,76,severe,2022-07-17 16:52:05,16,6,7,1,0,2
ACC04893,20.19833940311656,81.72143119941673,2024-06-09,21:21:16,clear,urban,night_lit,heavy,auto,32.0,53,severe,2024-06-09 21:21:16,21,6,6,1,1,2
ACC04894,24.45458656084352,87.34339471442618,2022-12-01,02:58:28,heavy_rain,urban,night_lit,low,car,70.0,41,minor,2022-12-01 02:58:28,2,3,12,0,1,0
ACC04895,12.302870466224071,85.31246806911084,2025-11-03,15:08:46,rain,rural,night_lit,heavy,motorcycle,97.3,72,minor,2025-11-03 15:08:46,15,0,11,0,0,0
ACC04896,16.877702665483156,85.0278868954936,2023-04-23,09:09:29,cloudy,expressway,night_unlit,low,car,98.7,100,minor,2023-04-23 09:09:29,9,6,4,1,0,0
ACC04897,25.993069163177303,77.432037918426,2024-12-26,15:19:58,clear,highway,night_unlit,moderate,truck,139.1,67,fatal,2024-12-26 15:19:58,15,3,12,0,0,3
ACC04898,28.37958791730813,77.35781429543432,2022-11-07,18:00:31,fog,highway,dusk_dawn,low,car,78.2,74,fatal,2022-11-07 18:00:31,18,0,11,0,0,3
ACC04899,19.89005873227647,76.66780735700235,2023-06-14,18:52:15,rain,rural,dusk_dawn,heavy,truck,93.1,73,moderate,2023-06-14 18:52:15,18,2,6,0,0,1
ACC04900,13.466711642492395,77.54713218842112,2022-10-09,17:20:11,clear,highway,dusk_dawn,low,truck,106.8,76,moderate,2022-10-09 17:20:11,17,6,10,1,0,1
ACC04901,26.377117306112783,77.91214018175761,2024-06-26,18:06:47,cloudy,rural,dusk_dawn,moderate,motorcycle,37.4,72,moderate,2024-06-26 18:06:47,18,2,6,0,0,1
ACC04902,27.933067798909207,74.2400590236895,2022-02-15,06:37:27,cloudy,highway,dusk_dawn,moderate,truck,77.1,67,moderate,2022-02-15 06:37:27,6,1,2,0,0,1
ACC04903,19.44588487248695,77.6951658032335,2022-05-17,14:57:36,cloudy,urban,daylight,moderate,car,26.3,45,severe,2022-05-17 14:57:36,14,1,5,0,0,2
ACC04904,16.380394570564988,79.14795256391564,2024-04-03,09:59:22,clear,urban,night_unlit,moderate,car,31.4,47,moderate,2024-04-03 09:59:22,9,2,4,0,0,1
ACC04905,12.791490028013015,76.94955741994653,2024-06-15,21:06:16,clear,rural,night_lit,low,motorcycle,86.6,80,moderate,2024-06-15 21:06:16,21,5,6,1,1,1
ACC04906,22.63949079410741,74.64555149052076,2023-06-26,18:47:35,rain,highway,daylight,low,truck,80.5,83,fatal,2023-06-26 18:47:35,18,0,6,0,0,3
ACC04907,28.377650830124985,77.97456637085597,2023-12-10,07:21:17,rain,rural,dusk_dawn,low,car,81.4,50,minor,2023-12-10 07:21:17,7,6,12,1,0,0
ACC04908,24.20198445936586,79.69452437146298,2023-11-15,09:50:59,cloudy,rural,night_lit,low,truck,77.0,63,severe,2023-11-15 09:50:59,9,2,11,0,0,2
ACC04909,17.710474762105218,83.53165418667405,2025-05-29,13:36:43,cloudy,rural,daylight,low,car,99.6,63,fatal,2025-05-29 13:36:43,13,3,5,0,0,3
ACC04910,23.571989837219405,83.37980418359473,2024-01-04,22:43:49,clear,expressway,night_lit,low,truck,126.5,86,minor,2024-01-04 22:43:49,22,3,1,0,1,0
ACC04911,26.977231334064456,75.2431204973332,2025-10-24,07:50:17,cloudy,rural,dusk_dawn,moderate,car,125.7,64,minor,2025-10-24 07:50:17,7,4,10,0,0,0
ACC04912,20.56494106829024,72.5864863226918,2022-12-23,15:53:01,rain,rural,night_lit,low,motorcycle,137.4,80,minor,2022-12-23 15:53:01,15,4,12,0,0,0
ACC04913,26.75547281996109,76.86079234891311,2022-11-24,11:08:02,cloudy,urban,night_lit,moderate,motorcycle,66.0,39,severe,2022-11-24 11:08:02,11,3,11,0,0,2
ACC04914,19.054374179994376,74.51418087774321,2023-10-25,16:43:51,fog,rural,night_unlit,heavy,motorcycle,138.6,50,severe,2023-10-25 16:43:51,16,2,10,0,0,2
ACC04915,18.27310221472387,78.33261566745111,2022-05-14,16:08:52,rain,expressway,daylight,heavy,car,110.9,94,moderate,2022-05-14 16:08:52,16,5,5,1,0,1
ACC04916,22.49379526581397,87.66953790644166,2025-01-06,09:56:40,rain,urban,daylight,moderate,motorcycle,52.4,48,moderate,2025-01-06 09:56:40,9,0,1,0,0,1
ACC04917,20.364355518500663,74.89714193448353,2023-10-04,18:37:35,cloudy,highway,dusk_dawn,low,car,117.1,100,moderate,2023-10-04 18:37:35,18,2,10,0,0,1
ACC04918,29.5880145682995,77.1019830947675,2023-08-25,06:11:12,clear,highway,dusk_dawn,moderate,car,88.6,75,minor,2023-08-25 06:11:12,6,4,8,0,0,0
ACC04919,21.295009623507145,83.60182906111316,2024-05-27,19:17:45,heavy_rain,rural,dusk_dawn,low,car,135.3,47,minor,2024-05-27 19:17:45,19,0,5,0,0,0
ACC04920,18.933096520488387,80.14692452579075,2022-05-15,08:53:30,rain,expressway,daylight,moderate,bus,133.9,81,minor,2022-05-15 08:53:30,8,6,5,1,0,0
ACC04921,19.108803776313653,72.70285029717417,2023-09-11,16:38:36,heavy_rain,highway,night_unlit,heavy,car,96.5,82,fatal,2023-09-11 16:38:36,16,0,9,0,0,3
ACC04922,21.8629191110361,74.58704029058114,2026-05-16,11:13:01,cloudy,expressway,daylight,moderate,motorcycle,86.2,83,severe,2026-05-16 11:13:01,11,5,5,1,0,2
ACC04923,18.388416684147515,86.96399287637114,2024-10-29,16:49:30,cloudy,highway,night_lit,heavy,car,74.9,67,minor,2024-10-29 16:49:30,16,1,10,0,0,0
ACC04924,25.012318835368845,73.65063988382445,2024-07-31,09:43:41,clear,urban,night_lit,low,motorcycle,46.0,47,minor,2024-07-31 09:43:41,9,2,7,0,0,0
ACC04925,18.851932698629536,82.16148459535529,2024-04-10,15:04:46,clear,expressway,night_unlit,low,car,81.2,88,moderate,2024-04-10 15:04:46,15,2,4,0,0,1
ACC04926,18.914598957454373,84.67721038145459,2024-02-09,00:16:08,cloudy,expressway,night_unlit,low,car,123.1,95,severe,2024-02-09 00:16:08,0,4,2,0,1,2
ACC04927,23.105518488782483,76.24702500359878,2026-03-18,11:50:01,fog,urban,night_lit,low,auto,29.1,40,minor,2026-03-18 11:50:01,11,2,3,0,0,0
ACC04928,13.09524370852818,83.60124805021904,2026-03-08,19:21:51,rain,expressway,daylight,low,auto,86.7,83,minor,2026-03-08 19:21:51,19,6,3,1,0,0
ACC04929,23.79638852607263,74.71832286448289,2023-11-04,13:02:18,cloudy,rural,daylight,heavy,car,113.8,48,moderate,2023-11-04 13:02:18,13,5,11,1,0,1
ACC04930,21.089499908856368,76.55600439734064,2026-02-27,14:36:28,cloudy,rural,night_lit,moderate,truck,106.6,43,moderate,2026-02-27 14:36:28,14,4,2,0,0,1
ACC04931,20.15447005715955,76.98915249414732,2022-05-16,16:53:37,clear,rural,daylight,heavy,bus,80.7,40,moderate,2022-05-16 16:53:37,16,0,5,0,0,1
ACC04932,24.946553832743124,87.94295984902757,2023-06-09,13:33:29,clear,urban,night_lit,heavy,auto,25.4,50,minor,2023-06-09 13:33:29,13,4,6,0,0,0
ACC04933,25.648604076087494,75.43315672348731,2023-05-11,19:58:56,storm,highway,dusk_dawn,heavy,car,85.7,72,moderate,2023-05-11 19:58:56,19,3,5,0,0,1
ACC04934,27.232695541424267,74.06731943413736,2025-02-18,12:06:50,rain,highway,daylight,heavy,truck,91.0,93,moderate,2025-02-18 12:06:50,12,1,2,0,0,1
ACC04935,18.74645617471405,86.81106299970257,2024-09-21,21:40:23,cloudy,highway,night_lit,low,car,86.2,66,minor,2024-09-21 21:40:23,21,5,9,1,1,0
ACC04936,17.88667846056086,74.59089110112565,2024-02-16,20:38:11,heavy_rain,highway,night_lit,heavy,motorcycle,101.8,88,minor,2024-02-16 20:38:11,20,4,2,0,1,0
ACC04937,24.85815782690135,86.06847871407048,2023-02-25,12:59:58,clear,highway,night_lit,moderate,motorcycle,138.2,99,moderate,2023-02-25 12:59:58,12,5,2,1,0,1
ACC04938,22.472487464528022,82.40730604234705,2024-04-12,11:31:42,fog,highway,night_unlit,moderate,truck,135.8,92,severe,2024-04-12 11:31:42,11,4,4,0,0,2
ACC04939,23.372427834332697,81.2297839691283,2023-03-18,17:49:45,rain,urban,daylight,moderate,bus,46.1,38,minor,2023-03-18 17:49:45,17,5,3,1,0,0
ACC04940,21.999412327905038,84.02141938474523,2024-03-27,18:08:27,clear,highway,dusk_dawn,heavy,car,134.7,91,minor,2024-03-27 18:08:27,18,2,3,0,0,0
ACC04941,25.90847441766938,83.6159833143688,2023-07-12,08:02:29,rain,highway,daylight,heavy,car,108.3,66,minor,2023-07-12 08:02:29,8,2,7,0,0,0
ACC04942,15.420735992858758,73.76841903069302,2025-12-30,09:42:10,clear,highway,dusk_dawn,low,motorcycle,138.8,63,severe,2025-12-30 09:42:10,9,1,12,0,0,2
ACC04943,22.00281838934514,87.99145776650703,2025-05-10,07:00:25,cloudy,highway,dusk_dawn,low,motorcycle,89.3,66,fatal,2025-05-10 07:00:25,7,5,5,1,0,3
ACC04944,14.845832200985337,87.07023562317966,2022-10-15,18:52:32,clear,urban,night_unlit,low,motorcycle,79.0,49,fatal,2022-10-15 18:52:32,18,5,10,1,0,3
ACC04945,19.33053490723785,86.34547140579066,2026-03-24,17:01:07,clear,rural,daylight,heavy,truck,54.1,52,minor,2026-03-24 17:01:07,17,1,3,0,0,0
ACC04946,23.951888821489348,81.95662614307851,2024-12-17,08:41:38,cloudy,rural,daylight,low,truck,26.0,48,moderate,2024-12-17 08:41:38,8,1,12,0,0,1
ACC04947,20.875288949655065,80.36466130131703,2023-07-30,15:27:36,cloudy,urban,daylight,moderate,truck,57.3,30,fatal,2023-07-30 15:27:36,15,6,7,1,0,3
ACC04948,18.832647660099266,80.5804573421067,2024-05-21,18:38:50,clear,expressway,dusk_dawn,moderate,car,75.9,84,moderate,2024-05-21 18:38:50,18,1,5,0,0,1
ACC04949,27.92946002548091,72.23899110765171,2022-11-17,21:37:03,rain,rural,night_lit,heavy,car,54.0,78,minor,2022-11-17 21:37:03,21,3,11,0,1,0
ACC04950,25.91086286095461,79.99151203112709,2022-03-18,08:26:13,clear,highway,night_unlit,heavy,bus,132.4,93,severe,2022-03-18 08:26:13,8,4,3,0,0,2
ACC04951,21.47323413000675,81.98031308255872,2023-11-22,10:28:25,cloudy,highway,daylight,moderate,motorcycle,125.5,63,minor,2023-11-22 10:28:25,10,2,11,0,0,0
ACC04952,29.10095680215878,82.53929934039917,2025-07-08,11:30:52,cloudy,urban,night_lit,moderate,motorcycle,39.1,42,minor,2025-07-08 11:30:52,11,1,7,0,0,0
ACC04953,19.638575209829888,77.314231440821,2023-08-01,16:40:14,clear,urban,dusk_dawn,heavy,car,79.9,43,moderate,2023-08-01 16:40:14,16,1,8,0,0,1
ACC04954,26.185312696585907,79.54051760469679,2023-09-23,07:42:58,storm,rural,dusk_dawn,low,truck,116.8,46,moderate,2023-09-23 07:42:58,7,5,9,1,0,1
ACC04955,15.022852316425524,82.18096970660119,2026-06-14,08:26:57,cloudy,highway,night_unlit,moderate,car,91.1,65,fatal,2026-06-14 08:26:57,8,6,6,1,0,3
ACC04956,17.144264587990747,78.85288816440291,2026-06-10,18:21:05,clear,expressway,dusk_dawn,heavy,truck,79.2,95,moderate,2026-06-10 18:21:05,18,2,6,0,0,1
ACC04957,18.08554046401119,87.3941631837364,2024-02-01,15:02:21,cloudy,urban,daylight,moderate,car,79.9,41,minor,2024-02-01 15:02:21,15,3,2,0,0,0
ACC04958,13.90477354868142,83.287073757632,2022-03-14,08:46:15,cloudy,expressway,daylight,heavy,car,89.6,83,fatal,2022-03-14 08:46:15,8,0,3,0,0,3
ACC04959,21.03248667136922,72.02037994001425,2025-01-20,12:13:29,clear,urban,daylight,moderate,car,40.3,57,minor,2025-01-20 12:13:29,12,0,1,0,0,0
ACC04960,15.460682414276922,72.37247170371604,2025-03-19,07:26:55,clear,highway,dusk_dawn,moderate,car,94.6,86,minor,2025-03-19 07:26:55,7,2,3,0,0,0
ACC04961,23.415346010093856,83.04480325549399,2026-02-09,11:59:22,cloudy,urban,night_lit,heavy,auto,33.1,55,fatal,2026-02-09 11:59:22,11,0,2,0,0,3
ACC04962,15.42166247231433,78.60232156072804,2026-04-06,12:47:39,rain,highway,night_unlit,heavy,motorcycle,126.8,62,fatal,2026-04-06 12:47:39,12,0,4,0,0,3
ACC04963,14.223112632106956,85.43153518739626,2024-10-29,07:20:08,clear,highway,dusk_dawn,heavy,motorcycle,91.2,97,minor,2024-10-29 07:20:08,7,1,10,0,0,0
ACC04964,29.44356109678064,74.7682465517802,2022-06-25,05:28:34,cloudy,rural,night_lit,heavy,car,139.8,53,severe,2022-06-25 05:28:34,5,5,6,1,1,2
ACC04965,23.848325504599917,72.22123062483666,2023-02-14,20:19:21,clear,urban,night_unlit,low,motorcycle,31.6,52,moderate,2023-02-14 20:19:21,20,1,2,0,1,1
ACC04966,28.856116464752795,78.2093176018194,2025-03-22,20:37:55,clear,highway,night_lit,low,car,98.5,88,severe,2025-03-22 20:37:55,20,5,3,1,1,2
ACC04967,20.817980255878176,83.77702566891918,2024-09-24,00:09:46,rain,urban,daylight,heavy,motorcycle,55.3,38,moderate,2024-09-24 00:09:46,0,1,9,0,1,1
ACC04968,12.601244335140736,87.5476437340411,2023-12-17,16:57:12,clear,urban,daylight,heavy,auto,38.8,42,severe,2023-12-17 16:57:12,16,6,12,1,0,2
ACC04969,22.33868106776599,86.13846206961689,2023-10-22,06:59:37,clear,highway,daylight,heavy,car,74.7,94,moderate,2023-10-22 06:59:37,6,6,10,1,0,1
ACC04970,22.049919963042758,79.74519379099422,2025-03-11,19:17:20,clear,highway,dusk_dawn,moderate,truck,118.6,88,moderate,2025-03-11 19:17:20,19,1,3,0,0,1
ACC04971,12.269560906858691,85.00507653114187,2023-11-25,20:13:26,cloudy,rural,night_lit,moderate,auto,81.3,67,severe,2023-11-25 20:13:26,20,5,11,1,1,2
ACC04972,27.50235679923297,73.12528732588183,2022-09-12,16:32:27,cloudy,highway,night_unlit,moderate,auto,110.2,70,severe,2022-09-12 16:32:27,16,0,9,0,0,2
ACC04973,23.159472251095643,81.15635756135813,2026-05-28,16:38:49,cloudy,expressway,dusk_dawn,moderate,truck,71.8,81,minor,2026-05-28 16:38:49,16,3,5,0,0,0
ACC04974,25.40444104877063,86.78877460823152,2023-07-28,11:38:17,cloudy,highway,night_lit,moderate,bus,82.6,85,minor,2023-07-28 11:38:17,11,4,7,0,0,0
ACC04975,20.890579910835264,78.34216235985184,2023-04-03,09:02:00,cloudy,urban,night_lit,heavy,motorcycle,66.8,41,minor,2023-04-03 09:02:00,9,0,4,0,0,0
ACC04976,23.13124388234873,87.36161007460984,2022-04-24,14:42:11,clear,urban,night_unlit,moderate,motorcycle,41.3,52,moderate,2022-04-24 14:42:11,14,6,4,1,0,1
ACC04977,16.634458078113436,75.53096154766568,2024-02-09,07:03:49,clear,highway,daylight,low,truck,84.9,73,minor,2024-02-09 07:03:49,7,4,2,0,0,0
ACC04978,29.52763981983565,73.69014095253429,2026-06-08,17:20:17,clear,urban,daylight,moderate,car,56.5,50,moderate,2026-06-08 17:20:17,17,0,6,0,0,1
ACC04979,19.212960135857973,80.39619737730722,2022-09-20,13:43:03,rain,urban,daylight,low,car,34.9,34,fatal,2022-09-20 13:43:03,13,1,9,0,0,3
ACC04980,14.921879184077325,86.51594995169958,2023-02-06,08:53:24,clear,urban,daylight,moderate,motorcycle,48.9,42,moderate,2023-02-06 08:53:24,8,0,2,0,0,1
ACC04981,13.006477530743291,76.9804674999159,2022-10-21,16:38:52,clear,rural,daylight,heavy,car,98.1,66,moderate,2022-10-21 16:38:52,16,4,10,0,0,1
ACC04982,23.45109479553668,84.80256511038324,2022-06-04,18:09:52,cloudy,expressway,night_lit,moderate,motorcycle,109.2,93,fatal,2022-06-04 18:09:52,18,5,6,1,0,3
ACC04983,29.7008373211762,74.7071562540845,2024-09-17,16:40:56,cloudy,highway,daylight,heavy,truck,61.7,98,minor,2024-09-17 16:40:56,16,1,9,0,0,0
ACC04984,28.12430094323307,83.92912633601503,2023-05-05,15:02:41,rain,urban,night_unlit,heavy,motorcycle,59.5,48,moderate,2023-05-05 15:02:41,15,4,5,0,0,1
ACC04985,24.637882214755443,80.91243106219889,2025-05-18,19:13:49,clear,highway,dusk_dawn,moderate,motorcycle,106.7,79,fatal,2025-05-18 19:13:49,19,6,5,1,0,3
ACC04986,29.83076272187149,74.80027160630996,2023-10-20,01:07:46,clear,highway,night_unlit,moderate,motorcycle,80.5,84,minor,2023-10-20 01:07:46,1,4,10,0,1,0
ACC04987,25.01090871675792,83.48939599100174,2024-11-11,16:59:01,cloudy,highway,night_lit,moderate,car,132.7,60,severe,2024-11-11 16:59:01,16,0,11,0,0,2
ACC04988,18.106520221225125,83.42009781530284,2022-05-27,12:22:25,rain,urban,daylight,moderate,car,79.4,42,moderate,2022-05-27 12:22:25,12,4,5,0,0,1
ACC04989,22.82192639508312,80.24696366629504,2023-06-25,08:33:31,storm,rural,daylight,low,car,89.8,41,moderate,2023-06-25 08:33:31,8,6,6,1,0,1
ACC04990,13.435799564740108,75.6074822022828,2023-11-11,22:47:27,cloudy,urban,night_lit,heavy,bus,38.3,31,severe,2023-11-11 22:47:27,22,5,11,1,1,2
ACC04991,15.990284824005734,74.11670227591995,2022-04-08,12:58:49,cloudy,expressway,night_unlit,low,bus,125.8,90,fatal,2022-04-08 12:58:49,12,4,4,0,0,3
ACC04992,19.51572424671286,87.31608077535662,2023-11-20,10:59:58,clear,rural,daylight,low,motorcycle,54.6,61,minor,2023-11-20 10:59:58,10,0,11,0,0,0
ACC04993,15.632732884134814,82.49300061214649,2024-02-12,08:09:32,storm,highway,daylight,moderate,motorcycle,104.8,65,moderate,2024-02-12 08:09:32,8,0,2,0,0,1
ACC04994,29.16301826690707,84.94786373717415,2023-10-26,23:23:05,rain,highway,night_lit,heavy,auto,83.8,87,minor,2023-10-26 23:23:05,23,3,10,0,1,0
ACC04995,29.92075548140369,83.15152846480386,2024-04-08,19:24:21,clear,urban,dusk_dawn,moderate,car,65.3,33,moderate,2024-04-08 19:24:21,19,0,4,0,0,1
ACC04996,18.67684656218998,85.27157864307662,2025-08-02,06:47:11,cloudy,highway,night_unlit,heavy,car,81.1,98,minor,2025-08-02 06:47:11,6,5,8,1,0,0
ACC04997,24.766121749389576,74.59985311598277,2025-06-19,15:20:28,cloudy,highway,night_unlit,moderate,motorcycle,64.7,68,minor,2025-06-19 15:20:28,15,3,6,0,0,0
ACC04998,19.339873151938328,79.9512035927527,2022-01-24,07:13:14,clear,highway,dusk_dawn,low,motorcycle,90.5,98,moderate,2022-01-24 07:13:14,7,0,1,0,0,1
ACC04999,14.511165678951716,82.6739963280367,2024-11-17,17:45:04,rain,urban,night_lit,low,auto,56.3,60,severe,2024-11-17 17:45:04,17,6,11,1,0,2
ACC05000,18.06468325863796,73.65423839832349,2026-01-24,14:29:10,rain,urban,daylight,low,truck,65.3,45,fatal,2026-01-24 14:29:10,14,5,1,1,0,3
