accident_id,latitude,longitude,date,time,weather,road_type,lighting,traffic_density,vehicle_type,speed_kmh,speed_limit_kmh,severity
ACC00001,28.0,76.9668998349063,2025-07-14,18:52:44,clear,highway,dusk_dawn,moderate,motorcycle,131.9,80,severe
ACC00002,28.0,77.00293312913654,2022-10-12,11:04:22,cloudy,expressway,night_lit,heavy,motorcycle,87.9,97,minor
ACC00003,28.0,77.02159505814684,2022-09-04,16:06:29,clear,expressway,night_unlit,low,motorcycle,106.8,94,fatal
ACC00004,28.0,77.07041297585978,2024-06-07,18:34:00,clear,highway,dusk_dawn,heavy,car,77.6,81,moderate
ACC00005,28.0,77.27996613400852,2024-11-06,22:33:00,clear,urban,night_unlit,heavy,car,28.9,45,severe
ACC00006,28.0,77.08417814169599,2022-07-09,12:45:00,fog,rural,dusk_dawn,moderate,car,118.7,45,moderate
ACC00007,28.0,77.1632756168941,2025-11-27,16:54:10,cloudy,urban,daylight,moderate,bus,57.7,47,minor
ACC00008,28.0,77.4148842446679,2023-05-14,12:11:20,cloudy,expressway,night_unlit,low,motorcycle,95.9,90,moderate
ACC00009,28.0,77.16656040434079,2024-12-20,18:20:03,rain,highway,dusk_dawn,moderate,motorcycle,70.6,85,moderate
ACC00010,28.0,77.33062733527007,2025-05-19,20:51:09,cloudy,rural,night_unlit,low,truck,114.9,80,fatal
ACC00011,28.0,77.07995734799852,2022-03-01,21:03:50,cloudy,urban,night_lit,low,car,71.7,59,severe
ACC00012,28.0,77.18918436631985,2025-11-21,08:49:51,cloudy,highway,dusk_dawn,low,car,99.9,78,moderate
ACC00013,28.0,77.07749669176341,2026-05-13,08:56:17,clear,rural,night_unlit,moderate,motorcycle,59.8,78,moderate
ACC00014,28.0,77.16914503861491,2026-04-24,18:05:56,cloudy,highway,dusk_dawn,low,bus,96.8,64,severe
ACC00015,28.0,77.3460462206186,2022-08-18,16:08:07,clear,highway,daylight,moderate,bus,62.1,60,severe
ACC00016,28.0,76.96090193652114,2023-10-07,20:41:01,heavy_rain,highway,night_lit,moderate,car,67.3,69,moderate
ACC00017,28.0,77.28516354653188,2023-01-17,10:28:21,cloudy,highway,dusk_dawn,low,car,105.1,89,minor
ACC00018,28.0,77.25566034034983,2024-01-11,19:59:15,clear,highway,dusk_dawn,moderate,motorcycle,117.3,89,fatal
ACC00019,28.0,77.13087750664548,2026-05-20,17:32:04,cloudy,urban,night_lit,low,car,24.7,59,severe
ACC00020,28.0,77.00309132184174,2025-06-07,08:39:50,clear,highway,night_lit,low,auto,112.9,84,moderate
ACC00021,28.0,77.23081942615708,2025-06-20,07:14:58,cloudy,highway,dusk_dawn,low,car,117.6,90,severe
ACC00022,28.0,77.14057609364043,2023-11-24,17:19:16,heavy_rain,highway,daylight,low,car,98.3,92,severe
ACC00023,28.0,77.2549014317032,2026-03-18,08:10:18,rain,rural,daylight,moderate,car,115.7,75,moderate
ACC00024,28.0,77.22327782182852,2026-02-19,18:08:43,rain,highway,dusk_dawn,low,bus,87.2,85,severe
ACC00025,28.0,77.46026683369814,2025-08-17,15:06:55,cloudy,rural,daylight,moderate,motorcycle,33.5,62,minor
ACC00026,28.0,77.18409665587905,2025-08-30,13:53:17,cloudy,highway,daylight,heavy,car,115.0,79,moderate
ACC00027,28.0,77.06647537610672,2024-12-06,09:04:40,clear,highway,night_lit,moderate,motorcycle,81.7,68,severe
ACC00028,28.0,77.24689134524344,2022-06-06,23:30:01,cloudy,urban,night_lit,moderate,car,73.7,48,severe
ACC00029,28.0,77.25299950259577,2023-04-13,17:30:33,cloudy,urban,daylight,heavy,car,44.2,50,moderate
ACC00030,28.0,77.42387813628606,2025-06-16,18:03:59,clear,urban,dusk_dawn,heavy,auto,21.7,46,minor
ACC00031,28.0,77.34526668688719,2023-06-21,18:50:28,clear,rural,dusk_dawn,moderate,truck,104.6,72,severe
ACC00032,28.0,77.27353065887243,2022-10-11,16:30:38,clear,highway,daylight,moderate,motorcycle,110.3,64,minor
ACC00033,28.0,77.43949543368294,2026-04-05,21:07:41,clear,highway,night_lit,low,motorcycle,67.3,64,moderate
ACC00034,28.0,77.04168554185158,2024-03-12,16:07:37,clear,rural,daylight,moderate,motorcycle,107.4,80,moderate
ACC00035,28.0,77.12403727008754,2025-11-14,14:42:41,cloudy,highway,night_unlit,moderate,truck,103.0,64,fatal
ACC00036,28.0,77.08101360878916,2023-04-12,09:37:53,cloudy,rural,night_lit,heavy,car,52.6,59,minor
ACC00037,28.0,77.16152852952663,2023-08-14,09:24:00,cloudy,urban,night_lit,heavy,truck,25.0,41,severe
ACC00038,28.0,77.01349707786655,2023-07-18,18:24:53,clear,highway,dusk_dawn,low,motorcycle,117.5,90,moderate
ACC00039,28.0,77.31527264202217,2023-09-05,10:02:54,cloudy,highway,night_lit,heavy,car,85.3,87,moderate
ACC00040,28.0,77.18666659543518,2023-12-20,17:01:54,rain,urban,night_lit,heavy,car,20.0,34,moderate
ACC00041,28.0,76.9993790558246,2023-05-04,21:32:22,clear,urban,night_unlit,moderate,bus,55.5,50,moderate
ACC00042,28.0,77.06766313781887,2025-08-29,13:21:34,clear,expressway,night_lit,heavy,auto,133.5,80,moderate
ACC00043,28.0,77.26702707711753,2023-06-20,06:15:21,cloudy,highway,dusk_dawn,moderate,car,65.8,86,minor
ACC00044,28.0,77.34571898518415,2023-12-26,17:22:50,clear,expressway,daylight,moderate,car,81.3,83,fatal
ACC00045,28.0,77.51950963375377,2025-11-14,01:36:24,clear,highway,night_unlit,heavy,truck,114.1,80,severe
ACC00046,28.0,77.6570793699011,2023-12-19,18:17:18,cloudy,highway,dusk_dawn,low,truck,126.1,82,fatal
ACC00047,28.0,77.28216141499139,2022-01-18,15:20:41,clear,urban,daylight,heavy,motorcycle,36.2,56,minor
ACC00048,28.0,77.07156928199522,2022-01-01,14:16:02,rain,expressway,night_unlit,heavy,bus,69.1,82,moderate
ACC00049,28.0,76.9001930578903,2023-12-17,15:39:22,rain,urban,daylight,heavy,bus,48.1,51,moderate
ACC00050,28.0,77.26015671935157,2024-11-30,14:03:12,cloudy,rural,night_unlit,low,car,92.1,80,fatal
ACC00051,28.0,77.09805883570345,2026-03-29,10:55:22,cloudy,urban,night_lit,moderate,car,63.7,39,moderate
ACC00052,28.0,77.15769641097305,2022-08-03,09:33:26,fog,rural,daylight,low,car,81.7,73,moderate
ACC00053,28.0,77.12818548014103,2024-06-10,12:14:03,cloudy,rural,daylight,heavy,bus,64.1,65,minor
ACC00054,28.0,77.19888136703754,2023-04-20,20:45:51,storm,urban,night_lit,moderate,motorcycle,45.2,48,severe
ACC00055,28.0,77.37989703461814,2024-01-10,07:56:24,rain,urban,daylight,moderate,auto,31.8,42,moderate
ACC00056,28.0,77.24355728511681,2023-12-28,10:03:21,clear,urban,night_unlit,heavy,truck,70.3,60,severe
ACC00057,28.0,77.1962047744442,2023-05-28,08:12:08,clear,expressway,daylight,moderate,truck,67.9,95,moderate
ACC00058,28.0,77.06465193707612,2022-01-30,12:08:59,clear,urban,daylight,moderate,car,32.4,45,moderate
ACC00059,28.0,76.96879755829434,2022-05-02,07:04:51,rain,highway,night_lit,moderate,car,97.2,70,minor
ACC00060,28.0,77.147053813639,2024-05-07,18:44:28,clear,rural,dusk_dawn,moderate,auto,43.8,77,severe
ACC00061,28.0,77.21193261737726,2023-01-04,07:11:20,rain,urban,daylight,heavy,motorcycle,63.5,44,moderate
ACC00062,28.0,77.48518948703698,2023-06-21,17:23:28,cloudy,urban,night_lit,heavy,auto,61.3,59,minor
ACC00063,28.0,77.23954117822093,2022-05-29,09:48:57,rain,urban,daylight,low,car,68.1,35,minor
ACC00064,28.0,77.36741092665346,2022-03-23,13:36:13,rain,highway,daylight,moderate,motorcycle,87.6,60,minor
ACC00065,28.0,77.14510566021913,2022-07-28,08:40:41,clear,urban,night_lit,moderate,motorcycle,46.7,38,severe
ACC00066,28.0,77.04225843503744,2023-09-12,17:05:54,clear,highway,dusk_dawn,low,car,104.0,94,moderate
ACC00067,28.0,77.07523248566514,2022-09-26,21:58:45,cloudy,rural,night_unlit,heavy,motorcycle,120.0,56,moderate
ACC00068,28.0,77.11121609031963,2023-01-16,08:04:52,rain,urban,night_lit,moderate,bus,75.7,36,severe
ACC00069,28.0,77.53927045986528,2023-05-11,21:42:56,rain,rural,night_unlit,low,motorcycle,139.1,48,fatal
ACC00070,28.0,77.09679199811634,2023-04-24,10:38:03,cloudy,highway,daylight,moderate,motorcycle,127.4,85,moderate
ACC00071,28.0,77.34577338056044,2022-01-19,15:24:14,rain,expressway,night_unlit,moderate,truck,83.1,85,severe
ACC00072,28.0,77.08456092328694,2022-07-12,17:50:08,cloudy,urban,daylight,heavy,truck,27.3,51,severe
ACC00073,28.0,77.35973595193114,2026-04-10,08:53:34,clear,urban,night_unlit,low,truck,52.2,51,moderate
ACC00074,28.0,77.27774264491588,2025-01-01,13:04:24,heavy_rain,expressway,night_lit,low,motorcycle,60.8,96,moderate
ACC00075,28.0,77.19650431535129,2022-07-23,06:57:02,cloudy,urban,night_lit,low,motorcycle,62.4,51,minor
ACC00076,28.0,77.21388562107968,2023-04-11,17:14:33,rain,expressway,dusk_dawn,moderate,motorcycle,113.7,95,moderate
ACC00077,28.0,77.12178184568559,2023-09-22,12:47:06,clear,urban,daylight,heavy,auto,71.9,58,minor
ACC00078,28.0,77.28691083022231,2026-01-27,20:49:24,cloudy,highway,daylight,moderate,bus,105.0,98,minor
ACC00079,28.0,77.15175247794888,2025-12-15,09:33:21,clear,urban,night_lit,low,motorcycle,58.9,30,moderate
ACC00080,28.0,77.03615913543491,2025-06-19,21:51:53,cloudy,rural,night_unlit,moderate,car,51.0,79,minor
ACC00081,28.0,77.02830936385206,2022-06-24,07:49:40,clear,urban,dusk_dawn,moderate,bus,59.7,37,minor
ACC00082,28.0,77.24588818765832,2024-03-16,16:31:37,rain,rural,dusk_dawn,heavy,car,103.1,60,fatal
ACC00083,28.0,77.45686368846157,2024-03-05,10:10:49,clear,highway,daylight,low,car,101.2,91,minor
ACC00084,28.0,77.24399874203601,2024-11-12,08:26:10,clear,urban,daylight,heavy,motorcycle,77.7,42,severe
ACC00085,28.0,77.20220425108351,2025-10-19,06:54:15,clear,rural,dusk_dawn,moderate,truck,21.5,68,severe
ACC00086,28.0,77.26287392094038,2023-06-12,17:12:45,cloudy,expressway,daylight,moderate,car,122.7,97,minor
ACC00087,19.265900261256025,72.99419822651956,2024-07-03,09:59:44,cloudy,highway,daylight,moderate,car,128.0,75,minor
ACC00088,19.10290737520458,72.8255143569698,2023-03-10,15:10:01,rain,highway,daylight,low,truck,71.6,79,moderate
ACC00089,19.00836091537494,72.87998187237889,2022-12-12,22:39:13,rain,highway,night_lit,low,truck,126.6,75,minor
ACC00090,19.235943306508982,72.76538642650496,2023-05-30,10:38:13,cloudy,highway,night_unlit,heavy,car,103.3,62,severe
ACC00091,19.134313465769242,73.01843759018924,2025-04-22,03:11:00,cloudy,rural,daylight,moderate,car,97.5,75,minor
ACC00092,19.300363398799398,72.69325445653277,2023-12-20,07:28:39,clear,urban,dusk_dawn,moderate,truck,44.7,36,minor
ACC00093,19.097485165583286,72.98735255136265,2025-01-23,07:08:03,cloudy,highway,dusk_dawn,moderate,car,129.7,68,moderate
ACC00094,18.886329645241926,72.84140234137423,2025-02-08,13:21:50,heavy_rain,rural,night_lit,low,car,106.9,46,minor
ACC00095,18.864776120113152,73.0456870640201,2023-08-18,18:57:35,cloudy,rural,dusk_dawn,moderate,auto,22.9,73,minor
ACC00096,19.317639189834686,72.9826303483097,2026-04-18,10:03:45,fog,urban,night_lit,moderate,motorcycle,52.0,31,moderate
ACC00097,19.328549858117494,73.14309692364702,2022-03-18,07:52:29,clear,expressway,dusk_dawn,low,motorcycle,105.4,98,moderate
ACC00098,19.04307211800761,72.9796162036708,2026-01-12,16:40:58,rain,urban,night_lit,heavy,motorcycle,60.4,37,severe
ACC00099,19.0125219018296,72.63419396165202,2022-01-13,10:44:16,rain,highway,daylight,low,truck,131.5,71,moderate
ACC00100,19.28921664383633,72.85995702406528,2023-09-20,15:16:33,rain,rural,night_lit,moderate,motorcycle,36.3,68,severe
ACC00101,18.90394314769348,72.69419892111078,2025-09-17,21:56:00,rain,highway,night_unlit,moderate,truck,126.6,96,fatal
ACC00102,18.935790947156626,72.79225802364506,2025-01-28,09:15:49,clear,expressway,dusk_dawn,heavy,truck,86.1,82,fatal
ACC00103,19.166499019203357,73.09668426499151,2023-06-12,14:30:34,rain,urban,night_lit,heavy,car,36.1,34,minor
ACC00104,19.010809231571063,72.96563007163466,2025-12-25,18:02:10,cloudy,expressway,dusk_dawn,moderate,motorcycle,111.5,93,moderate
ACC00105,19.06923171999199,72.7651604357132,2022-08-15,17:53:49,cloudy,highway,night_lit,moderate,car,105.4,67,severe
ACC00106,19.045483565221325,72.71794239503394,2025-01-06,18:42:59,clear,urban,dusk_dawn,heavy,truck,43.2,59,severe
ACC00107,19.120636182319842,72.87491731393145,2024-05-01,18:09:04,clear,rural,dusk_dawn,moderate,truck,92.8,76,severe
ACC00108,19.281122279197056,72.68751597759284,2022-12-07,15:39:50,heavy_rain,rural,daylight,low,truck,135.0,48,moderate
ACC00109,19.083587736035263,72.76932895839052,2026-02-21,15:10:44,clear,rural,daylight,heavy,motorcycle,73.8,79,moderate
ACC00110,19.16659081899153,72.9168014207327,2025-06-10,17:26:21,clear,highway,dusk_dawn,moderate,motorcycle,102.8,61,minor
ACC00111,18.762474184845345,73.043296805416,2022-01-14,17:30:38,clear,urban,night_lit,low,truck,61.3,32,minor
ACC00112,19.062692239710483,72.96131422083367,2022-05-23,17:55:47,cloudy,urban,night_lit,heavy,car,43.7,36,moderate
ACC00113,18.94351545945607,72.52630657371029,2022-04-03,11:19:28,rain,highway,night_lit,heavy,auto,68.8,85,minor
ACC00114,18.887178040936455,72.91565500935454,2023-11-14,19:00:39,fog,urban,night_lit,low,motorcycle,74.5,37,minor
ACC00115,18.938277144960686,72.88080503598489,2023-11-16,09:25:02,cloudy,rural,daylight,moderate,motorcycle,131.2,45,minor
ACC00116,19.019881483894878,72.93208354280591,2025-04-03,07:55:55,clear,urban,dusk_dawn,low,truck,54.1,52,severe
ACC00117,19.2073853813534,73.11243145224769,2025-01-14,11:47:55,clear,highway,night_unlit,heavy,truck,61.9,72,severe
ACC00118,18.871041092339066,72.56051425847929,2022-01-25,09:03:12,clear,rural,daylight,heavy,motorcycle,33.7,51,moderate
ACC00119,19.074594723889163,72.78133448622134,2024-02-21,17:03:28,cloudy,expressway,daylight,heavy,motorcycle,87.4,89,severe
ACC00120,18.997374584999964,72.958635948419,2025-07-12,09:45:14,storm,urban,night_lit,low,motorcycle,61.7,51,severe
ACC00121,19.020849035845707,72.63276084008191,2026-01-13,17:43:23,clear,rural,daylight,low,motorcycle,84.0,61,minor
ACC00122,19.22041367379569,73.09139235720804,2023-04-25,14:33:16,clear,rural,dusk_dawn,moderate,motorcycle,116.5,63,severe
ACC00123,19.15071731555059,72.92525349190511,2022-03-14,07:05:51,rain,highway,dusk_dawn,low,truck,99.8,64,minor
ACC00124,19.27060971611641,72.99698759787651,2022-09-09,09:16:41,cloudy,rural,dusk_dawn,low,car,59.5,75,minor
ACC00125,19.046824148112517,72.78435845077173,2023-07-13,14:50:50,rain,expressway,night_unlit,low,truck,104.2,96,moderate
ACC00126,18.965608608249394,72.99206455349494,2023-12-29,17:08:47,cloudy,rural,night_unlit,heavy,car,62.7,46,severe
ACC00127,19.036421177467926,73.03027073339835,2023-07-31,12:12:43,clear,highway,dusk_dawn,moderate,truck,101.4,75,moderate
ACC00128,19.106374518690682,72.90493170302058,2022-05-29,09:27:09,cloudy,urban,night_unlit,heavy,car,29.7,56,minor
ACC00129,19.096486003768057,72.90516013390481,2023-07-13,10:44:49,clear,rural,daylight,low,motorcycle,75.2,78,moderate
ACC00130,18.907341789164995,72.91055148589227,2023-04-22,06:49:46,rain,urban,dusk_dawn,heavy,car,78.2,34,severe
ACC00131,19.083573467244182,72.7404982102891,2024-03-11,02:35:07,clear,highway,night_lit,moderate,car,71.7,61,severe
ACC00132,19.104234249520836,72.84787069796396,2022-05-10,22:29:05,cloudy,highway,night_lit,moderate,motorcycle,125.4,78,minor
ACC00133,19.447621105630088,72.84712162013216,2025-07-22,06:23:45,fog,rural,dusk_dawn,moderate,motorcycle,40.5,61,severe
ACC00134,19.35152669169225,72.92750907965303,2023-11-16,07:02:23,cloudy,urban,daylight,heavy,motorcycle,79.7,56,minor
ACC00135,18.942013497416177,73.01997363703654,2023-06-06,19:16:19,clear,expressway,dusk_dawn,low,auto,117.6,81,severe
ACC00136,19.026892495767623,72.71121958770324,2026-01-28,17:12:23,fog,urban,daylight,heavy,car,60.2,42,minor
ACC00137,18.85048369972445,72.85124864545207,2025-05-07,13:03:52,clear,rural,daylight,moderate,motorcycle,137.8,67,fatal
ACC00138,18.981393947905477,73.09221833214885,2022-08-13,16:44:21,rain,highway,night_unlit,moderate,motorcycle,129.1,93,moderate
ACC00139,19.117340750538553,72.75846176567812,2022-08-29,21:21:22,clear,rural,night_lit,heavy,truck,117.8,43,moderate
ACC00140,19.250878043133234,72.74666249740646,2022-01-04,06:30:23,heavy_rain,rural,dusk_dawn,heavy,car,118.6,47,severe
ACC00141,18.960637424338458,72.90034592877468,2024-07-09,09:12:03,clear,urban,dusk_dawn,moderate,motorcycle,32.6,55,moderate
ACC00142,18.97187803398983,72.9966577785728,2023-08-06,19:35:02,clear,highway,daylight,moderate,truck,130.7,83,moderate
ACC00143,18.747906645539203,72.8717139083341,2023-09-08,18:08:24,fog,expressway,dusk_dawn,moderate,motorcycle,126.6,89,moderate
ACC00144,19.045600111918265,73.06934408856556,2024-04-16,23:40:01,cloudy,rural,night_lit,heavy,bus,112.0,57,moderate
ACC00145,18.910637838221067,72.99851909738499,2024-06-04,10:44:45,clear,urban,night_lit,heavy,car,52.6,47,minor
ACC00146,18.99058408589509,72.99627301003352,2022-01-02,21:18:25,clear,urban,night_unlit,heavy,car,25.9,45,moderate
ACC00147,18.938470883274864,72.95311747519862,2022-06-26,11:12:30,clear,expressway,night_unlit,heavy,motorcycle,113.1,100,severe
ACC00148,19.055860616862116,73.21914796505192,2025-07-19,17:46:20,clear,rural,night_lit,moderate,car,87.0,62,minor
ACC00149,18.806340741296506,72.8392257466701,2026-04-15,20:13:45,cloudy,urban,night_unlit,heavy,motorcycle,23.3,36,minor
ACC00150,18.849943213191352,72.56947165619003,2025-10-06,08:10:25,cloudy,urban,night_unlit,low,car,38.2,31,severe
ACC00151,19.389387066804247,73.11063815422757,2026-01-28,08:20:02,fog,highway,daylight,moderate,motorcycle,95.2,97,moderate
ACC00152,18.876886612808896,72.80134508535649,2024-02-01,16:57:29,rain,rural,night_unlit,moderate,bus,68.6,61,moderate
ACC00153,18.905482163231806,72.88618206665146,2025-09-18,19:27:10,fog,rural,dusk_dawn,moderate,auto,32.2,46,minor
ACC00154,19.3455370292482,73.06643260272908,2025-12-19,06:15:35,cloudy,urban,dusk_dawn,moderate,car,33.4,38,moderate
ACC00155,19.50576007538606,72.62966106884116,2026-01-05,19:30:33,cloudy,highway,dusk_dawn,heavy,car,110.8,100,severe
ACC00156,18.8942650056762,72.68225291788409,2022-09-03,11:20:28,cloudy,highway,night_lit,heavy,bus,79.8,94,minor
ACC00157,19.014762656481796,72.62980830943218,2022-08-29,12:39:23,clear,highway,night_lit,heavy,motorcycle,133.8,91,minor
ACC00158,19.121233332641076,72.75087955649619,2023-10-24,11:26:35,clear,expressway,night_lit,heavy,motorcycle,110.6,80,moderate
ACC00159,19.329304646660837,72.93594549090255,2024-04-07,20:35:40,rain,rural,night_lit,heavy,truck,59.4,68,minor
ACC00160,18.921971438235765,72.94862817642192,2026-04-23,07:26:52,rain,urban,dusk_dawn,moderate,motorcycle,77.5,36,fatal
ACC00161,19.033208323108685,72.91144112689929,2023-06-07,15:28:57,clear,highway,dusk_dawn,low,motorcycle,107.9,83,severe
ACC00162,19.186600636409263,72.65808511741615,2025-09-27,07:26:04,cloudy,highway,dusk_dawn,heavy,bus,106.4,63,minor
ACC00163,19.135214911169992,72.5234844845051,2025-12-28,21:23:39,clear,rural,night_lit,low,motorcycle,64.4,49,minor
ACC00164,19.013576589315484,72.87815303780856,2026-05-04,18:57:05,cloudy,highway,night_lit,heavy,truck,114.7,74,minor
ACC00165,19.049926555322592,72.79923359495426,2022-11-08,09:15:25,clear,highway,night_lit,low,bus,114.8,97,severe
ACC00166,18.863765628744503,72.9389078657575,2023-02-02,10:48:44,heavy_rain,expressway,daylight,moderate,motorcycle,63.5,89,moderate
ACC00167,19.0342739384038,72.97529304393319,2022-12-28,11:42:32,cloudy,urban,night_lit,moderate,bus,64.9,47,minor
ACC00168,19.030041876498657,72.89073621480881,2025-04-22,12:31:48,cloudy,rural,night_unlit,heavy,car,122.0,48,severe
ACC00169,19.10482548344394,72.98401996280639,2025-02-01,19:19:54,rain,highway,daylight,heavy,bus,93.9,63,moderate
ACC00170,18.98670091717715,72.90438170611726,2023-10-31,15:29:58,heavy_rain,highway,daylight,low,car,138.0,91,moderate
ACC00171,19.140730778381773,72.94950970584023,2022-05-26,12:50:40,rain,rural,daylight,low,car,67.1,44,minor
ACC00172,19.221907372672973,72.76429901056952,2024-05-05,17:10:40,cloudy,rural,daylight,heavy,truck,58.1,75,moderate
ACC00173,19.09331439915027,72.84305828792529,2025-04-17,13:35:48,clear,rural,daylight,low,bus,109.4,67,moderate
ACC00174,19.12276346125988,72.89951641449855,2024-02-18,07:45:13,rain,urban,night_lit,heavy,truck,62.8,52,moderate
ACC00175,19.07797330213668,72.99307927131262,2023-03-17,07:38:18,rain,highway,dusk_dawn,heavy,truck,120.7,76,fatal
ACC00176,19.070012658963712,72.81093882416631,2024-08-30,10:08:20,storm,urban,night_lit,heavy,auto,65.7,51,minor
ACC00177,18.961766294968573,72.94817508835982,2024-12-21,16:30:44,cloudy,highway,night_unlit,low,motorcycle,75.3,98,moderate
ACC00178,19.117474139250998,72.8301241812127,2024-08-28,07:10:21,rain,highway,daylight,heavy,bus,94.2,67,moderate
ACC00179,19.05540701023798,72.85236867490079,2025-12-04,15:55:08,clear,urban,daylight,heavy,car,41.6,55,moderate
ACC00180,19.38397524633959,72.99442785630362,2023-05-31,09:21:47,clear,highway,daylight,moderate,car,96.9,77,severe
ACC00181,19.306003235371286,72.57104094434189,2024-09-27,17:25:44,clear,highway,night_lit,heavy,car,138.3,93,minor
ACC00182,19.127876982883475,72.67552915078879,2025-11-04,03:51:35,clear,highway,night_lit,low,auto,136.1,76,severe
ACC00183,18.955541418545785,72.64767219038359,2022-12-16,13:25:52,cloudy,highway,night_lit,heavy,car,66.2,94,minor
ACC00184,18.903138279202487,72.51995758202276,2023-04-08,05:11:47,clear,rural,night_unlit,low,motorcycle,49.3,41,severe
ACC00185,19.24867144296333,72.76826033397673,2022-03-22,10:53:54,rain,expressway,night_lit,moderate,car,81.2,86,severe
ACC00186,19.10941238377207,72.98241508495917,2023-09-08,01:38:15,cloudy,highway,night_lit,low,car,65.8,74,minor
ACC00187,19.14202151050874,72.82726739004262,2022-03-15,13:36:06,clear,highway,night_unlit,heavy,motorcycle,75.5,79,severe
ACC00188,18.80831210195387,72.89966851229129,2025-05-10,18:04:20,rain,rural,night_unlit,moderate,car,80.1,45,fatal
ACC00189,19.209115772233726,73.03338262450663,2022-05-26,06:26:49,clear,highway,night_lit,low,bus,95.9,89,moderate
ACC00190,19.138163050732153,73.06915291984016,2025-02-10,18:27:55,clear,rural,daylight,low,bus,67.7,65,minor
ACC00191,18.90343539733783,72.85962930979109,2024-08-10,16:15:06,storm,highway,night_lit,heavy,motorcycle,108.0,72,severe
ACC00192,18.999271278882507,73.07303788343542,2026-06-11,14:33:51,clear,urban,night_unlit,low,motorcycle,79.6,44,fatal
ACC00193,19.10955758065348,72.88381899876512,2023-07-26,16:14:28,clear,highway,night_lit,moderate,bus,125.0,93,minor
ACC00194,19.077870019753437,72.74439026642588,2023-07-21,10:28:49,cloudy,rural,night_lit,moderate,motorcycle,80.8,66,moderate
ACC00195,19.026174322129467,72.7808399471702,2023-02-04,17:48:40,clear,urban,daylight,heavy,car,54.9,37,minor
ACC00196,19.054476759790106,72.64791952311525,2024-06-01,18:44:03,clear,highway,dusk_dawn,moderate,car,67.0,88,minor
ACC00197,19.03220339326897,72.73677992193996,2022-12-27,18:16:29,rain,urban,night_lit,heavy,motorcycle,32.6,41,moderate
ACC00198,19.09288437681537,72.81629749678883,2022-07-06,09:12:05,cloudy,urban,night_unlit,low,motorcycle,60.4,40,severe
ACC00199,19.290723795948974,72.99053775290679,2026-04-07,17:00:20,cloudy,expressway,daylight,moderate,motorcycle,82.5,96,severe
ACC00200,18.685001233860305,73.1281154746749,2025-01-20,07:20:45,heavy_rain,urban,daylight,low,truck,53.2,56,moderate
ACC00201,19.03447246032355,72.66267277269345,2022-07-15,14:01:41,clear,highway,daylight,moderate,motorcycle,108.8,95,moderate
ACC00202,19.09647686320587,72.92892412023899,2024-10-11,00:07:42,cloudy,urban,night_lit,moderate,car,56.5,50,moderate
ACC00203,19.114399098453067,72.71391840912638,2023-05-16,08:58:39,clear,highway,night_lit,moderate,motorcycle,96.8,85,fatal
ACC00204,19.014212812801805,72.94120456326948,2022-10-23,16:51:00,clear,rural,daylight,heavy,truck,26.0,77,minor
ACC00205,18.806491732628213,72.85033700239684,2024-02-14,20:33:34,storm,rural,night_unlit,heavy,car,70.5,79,severe
ACC00206,19.119199322557115,72.59536412612287,2025-07-17,05:46:29,rain,highway,night_lit,moderate,car,84.7,95,minor
ACC00207,19.32910253212463,73.00924454873528,2022-01-01,15:29:31,clear,urban,night_lit,moderate,truck,36.0,55,severe
ACC00208,18.839920789262578,72.7792498930787,2023-08-07,16:36:12,cloudy,urban,dusk_dawn,heavy,motorcycle,55.1,39,severe
ACC00209,19.199574202054727,72.78991496424398,2026-02-21,21:55:42,clear,highway,night_lit,heavy,car,74.2,83,severe
ACC00210,19.020721216531566,72.70953713830654,2023-10-10,17:04:36,rain,urban,daylight,low,motorcycle,24.5,38,minor
ACC00211,19.060801348125672,72.77185750849686,2022-06-12,07:21:24,clear,urban,dusk_dawn,moderate,motorcycle,68.9,56,minor
ACC00212,18.912065223394407,72.93418356610424,2023-12-05,07:07:03,heavy_rain,urban,night_lit,moderate,car,56.3,52,severe
ACC00213,19.019831574146618,72.84161334885954,2025-01-25,16:47:04,clear,urban,daylight,moderate,truck,59.8,31,moderate
ACC00214,19.265006689204846,72.91929930034237,2026-06-24,08:49:21,clear,urban,daylight,moderate,motorcycle,54.6,49,moderate
ACC00215,19.157398286298157,72.92428827808934,2024-10-29,21:43:32,fog,rural,night_unlit,low,car,126.3,75,severe
ACC00216,19.32984674081149,73.06809924832923,2022-03-24,21:36:59,heavy_rain,urban,night_lit,low,bus,79.2,30,minor
ACC00217,19.246611783346655,72.81858207737035,2025-08-21,21:28:43,clear,rural,night_unlit,heavy,motorcycle,119.9,74,severe
ACC00218,19.135863001839436,72.64847132747315,2025-07-04,09:01:29,cloudy,urban,night_lit,low,auto,25.0,32,moderate
ACC00219,19.33159017892517,73.0300833624858,2024-12-05,17:46:17,heavy_rain,urban,daylight,moderate,car,48.1,32,fatal
ACC00220,19.135848973810745,72.82027677418542,2026-01-12,17:53:10,rain,highway,daylight,moderate,motorcycle,116.7,78,moderate
ACC00221,13.137188866686607,77.61847650892562,2025-06-17,03:57:08,cloudy,urban,night_lit,moderate,truck,60.3,31,fatal
ACC00222,13.02750656697737,77.37177662721133,2023-01-17,09:20:04,rain,urban,daylight,moderate,bus,56.1,44,minor
ACC00223,12.950329370469499,77.79042791500183,2023-11-23,08:12:54,fog,highway,daylight,heavy,truck,78.8,97,moderate
ACC00224,13.022316384106945,77.77719249775892,2024-04-13,11:39:00,cloudy,highway,night_lit,moderate,motorcycle,114.8,77,severe
ACC00225,13.262651884018945,77.55212239985455,2024-03-13,21:01:51,clear,urban,night_lit,low,truck,63.3,30,moderate
ACC00226,13.281547079358063,77.64451815067586,2024-11-14,19:03:35,cloudy,highway,daylight,low,car,133.3,71,moderate
ACC00227,12.980407170269917,77.22851170513002,2025-02-26,09:49:37,rain,urban,daylight,moderate,truck,78.8,47,minor
ACC00228,12.994028588997562,77.4165478509602,2022-06-20,15:57:57,cloudy,urban,daylight,moderate,motorcycle,49.1,34,minor
ACC00229,13.131436023619958,77.54593316197719,2024-07-22,08:24:47,clear,urban,night_lit,heavy,car,67.9,37,moderate
ACC00230,12.8431508450849,77.42918004678597,2022-03-05,09:30:08,rain,expressway,daylight,moderate,car,77.3,88,moderate
ACC00231,13.01996055589274,77.6971594723946,2024-04-19,06:32:58,cloudy,rural,dusk_dawn,moderate,car,106.1,61,severe
ACC00232,12.966120572806922,77.8895944796122,2023-11-25,16:08:10,fog,expressway,dusk_dawn,heavy,car,117.7,85,fatal
ACC00233,13.017086231718634,77.41350779208561,2022-12-04,17:13:34,clear,expressway,daylight,heavy,car,124.1,92,moderate
ACC00234,12.84499467910759,77.46438048938722,2026-06-15,19:17:38,rain,highway,dusk_dawn,heavy,car,110.6,93,moderate
ACC00235,12.731564876003656,77.62531725524649,2023-02-28,19:50:14,cloudy,highway,night_lit,moderate,truck,86.0,73,moderate
ACC00236,12.659052484601307,77.83166742227495,2022-04-03,08:26:37,clear,highway,night_lit,low,motorcycle,79.2,61,moderate
ACC00237,12.80239238305156,77.40664385311902,2023-08-12,18:43:38,cloudy,highway,dusk_dawn,moderate,car,123.0,62,moderate
ACC00238,12.9011987072591,77.62735541834604,2025-05-28,07:11:58,clear,rural,dusk_dawn,low,truck,133.6,78,moderate
ACC00239,12.926021262002687,77.86319482762197,2022-01-16,11:57:54,rain,rural,night_lit,moderate,car,62.8,45,minor
ACC00240,13.260584674364429,77.34223612777312,2024-03-20,14:53:23,rain,urban,night_unlit,heavy,motorcycle,49.9,33,fatal
ACC00241,13.135899005486095,77.39783961897312,2023-11-17,05:28:41,clear,rural,night_lit,moderate,bus,32.9,64,minor
ACC00242,12.825686332548756,77.52645900903087,2025-11-22,08:13:49,cloudy,rural,night_lit,low,truck,101.9,44,minor
ACC00243,13.022156267867643,77.51191173807169,2022-01-05,09:58:01,fog,urban,daylight,low,motorcycle,64.4,37,fatal
ACC00244,12.908938264547452,77.71189019316304,2022-01-29,07:48:41,clear,highway,dusk_dawn,heavy,motorcycle,86.1,89,moderate
ACC00245,12.927345424293986,77.62624895797313,2024-07-16,21:30:55,heavy_rain,expressway,night_lit,low,car,124.5,84,severe
ACC00246,12.997798847412309,77.32375569105369,2022-10-22,09:16:07,clear,urban,dusk_dawn,moderate,motorcycle,50.0,33,minor
ACC00247,13.06287566754631,77.66731156043512,2025-03-02,14:37:45,clear,urban,dusk_dawn,heavy,car,47.1,46,moderate
ACC00248,12.919111227417398,77.50336916689666,2023-04-02,23:22:03,cloudy,highway,night_unlit,low,motorcycle,127.3,69,severe
ACC00249,13.129577729910155,77.78116708254119,2024-07-12,15:40:24,clear,rural,night_lit,heavy,auto,118.1,71,moderate
ACC00250,12.79870926607864,77.49586186953447,2022-03-03,12:49:49,heavy_rain,rural,night_lit,low,truck,133.6,69,severe
ACC00251,12.97095085935434,77.49450770753467,2025-02-12,21:29:59,rain,urban,night_unlit,heavy,motorcycle,77.9,42,fatal
ACC00252,13.359651058989375,77.67116974162069,2024-04-30,08:02:43,rain,expressway,dusk_dawn,low,truck,129.6,90,moderate
ACC00253,13.003461961393793,77.70443897235054,2022-01-01,08:33:43,rain,urban,daylight,low,truck,61.1,58,severe
ACC00254,13.184982175990926,77.65721490459043,2023-03-13,15:51:15,rain,expressway,night_unlit,low,motorcycle,125.3,90,severe
ACC00255,12.983728026725982,77.33716040239229,2022-04-08,12:13:49,rain,urban,daylight,heavy,bus,60.9,52,minor
ACC00256,13.05711656429947,77.67070516598925,2022-03-15,18:57:39,rain,rural,daylight,moderate,motorcycle,127.8,80,minor
ACC00257,12.961482520841097,77.43485379224884,2025-02-20,04:21:56,rain,expressway,night_lit,heavy,truck,132.0,100,minor
ACC00258,12.94443886282537,77.62529141673825,2023-12-04,16:41:36,cloudy,rural,dusk_dawn,moderate,car,116.3,45,moderate
ACC00259,12.853077640491188,77.37643983469015,2025-08-11,17:42:02,clear,highway,daylight,heavy,motorcycle,134.4,75,fatal
ACC00260,13.034545203843633,77.65694832213147,2023-02-28,22:10:30,cloudy,rural,night_lit,moderate,motorcycle,42.4,69,moderate
ACC00261,12.842269421622136,77.4690101643539,2025-03-24,07:02:46,cloudy,urban,dusk_dawn,moderate,car,51.2,42,moderate
ACC00262,13.069837785447016,77.39760480246092,2024-10-07,09:56:47,clear,highway,daylight,moderate,motorcycle,99.5,79,minor
ACC00263,13.132793050666887,77.69707302047236,2024-12-24,21:42:23,cloudy,urban,night_lit,low,bus,24.1,44,moderate
ACC00264,13.024979711085585,77.62624667825152,2025-09-21,16:37:10,clear,urban,night_unlit,heavy,truck,41.5,30,severe
ACC00265,12.927062689966647,77.49790347979106,2025-03-07,04:18:52,clear,urban,night_unlit,heavy,car,23.0,47,moderate
ACC00266,13.038094836896304,77.80767682735316,2025-05-09,06:06:49,rain,urban,dusk_dawn,low,car,64.4,47,minor
ACC00267,12.923699041668039,77.52390213676455,2025-04-29,18:16:52,rain,highway,dusk_dawn,heavy,car,83.3,75,moderate
ACC00268,13.110332068819773,77.59481615109564,2024-01-04,15:32:40,clear,highway,night_unlit,low,car,75.1,93,moderate
ACC00269,12.695289087367732,77.63033701715179,2025-04-04,15:41:49,fog,rural,night_unlit,moderate,car,58.3,42,moderate
ACC00270,12.919658894782204,77.49705010988072,2025-10-14,20:19:24,fog,highway,night_lit,heavy,car,91.3,94,severe
ACC00271,12.6713782007314,77.66067044401,2025-04-26,09:12:46,heavy_rain,urban,night_lit,low,car,67.8,40,minor
ACC00272,12.74574087546592,77.5099821479253,2024-09-24,08:14:29,clear,urban,daylight,low,car,21.9,39,minor
ACC00273,13.174579334472087,77.52825425166758,2022-05-02,16:57:47,clear,highway,night_lit,heavy,car,80.3,67,minor
ACC00274,13.104277747295754,77.79439639597051,2023-12-18,20:37:08,cloudy,highway,night_lit,moderate,bus,127.4,62,moderate
ACC00275,12.862077965007282,77.43391209212314,2022-04-14,09:59:17,rain,urban,dusk_dawn,moderate,auto,49.9,50,minor
ACC00276,12.744624481593867,77.22808295036057,2022-06-20,17:00:12,cloudy,rural,daylight,heavy,truck,28.8,43,minor
ACC00277,12.525320674323753,77.83164054925179,2023-08-16,07:27:24,rain,expressway,daylight,low,car,127.3,92,moderate
ACC00278,12.888475673810106,77.97239919289106,2024-02-02,08:27:48,rain,urban,night_lit,low,car,74.1,49,moderate
ACC00279,13.333062251837111,77.5292096101826,2024-05-16,20:24:06,fog,highway,night_lit,heavy,motorcycle,95.4,81,severe
ACC00280,13.035232640719547,77.29947429390698,2026-01-18,07:23:43,cloudy,urban,dusk_dawn,moderate,truck,26.4,40,moderate
ACC00281,12.886064157092576,77.54342740357062,2025-06-06,02:04:49,heavy_rain,urban,night_lit,moderate,truck,41.4,53,minor
ACC00282,13.039762031425047,77.5470665575239,2023-11-26,18:01:40,rain,urban,dusk_dawn,moderate,truck,27.1,39,minor
ACC00283,12.735856247050835,77.56151142384667,2023-07-04,11:46:38,clear,urban,daylight,heavy,motorcycle,49.9,43,moderate
ACC00284,12.925401495595356,77.42299179371173,2025-03-16,12:26:08,rain,urban,daylight,low,auto,52.0,59,minor
ACC00285,12.984921620952361,77.67693417137147,2023-03-28,18:09:36,clear,highway,dusk_dawn,low,truck,124.7,94,moderate
ACC00286,12.957084902226843,77.66867610629292,2025-12-21,08:20:13,clear,rural,night_lit,moderate,car,83.0,58,severe
ACC00287,13.088620918253513,77.36583915702711,2025-07-07,16:55:14,storm,urban,night_lit,heavy,motorcycle,43.5,51,minor
ACC00288,13.021696783935408,77.69487950975423,2025-01-25,10:28:51,cloudy,highway,night_unlit,low,motorcycle,111.3,72,severe
ACC00289,13.0702489027162,77.89790274729188,2023-02-14,07:59:36,cloudy,expressway,daylight,moderate,car,106.0,99,severe
ACC00290,12.866744157665387,77.61579404986556,2024-10-17,17:09:59,fog,urban,daylight,moderate,motorcycle,70.2,43,moderate
ACC00291,13.104672311261583,77.53940122568973,2025-09-09,10:07:27,clear,highway,night_lit,moderate,motorcycle,124.9,76,fatal
ACC00292,13.2143405421436,77.56869951783888,2022-04-29,19:33:21,clear,highway,daylight,low,motorcycle,124.4,92,minor
ACC00293,12.824477572052288,77.68228851504529,2022-10-18,21:40:59,clear,rural,night_unlit,moderate,bus,45.7,79,severe
ACC00294,12.836845651642816,77.33039925917392,2024-04-25,19:58:37,cloudy,urban,dusk_dawn,moderate,car,44.6,47,severe
ACC00295,13.170367650448036,77.61465860544659,2023-08-14,10:27:51,clear,urban,daylight,moderate,bus,26.6,43,fatal
ACC00296,12.941298401995741,77.53143040758059,2025-03-11,09:12:02,clear,highway,dusk_dawn,low,car,124.0,77,minor
ACC00297,13.180573208809983,77.86717375194341,2023-10-21,20:32:31,rain,highway,night_unlit,heavy,bus,103.6,86,fatal
ACC00298,12.903619643216173,77.56387408992926,2026-06-25,13:18:49,clear,urban,night_unlit,moderate,car,67.8,35,severe
ACC00299,13.188256836440607,77.84018314166794,2023-05-07,17:10:48,cloudy,urban,daylight,low,motorcycle,32.8,32,moderate
ACC00300,12.989722872520819,77.4244388953327,2023-08-15,19:05:42,clear,urban,dusk_dawn,moderate,auto,63.4,55,minor
ACC00301,13.008734323498405,77.67808887502042,2022-01-06,09:43:09,cloudy,urban,daylight,low,car,46.1,58,moderate
ACC00302,13.204707703250486,77.6379100395687,2023-02-11,07:38:32,cloudy,rural,dusk_dawn,moderate,truck,96.8,47,minor
ACC00303,12.915734428383375,77.45964291282029,2023-01-22,16:09:06,cloudy,urban,dusk_dawn,heavy,motorcycle,33.1,57,minor
ACC00304,12.828831685611258,77.61660941719555,2025-06-06,16:33:48,clear,urban,daylight,low,motorcycle,26.0,41,severe
ACC00305,12.902715368795748,77.77187782552474,2023-07-09,09:53:37,clear,urban,daylight,heavy,truck,69.6,42,moderate
ACC00306,13.037850092596472,77.54143124435701,2022-12-01,16:49:11,clear,highway,daylight,moderate,car,85.7,96,severe
ACC00307,12.735136139172923,77.33620560262455,2023-05-30,18:27:43,clear,urban,night_lit,low,truck,33.1,51,minor
ACC00308,13.06562063539767,77.58736557602839,2024-07-12,11:03:43,cloudy,highway,daylight,low,car,92.3,62,moderate
ACC00309,12.88918430235734,77.45463653578112,2025-07-13,09:38:03,clear,rural,daylight,low,truck,75.8,52,minor
ACC00310,13.142171899110036,77.53864885920042,2026-05-27,17:30:05,clear,urban,night_lit,heavy,motorcycle,79.3,41,minor
ACC00311,12.610860954264929,77.57776183454723,2022-03-19,18:55:12,clear,urban,dusk_dawn,moderate,car,51.4,50,severe
ACC00312,12.852015133734376,77.33415216759768,2025-10-12,22:33:04,rain,rural,night_lit,heavy,car,21.9,73,minor
ACC00313,12.717029777314885,77.3476512491019,2023-10-01,07:44:32,cloudy,urban,dusk_dawn,low,motorcycle,63.6,45,minor
ACC00314,12.846065580045408,77.66231002532884,2025-08-20,20:31:52,cloudy,highway,night_lit,moderate,car,114.5,62,fatal
ACC00315,13.007149885166342,77.51159219557455,2022-03-03,18:32:03,cloudy,rural,dusk_dawn,moderate,motorcycle,105.6,80,minor
ACC00316,12.943116006182537,77.20528834872692,2024-10-25,17:19:36,clear,urban,night_lit,moderate,auto,54.0,57,fatal
ACC00317,12.931993364657798,77.70772660549122,2026-03-09,10:24:25,clear,urban,daylight,low,car,79.9,56,minor
ACC00318,12.946122269292992,77.63085546329114,2022-03-06,02:17:50,clear,highway,night_unlit,low,motorcycle,132.8,66,moderate
ACC00319,13.000508236092992,77.48291877639453,2025-07-21,14:27:28,cloudy,urban,night_lit,heavy,bus,34.4,57,moderate
ACC00320,12.818719593708535,77.39247546834126,2022-07-07,09:57:40,clear,urban,night_lit,moderate,auto,43.5,54,minor
ACC00321,13.076027446134859,77.71537118444715,2026-06-01,09:20:55,clear,rural,night_lit,low,car,26.1,62,moderate
ACC00322,13.069399895557822,77.64240259338406,2025-05-07,21:27:08,heavy_rain,rural,night_unlit,heavy,truck,51.0,53,severe
ACC00323,13.027755690648416,77.94739034240261,2026-02-03,07:56:18,rain,urban,dusk_dawn,moderate,car,73.0,34,minor
ACC00324,13.05348001641269,77.65302828980874,2026-01-13,21:09:16,clear,rural,night_lit,heavy,truck,80.4,75,moderate
ACC00325,13.0144627001213,77.64815547118931,2023-06-03,14:15:10,heavy_rain,rural,night_unlit,heavy,motorcycle,69.2,60,moderate
ACC00326,13.27526099540966,77.56496081048373,2023-11-14,19:29:38,clear,highway,daylight,low,car,117.8,81,moderate
ACC00327,12.956935874342124,77.71251638008012,2025-02-09,09:24:00,clear,urban,night_lit,heavy,motorcycle,31.5,54,moderate
ACC00328,12.923937517249815,77.68376278018722,2022-10-15,16:20:23,clear,highway,night_lit,low,car,123.3,91,moderate
ACC00329,12.856970862946394,77.77775875128478,2023-05-19,15:46:07,fog,highway,night_lit,low,motorcycle,83.4,65,minor
ACC00330,12.815160599413325,77.51180156220441,2022-06-12,21:29:36,clear,rural,night_lit,moderate,motorcycle,102.0,55,moderate
ACC00331,12.78332923185984,77.5246888790584,2025-12-29,08:21:45,rain,rural,night_lit,heavy,auto,123.8,49,moderate
ACC00332,12.836680403015363,77.5181345243632,2023-02-12,08:28:28,cloudy,rural,night_lit,low,motorcycle,101.0,77,minor
ACC00333,12.95939794275219,77.70862025817685,2023-11-06,21:53:26,cloudy,urban,night_lit,low,truck,57.7,33,moderate
ACC00334,13.020144269274658,77.81475616604452,2024-01-14,06:59:26,clear,highway,night_lit,low,car,95.1,87,minor
ACC00335,12.977671308782824,77.52117392602761,2023-09-10,16:14:11,clear,highway,daylight,moderate,auto,119.7,63,minor
ACC00336,12.855169708385544,77.52628394083104,2025-07-01,05:02:22,rain,highway,daylight,moderate,motorcycle,129.7,64,minor
ACC00337,13.105027684602994,77.63711158358048,2026-02-09,06:01:55,clear,urban,dusk_dawn,low,car,73.8,52,minor
ACC00338,13.080911900845143,77.55313577499807,2024-07-29,16:26:02,cloudy,urban,daylight,heavy,motorcycle,79.5,57,minor
ACC00339,12.946052753886699,77.73280804797099,2025-10-05,15:37:47,clear,urban,night_lit,heavy,car,68.0,56,minor
ACC00340,12.872062578300294,77.25223340640714,2022-07-01,15:03:09,rain,highway,night_lit,heavy,car,101.0,98,moderate
ACC00341,13.05226418812447,77.46599424296247,2026-05-06,13:30:06,rain,highway,daylight,low,car,61.5,72,minor
ACC00342,12.998196038122916,77.47263754990578,2022-07-10,18:23:17,cloudy,highway,dusk_dawn,low,motorcycle,130.9,77,minor
ACC00343,12.752780911087743,77.24194659814208,2022-04-20,23:55:16,cloudy,rural,night_lit,moderate,car,49.9,58,moderate
ACC00344,12.95980296160234,77.44545423334468,2022-02-06,09:36:18,clear,highway,night_unlit,moderate,truck,67.8,71,moderate
ACC00345,13.009305371811157,77.45272658262311,2023-02-04,10:25:50,clear,highway,daylight,moderate,car,102.4,73,minor
ACC00346,12.835045782026837,77.55983430182218,2025-10-06,10:35:54,clear,urban,dusk_dawn,low,car,24.2,38,severe
ACC00347,17.54694488374904,78.40331588378835,2023-05-10,18:08:41,rain,highway,night_lit,heavy,car,98.3,79,minor
ACC00348,17.343240902321394,78.52793272224548,2025-07-22,11:28:08,clear,urban,night_lit,moderate,motorcycle,54.1,52,moderate
ACC00349,17.225377941959326,78.41440633878841,2023-11-28,17:19:56,clear,rural,night_unlit,moderate,car,89.6,80,fatal
ACC00350,17.37145681881797,78.39579008744118,2022-06-20,13:10:50,clear,highway,night_unlit,moderate,car,137.0,68,fatal
ACC00351,17.537376043216202,78.53671792514551,2024-02-16,16:23:04,clear,highway,daylight,low,car,70.0,61,fatal
ACC00352,17.233606177582764,78.42970111298061,2023-01-17,19:38:23,cloudy,highway,daylight,low,auto,113.1,88,moderate
ACC00353,17.24341376741178,78.52661565834674,2023-04-24,14:34:46,rain,highway,night_lit,heavy,car,84.9,81,minor
ACC00354,17.463782343891133,78.5309806034278,2024-04-29,13:57:05,cloudy,expressway,daylight,moderate,car,94.7,85,minor
ACC00355,17.34676958264038,78.31908564983625,2025-07-21,09:16:04,cloudy,urban,night_unlit,low,motorcycle,61.2,55,fatal
ACC00356,17.47712270360642,78.41781383142018,2024-08-21,14:41:36,cloudy,urban,night_lit,low,motorcycle,38.3,31,severe
ACC00357,17.377952981230706,78.70566654098747,2023-01-02,09:33:20,cloudy,urban,night_lit,low,car,60.6,42,moderate
ACC00358,17.485249547213435,78.31568807308985,2025-03-24,19:52:26,rain,highway,dusk_dawn,heavy,bus,93.3,82,minor
ACC00359,17.224738282893902,78.17250183265442,2025-02-17,12:54:45,rain,urban,daylight,heavy,truck,74.6,35,moderate
ACC00360,17.378187302381757,78.21072322701362,2023-01-25,07:42:32,rain,highway,dusk_dawn,moderate,motorcycle,87.9,66,minor
ACC00361,17.348396497845524,78.4943664919865,2025-10-30,09:25:42,rain,rural,night_lit,heavy,motorcycle,49.9,47,moderate
ACC00362,17.19761636138438,78.4946375917049,2025-10-16,15:32:07,heavy_rain,rural,night_lit,moderate,truck,26.1,62,fatal
ACC00363,17.145478307819698,78.47235837168623,2024-09-18,20:39:00,cloudy,highway,night_lit,heavy,car,130.4,89,minor
ACC00364,17.4828623552912,78.67212847433927,2023-05-02,10:48:15,cloudy,rural,daylight,moderate,auto,31.3,57,moderate
ACC00365,17.327357142667303,78.08907483503455,2023-08-05,09:13:12,rain,highway,night_lit,heavy,car,117.7,90,minor
ACC00366,17.2266579577529,78.54939008116462,2023-12-23,12:52:19,clear,highway,daylight,heavy,motorcycle,131.9,79,moderate
ACC00367,17.365573159461498,78.72421573027053,2022-11-05,22:48:46,clear,highway,night_lit,moderate,car,124.7,82,moderate
ACC00368,17.549202828602393,78.32083288526624,2023-05-18,19:05:09,heavy_rain,highway,dusk_dawn,low,truck,93.3,75,minor
ACC00369,17.03788932319421,78.43302902323151,2022-08-09,07:16:07,cloudy,highway,dusk_dawn,low,truck,64.9,92,moderate
ACC00370,17.1555041965145,78.3770662124157,2022-09-11,16:14:12,clear,expressway,daylight,low,motorcycle,83.9,80,severe
ACC00371,17.241567033715707,78.35584809308837,2025-05-06,18:34:19,cloudy,highway,dusk_dawn,low,car,87.7,97,severe
ACC00372,17.599176830008048,78.44106069924653,2022-07-30,18:12:11,clear,urban,dusk_dawn,moderate,truck,58.8,40,minor
ACC00373,17.422388047437895,78.70412279255267,2024-02-10,14:18:11,clear,highway,daylight,moderate,auto,68.2,85,moderate
ACC00374,17.495097586069182,78.76560800132312,2023-12-06,17:11:34,cloudy,highway,daylight,low,car,72.3,64,minor
ACC00375,17.208975862131066,78.43960911624397,2022-03-18,16:04:06,cloudy,highway,daylight,heavy,car,61.8,97,moderate
ACC00376,17.21206961870942,78.77575903210966,2025-09-27,08:27:09,cloudy,highway,night_lit,low,motorcycle,95.1,82,moderate
ACC00377,17.447172057508407,78.49533647154769,2026-06-04,05:19:50,clear,highway,night_unlit,low,truck,73.6,99,minor
ACC00378,17.388741149640317,78.75305365400516,2024-11-14,11:30:01,cloudy,highway,night_lit,low,car,81.7,89,minor
ACC00379,17.462310822829618,78.47600520255197,2025-01-07,05:12:03,clear,highway,night_lit,heavy,car,98.5,85,minor
ACC00380,17.35184935136073,78.50965867390691,2023-01-18,12:17:04,cloudy,urban,dusk_dawn,moderate,motorcycle,49.6,57,moderate
ACC00381,17.421721558968194,78.54482117089643,2025-10-18,19:53:32,cloudy,expressway,dusk_dawn,low,truck,73.1,87,severe
ACC00382,17.403717862735764,78.96682805190513,2025-07-11,19:48:41,clear,highway,dusk_dawn,low,car,65.2,72,severe
ACC00383,17.496665108362738,78.61769283622671,2023-12-21,03:15:41,heavy_rain,rural,night_lit,moderate,motorcycle,34.1,47,fatal
ACC00384,17.50105124229167,78.38391032050727,2025-03-04,06:09:41,cloudy,urban,daylight,heavy,truck,65.5,35,severe
ACC00385,17.137019200841234,78.63534968054137,2026-04-18,17:58:03,clear,urban,night_lit,moderate,car,37.8,50,moderate
ACC00386,17.04290971669887,78.43572511943735,2024-09-16,14:40:20,clear,urban,daylight,moderate,car,60.1,60,severe
ACC00387,17.530261809647726,78.41653747256481,2022-11-24,07:29:38,clear,urban,daylight,moderate,car,50.4,55,minor
ACC00388,17.55815876398929,78.62629020398381,2023-06-27,18:41:40,clear,expressway,dusk_dawn,low,truck,121.3,89,moderate
ACC00389,17.226906547073,78.49466283816567,2022-10-31,08:13:20,heavy_rain,highway,daylight,moderate,truck,130.8,85,fatal
ACC00390,17.101024689018153,78.53178638717677,2023-06-29,06:25:50,rain,urban,dusk_dawn,moderate,truck,56.7,31,moderate
ACC00391,17.39485522315108,78.49209778327979,2026-01-01,18:23:50,rain,urban,dusk_dawn,heavy,motorcycle,49.4,59,moderate
ACC00392,17.51962573395258,78.5404874689908,2022-11-08,16:43:45,cloudy,expressway,night_lit,low,car,87.0,88,moderate
ACC00393,17.649639178365145,78.55374488461541,2026-01-04,12:11:47,heavy_rain,urban,daylight,low,motorcycle,44.9,46,severe
ACC00394,17.457444635815218,78.19945496009419,2023-04-14,17:29:58,heavy_rain,expressway,daylight,moderate,motorcycle,97.0,80,moderate
ACC00395,17.324242495512145,78.58998590029142,2024-03-30,20:50:47,clear,urban,night_unlit,heavy,truck,23.1,60,minor
ACC00396,17.24603040676227,78.34269708702546,2024-05-17,03:11:35,clear,urban,night_lit,moderate,auto,57.3,52,fatal
ACC00397,17.3817176937506,78.27365512966608,2022-07-26,16:07:23,clear,rural,night_lit,heavy,motorcycle,61.1,80,fatal
ACC00398,17.33511029441721,78.48123831342119,2022-10-30,08:49:21,clear,rural,dusk_dawn,heavy,motorcycle,76.1,42,moderate
ACC00399,17.227739814140676,78.50259715049717,2023-05-17,13:52:49,cloudy,urban,daylight,heavy,car,78.6,53,minor
ACC00400,17.68731334762949,78.38597407531415,2022-04-09,12:25:17,clear,rural,daylight,moderate,motorcycle,59.7,40,severe
ACC00401,17.64777526031082,78.61465477865019,2025-05-23,12:02:37,rain,highway,night_lit,heavy,truck,83.1,69,severe
ACC00402,17.550407302533312,78.28867372504436,2024-06-15,08:32:30,clear,expressway,night_unlit,heavy,truck,97.0,80,severe
ACC00403,17.24187244032863,78.42895843768412,2025-10-21,18:17:22,rain,rural,dusk_dawn,moderate,auto,136.5,77,moderate
ACC00404,17.508252898644592,78.40226887976004,2025-11-18,11:35:27,clear,urban,dusk_dawn,moderate,auto,41.3,42,fatal
ACC00405,17.475943961424683,78.48301190944909,2023-07-25,20:08:04,clear,highway,night_unlit,low,motorcycle,67.1,74,moderate
ACC00406,17.446381843630608,78.53182964269708,2025-09-03,11:48:42,rain,highway,daylight,moderate,bus,96.8,86,minor
ACC00407,17.567449790056564,78.33881605755646,2022-04-11,19:41:04,cloudy,highway,dusk_dawn,heavy,truck,96.9,98,severe
ACC00408,17.47530567142919,78.59864240161843,2023-12-07,15:38:04,rain,highway,night_unlit,heavy,motorcycle,84.6,82,moderate
ACC00409,17.49100213544565,78.4994503552502,2024-12-29,12:30:15,heavy_rain,urban,daylight,moderate,car,57.5,34,severe
ACC00410,17.47553594250583,78.20620806200321,2024-02-05,17:13:31,clear,rural,daylight,heavy,auto,103.8,50,moderate
ACC00411,17.431118711200316,78.19621128394044,2025-04-29,18:56:17,clear,urban,dusk_dawn,low,auto,63.4,39,moderate
ACC00412,17.11245833054287,78.4881521060606,2025-11-10,14:15:52,clear,urban,daylight,heavy,motorcycle,56.2,45,fatal
ACC00413,17.39254316161158,78.45685490233204,2023-11-28,12:21:55,clear,expressway,night_unlit,moderate,car,129.4,91,fatal
ACC00414,17.29657120617263,78.4744869829638,2023-03-27,15:55:23,fog,rural,daylight,moderate,car,71.0,60,moderate
ACC00415,17.188023856353997,78.48580263152046,2024-08-15,16:02:59,rain,urban,night_unlit,moderate,car,74.0,34,severe
ACC00416,17.632272492895122,78.52383397592652,2025-11-27,12:07:05,clear,urban,daylight,heavy,truck,75.9,30,severe
ACC00417,17.639349301132853,78.63214744147724,2026-06-10,18:45:08,rain,urban,dusk_dawn,low,motorcycle,72.3,36,moderate
ACC00418,17.583883090044342,78.32333426486237,2025-09-01,12:22:20,heavy_rain,urban,dusk_dawn,moderate,motorcycle,45.2,54,minor
ACC00419,17.41828201252838,78.31420426106487,2023-02-07,13:34:56,clear,highway,night_unlit,heavy,car,93.6,93,minor
ACC00420,17.582593768142896,78.32600142131689,2022-12-04,16:34:30,clear,urban,daylight,low,motorcycle,28.4,59,moderate
ACC00421,17.381807977090272,78.5333375000753,2024-07-29,23:49:42,rain,urban,daylight,moderate,truck,44.0,55,minor
ACC00422,17.410419591534666,78.67674210679697,2023-10-23,09:37:39,rain,highway,daylight,moderate,bus,71.9,77,severe
ACC00423,17.215979294430703,78.42529908426407,2024-09-30,09:25:29,clear,expressway,daylight,heavy,motorcycle,120.0,85,severe
ACC00424,17.439548695674826,78.11474502337605,2026-02-25,08:32:55,cloudy,rural,night_lit,heavy,car,55.4,44,severe
ACC00425,17.38905788926366,78.23440107060844,2024-06-20,17:44:57,clear,urban,night_unlit,low,car,51.4,42,severe
ACC00426,17.18460218247483,78.36504449158059,2023-08-07,13:22:26,cloudy,highway,night_lit,moderate,bus,71.7,70,minor
ACC00427,17.37232043322751,78.4063406668757,2025-11-28,12:10:42,cloudy,highway,daylight,moderate,bus,66.8,63,severe
ACC00428,17.368040565421477,78.42874170591179,2023-12-23,08:29:37,clear,urban,night_lit,moderate,motorcycle,22.5,45,minor
ACC00429,17.649634174996695,78.49578716844714,2024-09-20,20:59:35,rain,rural,night_unlit,low,car,95.2,48,severe
ACC00430,17.514131999277012,78.44323805037662,2022-08-11,13:06:06,cloudy,urban,daylight,low,truck,70.3,31,minor
ACC00431,17.38171681586372,78.64740094158151,2024-04-13,16:10:12,rain,highway,daylight,moderate,truck,89.5,70,fatal
ACC00432,17.41731809647016,78.38859740414779,2023-12-01,07:59:59,cloudy,highway,dusk_dawn,low,truck,123.8,64,moderate
ACC00433,17.386631856715628,78.36065230607866,2022-07-21,07:49:14,cloudy,highway,dusk_dawn,heavy,car,136.1,90,fatal
ACC00434,17.349562902280667,78.56183133077806,2022-12-14,06:07:39,clear,urban,dusk_dawn,low,auto,73.1,46,fatal
ACC00435,17.217635920391757,78.25965368951108,2025-02-28,11:12:54,clear,urban,night_lit,heavy,motorcycle,57.9,42,minor
ACC00436,17.35734221835896,78.548453755798,2022-10-24,13:41:36,rain,highway,night_lit,heavy,motorcycle,112.6,64,moderate
ACC00437,17.268085261502122,78.50538297755894,2022-08-05,09:46:12,cloudy,urban,night_unlit,moderate,car,54.8,41,severe
ACC00438,17.192452669161526,78.46788362651228,2022-04-05,11:44:51,clear,rural,night_unlit,heavy,car,45.4,74,moderate
ACC00439,17.45668327218213,78.72824141607238,2022-02-13,00:51:01,fog,urban,night_lit,heavy,car,43.2,48,moderate
ACC00440,17.438689698989986,78.39666888320579,2023-12-15,11:30:43,rain,highway,daylight,heavy,motorcycle,131.6,74,minor
ACC00441,17.111993873294786,78.79904472557861,2024-03-13,07:52:15,clear,urban,dusk_dawn,moderate,auto,78.7,42,moderate
ACC00442,17.36159730437573,78.45618528261578,2024-10-22,07:35:38,clear,expressway,dusk_dawn,moderate,truck,105.5,87,moderate
ACC00443,17.529355207884986,78.29844753325446,2024-07-28,00:28:28,cloudy,highway,night_lit,heavy,auto,75.2,96,minor
ACC00444,17.538883560834446,78.50048793714922,2024-05-31,17:38:34,clear,highway,night_lit,heavy,truck,105.2,93,moderate
ACC00445,17.533875526432784,78.32856321995217,2026-06-29,21:25:22,fog,urban,night_unlit,moderate,car,46.2,49,minor
ACC00446,17.38583698103522,78.37723662282797,2023-02-15,16:36:31,cloudy,highway,daylight,moderate,truck,118.9,94,severe
ACC00447,17.253243200804626,78.54955499500232,2025-03-15,06:50:56,clear,rural,dusk_dawn,low,motorcycle,38.9,55,minor
ACC00448,17.21744517589629,78.57333731329751,2022-05-11,23:57:49,cloudy,rural,daylight,heavy,bus,66.2,74,moderate
ACC00449,17.431690735712554,78.39667484496185,2025-10-25,22:34:25,clear,highway,daylight,heavy,motorcycle,66.0,97,minor
ACC00450,17.436892005154775,78.63811077175696,2023-08-19,13:00:56,cloudy,rural,night_lit,low,car,101.6,78,severe
ACC00451,17.57309966674076,78.66362616370317,2023-07-23,07:37:53,clear,urban,daylight,low,truck,32.4,56,moderate
ACC00452,17.54499694755131,78.70544526348449,2022-08-10,17:15:37,rain,urban,night_lit,heavy,truck,77.7,32,minor
ACC00453,17.360165701520323,78.56941201106885,2024-04-15,22:14:35,rain,highway,night_lit,low,motorcycle,93.6,80,minor
ACC00454,17.193369118170867,78.69451430681285,2023-10-19,18:52:02,heavy_rain,urban,dusk_dawn,heavy,car,70.1,57,moderate
ACC00455,17.332134010448364,78.20788023580388,2026-05-19,16:26:31,clear,rural,daylight,moderate,motorcycle,34.1,79,fatal
ACC00456,17.412584679221577,78.44231401770573,2022-10-20,16:47:12,clear,highway,night_lit,moderate,truck,66.7,64,moderate
ACC00457,17.34968751319159,78.35994921155148,2023-11-17,22:22:09,rain,urban,night_unlit,low,car,39.6,38,severe
ACC00458,13.097883879169109,80.19494583839047,2026-01-18,06:36:51,clear,expressway,dusk_dawn,low,truck,91.7,96,moderate
ACC00459,12.99428261712049,80.34277416688185,2025-08-18,07:39:16,clear,urban,dusk_dawn,moderate,car,53.5,52,moderate
ACC00460,13.05507632370754,80.19081235440134,2025-06-09,19:53:36,storm,highway,dusk_dawn,moderate,car,105.0,69,moderate
ACC00461,13.362326232030608,80.26979110228349,2024-05-13,07:11:52,rain,highway,dusk_dawn,heavy,car,117.4,81,minor
ACC00462,13.054542030536943,80.4179204475441,2025-12-04,11:33:35,heavy_rain,urban,daylight,heavy,car,55.1,52,moderate
ACC00463,13.142068847578532,80.18633429810158,2023-01-03,09:24:46,cloudy,rural,night_lit,heavy,motorcycle,84.3,79,moderate
ACC00464,13.045159600511365,80.39085179588638,2025-08-22,09:27:46,cloudy,highway,daylight,moderate,truck,88.4,68,moderate
ACC00465,13.091356993193525,80.37161020530384,2024-08-11,02:50:26,cloudy,highway,night_lit,moderate,motorcycle,69.8,96,minor
ACC00466,13.080902502065411,80.12678122743037,2023-07-29,15:08:55,cloudy,urban,dusk_dawn,low,car,72.6,60,minor
ACC00467,13.147248609895975,80.41608411923261,2022-12-25,12:32:54,clear,urban,daylight,moderate,truck,52.9,60,severe
ACC00468,13.254796130332076,80.37478495180572,2024-05-06,15:23:20,rain,highway,night_unlit,moderate,motorcycle,99.6,77,severe
ACC00469,13.327109099640499,80.28528888310589,2022-01-05,10:53:49,clear,urban,daylight,heavy,motorcycle,45.1,36,minor
ACC00470,13.126443012286375,80.15565148129585,2025-03-19,21:12:10,cloudy,urban,night_unlit,moderate,truck,55.5,45,severe
ACC00471,13.16843203290534,80.14111909721366,2023-01-23,16:13:06,heavy_rain,highway,daylight,low,motorcycle,70.3,82,moderate
ACC00472,12.907370323622166,80.18935061346454,2023-10-02,22:05:31,rain,highway,night_unlit,moderate,motorcycle,67.7,64,moderate
ACC00473,13.066818488637656,80.35138916949379,2022-11-14,11:26:36,clear,expressway,night_lit,moderate,car,118.6,88,moderate
ACC00474,13.221043419732538,80.12665622488979,2024-02-04,00:00:35,cloudy,rural,night_lit,heavy,car,73.1,57,moderate
ACC00475,13.209895295762573,80.33562683729298,2023-09-02,18:30:47,cloudy,highway,dusk_dawn,moderate,car,108.7,65,moderate
ACC00476,13.111741459919257,80.08373667066823,2022-11-05,19:13:23,clear,rural,dusk_dawn,moderate,bus,32.0,48,minor
ACC00477,13.212959093935194,80.23938971233417,2025-12-30,05:24:48,clear,urban,night_unlit,low,car,78.3,58,severe
ACC00478,13.153615006349073,80.2864471631861,2025-05-31,16:36:54,cloudy,expressway,daylight,heavy,truck,102.5,97,moderate
ACC00479,13.260045938738898,80.63676952175884,2023-09-29,17:41:05,rain,expressway,daylight,moderate,truck,73.4,90,minor
ACC00480,13.123403873543566,80.06340265167194,2022-04-05,07:03:26,fog,urban,daylight,heavy,car,23.1,32,minor
ACC00481,13.026645252664345,80.49080218497352,2025-10-19,15:08:13,clear,urban,night_lit,moderate,car,58.8,50,minor
ACC00482,13.130376188539953,80.29247636209809,2025-02-18,09:19:39,clear,highway,night_unlit,heavy,car,133.6,92,moderate
ACC00483,12.640410843622083,80.3316757877024,2024-07-01,01:31:24,clear,urban,night_unlit,heavy,car,24.9,57,minor
ACC00484,13.137432860457757,80.28775218700822,2024-09-19,19:53:16,storm,urban,dusk_dawn,low,bus,35.8,44,severe
ACC00485,12.532738076217782,80.33670902272928,2022-01-13,14:08:15,rain,urban,night_lit,moderate,car,61.7,43,minor
ACC00486,12.821480488889188,80.2469472343457,2024-02-18,18:04:21,fog,highway,dusk_dawn,low,motorcycle,128.8,92,severe
ACC00487,13.147765290141148,80.48810752721862,2022-11-06,17:37:06,cloudy,rural,dusk_dawn,heavy,car,98.9,71,minor
ACC00488,13.15162940059002,80.20152932836629,2024-12-05,23:58:06,clear,expressway,daylight,heavy,truck,127.4,95,minor
ACC00489,12.90563568297901,80.43983518582688,2026-03-10,13:49:37,cloudy,highway,night_lit,moderate,car,65.2,84,moderate
ACC00490,12.97318469371816,80.17334493196805,2024-05-21,12:33:56,clear,urban,daylight,moderate,car,62.6,42,minor
ACC00491,13.28558114829212,80.2609622230398,2024-09-19,09:01:30,clear,rural,night_lit,heavy,car,32.6,60,fatal
ACC00492,13.0073954802641,80.10920561715646,2024-12-31,16:34:55,clear,urban,daylight,heavy,bus,70.0,52,moderate
ACC00493,13.416438046860447,80.33825355805213,2026-03-07,14:27:09,clear,expressway,daylight,moderate,motorcycle,65.8,86,severe
ACC00494,13.079712022023548,80.48676889353898,2022-03-04,17:26:58,clear,urban,night_lit,heavy,car,52.4,35,minor
ACC00495,13.14120542653219,80.25839657302687,2023-05-25,11:29:35,fog,highway,daylight,low,truck,97.7,68,moderate
ACC00496,13.32253115977479,80.24046714519442,2023-03-17,07:33:44,rain,urban,night_unlit,moderate,truck,68.1,37,fatal
ACC00497,13.099654067429013,80.1028074555398,2025-03-22,19:43:03,rain,urban,dusk_dawn,heavy,motorcycle,50.2,32,minor
ACC00498,12.92964840289638,80.23560610196715,2024-01-06,19:11:36,clear,highway,dusk_dawn,heavy,auto,83.1,78,minor
ACC00499,13.063540882245857,80.03108086104177,2025-06-21,11:04:22,rain,rural,night_lit,low,car,79.7,46,moderate
ACC00500,13.074658389571486,80.13306830199217,2024-02-15,17:03:53,cloudy,urban,daylight,moderate,truck,32.1,57,minor
ACC00501,12.875288752169766,80.30401790691637,2026-05-22,14:24:47,clear,urban,daylight,moderate,truck,46.7,54,moderate
ACC00502,13.041625189298877,80.4678519796612,2025-06-13,18:30:51,clear,urban,dusk_dawn,low,motorcycle,30.4,38,fatal
ACC00503,12.968671185900385,80.69138162918442,2022-01-30,12:47:53,clear,urban,daylight,heavy,motorcycle,52.8,48,moderate
ACC00504,13.218653663578115,80.18201223723936,2026-06-12,15:26:43,heavy_rain,urban,daylight,low,car,51.0,51,minor
ACC00505,13.085191781127788,80.48529502349682,2026-04-13,05:31:14,rain,urban,night_lit,moderate,car,35.7,36,fatal
ACC00506,13.037580637627865,80.30656287206024,2022-03-13,08:58:16,clear,highway,night_lit,heavy,motorcycle,86.9,80,severe
ACC00507,13.064072710406613,80.24731285298805,2023-10-05,18:44:51,cloudy,rural,dusk_dawn,low,bus,131.0,73,moderate
ACC00508,13.113468302760925,80.33488916775892,2026-05-13,11:41:36,clear,expressway,daylight,moderate,car,116.8,82,severe
ACC00509,13.172522129953467,80.27928747255199,2025-10-07,03:21:53,clear,urban,night_unlit,moderate,motorcycle,49.2,42,fatal
ACC00510,12.930043165699592,80.28655935884183,2024-02-08,08:09:47,cloudy,rural,night_lit,moderate,car,84.7,75,moderate
ACC00511,12.92376185510681,80.208750025576,2024-06-13,12:55:36,rain,expressway,daylight,moderate,car,134.8,85,minor
ACC00512,13.24570188231038,80.06028355103017,2022-02-18,17:33:09,rain,highway,daylight,moderate,motorcycle,108.3,70,minor
ACC00513,13.018149469169291,80.03845621962168,2024-07-16,11:04:58,clear,highway,daylight,heavy,auto,62.3,99,minor
ACC00514,12.867473686110468,80.36798673249218,2024-12-30,18:28:14,cloudy,highway,dusk_dawn,heavy,car,63.2,77,minor
ACC00515,13.146571906407466,80.22849498648714,2023-08-14,19:05:14,clear,urban,dusk_dawn,low,car,56.2,40,minor
ACC00516,13.149505470904904,80.18058666505156,2023-05-19,11:58:08,clear,highway,daylight,moderate,car,78.5,96,minor
ACC00517,12.850392711411494,80.27127584400847,2025-09-22,18:31:04,clear,urban,dusk_dawn,moderate,motorcycle,46.1,41,minor
ACC00518,13.114422257319541,80.38923983793734,2024-01-07,07:47:22,clear,urban,dusk_dawn,moderate,motorcycle,33.4,50,moderate
ACC00519,13.190337463864257,80.29705459145396,2023-03-10,12:28:50,clear,highway,night_unlit,low,car,60.7,81,minor
ACC00520,13.13615796775594,80.17159175950385,2023-09-08,06:01:51,clear,urban,dusk_dawn,moderate,car,77.2,35,fatal
ACC00521,13.174797222564209,80.45394394334734,2024-03-19,05:38:29,rain,highway,night_lit,moderate,car,71.1,84,moderate
ACC00522,12.869359635286388,80.50687782544725,2023-03-03,06:39:18,clear,urban,dusk_dawn,heavy,car,68.2,37,fatal
ACC00523,13.12965602324943,80.34418349829842,2024-07-08,07:13:20,clear,highway,dusk_dawn,low,truck,64.3,99,minor
ACC00524,13.034607036079434,80.41604952670161,2025-11-15,19:42:55,fog,highway,night_lit,low,truck,82.2,66,minor
ACC00525,13.007581476191303,80.45629399952207,2025-05-04,15:13:03,heavy_rain,highway,daylight,heavy,car,63.7,83,fatal
ACC00526,13.21058334141296,80.43951489746067,2023-01-15,21:41:03,clear,rural,night_unlit,heavy,motorcycle,110.0,69,severe
ACC00527,13.301891176601135,80.36211487656689,2024-02-14,15:44:03,clear,highway,daylight,moderate,car,132.9,75,minor
ACC00528,13.349155508190053,80.35975205706123,2024-06-11,16:08:53,clear,urban,night_lit,heavy,car,32.8,56,severe
ACC00529,13.277221180725887,80.34794908600198,2025-01-22,08:17:05,fog,rural,daylight,heavy,motorcycle,65.9,59,moderate
ACC00530,13.063539872755472,80.10539934881794,2025-05-27,15:09:56,clear,urban,dusk_dawn,low,truck,48.6,35,severe
ACC00531,13.132908024453952,80.37510847352894,2024-03-07,11:43:11,clear,highway,daylight,moderate,car,101.9,67,moderate
ACC00532,13.195023430767638,80.06662790433101,2023-06-02,21:14:32,rain,urban,daylight,heavy,car,42.7,43,moderate
ACC00533,13.098176692394919,80.15081008173124,2024-12-18,21:38:58,rain,highway,dusk_dawn,moderate,car,128.9,69,minor
ACC00534,13.099614628186732,80.46553476017121,2022-07-26,08:25:06,clear,rural,dusk_dawn,heavy,car,68.3,66,minor
ACC00535,13.203562969781427,80.39603302440412,2025-01-11,16:04:16,clear,rural,night_unlit,heavy,motorcycle,117.4,45,severe
ACC00536,13.07110760309611,80.49310974345288,2026-01-11,16:52:43,cloudy,urban,daylight,moderate,truck,79.8,53,minor
ACC00537,12.97060695954395,80.2292488424469,2025-03-10,15:42:49,clear,highway,daylight,low,car,114.3,67,severe
ACC00538,13.01782904012462,80.09716267380848,2023-12-14,07:15:54,clear,rural,dusk_dawn,heavy,truck,90.7,73,minor
ACC00539,13.17508655666006,80.23393442043944,2025-09-13,17:52:01,rain,urban,daylight,moderate,auto,63.3,42,severe
ACC00540,13.080448993679994,80.28530469458609,2024-05-23,18:42:46,rain,highway,dusk_dawn,low,car,96.8,87,fatal
ACC00541,13.13103149653025,80.281848307451,2024-06-06,11:48:19,rain,rural,daylight,heavy,motorcycle,120.9,76,moderate
ACC00542,13.18051188633033,80.4400520718135,2025-10-31,14:10:33,rain,highway,night_unlit,moderate,motorcycle,97.2,85,severe
ACC00543,13.023773780565358,80.21580943624947,2022-11-14,07:00:54,cloudy,rural,dusk_dawn,low,motorcycle,104.3,73,severe
ACC00544,13.193437224544471,80.32280517077044,2025-07-04,21:03:54,clear,rural,night_unlit,low,bus,95.2,58,fatal
ACC00545,13.13682639051876,80.1217059275848,2025-01-20,07:32:11,rain,highway,dusk_dawn,heavy,bus,117.6,91,severe
ACC00546,12.894778036963277,80.33754759170657,2024-05-18,08:47:28,clear,highway,dusk_dawn,heavy,motorcycle,85.7,93,moderate
ACC00547,13.296345718677937,80.27046628252783,2022-05-07,10:54:17,clear,urban,dusk_dawn,moderate,truck,58.9,44,minor
ACC00548,13.004888288436463,80.15752799925731,2025-06-11,19:57:36,clear,rural,dusk_dawn,low,motorcycle,51.1,64,moderate
ACC00549,12.831735698522223,80.23462559567376,2022-12-26,17:35:49,rain,highway,night_lit,moderate,truck,102.5,85,minor
ACC00550,12.923243443562054,80.24237363802271,2026-01-10,00:37:19,cloudy,highway,night_lit,moderate,bus,69.4,73,moderate
ACC00551,12.926843225898251,80.22947673059943,2025-07-24,08:17:07,cloudy,urban,dusk_dawn,moderate,truck,28.8,33,minor
ACC00552,13.08782599779863,80.53570118634015,2023-08-21,18:00:03,cloudy,highway,dusk_dawn,moderate,car,122.8,84,moderate
ACC00553,13.038922424168064,80.25523309965381,2023-12-16,12:11:03,rain,highway,night_unlit,low,car,86.3,85,severe
ACC00554,13.029475204853911,80.2334155834734,2022-02-11,02:03:21,clear,rural,dusk_dawn,heavy,truck,107.6,40,minor
ACC00555,13.172955294822373,79.95538235635847,2024-03-28,22:41:57,clear,urban,night_unlit,heavy,car,31.4,43,minor
ACC00556,13.130981304178906,80.13586889720307,2022-04-06,07:30:15,rain,urban,daylight,heavy,motorcycle,75.9,34,moderate
ACC00557,13.127407180596643,80.23053898633154,2026-06-10,14:46:24,rain,highway,daylight,moderate,motorcycle,74.3,72,minor
ACC00558,13.141474268599303,80.1671220985735,2024-11-17,09:08:40,cloudy,urban,daylight,moderate,truck,46.9,34,minor
ACC00559,13.172420200200335,80.47725613900667,2023-01-22,18:54:39,clear,urban,dusk_dawn,moderate,truck,20.9,41,minor
ACC00560,12.763806998733383,80.24525933369057,2025-08-12,18:43:16,fog,urban,dusk_dawn,moderate,car,49.8,49,minor
ACC00561,13.025334262160332,80.46326663739774,2022-02-02,12:54:07,cloudy,expressway,daylight,heavy,truck,119.3,82,minor
ACC00562,12.752968490326579,80.27925569510755,2024-06-20,17:38:09,heavy_rain,highway,night_lit,heavy,truck,67.5,96,severe
ACC00563,13.085408989019669,80.27558417546324,2022-07-02,20:20:13,rain,urban,daylight,heavy,car,57.1,31,severe
ACC00564,13.079305054166348,80.25668053284312,2022-03-31,19:37:05,heavy_rain,rural,dusk_dawn,low,motorcycle,28.5,60,moderate
ACC00565,13.236829841218452,80.27056943774322,2023-02-06,12:36:27,clear,highway,daylight,moderate,motorcycle,136.2,78,minor
ACC00566,13.258145158908167,80.52781925045747,2023-04-29,13:10:38,cloudy,expressway,dusk_dawn,low,car,115.2,89,minor
ACC00567,13.110416257237855,79.92205839098732,2025-04-06,20:06:40,clear,urban,night_lit,moderate,motorcycle,37.4,33,minor
ACC00568,22.2697681383342,88.0,2026-01-02,03:39:54,clear,highway,night_lit,moderate,car,119.2,79,moderate
ACC00569,22.488524375341584,88.0,2025-06-27,02:05:17,clear,highway,night_lit,heavy,truck,66.6,100,moderate
ACC00570,22.572179182290636,88.0,2025-04-29,08:06:39,clear,highway,daylight,heavy,car,105.1,78,minor
ACC00571,22.673515663714603,88.0,2024-07-17,19:04:53,cloudy,expressway,daylight,low,motorcycle,62.4,86,moderate
ACC00572,22.64096307970412,88.0,2023-09-02,07:37:01,cloudy,expressway,daylight,heavy,motorcycle,86.2,85,minor
ACC00573,22.512363113067916,88.0,2023-02-23,09:55:46,clear,urban,daylight,heavy,car,45.5,48,severe
ACC00574,22.722856553986265,88.0,2026-04-02,16:29:05,clear,highway,daylight,moderate,motorcycle,117.9,97,minor
ACC00575,22.72452931047291,88.0,2024-05-06,08:09:33,clear,urban,daylight,moderate,car,36.6,49,severe
ACC00576,22.597608674690736,88.0,2024-07-15,10:30:49,rain,urban,dusk_dawn,moderate,car,46.5,35,minor
ACC00577,22.714398635873028,88.0,2022-01-25,13:28:27,clear,highway,dusk_dawn,low,motorcycle,77.3,74,minor
ACC00578,22.61089678951482,88.0,2024-01-23,08:35:33,rain,highway,night_unlit,low,motorcycle,115.8,89,severe
ACC00579,22.485777545982568,88.0,2025-01-24,23:25:37,clear,urban,night_unlit,heavy,motorcycle,79.1,31,severe
ACC00580,22.67467252585,88.0,2024-03-23,08:31:34,cloudy,urban,daylight,low,car,47.6,52,moderate
ACC00581,22.586591968386802,88.0,2024-10-05,19:19:43,rain,rural,dusk_dawn,moderate,motorcycle,134.7,64,moderate
ACC00582,22.570200977013172,88.0,2025-08-22,13:54:51,cloudy,urban,night_unlit,heavy,car,68.4,59,severe
ACC00583,22.790943035828438,88.0,2022-02-05,07:32:08,cloudy,highway,dusk_dawn,moderate,car,104.0,98,minor
ACC00584,22.202369180718986,88.0,2026-01-25,07:18:24,heavy_rain,highway,dusk_dawn,low,car,132.8,95,moderate
ACC00585,22.357347374476063,88.0,2025-09-03,14:00:51,clear,urban,night_lit,heavy,car,27.7,50,moderate
ACC00586,22.391939436043845,88.0,2023-11-21,11:40:22,clear,urban,dusk_dawn,low,motorcycle,67.4,37,fatal
ACC00587,22.51551090286468,88.0,2025-06-07,09:22:29,fog,highway,daylight,heavy,bus,99.7,67,severe
ACC00588,22.531808774535097,88.0,2022-04-20,22:14:44,rain,rural,night_lit,low,car,63.6,73,severe
ACC00589,22.343901152834043,88.0,2023-05-22,13:28:56,cloudy,urban,daylight,low,truck,50.4,44,fatal
ACC00590,22.422226295153376,88.0,2022-06-26,21:29:15,clear,highway,night_unlit,heavy,car,84.1,89,minor
ACC00591,22.440873748221463,87.98789372350232,2024-11-09,08:48:57,clear,highway,daylight,low,car,130.0,68,severe
ACC00592,22.938613613811384,88.0,2025-11-06,08:32:42,heavy_rain,expressway,night_lit,low,motorcycle,98.2,84,moderate
ACC00593,22.840261292162072,88.0,2024-09-14,16:42:01,rain,urban,daylight,low,car,42.0,57,minor
ACC00594,22.508237587347303,87.94330085789072,2025-03-14,09:38:51,clear,highway,daylight,moderate,motorcycle,83.0,86,moderate
ACC00595,22.515462506453982,88.0,2022-08-24,08:50:23,clear,urban,daylight,heavy,car,54.6,36,moderate
ACC00596,22.397619400421757,88.0,2026-03-14,06:00:16,rain,highway,night_unlit,low,truck,93.3,90,minor
ACC00597,22.283780438016212,88.0,2022-11-14,06:22:31,cloudy,rural,dusk_dawn,low,motorcycle,118.8,76,minor
ACC00598,22.552467972038723,88.0,2024-05-14,18:42:34,fog,rural,dusk_dawn,heavy,truck,33.9,71,moderate
ACC00599,22.420322202513397,88.0,2025-01-26,09:08:32,cloudy,rural,night_lit,low,car,24.7,46,minor
ACC00600,22.557272420250698,88.0,2025-11-07,22:26:03,clear,urban,night_lit,low,car,41.0,32,fatal
ACC00601,22.32996912264348,88.0,2026-03-13,08:24:49,clear,urban,daylight,low,truck,68.6,54,severe
ACC00602,22.455703831253462,88.0,2024-09-10,11:48:20,cloudy,highway,daylight,heavy,motorcycle,95.4,91,moderate
ACC00603,22.592294064295427,88.0,2024-08-04,11:57:08,clear,rural,night_unlit,moderate,motorcycle,48.7,48,moderate
ACC00604,22.62493143966759,88.0,2023-11-16,14:06:33,clear,highway,night_lit,moderate,motorcycle,77.8,95,severe
ACC00605,22.632620793811302,88.0,2024-07-21,19:12:37,clear,highway,dusk_dawn,moderate,truck,123.8,70,minor
ACC00606,22.371926652376445,88.0,2025-01-13,19:46:06,clear,expressway,dusk_dawn,moderate,motorcycle,125.6,88,severe
ACC00607,22.698202859520336,88.0,2024-11-27,01:10:56,rain,expressway,night_unlit,heavy,car,95.6,80,fatal
ACC00608,22.449968245509723,88.0,2024-08-30,12:29:36,clear,urban,daylight,heavy,bus,67.3,50,severe
ACC00609,22.664928687191097,88.0,2023-12-25,19:56:59,cloudy,urban,dusk_dawn,moderate,truck,33.8,60,minor
ACC00610,22.56840419850727,88.0,2022-11-18,00:58:40,rain,highway,night_lit,heavy,car,61.4,66,moderate
ACC00611,22.363541875138306,88.0,2022-03-30,15:56:00,clear,urban,daylight,low,car,45.9,45,severe
ACC00612,22.522570344312822,88.0,2023-11-22,09:08:12,cloudy,highway,night_lit,moderate,truck,68.2,99,moderate
ACC00613,22.624804561309567,88.0,2023-10-14,12:08:58,rain,highway,daylight,moderate,motorcycle,100.7,86,minor
ACC00614,22.66194480707119,88.0,2024-09-25,12:10:33,cloudy,urban,daylight,low,bus,28.3,52,minor
ACC00615,22.548851815383337,88.0,2026-01-18,12:46:07,cloudy,rural,daylight,low,truck,101.2,76,moderate
ACC00616,22.79976683359016,88.0,2025-02-25,20:10:04,rain,expressway,night_lit,low,car,80.9,87,minor
ACC00617,22.721126615647986,88.0,2025-08-14,15:25:32,fog,expressway,night_unlit,low,car,86.5,84,severe
ACC00618,22.531501882540038,88.0,2024-08-07,20:49:35,rain,rural,night_lit,heavy,motorcycle,23.8,60,moderate
ACC00619,22.68251827182054,88.0,2026-03-03,17:29:14,cloudy,highway,daylight,low,motorcycle,102.4,77,minor
ACC00620,22.860069022778227,88.0,2026-03-23,11:56:11,cloudy,highway,night_lit,moderate,auto,113.0,77,minor
ACC00621,22.864072690117453,88.0,2022-09-08,14:29:36,cloudy,urban,night_lit,low,truck,20.3,44,minor
ACC00622,22.385800017876626,88.0,2024-11-15,12:22:26,clear,highway,daylight,moderate,bus,75.0,61,severe
ACC00623,22.431020033326426,88.0,2024-04-10,19:58:02,cloudy,urban,dusk_dawn,low,truck,37.8,52,moderate
ACC00624,22.792737818010078,88.0,2026-05-16,08:32:03,rain,urban,night_lit,low,truck,53.6,50,moderate
ACC00625,22.411257842374354,88.0,2024-08-18,21:11:14,clear,rural,daylight,moderate,motorcycle,116.8,73,fatal
ACC00626,22.37161883000625,88.0,2022-01-27,16:38:33,heavy_rain,urban,night_lit,low,motorcycle,65.6,36,minor
ACC00627,22.497070880395142,88.0,2022-12-11,16:46:18,storm,urban,night_lit,moderate,motorcycle,77.0,55,minor
ACC00628,22.633034006421187,88.0,2022-08-01,14:50:00,clear,rural,night_lit,moderate,truck,51.7,64,moderate
ACC00629,22.554640494008336,88.0,2022-11-26,15:00:54,clear,urban,night_unlit,heavy,car,45.4,42,moderate
ACC00630,22.47241545693916,88.0,2022-06-07,17:06:41,fog,highway,night_unlit,moderate,bus,115.0,100,fatal
ACC00631,22.468868130741324,88.0,2025-07-08,17:37:35,clear,urban,daylight,moderate,motorcycle,20.2,44,moderate
ACC00632,22.463149440338093,88.0,2024-03-22,08:44:14,rain,urban,night_lit,moderate,motorcycle,59.0,32,moderate
ACC00633,22.43807355570116,88.0,2025-01-08,16:39:42,clear,highway,night_lit,moderate,car,68.7,67,minor
ACC00634,22.91224493159141,88.0,2026-06-30,11:22:56,clear,urban,daylight,moderate,car,32.4,38,moderate
ACC00635,22.614626660677832,88.0,2024-11-28,16:45:40,clear,expressway,night_unlit,moderate,motorcycle,105.2,91,severe
ACC00636,22.703013858160713,88.0,2024-02-26,15:34:17,clear,highway,night_unlit,moderate,car,113.6,88,severe
ACC00637,22.496638379782162,88.0,2023-03-15,08:55:23,heavy_rain,urban,night_lit,heavy,car,54.6,32,moderate
ACC00638,22.542106498422093,88.0,2025-05-23,18:22:55,clear,highway,dusk_dawn,moderate,car,83.4,87,minor
ACC00639,22.46296690279445,88.0,2024-04-12,13:45:00,clear,urban,daylight,low,car,47.1,59,moderate
ACC00640,22.17224374976212,88.0,2025-05-27,15:08:13,rain,expressway,night_unlit,moderate,auto,126.9,90,severe
ACC00641,22.36329860847282,88.0,2022-02-07,17:43:06,fog,highway,night_unlit,heavy,motorcycle,123.1,99,moderate
ACC00642,22.29840719800294,88.0,2022-09-25,17:43:38,clear,rural,daylight,heavy,motorcycle,89.9,41,minor
ACC00643,22.23253243330726,88.0,2022-08-02,18:15:27,rain,rural,daylight,low,auto,53.1,79,minor
ACC00644,22.390696153855284,88.0,2025-01-23,08:03:07,clear,highway,night_lit,moderate,motorcycle,130.5,87,severe
ACC00645,22.768743351907244,88.0,2024-04-30,07:59:56,rain,rural,dusk_dawn,heavy,auto,118.2,75,minor
ACC00646,22.563334574844347,88.0,2023-06-05,17:04:33,rain,expressway,night_lit,low,auto,87.3,89,moderate
ACC00647,22.763584564348175,88.0,2023-05-24,09:28:14,heavy_rain,expressway,night_unlit,moderate,truck,134.7,92,severe
ACC00648,22.631647386535132,88.0,2024-09-23,07:00:56,cloudy,urban,daylight,moderate,motorcycle,36.7,43,moderate
ACC00649,22.687383823857274,88.0,2026-05-05,07:25:41,fog,highway,dusk_dawn,heavy,truck,98.7,97,moderate
ACC00650,22.434865450704315,88.0,2026-06-23,10:49:07,clear,highway,dusk_dawn,moderate,car,84.9,82,minor
ACC00651,22.6485926431289,88.0,2024-02-14,23:30:49,rain,highway,night_lit,heavy,motorcycle,109.8,81,minor
ACC00652,22.679307135111152,88.0,2025-01-05,08:14:03,rain,urban,daylight,low,car,37.9,34,minor
ACC00653,22.483502906164947,88.0,2022-05-18,10:23:54,clear,urban,night_lit,low,car,40.5,37,moderate
ACC00654,22.653931055592427,88.0,2026-04-02,21:05:23,fog,urban,night_lit,low,car,30.5,50,moderate
ACC00655,22.654928163786224,88.0,2022-01-30,22:35:17,rain,rural,night_unlit,low,bus,24.8,59,minor
ACC00656,22.487567106830486,88.0,2023-07-16,08:00:03,heavy_rain,highway,night_unlit,heavy,car,130.7,80,moderate
ACC00657,22.40158473515935,88.0,2025-04-05,20:20:55,clear,expressway,daylight,low,motorcycle,131.1,81,severe
ACC00658,22.39238075021526,88.0,2026-05-12,07:03:33,rain,highway,dusk_dawn,low,motorcycle,79.4,98,minor
ACC00659,22.58297583128822,88.0,2022-10-09,18:14:36,clear,highway,dusk_dawn,heavy,motorcycle,72.2,85,moderate
ACC00660,22.619051480318397,88.0,2024-12-21,01:04:51,fog,rural,night_unlit,moderate,truck,29.8,51,moderate
ACC00661,22.451121125431314,88.0,2022-11-05,12:55:30,clear,highway,daylight,moderate,truck,95.8,97,moderate
ACC00662,22.573987801198914,88.0,2022-03-24,09:46:17,cloudy,highway,daylight,low,truck,135.1,89,severe
ACC00663,22.655580555420773,88.0,2023-11-27,17:55:46,clear,expressway,daylight,heavy,truck,137.2,81,severe
ACC00664,22.662728607199796,88.0,2024-08-04,01:40:31,rain,expressway,night_lit,moderate,truck,82.1,90,minor
ACC00665,22.802782018018373,88.0,2023-03-10,13:29:14,clear,rural,night_lit,low,motorcycle,64.5,51,minor
ACC00666,22.761547124829708,88.0,2026-05-17,17:10:50,heavy_rain,highway,daylight,moderate,motorcycle,65.4,82,moderate
ACC00667,22.41980628508652,87.92994175693259,2024-10-09,05:57:48,heavy_rain,highway,night_unlit,moderate,car,116.7,68,severe
ACC00668,22.822537931430702,88.0,2023-12-21,20:55:14,clear,highway,night_lit,moderate,car,78.5,86,moderate
ACC00669,22.490353524316642,88.0,2024-03-08,11:24:38,rain,highway,night_unlit,moderate,auto,76.9,68,fatal
ACC00670,22.726730921868164,88.0,2024-02-02,08:13:55,rain,expressway,night_lit,moderate,truck,118.9,87,minor
ACC00671,22.580197993907664,88.0,2022-07-03,08:23:47,cloudy,highway,daylight,moderate,motorcycle,76.1,90,moderate
ACC00672,22.508177593231455,88.0,2024-09-22,10:23:11,clear,rural,daylight,low,car,109.4,73,minor
ACC00673,22.29884547103376,88.0,2025-07-12,08:55:51,clear,highway,daylight,heavy,truck,122.7,61,severe
ACC00674,22.54426532346755,88.0,2023-11-23,14:04:03,clear,urban,dusk_dawn,low,auto,62.3,50,moderate
ACC00675,22.33609251470416,88.0,2023-12-01,16:37:37,cloudy,highway,daylight,moderate,bus,134.1,77,minor
ACC00676,22.715094885376416,88.0,2026-02-03,13:46:30,cloudy,highway,daylight,low,truck,72.3,84,moderate
ACC00677,22.79751889857089,88.0,2024-09-29,12:45:02,cloudy,highway,night_lit,moderate,motorcycle,103.8,74,minor
ACC00678,22.450463351605496,88.0,2023-05-05,18:11:43,fog,expressway,daylight,moderate,car,116.0,86,moderate
ACC00679,22.615295611377892,88.0,2022-01-07,10:24:17,clear,urban,night_unlit,moderate,car,43.7,48,minor
ACC00680,22.461191271698805,88.0,2025-09-13,16:20:51,heavy_rain,urban,night_lit,heavy,car,63.1,58,minor
ACC00681,22.475727290479483,88.0,2024-10-25,20:24:52,rain,highway,night_unlit,moderate,motorcycle,102.8,75,severe
ACC00682,22.686174205579807,88.0,2024-10-25,08:05:35,rain,rural,daylight,heavy,bus,104.1,47,minor
ACC00683,22.564219260723487,88.0,2023-04-10,16:04:37,cloudy,urban,dusk_dawn,heavy,bus,54.9,59,minor
ACC00684,22.83094720628965,88.0,2022-11-02,21:01:03,clear,urban,night_lit,heavy,car,33.6,43,severe
ACC00685,22.497665128194562,88.0,2024-03-22,15:58:53,heavy_rain,urban,dusk_dawn,moderate,motorcycle,39.3,51,moderate
ACC00686,22.719900449871172,88.0,2025-05-29,22:25:40,rain,rural,night_lit,low,car,32.0,64,minor
ACC00687,22.58461201194367,88.0,2023-05-04,10:13:23,rain,expressway,night_lit,heavy,motorcycle,132.8,87,moderate
ACC00688,22.689366701461637,88.0,2024-05-15,15:47:05,clear,expressway,dusk_dawn,low,truck,65.4,85,moderate
ACC00689,22.502926351400507,88.0,2026-06-24,10:29:30,cloudy,urban,daylight,heavy,truck,75.4,33,moderate
ACC00690,22.562566174367262,88.0,2022-12-27,00:21:54,cloudy,highway,night_unlit,low,bus,139.6,62,moderate
ACC00691,22.55267516810516,88.0,2023-01-15,23:06:51,cloudy,highway,night_lit,heavy,motorcycle,104.8,98,moderate
ACC00692,22.444591432773134,88.0,2023-01-23,09:23:05,rain,highway,daylight,low,truck,77.1,61,minor
ACC00693,22.669312230187263,88.0,2026-02-07,22:38:45,clear,highway,night_lit,heavy,auto,110.6,73,minor
ACC00694,22.667537350836756,88.0,2024-05-18,17:37:04,clear,urban,daylight,moderate,truck,45.3,32,severe
ACC00695,22.659033204235836,88.0,2026-02-16,20:23:22,clear,urban,night_unlit,low,car,26.8,36,minor
ACC00696,22.800544848087647,88.0,2026-04-06,22:36:26,clear,urban,night_lit,moderate,car,58.6,42,severe
ACC00697,22.787401720185446,88.0,2023-11-23,15:46:01,clear,urban,night_lit,moderate,car,40.5,44,minor
ACC00698,22.51375829652263,88.0,2022-04-01,23:55:08,clear,expressway,night_unlit,heavy,car,113.2,82,severe
ACC00699,22.625957847765125,88.0,2023-05-15,18:31:52,clear,highway,dusk_dawn,moderate,motorcycle,60.4,96,moderate
ACC00700,22.476459896611267,88.0,2024-06-11,15:13:37,rain,highway,night_lit,moderate,truck,127.0,83,minor
ACC00701,22.573503297417183,88.0,2023-09-18,17:07:47,rain,urban,daylight,moderate,car,47.9,60,severe
ACC00702,22.48003758263217,88.0,2022-01-04,08:09:34,clear,urban,daylight,heavy,car,32.4,44,minor
ACC00703,22.813010546370407,88.0,2026-06-13,01:00:26,clear,urban,night_lit,low,car,20.8,44,moderate
ACC00704,22.624554722551444,88.0,2023-05-13,09:33:01,rain,rural,night_lit,heavy,truck,129.7,78,severe
ACC00705,22.537295630784335,88.0,2024-10-13,13:12:32,clear,highway,daylight,moderate,car,65.7,80,minor
ACC00706,22.749042785778457,88.0,2026-04-04,08:13:46,clear,urban,daylight,heavy,car,55.1,46,severe
ACC00707,22.24440768853069,88.0,2024-06-13,14:43:12,cloudy,expressway,night_lit,heavy,motorcycle,77.2,84,moderate
ACC00708,26.90857958944793,81.23962712667071,2025-02-14,17:19:29,fog,urban,daylight,low,motorcycle,46.1,33,fatal
ACC00709,27.060177941255088,80.9598519759604,2022-02-28,17:49:24,clear,urban,night_unlit,low,car,44.3,57,minor
ACC00710,26.877197132679214,80.9501869753754,2025-02-18,20:08:52,fog,highway,daylight,low,truck,107.7,74,moderate
ACC00711,26.713283456529407,81.02221925694633,2025-10-24,22:20:09,clear,highway,night_lit,low,motorcycle,122.0,62,severe
ACC00712,26.97366405935775,81.07434078649715,2026-02-16,20:03:06,clear,highway,night_unlit,low,motorcycle,111.1,74,fatal
ACC00713,26.98817261195922,80.64037999606651,2022-05-18,16:32:12,clear,urban,daylight,heavy,truck,75.4,37,severe
ACC00714,26.948198929267168,80.68765102773135,2023-01-10,08:07:09,rain,urban,night_lit,moderate,car,35.7,58,moderate
ACC00715,26.96182483597875,80.97154369366292,2022-03-19,21:14:50,cloudy,expressway,daylight,moderate,car,109.7,99,moderate
ACC00716,26.80936078047633,80.83276851571537,2026-02-16,08:44:15,cloudy,urban,night_lit,moderate,motorcycle,55.2,53,fatal
ACC00717,26.710651624930414,81.13680378933299,2023-03-28,07:52:21,fog,highway,night_unlit,low,car,99.4,82,severe
ACC00718,26.719770985403883,80.89272384151721,2024-05-22,10:32:15,cloudy,rural,night_unlit,moderate,car,125.8,61,fatal
ACC00719,26.604680512731324,80.64982038964303,2024-02-21,15:57:48,clear,highway,daylight,low,car,101.1,74,fatal
ACC00720,26.885542291731895,80.7497979124734,2025-02-04,17:45:39,rain,rural,night_lit,heavy,motorcycle,122.1,62,moderate
ACC00721,26.83748268251601,80.52754859705541,2026-01-10,01:45:28,clear,highway,night_unlit,heavy,truck,94.4,79,severe
ACC00722,26.784001844320546,80.90488116940756,2023-06-16,18:59:47,cloudy,rural,dusk_dawn,low,motorcycle,138.7,58,minor
ACC00723,26.40665717634824,80.91174238091034,2025-07-21,08:05:04,heavy_rain,expressway,night_lit,heavy,bus,82.2,82,minor
ACC00724,26.662902379545876,80.87633059353271,2023-04-23,10:13:40,cloudy,highway,daylight,moderate,motorcycle,89.0,85,severe
ACC00725,27.018126097710475,81.10183185585446,2022-11-21,10:26:21,clear,urban,night_unlit,low,motorcycle,69.6,49,fatal
ACC00726,26.75030609999053,81.1197779754775,2022-06-24,10:37:22,cloudy,urban,night_unlit,low,car,47.3,57,moderate
ACC00727,26.904088751648526,80.91444173649658,2023-09-03,18:59:09,clear,highway,dusk_dawn,low,car,130.3,78,severe
ACC00728,26.641397185503713,80.61979594987847,2024-07-09,04:05:05,clear,highway,night_lit,heavy,car,90.6,75,minor
ACC00729,27.065805822353887,81.03259223707384,2025-07-05,08:13:41,cloudy,urban,night_unlit,heavy,car,65.2,34,moderate
ACC00730,26.8283958509918,81.02330403427628,2025-10-25,02:17:51,clear,highway,night_lit,moderate,truck,120.9,95,minor
ACC00731,26.893506059472532,80.98640873552354,2024-05-15,18:40:54,clear,highway,dusk_dawn,low,car,109.0,66,minor
ACC00732,27.198866968782255,81.08722196239621,2023-11-03,23:57:14,cloudy,rural,night_lit,moderate,car,20.8,50,minor
ACC00733,27.07746601508841,80.76527578553085,2022-10-14,17:56:45,cloudy,urban,daylight,moderate,truck,53.6,52,minor
ACC00734,26.804015156806944,81.24131330792777,2026-02-09,16:44:06,clear,highway,daylight,low,car,77.9,81,moderate
ACC00735,26.76101697226945,80.79608583702871,2023-10-13,20:46:46,storm,expressway,daylight,moderate,bus,72.3,100,severe
ACC00736,26.80116824827207,81.05238343908013,2025-06-09,09:24:33,clear,rural,night_unlit,low,truck,130.8,50,fatal
ACC00737,26.926484737271483,80.68689784583799,2024-10-24,06:36:51,clear,expressway,dusk_dawn,low,car,69.8,94,minor
ACC00738,26.834216379862372,80.80046029690949,2026-03-10,14:10:04,heavy_rain,urban,night_lit,moderate,car,41.1,35,moderate
ACC00739,26.79071337824948,81.1674552970088,2026-05-18,09:30:46,clear,highway,dusk_dawn,low,auto,99.6,66,minor
ACC00740,27.07007718760636,80.90086502654987,2025-03-06,13:17:28,heavy_rain,highway,night_lit,moderate,truck,76.3,65,severe
ACC00741,26.832868516233326,81.06598839076992,2024-12-22,13:55:34,rain,expressway,dusk_dawn,heavy,bus,80.8,82,minor
ACC00742,27.1949383639556,80.97554330830789,2022-08-14,10:22:32,cloudy,rural,night_lit,moderate,car,86.5,57,severe
ACC00743,26.863611384562827,80.92425627659998,2022-01-27,14:23:42,clear,rural,night_unlit,heavy,motorcycle,89.4,58,severe
ACC00744,27.117797759133712,81.1445775487399,2024-06-15,11:24:35,clear,urban,daylight,moderate,car,74.4,60,minor
ACC00745,26.903597913406596,80.90450117630222,2025-03-03,07:54:24,rain,urban,dusk_dawn,heavy,motorcycle,42.6,39,minor
ACC00746,26.994444085987418,80.67288928386547,2025-05-10,19:55:26,clear,rural,night_unlit,moderate,car,56.3,41,severe
ACC00747,26.741308342272344,80.81951398620724,2023-02-16,17:25:04,rain,highway,daylight,heavy,truck,127.0,81,minor
ACC00748,26.72193611661189,81.02267875930525,2024-04-06,04:59:43,rain,urban,night_lit,moderate,motorcycle,47.5,40,fatal
ACC00749,26.91895589325225,80.99932636595437,2025-11-16,07:45:42,rain,urban,night_unlit,moderate,truck,58.9,52,severe
ACC00750,26.998282986369798,80.70494126246469,2022-06-07,06:50:34,clear,rural,dusk_dawn,moderate,car,109.5,74,moderate
ACC00751,26.85603847530007,80.83134862208877,2023-09-23,05:54:43,rain,urban,night_lit,moderate,auto,55.6,42,minor
ACC00752,26.657040999737447,80.85274179761966,2026-03-31,05:19:16,rain,rural,night_unlit,moderate,car,82.9,40,fatal
ACC00753,26.645961245056604,80.88517956088286,2022-11-24,08:33:13,clear,highway,night_lit,heavy,auto,99.1,61,moderate
ACC00754,26.635929539672066,80.73361296170977,2023-06-04,19:17:55,heavy_rain,highway,dusk_dawn,moderate,truck,86.6,77,minor
ACC00755,26.584856683059094,80.84574433378208,2024-02-08,19:18:57,clear,highway,dusk_dawn,moderate,car,74.8,71,minor
ACC00756,26.866422803917064,80.83070842721106,2025-02-04,18:27:51,fog,highway,dusk_dawn,moderate,truck,95.0,95,moderate
ACC00757,27.018756588256206,81.05572998896429,2023-02-24,16:03:03,clear,highway,daylight,heavy,motorcycle,81.1,68,moderate
ACC00758,26.84798763196128,81.06136819664853,2025-07-24,17:12:32,clear,urban,daylight,heavy,car,50.7,56,moderate
ACC00759,26.510937786399325,80.91812843128668,2023-01-23,18:48:44,rain,urban,dusk_dawn,moderate,car,61.4,42,moderate
ACC00760,26.82138593094982,80.88119403061938,2023-08-28,20:09:02,clear,urban,night_unlit,low,auto,61.6,50,fatal
ACC00761,26.82558015050511,80.96098864680586,2024-07-30,17:37:58,clear,urban,daylight,heavy,auto,51.8,35,minor
ACC00762,27.164399812533816,80.81751373388167,2022-01-20,18:45:47,clear,rural,dusk_dawn,heavy,motorcycle,113.0,49,minor
ACC00763,26.631429313062068,80.76797518767488,2025-06-13,18:15:18,rain,highway,night_lit,heavy,car,63.1,61,severe
ACC00764,26.79139835961012,80.79896681866114,2025-01-03,15:27:30,clear,urban,night_unlit,moderate,car,50.3,56,minor
ACC00765,27.105877902081687,80.84477802540428,2025-10-02,08:52:54,cloudy,highway,night_unlit,low,car,129.4,62,fatal
ACC00766,26.917496751201984,80.76547893003115,2023-03-28,06:50:51,cloudy,highway,dusk_dawn,heavy,motorcycle,105.5,70,moderate
ACC00767,26.934496961027467,80.96430893385943,2023-10-15,12:55:49,cloudy,urban,dusk_dawn,low,motorcycle,29.9,30,moderate
ACC00768,26.867187665553583,81.04945735106756,2026-01-15,06:37:59,clear,rural,dusk_dawn,low,motorcycle,107.6,54,severe
ACC00769,26.899491530798592,80.70193525488025,2022-04-20,08:53:44,clear,highway,daylight,moderate,truck,126.5,60,severe
ACC00770,26.96664142954178,80.9437693066824,2024-03-17,02:23:56,fog,urban,night_lit,moderate,auto,62.7,37,minor
ACC00771,26.728577052166088,80.90700963071005,2024-03-05,10:36:57,rain,highway,daylight,heavy,car,119.3,88,moderate
ACC00772,26.981708786836233,80.99122630283051,2024-01-05,22:40:01,fog,highway,night_unlit,moderate,motorcycle,61.2,61,minor
ACC00773,26.64404954746717,80.93805918478446,2023-12-14,11:58:39,rain,rural,daylight,low,motorcycle,137.4,78,moderate
ACC00774,26.89925519592473,80.72196010801025,2025-05-12,09:22:20,rain,urban,daylight,moderate,car,79.5,54,minor
ACC00775,26.87681114449295,80.75064160517142,2022-11-20,12:52:29,fog,rural,night_lit,heavy,motorcycle,52.9,69,minor
ACC00776,26.757556036771184,80.94441353633775,2026-01-03,10:30:10,cloudy,rural,night_unlit,heavy,car,127.2,46,fatal
ACC00777,26.846597208701155,81.09431713796182,2026-01-11,17:06:40,heavy_rain,urban,daylight,low,car,37.4,51,moderate
ACC00778,26.756618977100167,80.60787189434355,2022-10-22,16:39:50,clear,highway,daylight,moderate,truck,112.3,88,minor
ACC00779,26.68924480097074,80.99185898697023,2026-05-19,02:58:24,clear,rural,night_unlit,low,car,139.0,70,moderate
ACC00780,26.796957788757954,81.11844330079315,2023-03-07,14:27:41,cloudy,rural,daylight,heavy,truck,116.1,60,moderate
ACC00781,26.684401704694253,80.91704611856906,2022-03-26,03:32:19,cloudy,urban,night_unlit,moderate,car,32.0,35,moderate
ACC00782,26.89841961961399,81.02253037440397,2023-10-16,17:55:44,cloudy,urban,daylight,moderate,truck,76.4,38,minor
ACC00783,26.677487175877147,80.83453963786533,2025-07-30,21:55:04,cloudy,urban,daylight,low,truck,44.7,38,minor
ACC00784,26.956796553448658,80.92209507010847,2025-10-18,20:24:52,cloudy,highway,night_unlit,heavy,truck,71.2,69,moderate
ACC00785,26.672778139810678,80.69686297225377,2024-11-26,08:45:22,heavy_rain,urban,dusk_dawn,heavy,car,61.5,50,severe
ACC00786,26.76505576266285,80.58834850373717,2025-08-24,18:37:30,clear,highway,dusk_dawn,moderate,motorcycle,65.8,63,minor
ACC00787,26.756309488767723,81.08141487018379,2023-03-06,18:38:48,clear,highway,dusk_dawn,low,bus,62.3,75,fatal
ACC00788,27.048772009331227,80.79225076084133,2025-12-14,19:43:01,rain,urban,dusk_dawn,moderate,car,48.3,40,fatal
ACC00789,26.89954349184249,80.87167082324949,2024-11-08,09:19:56,cloudy,urban,daylight,heavy,car,53.8,30,moderate
ACC00790,26.818239929618343,80.73203366200947,2022-08-08,13:18:36,rain,rural,night_lit,moderate,car,69.8,40,fatal
ACC00791,26.92480791616046,80.72850454453742,2022-07-31,08:01:58,clear,urban,daylight,heavy,auto,40.0,42,minor
ACC00792,26.53392114790055,80.9139243449858,2023-03-15,02:51:33,clear,rural,night_unlit,low,car,85.0,56,fatal
ACC00793,26.843529961553866,80.83056342087966,2022-04-24,17:16:12,fog,highway,night_lit,moderate,car,127.6,70,moderate
ACC00794,23.076695649699204,72.85844192910999,2023-04-10,13:40:34,clear,urban,night_lit,low,auto,66.2,48,minor
ACC00795,23.08788076284694,72.73910321424636,2026-06-20,09:41:34,rain,highway,daylight,moderate,motorcycle,105.7,81,severe
ACC00796,23.06812744694869,72.58464059887432,2023-01-30,19:42:55,clear,urban,dusk_dawn,low,car,50.2,42,fatal
ACC00797,23.055790118639266,72.42892046767481,2024-11-10,14:51:34,cloudy,urban,night_lit,moderate,motorcycle,48.9,57,moderate
ACC00798,23.25666523073978,72.49060915399501,2026-05-25,23:52:24,rain,highway,night_lit,moderate,car,121.8,69,minor
ACC00799,22.859860934643265,72.58099129718785,2023-02-20,18:00:10,cloudy,expressway,dusk_dawn,heavy,motorcycle,111.1,96,minor
ACC00800,23.011759770069563,72.57562848485094,2025-02-17,19:50:19,clear,urban,dusk_dawn,moderate,car,53.7,50,minor
ACC00801,23.189903473077937,72.5563693605561,2024-01-09,18:12:34,rain,urban,dusk_dawn,low,motorcycle,76.3,38,minor
ACC00802,23.209680971400704,72.56537512288736,2023-04-14,07:38:22,clear,urban,daylight,low,motorcycle,69.1,50,severe
ACC00803,22.806735452598314,72.53784373354422,2026-04-10,06:40:21,clear,rural,dusk_dawn,low,car,39.9,68,minor
ACC00804,22.97314668375162,72.35370318965398,2024-12-14,20:03:00,cloudy,urban,daylight,moderate,motorcycle,23.6,56,fatal
ACC00805,23.223718164380088,72.49252338867586,2023-12-22,07:17:56,cloudy,highway,dusk_dawn,moderate,auto,71.1,98,severe
ACC00806,23.09621186577986,72.70719360809802,2025-08-26,12:54:50,cloudy,expressway,night_lit,moderate,motorcycle,108.6,85,moderate
ACC00807,23.049289454721965,72.36474985536732,2026-01-18,16:08:15,clear,urban,daylight,heavy,auto,41.5,59,moderate
ACC00808,22.9873472959848,72.5415666732691,2025-07-07,08:13:08,clear,urban,daylight,low,auto,29.2,31,minor
ACC00809,22.96242986114384,72.44703691068436,2025-11-27,08:04:50,clear,urban,daylight,moderate,car,74.7,38,moderate
ACC00810,23.063232859463547,72.5867025644097,2023-06-13,13:10:50,heavy_rain,highway,night_lit,low,motorcycle,69.0,99,minor
ACC00811,22.982143881252327,72.51170502283998,2023-07-20,11:38:53,clear,rural,daylight,low,truck,47.7,60,minor
ACC00812,23.01361320684333,72.7916090497462,2023-01-18,17:50:32,fog,urban,night_lit,moderate,truck,34.8,50,severe
ACC00813,23.031789805917256,72.64598747312853,2025-02-16,06:35:44,clear,rural,dusk_dawn,heavy,truck,55.3,71,minor
ACC00814,22.918289270725975,72.37322952513341,2025-08-11,14:17:43,clear,highway,night_lit,heavy,car,64.2,74,moderate
ACC00815,23.099819406082215,72.67068420174205,2024-12-20,08:51:12,rain,rural,night_unlit,moderate,bus,38.8,80,minor
ACC00816,23.457136697262314,72.45380222156068,2024-09-10,16:22:31,clear,expressway,daylight,moderate,car,87.2,90,minor
ACC00817,22.75345200410109,72.48345054429336,2025-06-20,07:18:15,cloudy,expressway,night_unlit,heavy,motorcycle,68.0,80,moderate
ACC00818,23.068601878628495,72.61707285301605,2022-10-25,08:30:45,heavy_rain,rural,night_unlit,heavy,bus,99.7,49,moderate
ACC00819,22.905971486707163,72.49623788704048,2023-08-24,18:08:58,rain,rural,dusk_dawn,moderate,motorcycle,35.2,63,moderate
ACC00820,23.10661038662789,72.70392837244843,2025-03-06,09:21:04,cloudy,urban,daylight,moderate,motorcycle,66.0,30,minor
ACC00821,23.02698362099918,72.45382349077299,2022-03-27,18:47:04,rain,highway,dusk_dawn,moderate,truck,116.4,97,moderate
ACC00822,23.13427821610637,72.4771580171113,2026-02-04,09:36:15,clear,urban,daylight,heavy,bus,56.9,43,minor
ACC00823,23.196325986476317,72.47154436596777,2022-10-08,09:59:07,rain,urban,night_unlit,low,motorcycle,66.0,48,moderate
ACC00824,23.04886316766523,72.48515418774674,2025-07-16,10:46:00,clear,highway,dusk_dawn,moderate,motorcycle,108.4,99,severe
ACC00825,23.189807843262127,72.73487873333217,2024-10-09,20:21:58,clear,urban,night_unlit,low,car,60.2,30,severe
ACC00826,22.6683553159317,72.66431944404154,2025-10-23,12:46:34,cloudy,highway,night_lit,moderate,car,114.6,100,minor
ACC00827,23.258567844687402,72.8264915931018,2025-06-26,09:51:46,clear,urban,daylight,moderate,car,37.3,33,minor
ACC00828,23.07625932278385,72.91014663058488,2024-04-27,15:37:33,rain,urban,dusk_dawn,low,motorcycle,49.9,49,minor
ACC00829,23.18167650336178,72.41539244521014,2025-05-26,12:45:44,clear,rural,night_unlit,moderate,motorcycle,82.2,46,fatal
ACC00830,22.837018638273772,72.58056286909908,2023-07-23,18:30:41,clear,highway,dusk_dawn,low,car,132.6,73,moderate
ACC00831,22.8953845177592,72.39356995250348,2024-08-16,23:54:09,rain,highway,daylight,heavy,car,89.1,66,minor
ACC00832,23.041890744121716,72.45335911083775,2026-02-11,15:14:09,cloudy,urban,night_unlit,heavy,car,30.3,44,minor
ACC00833,23.01744431659938,72.47548762346165,2022-05-20,13:25:29,fog,urban,daylight,moderate,bus,33.9,34,severe
ACC00834,23.0624602882015,72.41142676887925,2023-08-08,11:15:22,clear,highway,night_unlit,low,car,104.7,86,severe
ACC00835,23.182677274139493,72.41221690906524,2022-01-29,22:06:50,clear,urban,night_lit,heavy,motorcycle,27.5,30,moderate
ACC00836,22.755216952704572,72.54835734322195,2024-05-27,14:36:18,clear,expressway,night_lit,heavy,truck,89.9,80,fatal
ACC00837,23.166072860757595,72.38749223724203,2025-07-08,08:07:19,cloudy,rural,night_lit,heavy,bus,130.0,56,severe
ACC00838,23.02124228649369,72.69631904387064,2022-03-05,22:13:31,clear,highway,night_lit,moderate,truck,71.2,88,minor
ACC00839,22.989432720831317,72.43233696938736,2024-06-21,22:45:11,rain,highway,night_unlit,low,car,127.3,79,moderate
ACC00840,22.799332714842265,72.99143534551445,2023-11-13,13:14:51,clear,urban,daylight,heavy,car,72.6,45,minor
ACC00841,23.09545730025653,72.50229233235534,2025-07-09,11:51:00,fog,urban,night_lit,moderate,car,37.1,58,minor
ACC00842,22.657883822345344,72.58080264628755,2022-12-28,17:02:50,cloudy,expressway,daylight,moderate,truck,105.8,96,moderate
ACC00843,23.117259101685807,72.3756988223301,2022-09-25,19:27:37,rain,highway,daylight,heavy,car,109.9,81,moderate
ACC00844,22.79618412467905,72.82591376371914,2022-06-05,14:04:53,clear,urban,night_lit,moderate,car,27.9,37,moderate
ACC00845,23.028018686892622,72.73792510212043,2023-10-31,10:03:17,clear,expressway,night_unlit,low,car,80.7,92,severe
ACC00846,23.00212467440081,72.61453738061041,2024-03-11,10:47:54,clear,highway,daylight,heavy,motorcycle,126.2,75,minor
ACC00847,23.19543072209408,72.36797961768306,2026-02-18,10:04:51,cloudy,expressway,night_lit,moderate,car,100.8,88,minor
ACC00848,22.993201724647918,72.60160003165869,2024-02-04,07:53:27,cloudy,urban,dusk_dawn,low,motorcycle,34.5,42,moderate
ACC00849,22.91587921582815,72.4017853430974,2022-10-09,18:35:17,clear,rural,dusk_dawn,low,car,83.6,68,severe
ACC00850,22.94400959560432,72.789353289521,2025-02-21,07:28:11,clear,urban,dusk_dawn,moderate,motorcycle,35.8,33,moderate
ACC00851,23.2109324153132,72.69137920977796,2022-04-12,12:55:09,storm,rural,night_lit,moderate,car,97.4,59,minor
ACC00852,23.100444545377133,72.58431585577316,2023-07-21,19:23:34,clear,expressway,dusk_dawn,low,motorcycle,65.6,99,severe
ACC00853,22.962155502771527,72.20454365051289,2024-12-08,12:23:57,clear,highway,night_lit,moderate,truck,85.6,90,minor
ACC00854,22.984533037005324,72.42248760320113,2023-02-22,10:24:33,clear,rural,daylight,moderate,motorcycle,98.0,63,moderate
ACC00855,22.784923436412182,72.67316416973998,2024-09-03,21:39:57,clear,highway,night_lit,moderate,car,96.3,94,minor
ACC00856,23.07827113012773,72.75193255375846,2024-01-15,07:50:45,cloudy,highway,dusk_dawn,heavy,motorcycle,86.7,68,moderate
ACC00857,22.75602764384568,72.73637547172382,2026-04-13,20:32:41,cloudy,urban,night_lit,low,motorcycle,27.5,41,fatal
ACC00858,23.132769469875317,72.33119804966377,2023-04-17,05:16:43,cloudy,urban,night_lit,heavy,motorcycle,61.9,33,moderate
ACC00859,23.03929323887369,72.61523284602193,2026-01-28,12:53:55,rain,urban,night_lit,moderate,car,60.0,37,moderate
ACC00860,23.378042769936087,72.72232728247243,2024-10-24,16:35:51,clear,highway,daylight,low,auto,69.2,96,moderate
ACC00861,22.854979666941354,72.32124966516265,2025-05-15,11:49:09,clear,highway,daylight,low,motorcycle,86.0,61,moderate
ACC00862,23.004600686343906,72.56881432269401,2022-10-05,15:25:35,rain,highway,daylight,heavy,motorcycle,60.2,87,moderate
ACC00863,23.28974315513846,72.61107635974626,2022-02-01,08:11:27,clear,highway,daylight,low,car,76.9,64,minor
ACC00864,23.19870844604371,72.52488531227299,2025-04-14,15:56:52,clear,highway,dusk_dawn,low,truck,111.1,68,severe
ACC00865,22.915568192263013,72.29217572168982,2024-02-28,07:40:12,cloudy,rural,daylight,moderate,car,138.9,59,moderate
ACC00866,23.053595114256016,72.52114528348893,2023-05-23,18:18:49,rain,highway,dusk_dawn,moderate,truck,103.2,80,severe
ACC00867,23.020299903462263,72.52090418546175,2026-01-11,16:50:28,clear,expressway,daylight,moderate,car,90.0,100,moderate
ACC00868,23.06229338010912,72.54778913931783,2023-06-21,14:00:55,heavy_rain,highway,night_unlit,low,car,136.8,70,fatal
ACC00869,22.915197934602276,72.48547928618623,2023-12-14,05:55:47,clear,urban,night_lit,moderate,truck,55.4,49,moderate
ACC00870,23.00660193959489,72.50354817701377,2025-04-04,14:34:20,storm,highway,daylight,heavy,motorcycle,63.7,100,fatal
ACC00871,22.780292143708493,72.56404405764795,2026-04-29,15:35:50,clear,highway,daylight,heavy,car,111.2,90,severe
ACC00872,23.040268517780213,72.63636819074544,2026-01-16,09:00:11,rain,urban,daylight,heavy,truck,72.2,44,moderate
ACC00873,23.087503101013276,72.5243359855715,2024-12-07,17:10:00,clear,highway,daylight,moderate,auto,109.7,61,minor
ACC00874,22.985887088103418,72.5085526607448,2022-07-01,06:43:30,rain,highway,dusk_dawn,low,motorcycle,101.7,72,minor
ACC00875,22.77774236641228,72.58385310573816,2022-06-29,08:33:23,cloudy,urban,night_lit,low,motorcycle,23.2,36,minor
ACC00876,23.16827977942772,72.28186261111571,2025-02-11,18:07:07,heavy_rain,rural,dusk_dawn,heavy,motorcycle,105.2,56,minor
ACC00877,23.07467875569892,72.64155526908397,2024-04-16,07:39:59,rain,urban,dusk_dawn,heavy,motorcycle,56.4,34,minor
ACC00878,22.911097735344853,72.56991553543155,2022-08-07,09:44:02,cloudy,highway,night_lit,moderate,truck,81.1,84,minor
ACC00879,22.97790993297429,72.57595402898963,2025-02-16,16:16:35,clear,highway,daylight,moderate,motorcycle,100.3,66,minor
ACC00880,22.794899589582723,72.71411014613916,2026-03-28,17:41:15,clear,urban,night_lit,moderate,car,55.3,39,severe
ACC00881,22.866188480833316,72.27707767049276,2022-04-18,05:58:17,storm,expressway,night_lit,moderate,car,97.6,100,moderate
ACC00882,22.93932829804643,72.27392491952115,2025-09-17,07:28:12,fog,highway,night_lit,moderate,motorcycle,71.7,68,moderate
ACC00883,23.204263121842022,72.61107057679853,2023-07-20,13:13:23,clear,highway,daylight,moderate,truck,78.9,61,fatal
ACC00884,22.924074491366877,72.56893247173072,2023-10-16,16:57:40,clear,urban,daylight,low,motorcycle,63.0,55,moderate
ACC00885,23.116032048899314,72.59552654147878,2025-03-23,13:54:19,clear,expressway,daylight,low,car,95.0,90,minor
ACC00886,22.939252569570762,72.50068093872413,2023-02-10,16:27:43,clear,highway,daylight,low,motorcycle,89.8,62,moderate
ACC00887,23.05719213412778,72.66965305113598,2022-09-15,18:25:26,clear,rural,dusk_dawn,heavy,truck,78.7,70,moderate
ACC00888,22.99879067467843,72.70989582644866,2026-05-02,21:50:47,rain,rural,night_lit,heavy,car,33.0,63,minor
ACC00889,23.15095849001391,72.64259734409272,2023-07-26,11:00:26,clear,highway,daylight,heavy,bus,70.4,99,minor
ACC00890,22.939778299267218,72.5308757312393,2022-10-06,08:18:21,heavy_rain,rural,night_unlit,heavy,motorcycle,136.6,51,fatal
ACC00891,22.784120762499633,72.25384659185784,2025-02-06,09:32:30,storm,urban,daylight,low,truck,39.5,36,moderate
ACC00892,22.812707645295454,72.68538543120556,2022-12-22,07:39:41,clear,highway,dusk_dawn,low,car,79.1,85,fatal
ACC00893,22.940218375908586,72.75325929993264,2025-06-27,12:37:27,cloudy,highway,daylight,low,motorcycle,107.3,72,moderate
ACC00894,22.83264100439829,72.66668376179759,2022-04-26,20:22:54,cloudy,highway,night_lit,low,auto,116.3,75,minor
ACC00895,23.081531802351932,72.43805363589486,2024-05-01,11:52:30,clear,highway,daylight,heavy,motorcycle,120.1,81,severe
ACC00896,22.950134775271287,72.67106915905016,2023-10-24,07:38:17,rain,rural,daylight,low,car,79.8,73,severe
ACC00897,23.376190982503964,72.69907945619421,2026-04-21,14:32:01,cloudy,urban,daylight,heavy,auto,45.6,40,minor
ACC00898,22.75934281072943,72.80382243716986,2024-05-05,23:56:23,clear,rural,night_lit,moderate,motorcycle,41.7,70,minor
ACC00899,23.05054497680647,72.4385835113658,2026-02-28,08:05:03,heavy_rain,urban,daylight,low,truck,40.3,33,moderate
ACC00900,22.85080704647415,72.53603181231837,2023-02-13,18:42:02,clear,urban,dusk_dawn,heavy,car,43.4,49,severe
ACC00901,22.9459897989426,72.68209080767151,2024-02-17,19:55:22,clear,highway,dusk_dawn,heavy,bus,103.2,90,severe
ACC00902,23.04121292100108,72.57861151071572,2025-08-29,12:39:17,storm,rural,night_lit,moderate,auto,91.6,43,moderate
ACC00903,22.671194293768856,72.4024008596923,2022-09-21,16:33:53,clear,highway,daylight,low,motorcycle,64.4,71,severe
ACC00904,23.055523917518205,72.632192442754,2026-03-04,13:21:43,clear,highway,daylight,moderate,car,78.5,75,minor
ACC00905,23.305436119341124,72.65679924507226,2025-06-23,09:16:47,clear,urban,daylight,moderate,motorcycle,58.4,30,moderate
ACC00906,22.95198425524471,72.58319443444964,2025-01-16,12:32:32,clear,rural,night_lit,heavy,car,108.4,66,severe
ACC00907,23.058971178520824,72.60293773907698,2023-02-04,06:53:06,cloudy,highway,night_lit,low,motorcycle,118.2,80,minor
ACC00908,23.17373825396881,72.53119411474714,2025-09-05,17:27:51,rain,urban,dusk_dawn,heavy,motorcycle,35.5,36,minor
ACC00909,22.99540697499595,72.7917418403574,2025-10-15,19:07:29,clear,highway,dusk_dawn,low,car,83.1,64,moderate
ACC00910,22.932855971720276,72.43489617244309,2023-04-26,10:29:25,cloudy,rural,daylight,heavy,auto,40.5,61,severe
ACC00911,22.678639539441736,72.48190188558543,2024-08-22,15:05:36,clear,rural,dusk_dawn,low,truck,60.5,65,fatal
ACC00912,23.116148607909246,72.57164782702912,2022-04-10,09:56:09,clear,rural,night_lit,heavy,motorcycle,113.6,51,moderate
ACC00913,23.003024738540667,72.70184310415513,2023-10-10,07:32:28,fog,highway,dusk_dawn,low,motorcycle,113.6,68,moderate
ACC00914,22.868097422291775,72.34539402448581,2022-09-05,17:12:36,rain,urban,daylight,heavy,truck,72.1,44,moderate
ACC00915,23.038989506541654,72.37345548753518,2024-07-02,07:37:41,rain,highway,dusk_dawn,heavy,motorcycle,111.8,90,minor
ACC00916,22.932447946479073,72.26434072383978,2024-06-20,18:32:30,clear,urban,dusk_dawn,moderate,auto,79.6,50,moderate
ACC00917,22.94073608033267,72.57490428378799,2024-05-24,09:30:59,cloudy,expressway,night_lit,low,car,101.3,97,moderate
ACC00918,23.110943673416305,72.40225412741901,2025-01-16,19:35:59,rain,highway,dusk_dawn,heavy,car,84.7,93,minor
ACC00919,22.81924263830142,72.51231748349731,2026-02-27,11:55:05,heavy_rain,urban,night_lit,heavy,motorcycle,45.6,53,severe
ACC00920,23.177097292911064,72.66920672848374,2022-11-20,11:51:04,rain,highway,daylight,heavy,car,66.4,86,moderate
ACC00921,22.81034707553224,72.47376859188256,2022-12-18,18:15:30,cloudy,urban,daylight,moderate,motorcycle,79.4,53,severe
ACC00922,22.92059478874671,72.6046923034115,2022-12-20,14:14:49,clear,urban,daylight,low,motorcycle,48.9,32,moderate
ACC00923,18.47509931383724,73.74717586978987,2026-03-05,08:59:30,clear,urban,daylight,moderate,car,21.2,48,minor
ACC00924,18.620817147264464,73.72363456670949,2022-06-02,19:38:13,clear,urban,dusk_dawn,heavy,car,74.1,35,minor
ACC00925,18.5912692101022,73.72931758919613,2022-02-21,11:01:33,clear,expressway,night_lit,low,car,118.4,81,fatal
ACC00926,18.416209945573808,74.16014446523852,2022-09-21,07:31:56,clear,rural,dusk_dawn,low,car,52.6,43,moderate
ACC00927,18.49470223698993,73.86846173507543,2025-06-17,12:07:10,cloudy,expressway,night_lit,heavy,car,79.8,95,moderate
ACC00928,18.676561509658075,73.8968056513493,2024-08-09,15:01:26,cloudy,highway,night_lit,moderate,car,82.6,97,severe
ACC00929,18.579006530538113,73.59354025554866,2026-02-19,16:11:38,cloudy,expressway,daylight,moderate,auto,69.8,97,severe
ACC00930,18.31045569133733,73.76190552995446,2022-12-02,19:15:23,cloudy,highway,dusk_dawn,heavy,car,118.2,97,severe
ACC00931,18.618342709175707,73.89229539449123,2023-10-10,15:04:02,clear,highway,daylight,moderate,car,136.8,86,moderate
ACC00932,18.357308406634562,73.70632066306305,2024-06-30,08:50:40,cloudy,urban,night_lit,moderate,auto,40.2,48,minor
ACC00933,18.73187696049415,73.9962094265277,2022-04-30,09:26:44,storm,highway,daylight,heavy,truck,98.6,88,moderate
ACC00934,18.673614825976152,73.67959551211484,2026-02-17,06:33:39,cloudy,rural,dusk_dawn,heavy,car,69.5,51,moderate
ACC00935,18.56348282138776,73.81704507962023,2025-08-14,18:51:39,heavy_rain,highway,daylight,low,bus,88.9,73,moderate
ACC00936,18.54358492651543,73.77209225400367,2022-08-25,07:50:39,clear,urban,dusk_dawn,moderate,bus,23.6,57,severe
ACC00937,18.488645161595887,73.88464809890729,2025-10-15,16:49:19,cloudy,highway,night_unlit,moderate,truck,101.3,60,fatal
ACC00938,18.621778592710005,73.76392648922169,2024-01-07,16:11:00,cloudy,highway,night_unlit,low,motorcycle,91.3,71,severe
ACC00939,18.46438327458069,73.81936595593936,2023-07-07,18:44:59,rain,rural,daylight,low,motorcycle,119.5,61,minor
ACC00940,18.555335480595982,73.8245804862333,2026-04-03,06:59:12,heavy_rain,urban,dusk_dawn,low,auto,31.1,30,minor
ACC00941,18.650790154977916,73.7498418363913,2024-05-01,08:00:49,cloudy,highway,daylight,moderate,motorcycle,84.7,93,minor
ACC00942,18.43572901847116,73.93276408027457,2023-01-09,20:52:32,rain,rural,night_lit,low,truck,116.9,71,minor
ACC00943,18.427571089001397,73.89575825622562,2025-08-22,15:51:32,heavy_rain,rural,daylight,heavy,car,90.3,53,moderate
ACC00944,18.34084517789133,73.84670790821203,2025-03-21,13:50:01,rain,urban,daylight,moderate,truck,63.4,58,fatal
ACC00945,18.360329088081073,73.79543124998071,2022-11-12,18:23:59,clear,highway,dusk_dawn,moderate,auto,137.7,90,minor
ACC00946,18.245740703283776,73.979481604578,2025-01-17,20:11:31,clear,expressway,night_unlit,heavy,car,134.8,80,fatal
ACC00947,18.62947431835233,73.82462486342787,2024-10-29,09:43:49,heavy_rain,urban,night_unlit,moderate,car,34.0,58,severe
ACC00948,18.791337181312414,73.81399540682611,2023-03-29,20:37:46,rain,highway,night_lit,heavy,truck,110.1,82,severe
ACC00949,18.733799341520545,73.87570350448321,2023-12-09,07:43:08,fog,highway,dusk_dawn,heavy,truck,61.6,82,severe
ACC00950,18.276087326706023,74.11448800244563,2025-10-10,22:15:56,clear,highway,night_unlit,heavy,truck,89.7,60,severe
ACC00951,18.62872820073343,73.65894656879682,2022-10-14,08:10:35,rain,expressway,daylight,heavy,auto,75.9,96,moderate
ACC00952,18.73331595248853,73.97547853395831,2025-04-01,09:54:11,rain,expressway,night_lit,heavy,car,106.7,98,moderate
ACC00953,18.4514785028892,73.57602432581429,2025-09-27,06:30:34,heavy_rain,urban,dusk_dawn,moderate,truck,64.0,59,minor
ACC00954,18.535217114597508,73.89259097373429,2026-03-19,18:51:36,rain,urban,dusk_dawn,moderate,motorcycle,69.9,31,moderate
ACC00955,18.2188160423793,74.09626242414132,2023-06-18,23:55:39,clear,rural,night_unlit,moderate,car,75.5,66,fatal
ACC00956,18.560010425196495,73.93330027867009,2023-03-14,10:27:19,rain,urban,dusk_dawn,heavy,car,74.6,49,minor
ACC00957,18.360466040584793,73.88559376178097,2026-03-15,10:15:56,cloudy,urban,daylight,moderate,truck,74.4,38,minor
ACC00958,18.549945252686726,73.77593257967953,2024-01-30,09:53:14,clear,expressway,night_unlit,low,truck,92.0,84,minor
ACC00959,18.28581956167167,73.86465708007329,2024-07-23,07:42:29,clear,highway,night_lit,moderate,motorcycle,93.3,67,moderate
ACC00960,18.60142873367164,73.8221905776895,2024-04-22,18:39:50,heavy_rain,highway,dusk_dawn,moderate,motorcycle,133.8,92,moderate
ACC00961,18.673676901314003,73.7421035088103,2024-04-24,05:57:04,clear,rural,night_unlit,moderate,truck,104.4,68,severe
ACC00962,18.402523020742724,73.81651865767877,2024-10-22,22:14:24,cloudy,rural,night_lit,moderate,car,138.0,76,moderate
ACC00963,18.349461612788435,73.88975717409396,2023-11-27,21:21:28,cloudy,highway,night_unlit,heavy,car,132.3,97,moderate
ACC00964,18.196596543617503,73.74491743972041,2023-10-06,07:02:46,storm,highway,dusk_dawn,low,motorcycle,81.7,91,severe
ACC00965,18.480037969888723,73.7390577268973,2023-10-20,15:23:47,rain,urban,night_lit,heavy,motorcycle,30.8,30,severe
ACC00966,18.43276090985776,73.65596348436118,2024-12-13,23:26:47,clear,urban,night_lit,heavy,truck,53.5,31,minor
ACC00967,18.28734708814779,73.91860875391333,2025-09-05,19:27:21,clear,rural,dusk_dawn,low,motorcycle,46.7,71,severe
ACC00968,18.587952813446826,73.94179848929505,2024-06-30,17:09:29,clear,rural,night_lit,low,truck,56.7,55,moderate
ACC00969,18.4525044427203,73.89474906663548,2025-01-17,02:48:01,clear,urban,night_unlit,heavy,bus,73.0,33,fatal
ACC00970,18.358639606203216,74.0047755739093,2023-11-10,06:29:49,rain,urban,dusk_dawn,heavy,motorcycle,34.6,42,moderate
ACC00971,18.43681413915393,73.8731801455621,2025-06-24,18:26:18,clear,urban,dusk_dawn,low,motorcycle,79.9,36,moderate
ACC00972,18.68069568083944,73.91880164060487,2023-10-09,11:51:28,clear,highway,dusk_dawn,moderate,bus,109.9,68,moderate
ACC00973,18.610440541563282,73.90557561384563,2023-11-23,17:29:40,heavy_rain,urban,night_lit,low,car,64.2,32,moderate
ACC00974,18.500496090775226,73.84626899708726,2022-04-01,18:53:46,clear,urban,night_lit,moderate,truck,76.0,40,minor
ACC00975,18.61286575276973,73.78037672578056,2023-03-06,12:13:05,clear,rural,daylight,low,motorcycle,20.3,58,minor
ACC00976,18.34586320654199,74.19212289236879,2025-04-27,07:51:46,cloudy,rural,daylight,moderate,motorcycle,80.3,60,severe
ACC00977,18.524855515109053,73.79220735302198,2022-05-23,12:59:22,clear,highway,daylight,moderate,bus,129.3,100,minor
ACC00978,18.54209834957297,73.76011834333194,2023-01-03,19:45:25,clear,rural,dusk_dawn,moderate,car,42.7,53,severe
ACC00979,18.44952452372519,73.92510147351751,2025-06-29,10:53:07,storm,urban,night_unlit,low,car,38.7,44,minor
ACC00980,18.58531875039361,73.89777816229424,2025-12-04,05:44:43,rain,highway,night_lit,heavy,car,136.8,80,moderate
ACC00981,18.40293498180333,73.64928126785846,2023-11-13,22:36:28,rain,urban,night_lit,heavy,bus,32.2,40,moderate
ACC00982,18.596473106166417,74.02840173818456,2023-10-31,17:45:06,rain,rural,night_lit,moderate,car,34.5,45,minor
ACC00983,18.602778815729692,73.84587081369737,2024-04-16,15:57:08,clear,urban,dusk_dawn,heavy,truck,77.0,49,moderate
ACC00984,18.08242601789544,73.69336033571764,2025-06-18,19:36:43,rain,urban,dusk_dawn,heavy,car,36.9,35,minor
ACC00985,18.69854585552652,74.03831761715308,2024-02-10,12:41:06,cloudy,urban,daylight,low,motorcycle,74.3,40,minor
ACC00986,18.062855115197088,73.95385133573943,2022-10-12,23:04:31,clear,urban,night_lit,low,motorcycle,30.2,35,moderate
ACC00987,18.42759264616658,73.67031870120782,2023-12-09,19:57:41,clear,urban,daylight,moderate,car,41.5,36,minor
ACC00988,18.673802205138664,74.12657742603866,2023-02-23,09:46:54,cloudy,urban,daylight,heavy,motorcycle,57.7,59,moderate
ACC00989,18.472406991212132,73.95881960525493,2025-01-27,11:09:09,clear,expressway,night_lit,heavy,car,119.5,99,moderate
ACC00990,18.300072102629567,73.85847058265624,2022-08-23,09:17:17,clear,urban,daylight,low,car,74.7,49,moderate
ACC00991,18.3559394407425,74.09853282084326,2024-09-26,17:13:09,clear,highway,dusk_dawn,low,motorcycle,67.9,79,minor
ACC00992,18.67403586194809,73.88389466757445,2022-08-02,16:19:52,cloudy,urban,daylight,heavy,motorcycle,47.7,32,minor
ACC00993,18.231774320417703,73.85578753873439,2026-05-16,14:53:35,clear,rural,daylight,heavy,car,136.2,62,fatal
ACC00994,18.6893486651443,73.7609549825967,2024-11-16,22:27:58,cloudy,urban,night_unlit,moderate,motorcycle,55.9,35,fatal
ACC00995,18.511734685143658,73.94727756589606,2022-08-17,13:25:02,clear,rural,night_unlit,moderate,motorcycle,119.0,74,fatal
ACC00996,18.341140700433634,73.9314904450986,2026-04-24,18:46:42,cloudy,highway,dusk_dawn,heavy,auto,114.4,77,moderate
ACC00997,18.432532739154595,73.86220202098346,2024-07-30,17:22:01,clear,urban,night_lit,moderate,motorcycle,39.6,30,moderate
ACC00998,18.36741634883475,73.74150204691986,2024-09-23,14:53:06,cloudy,rural,dusk_dawn,heavy,auto,31.6,59,moderate
ACC00999,18.64993378012878,73.87948947812491,2022-04-14,04:45:25,cloudy,urban,daylight,heavy,motorcycle,31.7,56,moderate
ACC01000,18.629864171464426,73.84953018213568,2022-11-05,17:15:22,rain,urban,night_lit,low,truck,64.4,30,minor
ACC01001,18.262125829918592,73.65997885218987,2025-08-19,16:37:21,clear,urban,daylight,low,car,64.1,32,minor
ACC01002,18.4594611822221,73.63922814730137,2024-02-07,07:28:04,cloudy,rural,dusk_dawn,heavy,motorcycle,75.4,65,minor
ACC01003,18.39052215064836,73.94477300682146,2024-10-08,18:20:32,rain,urban,dusk_dawn,moderate,motorcycle,71.8,47,moderate
ACC01004,18.714026495268904,73.46971675274224,2026-06-09,13:54:20,clear,urban,night_lit,low,truck,29.0,44,minor
ACC01005,18.317485132281035,73.89081157904418,2023-12-05,10:23:59,cloudy,urban,night_unlit,moderate,bus,23.5,36,minor
ACC01006,18.760634365702753,73.78828754133693,2023-09-18,19:07:47,cloudy,urban,dusk_dawn,moderate,truck,57.5,44,minor
ACC01007,18.515005789072458,74.05623699103198,2025-08-10,11:24:26,rain,urban,night_lit,low,car,49.3,44,severe
ACC01008,18.345709839042986,73.78597976862692,2022-04-19,16:31:45,cloudy,urban,dusk_dawn,heavy,motorcycle,57.5,34,moderate
ACC01009,18.418408872398608,73.95892263213779,2024-01-18,16:07:34,fog,highway,night_lit,low,truck,99.3,91,moderate
ACC01010,18.399757173884733,73.80046292381434,2025-11-04,05:44:29,rain,rural,night_lit,low,car,32.4,66,minor
ACC01011,18.328807239697674,73.87706222302292,2023-01-10,12:13:55,cloudy,urban,dusk_dawn,low,car,34.3,44,moderate
ACC01012,18.534224028959557,73.97052547963801,2023-05-15,08:05:35,clear,highway,daylight,moderate,truck,83.1,88,moderate
ACC01013,18.335812667396223,73.79061664255131,2024-02-15,08:32:28,cloudy,highway,night_lit,heavy,car,131.3,89,minor
ACC01014,18.192945068689273,74.00948323267475,2022-05-02,17:09:33,clear,urban,dusk_dawn,moderate,car,69.5,55,minor
ACC01015,18.463048529372774,73.71094531843403,2022-04-27,01:46:46,cloudy,urban,night_lit,heavy,bus,46.7,58,severe
ACC01016,18.249571570537316,73.90418892638375,2023-02-17,22:04:44,clear,rural,night_lit,low,auto,66.0,77,severe
ACC01017,21.27839595841818,79.41097879607106,2026-01-14,12:25:32,rain,urban,night_unlit,moderate,motorcycle,60.6,49,severe
ACC01018,21.239005623768552,79.00143408321881,2022-12-31,10:03:10,rain,rural,daylight,moderate,auto,45.6,63,moderate
ACC01019,21.42746673151031,79.1433433528688,2025-04-15,21:23:38,fog,highway,night_unlit,heavy,bus,111.1,60,fatal
ACC01020,21.0254841024034,79.24026931008665,2023-12-01,14:55:25,clear,urban,daylight,moderate,motorcycle,31.7,35,moderate
ACC01021,20.933127612297714,79.0947002871149,2025-06-02,16:39:55,heavy_rain,urban,night_lit,heavy,truck,23.0,54,minor
ACC01022,20.99084973372573,79.43067676787582,2023-06-27,17:32:54,rain,highway,night_unlit,moderate,auto,133.0,80,fatal
ACC01023,21.239066384982266,79.02329410624027,2025-12-06,19:09:00,heavy_rain,expressway,night_lit,heavy,truck,65.4,83,severe
ACC01024,21.214688440140407,79.12861338334801,2023-09-01,07:18:59,rain,rural,dusk_dawn,heavy,car,99.1,65,moderate
ACC01025,21.155338498947113,78.96017913826606,2025-07-23,06:22:54,clear,highway,daylight,heavy,car,122.7,65,moderate
ACC01026,20.971556442633933,79.0272712897285,2025-09-27,23:34:54,heavy_rain,highway,night_lit,low,motorcycle,106.9,67,minor
ACC01027,21.25503009399936,79.1173400865595,2023-12-11,00:12:29,cloudy,rural,night_unlit,low,car,95.4,77,fatal
ACC01028,20.95629428335242,79.20694560934616,2024-12-31,17:59:16,rain,highway,daylight,moderate,car,84.1,89,minor
ACC01029,21.313842437356534,79.12786422510354,2022-07-14,16:39:36,clear,expressway,daylight,moderate,motorcycle,130.1,99,minor
ACC01030,21.56861576347098,79.26886722740021,2024-03-26,15:18:52,clear,highway,night_lit,heavy,car,123.8,78,minor
ACC01031,21.194967671985733,79.0657552034111,2023-09-06,18:06:27,clear,urban,dusk_dawn,low,car,41.5,39,severe
ACC01032,21.227466220348663,79.03017472052414,2026-04-17,23:35:59,cloudy,highway,night_unlit,moderate,bus,105.5,97,severe
ACC01033,21.066071034665665,79.4855977660919,2026-03-14,05:26:15,cloudy,urban,night_unlit,low,car,45.6,34,severe
ACC01034,20.868468001836977,79.1391356474163,2025-07-10,16:40:51,heavy_rain,highway,daylight,moderate,motorcycle,137.7,66,severe
ACC01035,21.049592095545467,78.97207776810322,2026-04-08,17:35:03,clear,urban,night_lit,low,motorcycle,45.8,51,moderate
ACC01036,20.976065713835187,78.97586043566278,2026-05-22,10:38:50,clear,expressway,night_unlit,heavy,auto,123.9,99,fatal
ACC01037,20.92294931353775,78.9385980128203,2025-06-14,20:50:56,clear,highway,night_lit,low,car,97.4,98,minor
ACC01038,21.39835399129935,79.22048540337852,2024-09-02,13:31:42,clear,urban,daylight,moderate,car,34.4,35,fatal
ACC01039,21.180929377703865,79.02534340606601,2022-12-02,08:43:37,cloudy,highway,night_lit,low,motorcycle,64.4,72,moderate
ACC01040,21.1969531370921,79.09910437134847,2025-08-31,19:21:24,rain,urban,dusk_dawn,low,motorcycle,48.0,46,moderate
ACC01041,21.093646645220563,79.07047369883426,2022-11-16,21:56:52,storm,highway,night_lit,moderate,truck,108.7,86,fatal
ACC01042,21.114069337633484,79.18972386119114,2022-11-01,06:24:07,clear,urban,dusk_dawn,low,car,50.3,45,fatal
ACC01043,21.284682602335902,78.95298838606739,2025-12-15,18:40:17,clear,rural,dusk_dawn,moderate,car,43.7,45,minor
ACC01044,21.135149432195718,78.91866415707855,2022-07-07,08:59:07,rain,rural,night_lit,low,car,127.9,46,minor
ACC01045,21.21960409070371,79.11364459607724,2022-08-22,00:20:16,clear,expressway,night_unlit,heavy,truck,94.7,90,moderate
ACC01046,21.11059935532325,79.17014389270498,2024-04-19,09:06:31,rain,highway,daylight,heavy,car,106.3,95,moderate
ACC01047,21.088677066390193,79.12987984696464,2024-08-17,19:13:20,cloudy,highway,daylight,heavy,car,63.8,65,severe
ACC01048,20.928962875159723,78.9585819406354,2022-03-16,07:14:25,heavy_rain,highway,dusk_dawn,low,motorcycle,125.9,70,moderate
ACC01049,20.843337640644933,79.1816227263137,2023-09-14,07:03:13,clear,rural,dusk_dawn,moderate,car,94.8,63,severe
ACC01050,21.10076571484004,78.96842086093565,2023-01-05,18:32:21,storm,highway,dusk_dawn,low,car,124.4,72,moderate
ACC01051,21.148474503798987,79.00176920328204,2023-05-11,12:16:29,fog,rural,night_lit,moderate,car,96.8,75,minor
ACC01052,20.947080494493683,78.9384069712917,2022-10-24,07:05:12,clear,expressway,dusk_dawn,heavy,truck,120.4,100,minor
ACC01053,21.134828770244805,79.2751737522978,2025-01-17,09:08:56,cloudy,highway,daylight,low,motorcycle,122.4,93,minor
ACC01054,21.148062884448574,79.1750132311541,2024-02-16,18:16:53,cloudy,highway,night_unlit,low,motorcycle,74.5,97,moderate
ACC01055,20.816598799091093,79.17074900635183,2026-04-25,16:22:52,clear,urban,daylight,heavy,motorcycle,37.2,48,minor
ACC01056,21.002731301078075,79.26708171317136,2022-01-14,18:58:00,storm,urban,dusk_dawn,moderate,auto,39.9,40,minor
ACC01057,21.20108958406032,79.5018973872358,2025-06-30,06:42:29,clear,urban,dusk_dawn,low,car,53.6,44,moderate
ACC01058,21.19805880940936,78.82361608441347,2026-02-02,13:42:47,clear,highway,night_lit,heavy,car,101.0,61,minor
ACC01059,20.966948762540035,78.96924351286843,2024-03-09,18:41:20,clear,rural,dusk_dawn,low,bus,40.3,78,moderate
ACC01060,21.16376720757496,78.98757373737382,2025-02-22,09:48:13,cloudy,urban,night_unlit,heavy,motorcycle,22.7,33,moderate
ACC01061,21.293361083804072,78.95237705664259,2023-12-25,08:19:36,heavy_rain,highway,daylight,low,auto,120.6,92,moderate
ACC01062,21.256560943848637,78.91836251285945,2024-09-04,11:05:00,cloudy,highway,daylight,heavy,truck,109.9,80,minor
ACC01063,21.12570713194791,79.03505204039169,2026-01-30,10:30:36,rain,rural,daylight,heavy,truck,29.2,56,moderate
ACC01064,21.069803553001357,78.89750944270659,2024-05-20,08:00:27,clear,highway,daylight,low,motorcycle,101.4,88,moderate
ACC01065,21.045598327349825,79.13025635513061,2024-08-07,21:13:41,rain,rural,daylight,heavy,car,54.9,46,moderate
ACC01066,21.21017296743645,79.0877547482143,2026-06-09,14:45:40,cloudy,urban,daylight,low,bus,22.5,55,moderate
ACC01067,21.169265595971435,79.15215429971455,2024-03-26,16:30:32,cloudy,expressway,night_lit,heavy,motorcycle,88.4,91,moderate
ACC01068,21.234410600915332,79.15615926774574,2022-10-12,07:41:35,cloudy,rural,dusk_dawn,moderate,car,70.7,68,moderate
ACC01069,21.159781071968172,79.170451028014,2025-01-26,16:30:01,storm,rural,night_lit,low,car,129.6,53,minor
ACC01070,21.262814592552118,79.02398865947642,2025-02-11,15:32:58,rain,rural,daylight,moderate,motorcycle,123.2,47,minor
ACC01071,21.154188879943657,79.39817151039504,2023-01-25,21:18:04,rain,urban,night_lit,low,car,46.0,50,minor
ACC01072,21.257703307419753,79.11516466747231,2025-04-11,12:13:58,cloudy,highway,daylight,moderate,car,113.0,90,moderate
ACC01073,21.270623415554997,78.80062728710628,2022-04-15,18:15:58,clear,rural,dusk_dawn,moderate,car,124.0,66,moderate
ACC01074,21.019321005466278,78.92964363813506,2023-06-10,10:47:43,cloudy,urban,night_lit,moderate,bus,23.8,33,minor
ACC01075,20.86877839296939,78.81892455164582,2025-11-05,16:58:44,rain,urban,daylight,heavy,motorcycle,64.8,55,moderate
ACC01076,21.371523928402183,79.08260019437269,2024-10-10,21:04:01,rain,urban,night_lit,heavy,car,55.2,59,fatal
ACC01077,21.17849880960684,79.061729216392,2024-09-24,16:32:56,cloudy,highway,night_lit,moderate,car,63.1,87,minor
ACC01078,20.882827115675582,79.00973614531507,2024-10-16,17:28:31,clear,urban,night_lit,moderate,truck,21.6,53,severe
ACC01079,21.032927075417195,79.38163891686007,2022-09-28,20:33:20,clear,highway,night_lit,low,truck,62.3,95,moderate
ACC01080,21.255781143855476,79.16234743111154,2026-04-28,21:13:40,clear,urban,night_unlit,heavy,car,39.8,35,fatal
ACC01081,21.098048475330067,79.18891475421695,2023-05-05,08:00:32,rain,urban,daylight,heavy,auto,25.3,50,minor
ACC01082,21.06319078710213,78.94033897680869,2025-07-15,08:12:21,storm,rural,night_unlit,heavy,car,66.2,73,fatal
ACC01083,21.350132279046946,78.93012826630034,2026-06-14,15:10:19,cloudy,urban,daylight,heavy,car,74.4,35,minor
ACC01084,20.98290692804243,79.08552082486455,2023-01-31,23:03:07,rain,expressway,night_unlit,moderate,car,94.9,95,moderate
ACC01085,21.020276996336776,79.10595107094784,2024-11-07,14:21:54,rain,expressway,night_unlit,low,auto,103.9,89,fatal
ACC01086,21.17170797125724,78.80155326493283,2022-03-11,10:41:39,clear,highway,daylight,moderate,truck,85.9,69,moderate
ACC01087,21.198568239808083,79.05295394657257,2024-11-10,15:57:17,clear,urban,night_lit,low,motorcycle,38.6,54,moderate
ACC01088,21.21445145515111,79.08211081243103,2023-12-26,06:39:43,clear,highway,night_lit,moderate,motorcycle,114.6,61,moderate
ACC01089,21.276685706685342,79.04772762513433,2022-04-29,08:10:41,fog,rural,night_unlit,moderate,car,127.5,63,fatal
ACC01090,21.16978679310223,78.957991438148,2025-01-08,07:21:08,clear,urban,dusk_dawn,heavy,car,42.9,37,moderate
ACC01091,21.213407590840763,78.99906972271182,2026-05-11,03:18:10,cloudy,highway,night_unlit,moderate,car,134.3,81,fatal
ACC01092,21.101118611102738,79.05347112096408,2022-05-17,17:12:13,clear,highway,daylight,low,bus,70.2,92,moderate
ACC01093,21.14940474548551,79.0936200035415,2026-01-05,10:59:06,rain,urban,daylight,heavy,truck,67.2,58,severe
ACC01094,21.156130127008044,79.17071873738259,2025-10-17,08:39:49,clear,highway,night_lit,moderate,motorcycle,97.9,68,severe
ACC01095,21.172264720372855,79.24212843074262,2024-06-18,14:28:09,fog,urban,night_lit,low,auto,33.0,52,minor
ACC01096,21.255880971137415,79.03584784147091,2026-01-20,10:26:48,clear,rural,night_lit,moderate,car,56.4,53,fatal
ACC01097,21.223271852291724,79.01157657058269,2023-05-24,12:19:31,fog,highway,night_lit,low,car,135.4,96,fatal
ACC01098,21.14663255043503,79.14564835103015,2025-03-28,10:25:07,cloudy,urban,night_lit,moderate,motorcycle,32.5,55,moderate
ACC01099,21.018631102258844,79.17162673746162,2025-02-20,00:38:50,cloudy,urban,dusk_dawn,low,auto,68.4,48,moderate
ACC01100,21.150150688709406,79.01486993501116,2024-08-11,17:55:10,rain,highway,daylight,low,car,136.4,65,minor
ACC01101,21.13579733226564,79.19855902154492,2025-09-30,07:29:59,cloudy,highway,night_lit,moderate,car,99.3,66,moderate
ACC01102,21.16897723697198,79.22693780117339,2025-12-09,08:11:00,clear,highway,night_lit,moderate,car,121.6,96,minor
ACC01103,27.103752969848802,75.9399511029808,2025-07-14,08:57:37,rain,expressway,daylight,heavy,auto,75.4,83,fatal
ACC01104,27.176748136007973,75.65468332927284,2024-08-24,10:18:18,cloudy,urban,daylight,low,car,52.0,33,moderate
ACC01105,26.780037579201085,75.557123879005,2026-05-24,08:04:32,cloudy,urban,daylight,moderate,truck,35.4,33,minor
ACC01106,26.912084731399876,75.82911315762118,2024-07-01,11:32:50,rain,rural,night_lit,low,bus,60.1,47,severe
ACC01107,26.9116916544928,75.78495948400659,2024-11-11,09:47:47,rain,highway,daylight,low,truck,124.4,62,moderate
ACC01108,26.895288964720123,75.71626887607643,2022-11-07,05:15:16,clear,highway,night_unlit,moderate,car,138.0,99,severe
ACC01109,26.81261056205848,75.80269919210993,2023-06-12,19:16:03,clear,highway,dusk_dawn,moderate,car,86.5,68,minor
ACC01110,26.68716569951534,76.20511538380485,2026-01-25,10:17:17,clear,rural,night_unlit,heavy,car,47.9,78,moderate
ACC01111,26.923901916904352,75.91517883210537,2024-03-28,06:48:48,cloudy,urban,dusk_dawn,heavy,truck,29.5,55,severe
ACC01112,26.794746651067815,75.94742479087951,2024-04-19,14:57:30,clear,urban,night_unlit,heavy,truck,67.5,57,moderate
ACC01113,26.922899022112144,75.91659053373301,2025-09-02,07:50:45,clear,highway,night_lit,heavy,car,78.8,66,moderate
ACC01114,26.79089346874517,76.01191932157784,2023-06-20,18:13:29,rain,rural,dusk_dawn,low,motorcycle,28.4,46,minor
ACC01115,26.74505124812335,75.7614892490649,2023-03-12,05:50:31,clear,rural,night_unlit,low,car,38.6,66,moderate
ACC01116,26.945144754056535,75.48178580384871,2022-01-15,13:18:03,clear,urban,daylight,moderate,motorcycle,32.2,41,moderate
ACC01117,26.932638229020974,75.76171208004911,2023-01-15,21:52:01,rain,highway,night_lit,moderate,motorcycle,69.4,69,severe
ACC01118,26.99689229569814,75.91176035649949,2024-04-20,08:59:42,rain,urban,daylight,moderate,auto,49.5,60,moderate
ACC01119,27.237879564962643,75.64452994073274,2025-04-05,08:43:12,rain,highway,daylight,moderate,motorcycle,95.8,93,fatal
ACC01120,26.951593429681626,75.76354510742661,2023-06-25,16:57:21,clear,highway,night_lit,heavy,car,86.1,67,severe
ACC01121,26.98276226505962,75.68623453854966,2023-12-31,22:08:22,cloudy,urban,night_lit,moderate,motorcycle,31.4,38,severe
ACC01122,26.7483658006699,76.01530438777648,2022-12-30,12:39:37,fog,urban,daylight,heavy,bus,42.5,45,moderate
ACC01123,26.716963883919544,75.90241855231099,2025-09-02,16:03:56,clear,rural,night_lit,heavy,motorcycle,107.6,46,minor
ACC01124,27.147424417016,75.8877310930966,2024-05-11,07:39:45,clear,highway,dusk_dawn,moderate,truck,99.9,85,moderate
ACC01125,26.771478033010006,75.88324019696815,2022-08-24,16:20:38,clear,highway,night_unlit,low,motorcycle,101.4,84,severe
ACC01126,26.753408389279702,75.7844126121172,2024-09-27,09:58:50,heavy_rain,urban,night_unlit,moderate,motorcycle,25.0,43,moderate
ACC01127,26.904135161817518,75.81963344237913,2023-07-06,16:29:30,clear,rural,night_unlit,moderate,motorcycle,127.6,60,fatal
ACC01128,26.89647113799339,75.61222231292015,2025-11-21,06:45:08,cloudy,urban,dusk_dawn,heavy,bus,20.6,30,minor
ACC01129,26.774624024033507,75.46203370318742,2023-03-17,15:18:29,cloudy,urban,dusk_dawn,heavy,motorcycle,54.6,38,severe
ACC01130,26.864254017193034,75.81251216955177,2025-11-20,09:04:58,fog,highway,daylight,low,motorcycle,129.0,86,fatal
ACC01131,27.094406357647514,75.83859853844083,2025-02-19,17:44:46,clear,urban,night_unlit,low,truck,54.2,45,severe
ACC01132,26.78910095867523,75.97138968526382,2022-08-11,18:13:20,cloudy,expressway,dusk_dawn,heavy,car,130.6,86,severe
ACC01133,26.700949127345073,76.02570037241236,2025-05-31,19:43:19,fog,highway,dusk_dawn,moderate,car,95.0,70,moderate
ACC01134,27.051389043134968,76.02549977274985,2025-03-29,23:27:55,clear,urban,night_unlit,heavy,car,31.4,30,minor
ACC01135,26.983844536790706,75.64029646100593,2024-01-19,13:58:05,cloudy,highway,night_unlit,moderate,motorcycle,120.7,92,moderate
ACC01136,26.8169222069027,75.73716024475755,2022-09-21,17:21:55,clear,highway,daylight,low,truck,104.7,89,minor
ACC01137,26.672674947580962,75.86205014438221,2024-02-24,02:24:40,clear,rural,night_unlit,low,motorcycle,48.7,61,minor
ACC01138,26.798306496534217,76.16978570166134,2024-09-26,20:44:48,clear,urban,night_unlit,low,motorcycle,31.8,47,minor
ACC01139,26.90179433447261,76.01201488055709,2022-08-05,16:47:19,clear,highway,daylight,moderate,car,118.1,86,minor
ACC01140,27.08485081348257,75.95790957429976,2023-07-15,12:07:38,clear,urban,night_lit,low,auto,66.4,45,moderate
ACC01141,26.754512703769553,75.73183180666761,2025-02-26,13:44:19,rain,highway,daylight,moderate,car,116.0,81,minor
ACC01142,26.89732201777328,75.65752005532674,2024-06-26,18:29:01,cloudy,urban,dusk_dawn,heavy,car,46.8,36,moderate
ACC01143,27.011271698984235,75.9083361825075,2026-06-18,19:59:27,cloudy,rural,dusk_dawn,low,truck,84.3,73,moderate
ACC01144,26.552809898981714,75.62490081036485,2022-12-22,19:37:58,rain,highway,dusk_dawn,heavy,bus,126.2,79,moderate
ACC01145,27.065067925190835,75.75423454735297,2025-07-01,14:46:14,fog,urban,daylight,low,car,56.2,46,fatal
ACC01146,26.732632414169036,75.77278330764972,2023-11-30,11:20:09,clear,urban,night_lit,moderate,motorcycle,36.8,31,moderate
ACC01147,26.95979932401854,76.02893681336843,2023-01-02,21:17:55,clear,rural,night_lit,low,truck,60.1,77,moderate
ACC01148,26.94700247244161,75.73679540455605,2026-04-11,16:47:54,clear,highway,daylight,heavy,car,73.1,78,minor
ACC01149,27.072687958719577,75.42411255421412,2024-10-20,15:00:50,heavy_rain,urban,daylight,low,auto,55.2,50,minor
ACC01150,26.99263865713403,75.86566669714938,2024-05-29,16:34:58,rain,highway,daylight,moderate,car,123.7,95,moderate
ACC01151,26.553406426240503,75.68514672203442,2023-04-30,16:58:59,cloudy,highway,daylight,heavy,motorcycle,78.0,95,severe
ACC01152,26.7922831129266,75.79639465366567,2025-12-18,17:59:55,clear,highway,night_unlit,low,car,115.0,69,severe
ACC01153,26.93073076940299,75.77699429487369,2022-02-19,15:42:57,cloudy,rural,daylight,heavy,car,105.2,76,fatal
ACC01154,26.880753017082032,75.74894440062734,2022-07-09,20:29:44,rain,highway,night_unlit,heavy,car,136.8,84,fatal
ACC01155,26.981641609463516,75.90855108726771,2022-10-23,19:48:18,clear,expressway,night_unlit,moderate,car,106.8,84,fatal
ACC01156,27.028404983350455,75.5600702682471,2024-12-08,13:00:27,clear,urban,daylight,low,bus,45.1,45,moderate
ACC01157,27.00126776046445,75.71244786625685,2022-06-18,08:47:22,clear,rural,night_lit,heavy,motorcycle,132.4,60,fatal
ACC01158,26.87785875861683,75.89260568696761,2025-08-01,15:11:30,rain,highway,night_unlit,heavy,car,130.8,90,fatal
ACC01159,26.633049448331928,75.69788728369835,2022-11-18,16:44:41,storm,highway,night_lit,low,motorcycle,124.9,70,moderate
ACC01160,26.841677812671776,75.54867899360951,2025-01-15,15:20:14,clear,rural,daylight,heavy,car,139.8,61,minor
ACC01161,26.972455222220844,75.89028330148852,2025-07-30,20:45:00,heavy_rain,urban,night_lit,heavy,motorcycle,36.5,41,severe
ACC01162,26.746432912117427,75.95846419456623,2025-12-13,06:36:36,cloudy,urban,dusk_dawn,moderate,motorcycle,53.2,57,minor
ACC01163,27.004691209518235,75.78325071885355,2023-04-26,09:55:59,rain,rural,night_lit,heavy,motorcycle,44.9,56,minor
ACC01164,27.046258994590097,75.49587316022958,2022-05-03,19:47:51,heavy_rain,urban,dusk_dawn,low,truck,24.2,55,moderate
ACC01165,26.929030046444378,75.89589546200483,2025-05-28,21:54:00,cloudy,rural,night_lit,moderate,motorcycle,63.8,48,minor
ACC01166,26.45043302005314,75.54101681778705,2024-01-07,12:09:35,clear,highway,night_lit,heavy,truck,116.1,67,moderate
ACC01167,26.71828674559323,75.83631989152722,2026-04-08,08:22:31,clear,urban,daylight,heavy,motorcycle,27.6,37,fatal
ACC01168,27.192928373783413,75.65688042628868,2022-11-05,12:26:25,rain,urban,night_unlit,low,car,46.6,46,moderate
ACC01169,26.828019331045745,75.61602410713496,2024-07-31,13:01:40,cloudy,urban,daylight,moderate,car,38.5,41,minor
ACC01170,26.61237851653065,75.72371349743806,2022-07-15,14:01:25,clear,urban,night_lit,low,car,68.4,56,minor
ACC01171,27.09528710824654,75.76250536653592,2024-03-08,09:02:54,cloudy,rural,daylight,low,bus,39.6,48,moderate
ACC01172,26.91200333873155,75.69336876244203,2022-01-02,10:46:54,clear,rural,night_lit,low,truck,85.9,46,minor
ACC01173,27.075741073343657,75.87830549173228,2025-05-16,17:26:38,clear,highway,night_lit,low,auto,66.0,63,minor
ACC01174,26.951543801282906,75.72308959323118,2024-09-20,16:45:27,rain,highway,night_lit,moderate,truck,61.9,66,minor
ACC01175,26.978783870431826,75.93702863075077,2022-06-09,17:50:35,cloudy,highway,daylight,moderate,bus,132.5,82,minor
ACC01176,26.964451387157176,75.83217597484652,2024-03-31,11:02:54,clear,highway,night_lit,heavy,motorcycle,115.8,79,severe
ACC01177,27.01462324678815,75.68536641901056,2023-12-05,10:50:18,cloudy,urban,daylight,heavy,motorcycle,31.8,58,minor
ACC01178,27.251614567283415,75.66010901742516,2025-01-11,11:13:52,fog,urban,daylight,moderate,motorcycle,28.0,55,moderate
ACC01179,27.05565095039388,75.54287555514288,2024-03-30,21:24:35,clear,highway,night_lit,low,bus,103.8,90,severe
ACC01180,26.67294910232317,75.83360997668002,2024-01-24,12:57:03,clear,expressway,night_unlit,heavy,auto,60.2,84,minor
ACC01181,26.976999227291834,75.73681186791231,2025-09-26,16:18:44,clear,expressway,night_unlit,low,truck,69.9,93,minor
ACC01182,27.081222115215482,75.43417067079048,2024-05-02,14:56:12,clear,urban,night_lit,moderate,truck,24.0,48,minor
ACC01183,27.09040512098042,75.7096427690846,2025-08-29,20:30:30,clear,urban,night_lit,low,bus,69.0,60,fatal
ACC01184,26.846009252541137,75.65484489561176,2025-12-24,11:00:57,clear,highway,daylight,heavy,car,115.2,93,minor
ACC01185,27.084741666778218,76.0263516388256,2025-10-24,13:49:46,clear,urban,daylight,moderate,motorcycle,71.6,47,moderate
ACC01186,27.049161359932683,75.534583208216,2026-04-19,19:02:41,cloudy,urban,dusk_dawn,heavy,truck,74.1,49,moderate
ACC01187,27.29587761554546,75.57379738003989,2025-02-19,08:38:04,clear,highway,night_lit,heavy,motorcycle,78.8,87,moderate
ACC01188,26.797499739562724,75.95649544646587,2024-07-11,16:27:51,clear,rural,night_lit,heavy,motorcycle,29.8,76,severe
ACC01189,26.833889913539938,75.9935144736196,2024-05-21,12:08:20,rain,urban,daylight,heavy,motorcycle,73.2,40,minor
ACC01190,26.864082142731007,75.67825255919117,2022-12-02,23:30:03,clear,highway,daylight,heavy,car,88.5,78,minor
ACC01191,26.836466677494183,75.69518712657867,2025-09-21,17:21:57,clear,urban,daylight,heavy,bus,72.4,52,moderate
ACC01192,26.77649688753546,75.882435309483,2025-02-12,01:05:11,storm,urban,night_unlit,low,truck,78.5,59,severe
ACC01193,26.49559867414894,75.4409350304582,2025-12-04,19:33:19,cloudy,highway,dusk_dawn,heavy,motorcycle,126.3,92,severe
ACC01194,26.84479507894153,75.51082094732418,2025-02-25,17:02:08,rain,highway,daylight,low,car,86.0,96,moderate
ACC01195,26.965403708954987,75.7478899898724,2024-02-28,15:32:37,cloudy,highway,night_lit,moderate,car,101.4,91,minor
ACC01196,26.836016723174115,76.02248358491937,2023-04-30,09:13:52,fog,urban,daylight,moderate,motorcycle,43.9,47,minor
ACC01197,27.200307177529368,75.724640486775,2026-06-07,07:49:31,clear,urban,dusk_dawn,heavy,car,59.5,51,moderate
ACC01198,26.91200637190738,75.80514051876028,2025-04-19,16:57:52,clear,highway,night_lit,moderate,car,65.6,86,fatal
ACC01199,27.10365435827762,75.96006839088462,2025-12-07,13:55:56,rain,rural,daylight,moderate,car,131.6,69,minor
ACC01200,26.949213061909497,76.10603270999172,2024-08-18,19:56:52,clear,rural,dusk_dawn,moderate,car,26.3,80,minor
ACC01201,27.03396109648399,75.70347272902777,2024-04-18,09:06:09,cloudy,urban,night_unlit,moderate,car,22.5,38,moderate
ACC01202,26.951886233090036,75.78747449144,2022-02-26,16:30:12,clear,rural,daylight,low,truck,124.5,53,moderate
ACC01203,27.115317694785535,76.06330828320144,2022-04-24,09:13:17,clear,urban,daylight,moderate,motorcycle,72.0,33,severe
ACC01204,26.91839090251986,75.56167010872129,2025-03-06,16:05:38,rain,highway,night_lit,moderate,motorcycle,99.7,81,moderate
ACC01205,26.98441810621332,75.94413716058308,2023-01-04,05:23:51,cloudy,urban,night_lit,heavy,auto,28.7,41,minor
ACC01206,26.964949940047507,75.63725267014581,2022-05-15,12:25:18,cloudy,highway,night_unlit,heavy,motorcycle,117.3,72,fatal
ACC01207,26.866757181280903,75.80537085506548,2025-06-28,08:17:39,clear,urban,daylight,low,bus,60.9,31,severe
ACC01208,26.970747347838703,75.75360714288996,2024-10-15,16:06:11,clear,expressway,night_unlit,low,car,78.3,81,minor
ACC01209,27.24515793692965,75.64629825989482,2022-07-02,10:24:32,rain,urban,dusk_dawn,moderate,car,39.6,60,moderate
ACC01210,26.869440458685684,75.64253471085127,2024-03-31,18:09:46,clear,highway,dusk_dawn,moderate,car,106.4,70,minor
ACC01211,26.972919733927988,75.83146215463807,2024-02-11,07:02:23,cloudy,highway,dusk_dawn,heavy,auto,107.0,97,minor
ACC01212,27.098666842630415,75.9393308992244,2022-01-07,15:27:09,cloudy,rural,daylight,heavy,bus,104.9,69,minor
ACC01213,27.081037992141642,75.77053956952173,2024-09-20,16:03:24,clear,highway,daylight,low,motorcycle,125.2,93,severe
ACC01214,26.911757462657906,75.80051697380999,2023-10-14,02:57:45,clear,expressway,daylight,heavy,truck,88.9,81,severe
ACC01215,26.552491694556394,75.87567610994367,2025-12-13,03:50:56,rain,highway,daylight,low,car,131.6,95,moderate
ACC01216,26.98750542279727,75.64425718404806,2022-07-10,10:55:36,clear,rural,night_lit,heavy,motorcycle,105.5,41,moderate
ACC01217,26.57707886120654,75.90095387626195,2025-10-22,16:06:40,clear,highway,daylight,moderate,car,97.6,78,moderate
ACC01218,27.130490584641183,75.91290146455897,2022-01-11,22:27:25,fog,highway,night_unlit,heavy,motorcycle,62.6,91,moderate
ACC01219,26.93542108067899,76.18054394481257,2025-06-08,06:49:55,clear,highway,dusk_dawn,low,car,66.2,65,minor
ACC01220,22.66358437141606,75.73659469653813,2025-07-09,17:34:52,rain,highway,night_lit,moderate,motorcycle,132.9,96,minor
ACC01221,22.65128772974978,76.0456825531878,2023-11-01,17:18:58,clear,highway,night_unlit,low,motorcycle,66.2,96,moderate
ACC01222,22.83534488073606,75.90303366774388,2023-04-06,17:49:51,clear,highway,daylight,heavy,motorcycle,123.5,85,moderate
ACC01223,22.84286562533682,75.57293303977566,2022-08-22,14:18:32,cloudy,urban,night_unlit,heavy,car,55.3,49,moderate
ACC01224,22.639736926993493,76.01574348934757,2023-07-13,22:58:57,clear,urban,night_unlit,heavy,motorcycle,67.6,53,severe
ACC01225,22.65952559846049,75.7784325793471,2025-01-04,14:06:36,rain,highway,night_unlit,moderate,car,138.9,68,fatal
ACC01226,22.801169625732705,76.07169754788151,2025-04-05,19:42:36,clear,urban,dusk_dawn,low,car,50.5,38,moderate
ACC01227,22.5958623638898,75.84682464820945,2022-10-25,09:00:39,cloudy,rural,dusk_dawn,heavy,motorcycle,70.2,61,moderate
ACC01228,22.658419901797746,75.89070600290307,2022-01-19,18:54:11,rain,expressway,dusk_dawn,moderate,car,126.9,99,minor
ACC01229,22.733438915105264,76.03684318678874,2024-07-10,23:21:50,cloudy,urban,night_lit,moderate,motorcycle,77.0,48,minor
ACC01230,22.869390802723338,75.7253760543718,2024-08-11,20:01:21,cloudy,urban,night_unlit,low,car,38.6,33,severe
ACC01231,22.629310207573067,75.7110729788249,2026-05-30,10:50:39,clear,expressway,night_unlit,heavy,motorcycle,92.5,84,severe
ACC01232,22.443642330695397,75.83052523694029,2025-06-04,19:58:50,clear,expressway,dusk_dawn,moderate,motorcycle,78.6,92,moderate
ACC01233,22.432510379872266,75.98407591994318,2024-06-22,06:55:06,heavy_rain,expressway,night_lit,moderate,car,72.9,80,fatal
ACC01234,22.531088039994078,75.66036841210797,2024-08-29,17:29:18,cloudy,urban,dusk_dawn,low,car,53.6,58,minor
ACC01235,22.523024842270008,75.60979481001664,2024-11-26,11:03:56,cloudy,urban,night_lit,moderate,motorcycle,71.5,52,minor
ACC01236,22.696808386207014,75.98355813905657,2024-01-12,17:13:21,cloudy,expressway,night_lit,low,truck,89.4,95,minor
ACC01237,22.54166797696036,75.76955325311495,2025-01-17,12:01:39,clear,urban,night_lit,heavy,car,53.1,39,minor
ACC01238,22.614586756026817,75.80116609806196,2022-11-17,00:02:33,clear,highway,daylight,heavy,car,99.2,92,moderate
ACC01239,22.60388711725269,75.58147843970897,2025-09-25,09:09:52,clear,expressway,night_unlit,heavy,truck,98.0,91,moderate
ACC01240,22.6539238208728,75.7581531028472,2025-11-15,04:33:30,cloudy,rural,night_lit,moderate,car,61.9,56,moderate
ACC01241,22.918375649728468,75.85886490550533,2023-12-16,12:45:25,clear,highway,daylight,moderate,car,109.5,66,minor
ACC01242,22.819292138414575,75.99955667864343,2024-01-20,19:35:00,clear,highway,daylight,moderate,car,123.3,62,severe
ACC01243,22.722419412291398,75.74431547506481,2024-03-27,18:12:28,cloudy,rural,dusk_dawn,heavy,auto,49.7,77,minor
ACC01244,22.650846057912872,76.10860641803487,2025-09-04,18:36:35,cloudy,highway,dusk_dawn,moderate,motorcycle,73.3,67,minor
ACC01245,22.655015101506546,75.75731659637303,2022-10-16,18:13:41,cloudy,urban,dusk_dawn,moderate,car,52.1,56,fatal
ACC01246,22.769161970492792,75.75753622976222,2023-07-15,11:27:46,rain,highway,daylight,moderate,motorcycle,86.5,78,severe
ACC01247,22.80762536100284,76.09060363278466,2024-10-06,14:53:46,cloudy,highway,daylight,moderate,car,119.4,68,minor
ACC01248,22.583857374084907,75.89171902285459,2025-02-12,14:08:27,clear,rural,daylight,heavy,car,131.3,58,moderate
ACC01249,22.725472113342132,75.77719629064826,2023-05-01,07:52:04,rain,expressway,dusk_dawn,low,auto,131.3,80,moderate
ACC01250,22.415257064700544,75.83673003032291,2022-07-12,16:16:15,cloudy,urban,dusk_dawn,moderate,motorcycle,43.2,46,fatal
ACC01251,22.75175706762559,76.06296103663131,2024-04-13,17:40:24,cloudy,highway,daylight,moderate,truck,127.1,87,minor
ACC01252,22.834322386293803,76.07993042294385,2024-11-14,16:15:58,heavy_rain,highway,night_lit,low,bus,137.5,71,moderate
ACC01253,22.677989705967867,75.73748102310947,2025-06-12,18:09:46,clear,highway,dusk_dawn,heavy,car,123.8,91,moderate
ACC01254,22.992479049421014,75.85363492848813,2022-01-05,07:27:53,cloudy,expressway,dusk_dawn,heavy,car,137.8,92,minor
ACC01255,22.58781423288459,75.87352352415013,2022-01-29,18:22:59,clear,urban,dusk_dawn,heavy,car,66.7,43,severe
ACC01256,22.752616062295488,75.71206398342251,2023-09-27,08:30:07,clear,expressway,night_lit,moderate,truck,134.9,83,minor
ACC01257,22.714626288000105,75.8516472421025,2024-07-14,20:14:00,cloudy,rural,night_lit,heavy,motorcycle,76.7,61,severe
ACC01258,22.704955349883488,75.86079842906776,2022-01-06,09:58:34,clear,urban,daylight,moderate,motorcycle,41.6,46,minor
ACC01259,22.702851674799287,76.03103142184051,2022-10-12,14:40:15,clear,highway,night_unlit,moderate,car,112.4,83,severe
ACC01260,22.73606575450142,76.04111375424668,2023-11-19,14:50:52,cloudy,expressway,daylight,low,car,116.5,100,minor
ACC01261,22.847193811519553,75.81061859024615,2023-04-04,09:46:27,clear,highway,daylight,low,motorcycle,84.7,85,minor
ACC01262,22.92666043544121,75.82790702842088,2025-03-12,11:43:00,cloudy,rural,daylight,low,car,121.0,75,minor
ACC01263,22.719662463324376,75.95964384530835,2022-02-26,08:08:13,clear,urban,night_lit,heavy,truck,34.9,39,moderate
ACC01264,22.842297410825743,75.77222173266095,2025-12-29,15:35:20,cloudy,highway,daylight,heavy,auto,131.9,68,minor
ACC01265,22.61473495805998,75.94829602276062,2022-10-06,20:53:01,cloudy,urban,night_lit,moderate,bus,27.7,42,minor
ACC01266,22.834893317908932,75.84681402689462,2023-12-25,10:05:19,cloudy,urban,daylight,low,motorcycle,45.6,34,severe
ACC01267,22.60570127142595,75.7145902133392,2026-06-09,14:27:32,rain,urban,daylight,heavy,car,37.2,32,minor
ACC01268,22.88359899041322,75.71647449306805,2024-12-24,19:11:53,storm,urban,dusk_dawn,low,motorcycle,79.4,51,minor
ACC01269,23.051596131608985,76.07705880440466,2026-06-28,13:47:38,clear,highway,daylight,heavy,car,115.9,84,moderate
ACC01270,22.70168741680429,75.8365367781285,2022-02-02,19:55:05,clear,urban,dusk_dawn,moderate,auto,56.7,49,minor
ACC01271,22.39111847637889,76.10605311408474,2025-03-27,13:03:24,heavy_rain,urban,daylight,heavy,truck,79.6,30,moderate
ACC01272,22.637789060013276,75.78295456089276,2022-05-05,13:48:46,cloudy,expressway,night_unlit,low,car,131.7,90,fatal
ACC01273,22.904781270143395,75.90368078016972,2024-10-01,08:21:22,storm,rural,night_lit,moderate,truck,137.9,54,fatal
ACC01274,22.802961518053785,76.21890150845273,2023-06-20,07:57:33,rain,urban,dusk_dawn,moderate,car,61.7,41,minor
ACC01275,22.757337039801254,75.70139198830051,2025-06-29,16:00:59,rain,expressway,daylight,moderate,truck,76.9,82,moderate
ACC01276,22.871300253393226,75.57532782501504,2022-07-24,19:11:08,clear,urban,dusk_dawn,low,motorcycle,70.9,51,severe
ACC01277,22.792668015887262,76.05298851969309,2026-01-12,07:43:28,clear,highway,dusk_dawn,moderate,bus,89.5,95,moderate
ACC01278,22.90265877811767,75.73597863419104,2024-02-29,20:46:36,cloudy,highway,night_lit,low,auto,66.8,82,minor
ACC01279,22.857913551497045,75.85689404538407,2024-05-02,11:04:47,cloudy,rural,daylight,heavy,car,131.0,77,minor
ACC01280,22.948255067910544,75.77211226843227,2024-07-26,12:09:50,rain,urban,dusk_dawn,moderate,motorcycle,26.7,34,moderate
ACC01281,22.773819412585937,75.90022441714329,2022-02-27,20:20:17,storm,rural,night_unlit,moderate,car,20.5,47,moderate
ACC01282,22.855788910224092,75.71741956892214,2023-05-25,20:02:28,clear,urban,night_lit,moderate,truck,61.5,59,minor
ACC01283,22.67393093903713,75.8330089868175,2025-03-10,15:46:49,cloudy,highway,daylight,heavy,motorcycle,134.6,77,severe
ACC01284,22.629780878266146,75.92747229898347,2026-04-27,09:40:50,heavy_rain,urban,night_lit,low,auto,27.1,40,minor
ACC01285,22.976015146062846,75.70875366705886,2026-06-05,08:44:49,rain,urban,daylight,heavy,bus,28.8,42,fatal
ACC01286,22.752430701448404,75.75498739555312,2024-05-29,09:28:40,rain,urban,daylight,heavy,car,24.6,48,moderate
ACC01287,22.840732084879356,75.80789257496022,2023-02-28,18:38:16,cloudy,rural,dusk_dawn,moderate,car,42.5,74,moderate
ACC01288,22.738561002161706,75.64567768486606,2024-02-24,10:34:22,storm,urban,night_lit,low,motorcycle,57.4,52,moderate
ACC01289,22.632022652362004,75.79661585258019,2024-02-01,17:41:39,clear,urban,dusk_dawn,low,car,59.0,40,minor
ACC01290,22.72164743388736,75.87781948098544,2023-10-15,08:27:15,clear,rural,night_lit,heavy,car,103.7,45,minor
ACC01291,22.935399102665155,75.80006765876173,2023-08-17,14:39:40,clear,highway,night_lit,low,motorcycle,124.9,84,severe
ACC01292,22.803286011141914,75.81929352606024,2025-11-26,11:38:30,cloudy,rural,dusk_dawn,low,motorcycle,65.1,62,severe
ACC01293,22.46327902604043,75.85701474936401,2023-10-04,14:38:26,rain,highway,dusk_dawn,heavy,motorcycle,121.0,79,minor
ACC01294,22.687713331513574,75.76163848063516,2022-02-18,15:52:21,cloudy,urban,night_unlit,heavy,car,37.4,31,fatal
ACC01295,22.987344068905706,75.96365938488003,2025-03-30,23:20:46,cloudy,urban,night_lit,moderate,car,73.7,46,minor
ACC01296,22.687930470722506,76.07539671872027,2024-12-28,20:52:27,clear,highway,night_unlit,low,car,95.0,60,severe
ACC01297,22.44992819623987,75.79034294117068,2023-09-14,17:01:18,rain,urban,night_lit,moderate,truck,75.4,40,severe
ACC01298,23.003957332813382,75.93277973472165,2024-10-31,07:29:23,clear,urban,dusk_dawn,heavy,motorcycle,68.3,37,minor
ACC01299,22.822358876471917,75.8240574266848,2026-03-26,21:26:29,cloudy,urban,night_lit,low,motorcycle,57.6,44,minor
ACC01300,22.70949807117808,75.91482310175577,2026-02-26,20:52:37,clear,urban,night_lit,low,auto,55.9,34,moderate
ACC01301,22.664287339587688,76.09486692968049,2025-07-20,20:02:59,cloudy,highway,night_lit,heavy,bus,60.9,88,moderate
ACC01302,22.882352789468758,75.93629893145271,2024-08-15,14:13:20,cloudy,highway,night_unlit,heavy,car,137.6,80,fatal
ACC01303,22.63870248996607,75.59398781917855,2022-02-15,08:28:10,cloudy,rural,night_lit,moderate,truck,111.2,58,moderate
ACC01304,22.892238463677398,75.92809934471704,2024-04-21,18:48:58,cloudy,urban,dusk_dawn,heavy,car,43.6,49,severe
ACC01305,22.801329292858636,76.04492956149635,2025-09-06,12:27:08,storm,urban,daylight,moderate,truck,47.4,50,minor
ACC01306,22.756702288823103,75.82676057450028,2025-10-19,11:38:54,heavy_rain,highway,night_unlit,heavy,car,90.7,62,fatal
ACC01307,22.74182722080034,76.00934522091768,2025-06-23,12:10:08,clear,highway,daylight,low,car,79.8,95,minor
ACC01308,22.69375479449287,75.7564826688272,2026-06-08,15:56:21,clear,urban,night_unlit,moderate,auto,28.5,39,fatal
ACC01309,22.87684601803139,75.63716912607165,2024-04-28,10:47:59,clear,rural,daylight,moderate,motorcycle,28.2,44,severe
ACC01310,22.590198575184722,75.8811753528249,2022-06-30,17:02:09,clear,urban,daylight,moderate,car,77.3,42,severe
ACC01311,22.476711230975468,75.59652849188805,2024-03-26,16:42:09,clear,urban,night_lit,moderate,bus,55.4,50,severe
ACC01312,22.81216601843387,75.82403434806596,2023-06-08,14:07:36,heavy_rain,urban,daylight,moderate,car,42.8,56,minor
ACC01313,22.81468574921007,76.05302633939682,2025-10-03,05:33:11,fog,urban,night_unlit,moderate,car,32.1,52,moderate
ACC01314,22.792036172876763,75.57353556413806,2025-06-30,21:42:01,clear,rural,night_lit,low,motorcycle,130.4,55,minor
ACC01315,22.781159255442706,75.66807548061291,2023-11-29,12:55:41,rain,highway,night_lit,moderate,truck,128.3,72,minor
ACC01316,22.671918943249366,75.70519516322577,2023-09-30,13:04:57,rain,rural,daylight,heavy,truck,77.8,44,moderate
ACC01317,22.838122405657828,75.85050202104335,2022-09-19,13:17:45,clear,highway,dusk_dawn,moderate,motorcycle,76.5,91,moderate
ACC01318,22.71316628098682,75.80514248215307,2022-03-12,11:41:57,heavy_rain,highway,night_lit,moderate,motorcycle,73.7,88,severe
ACC01319,22.64693296587772,76.06987045725441,2023-05-29,17:15:31,storm,highway,daylight,low,motorcycle,97.7,82,severe
ACC01320,22.673216303161688,76.00315224936375,2023-01-31,01:42:36,fog,highway,night_unlit,low,motorcycle,96.7,75,severe
ACC01321,23.023095954816373,75.93429094191029,2023-03-12,20:11:58,rain,highway,night_unlit,heavy,car,130.8,96,moderate
ACC01322,22.459753587693186,75.88184454715159,2026-06-28,07:09:30,clear,highway,night_unlit,heavy,car,139.7,63,fatal
ACC01323,22.794968215644367,75.91898446654773,2025-01-23,23:32:02,clear,highway,night_lit,moderate,truck,80.7,67,moderate
ACC01324,22.46813343585644,75.730702646703,2024-06-24,16:41:14,storm,highway,night_lit,moderate,truck,76.0,80,severe
ACC01325,22.703764999251554,75.9885815530335,2022-10-21,06:12:37,clear,highway,dusk_dawn,low,motorcycle,97.4,60,minor
ACC01326,22.65495587722687,75.69319336184611,2025-10-13,15:52:51,cloudy,highway,night_lit,moderate,car,95.3,68,severe
ACC01327,22.407245755498018,75.98530654908534,2024-11-24,10:52:36,clear,rural,night_lit,moderate,motorcycle,128.9,48,minor
ACC01328,22.778355638565063,76.03792137531782,2024-04-25,21:04:24,cloudy,urban,night_lit,moderate,car,44.4,57,severe
ACC01329,22.66299429067117,75.89162969031321,2024-02-05,18:18:19,clear,highway,dusk_dawn,low,motorcycle,125.8,64,moderate
ACC01330,22.405119048615813,75.8335680411557,2024-06-26,14:33:40,rain,urban,night_unlit,low,motorcycle,30.1,34,moderate
ACC01331,22.845935213616137,75.92004648624645,2025-10-10,12:29:53,cloudy,urban,night_lit,heavy,motorcycle,67.9,39,minor
ACC01332,22.935250926698338,75.4307722444849,2025-03-28,23:15:16,cloudy,highway,night_unlit,moderate,car,67.7,96,minor
ACC01333,22.943518651344483,75.90533873277282,2024-03-07,17:31:33,clear,urban,dusk_dawn,heavy,auto,63.3,56,minor
ACC01334,22.77384346609772,75.84299690032402,2025-01-01,14:57:25,cloudy,highway,daylight,moderate,car,72.8,61,moderate
ACC01335,22.726908720786565,75.85240578304145,2026-03-07,12:18:14,rain,urban,dusk_dawn,heavy,car,64.8,36,moderate
ACC01336,22.919223493134368,75.96597987693467,2023-06-20,10:13:24,heavy_rain,urban,dusk_dawn,low,motorcycle,61.1,51,moderate
ACC01337,22.972357537801013,75.8487846617653,2026-01-18,17:44:05,rain,urban,daylight,low,truck,73.6,32,severe
ACC01338,22.890035305431343,75.68896897150232,2024-09-23,16:34:31,cloudy,highway,daylight,moderate,truck,76.3,64,minor
ACC01339,22.57876935966553,75.8387895993762,2022-11-01,19:41:06,rain,highway,dusk_dawn,moderate,motorcycle,66.6,95,fatal
ACC01340,22.750201727982237,75.87013332261212,2026-05-07,15:38:28,cloudy,rural,dusk_dawn,low,motorcycle,139.4,70,moderate
ACC01341,22.785927421643713,75.87724008673715,2025-01-31,16:45:53,cloudy,urban,night_lit,moderate,motorcycle,30.9,60,minor
ACC01342,22.448557454662414,75.88428790509276,2023-09-26,14:43:08,rain,urban,daylight,low,car,51.5,39,moderate
ACC01343,22.790404098943114,76.01590535673778,2022-12-19,18:36:15,clear,expressway,dusk_dawn,low,car,65.2,90,moderate
ACC01344,23.060948773896907,75.69709481704487,2026-02-12,12:27:43,cloudy,urban,daylight,heavy,motorcycle,57.0,54,severe
ACC01345,22.81599042487012,75.88635506842472,2025-09-13,19:27:54,rain,highway,night_lit,moderate,motorcycle,101.2,63,minor
ACC01346,22.941011962216262,76.05348945479274,2022-03-15,10:15:57,clear,rural,night_lit,moderate,truck,116.4,60,moderate
ACC01347,22.747437209519305,75.59980827545942,2024-11-09,17:26:07,rain,highway,dusk_dawn,low,auto,131.2,71,moderate
ACC01348,22.709017251402425,75.88694700211701,2022-07-08,20:36:14,clear,urban,night_unlit,heavy,motorcycle,78.9,54,fatal
ACC01349,22.777190708512144,75.77219322470404,2023-04-28,18:42:59,cloudy,urban,dusk_dawn,heavy,truck,41.8,53,minor
ACC01350,22.597626002802333,75.80439344232903,2024-07-21,11:46:30,rain,highway,daylight,low,auto,125.8,82,moderate
ACC01351,22.57543372191484,75.72427887451784,2023-02-14,17:22:50,clear,highway,night_lit,moderate,car,75.4,62,minor
ACC01352,22.909945683575405,75.83456739264493,2024-04-21,08:43:00,clear,urban,dusk_dawn,moderate,motorcycle,36.6,38,minor
ACC01353,22.925851351429976,76.13618834216403,2023-12-07,05:26:06,cloudy,urban,night_unlit,low,truck,23.5,30,moderate
ACC01354,22.571334052661896,75.67033544582341,2024-08-12,18:21:12,clear,highway,dusk_dawn,moderate,motorcycle,71.5,68,minor
ACC01355,22.865199820683078,75.68455849962818,2025-08-07,19:09:05,clear,highway,dusk_dawn,low,bus,109.0,97,moderate
ACC01356,22.706956003659094,75.66470981447547,2022-09-12,02:15:53,rain,urban,daylight,low,motorcycle,78.2,60,minor
ACC01357,22.770971286173562,76.11911274299422,2025-07-31,21:40:48,clear,rural,night_unlit,moderate,bus,133.0,67,fatal
ACC01358,22.789032795915258,75.7906490441718,2023-01-01,13:12:23,cloudy,rural,night_unlit,moderate,car,56.0,69,severe
ACC01359,22.869152570218645,75.85615414094785,2022-02-24,20:04:04,clear,urban,daylight,moderate,truck,35.2,43,minor
ACC01360,22.732407730279476,75.79958255883406,2024-01-04,18:16:06,clear,urban,dusk_dawn,low,car,26.7,51,minor
ACC01361,22.93152429929529,75.71833656823954,2023-05-12,20:59:15,clear,urban,night_lit,moderate,car,73.8,39,moderate
ACC01362,22.766411925963986,75.82472740300783,2022-10-30,19:08:43,fog,highway,dusk_dawn,heavy,car,86.3,95,severe
ACC01363,22.81362764087043,76.22873654086048,2023-11-26,22:08:48,cloudy,highway,night_lit,moderate,motorcycle,100.4,86,moderate
ACC01364,22.595010611269412,76.06881063814613,2025-11-27,16:24:32,clear,highway,night_lit,moderate,car,117.3,67,minor
ACC01365,23.043798851605725,75.73205932733116,2024-08-19,08:22:54,cloudy,rural,daylight,moderate,car,94.6,68,moderate
ACC01366,22.790473738480745,75.95713611545925,2025-04-10,12:55:55,cloudy,urban,night_unlit,heavy,motorcycle,75.9,60,severe
ACC01367,22.826949613801762,75.73527158410005,2022-09-03,18:14:46,cloudy,highway,dusk_dawn,moderate,motorcycle,131.9,99,minor
ACC01368,22.47877212831827,75.59354485417306,2022-05-05,08:25:04,clear,urban,dusk_dawn,low,motorcycle,52.5,53,minor
ACC01369,15.482926637649694,74.93167060508688,2023-07-05,21:17:53,clear,highway,night_lit,low,motorcycle,74.9,79,moderate
ACC01370,15.504013926996533,75.04942093089798,2025-06-25,08:14:54,cloudy,urban,daylight,moderate,bus,36.3,50,severe
ACC01371,15.486907837657185,75.00530712460733,2025-12-25,20:19:33,cloudy,urban,night_lit,heavy,truck,49.7,50,minor
ACC01372,15.259520212617064,75.18946127533106,2022-06-17,14:15:35,rain,rural,night_lit,low,motorcycle,27.1,65,minor
ACC01373,15.304983639899703,75.17583702878537,2024-02-22,19:43:46,cloudy,rural,dusk_dawn,moderate,truck,41.7,61,minor
ACC01374,15.442464833048719,75.26406981189031,2023-10-14,22:47:35,rain,rural,night_unlit,moderate,bus,113.8,71,fatal
ACC01375,15.388724405602217,75.2428575599069,2025-05-06,12:10:20,cloudy,highway,daylight,moderate,motorcycle,65.6,75,minor
ACC01376,15.270954379305444,75.3011219184042,2022-12-04,17:29:41,cloudy,urban,daylight,moderate,car,26.7,32,severe
ACC01377,15.087139226982275,75.12971223999864,2024-03-07,08:15:47,cloudy,rural,night_lit,moderate,car,85.7,75,moderate
ACC01378,15.347081279121301,75.1755200351225,2025-10-27,18:52:08,clear,highway,dusk_dawn,moderate,motorcycle,78.2,90,moderate
ACC01379,15.491851445885416,75.20672705528787,2024-02-03,19:06:40,fog,rural,dusk_dawn,heavy,auto,65.5,73,minor
ACC01380,15.150361756644877,75.15124850460865,2025-07-06,10:24:10,clear,expressway,daylight,heavy,car,104.3,99,moderate
ACC01381,15.425813907251397,75.07042085351243,2024-10-18,02:19:34,cloudy,urban,night_lit,moderate,motorcycle,28.0,45,minor
ACC01382,15.379731254270053,75.08013361984904,2024-09-07,13:21:06,cloudy,highway,night_lit,moderate,car,67.2,88,moderate
ACC01383,15.44252223948485,75.0073662402505,2023-03-02,08:56:59,heavy_rain,highway,night_unlit,heavy,motorcycle,86.2,62,moderate
ACC01384,15.460796324957851,75.19324252448646,2026-06-18,19:32:40,clear,urban,dusk_dawn,heavy,bus,48.8,38,minor
ACC01385,15.225830213711196,75.11589772388722,2023-02-15,09:22:28,heavy_rain,rural,night_lit,moderate,truck,75.2,57,minor
ACC01386,15.087456089975259,75.03052393740448,2026-03-09,21:48:30,clear,highway,night_lit,moderate,auto,84.4,85,moderate
ACC01387,15.249972071147567,75.03066327710131,2026-06-13,22:46:37,clear,highway,night_unlit,low,motorcycle,68.8,100,severe
ACC01388,15.463369097629052,74.94844019083257,2024-04-19,20:08:07,heavy_rain,highway,night_unlit,moderate,truck,138.4,87,fatal
ACC01389,15.248699414471105,75.27682620118557,2025-11-27,16:27:30,clear,urban,daylight,moderate,bus,70.6,41,moderate
ACC01390,15.225893501421353,75.14179265042976,2025-03-20,09:24:42,cloudy,rural,daylight,low,truck,112.3,45,severe
ACC01391,15.056797448711304,75.00057999706401,2025-04-26,18:26:15,cloudy,urban,night_unlit,moderate,auto,28.7,46,minor
ACC01392,15.59289713318264,75.2512821624403,2022-04-23,17:20:28,fog,urban,night_unlit,heavy,car,58.6,33,fatal
ACC01393,15.453857046213797,75.04593267853085,2022-08-14,22:49:19,rain,urban,night_lit,low,car,40.0,54,minor
ACC01394,15.445484397191215,74.91902490594816,2022-04-25,11:59:09,clear,urban,daylight,moderate,car,23.4,39,moderate
ACC01395,15.475158808016921,75.28318334338286,2022-02-19,05:01:58,rain,urban,night_lit,heavy,bus,35.1,44,minor
ACC01396,15.41650625423151,75.04943545156507,2025-10-04,23:51:35,clear,highway,night_lit,heavy,car,128.4,91,moderate
ACC01397,15.29335067172307,75.06866513646868,2022-10-16,19:51:23,cloudy,highway,dusk_dawn,moderate,truck,107.4,87,moderate
ACC01398,15.30543538438167,75.13617700305237,2022-01-11,08:21:20,rain,rural,dusk_dawn,low,motorcycle,21.5,53,severe
ACC01399,15.265865345311182,75.30138838341851,2026-03-20,17:29:40,rain,urban,night_lit,moderate,truck,24.1,48,minor
ACC01400,15.72521111316225,75.13300559362995,2023-04-03,00:06:06,rain,highway,night_unlit,moderate,truck,130.7,73,fatal
ACC01401,15.413386804694916,74.95013243107822,2025-09-02,15:21:34,rain,urban,night_lit,moderate,motorcycle,31.3,33,minor
ACC01402,15.260429933797285,75.21158155061683,2026-04-27,11:14:13,cloudy,urban,night_lit,moderate,car,38.3,39,minor
ACC01403,15.399824516124943,75.05725154136074,2024-05-08,11:54:53,fog,highway,daylight,heavy,motorcycle,82.8,68,minor
ACC01404,15.178369662321552,75.41318859572941,2026-03-02,09:06:47,clear,urban,daylight,moderate,auto,30.4,36,minor
ACC01405,15.555676007788383,75.12983204170031,2026-05-10,09:20:45,clear,highway,night_lit,heavy,car,127.6,79,moderate
ACC01406,15.230839635628929,74.7947446753152,2022-08-25,13:28:08,rain,rural,night_unlit,heavy,car,32.5,80,minor
ACC01407,15.40516281489337,75.18360474582335,2022-08-29,09:58:04,clear,urban,night_unlit,moderate,bus,44.2,33,fatal
ACC01408,15.48989664446147,75.42168966883904,2023-08-31,13:49:27,cloudy,rural,daylight,low,car,87.2,68,severe
ACC01409,15.387715281630749,75.3663880432818,2024-07-07,15:56:21,rain,rural,night_lit,heavy,car,95.9,46,moderate
ACC01410,15.344170498772947,75.40464314331348,2025-07-14,17:18:43,cloudy,rural,night_lit,heavy,bus,67.5,55,moderate
ACC01411,15.331620312728402,74.97703597219278,2022-10-28,17:16:42,clear,highway,daylight,moderate,truck,114.3,72,moderate
ACC01412,15.321533835466933,75.26682285939651,2022-11-14,09:34:23,clear,highway,night_lit,low,car,78.7,66,minor
ACC01413,15.243495226660874,75.0217008190395,2023-05-19,04:20:09,clear,rural,night_unlit,moderate,auto,21.4,70,moderate
ACC01414,15.262577485534544,75.16364340991254,2023-03-22,19:00:19,clear,rural,dusk_dawn,low,truck,117.0,78,moderate
ACC01415,15.55193855604764,74.93905713568904,2026-03-24,20:48:30,clear,rural,daylight,heavy,car,101.0,63,minor
ACC01416,15.313719505097227,75.03333163526759,2023-10-13,22:05:15,rain,expressway,night_unlit,low,motorcycle,113.9,96,fatal
ACC01417,15.212130559592584,75.02856299539545,2025-11-26,22:11:19,clear,urban,daylight,moderate,bus,20.2,51,moderate
ACC01418,15.252555360470774,75.26478329202139,2022-04-02,16:56:14,rain,urban,daylight,moderate,truck,21.7,30,severe
ACC01419,15.495055602104584,75.25010786825044,2022-06-17,20:43:03,storm,rural,night_lit,moderate,motorcycle,83.9,75,severe
ACC01420,15.431340994974672,75.17152295939962,2025-08-12,13:38:36,clear,highway,daylight,heavy,motorcycle,100.9,85,moderate
ACC01421,15.41404937673484,74.92743678729168,2023-02-14,18:07:59,storm,rural,dusk_dawn,low,car,90.3,61,severe
ACC01422,15.291371820163532,75.08325408490754,2022-05-16,22:15:57,clear,rural,night_lit,low,motorcycle,96.0,72,moderate
ACC01423,15.416004370525942,75.01808252755859,2024-09-03,18:12:55,cloudy,urban,dusk_dawn,low,car,65.9,34,severe
ACC01424,15.233465831257403,75.26045136350417,2022-08-30,12:38:39,storm,urban,daylight,low,truck,66.6,58,moderate
ACC01425,15.291057895298135,75.30672772792258,2022-04-11,11:30:44,rain,urban,night_unlit,moderate,car,43.0,49,minor
ACC01426,15.475470673108761,75.28845783790463,2023-10-29,09:21:03,clear,expressway,daylight,low,car,99.8,86,severe
ACC01427,15.46114165183786,75.01671708708744,2024-06-22,11:44:12,clear,highway,night_lit,moderate,car,134.4,76,severe
ACC01428,15.18271352310738,74.71907003165657,2024-05-15,19:46:42,clear,highway,dusk_dawn,moderate,truck,91.1,88,moderate
ACC01429,15.201671032063715,74.86495571528049,2024-08-17,17:44:59,fog,urban,daylight,heavy,motorcycle,79.0,36,moderate
ACC01430,15.346305322922012,75.34324404671233,2022-02-08,09:06:54,clear,rural,night_unlit,low,motorcycle,132.2,76,fatal
ACC01431,15.588919856200427,75.06981175910202,2023-04-23,17:36:37,cloudy,urban,night_lit,heavy,motorcycle,36.4,53,minor
ACC01432,15.042665225329651,75.01739130726023,2023-07-18,11:12:06,clear,urban,night_lit,heavy,motorcycle,64.8,58,severe
ACC01433,15.371749940935576,75.37639904401543,2023-04-27,15:16:57,clear,highway,daylight,moderate,bus,133.4,72,minor
ACC01434,15.123593500264027,75.31977399182324,2024-07-06,11:58:19,cloudy,urban,daylight,heavy,car,46.6,41,fatal
ACC01435,15.234850350971168,75.13366730828797,2023-01-12,14:24:02,clear,rural,daylight,moderate,car,44.9,64,minor
ACC01436,15.275335737290364,75.0859895363404,2024-11-03,17:47:46,cloudy,urban,daylight,low,bus,40.5,30,moderate
ACC01437,15.266923748484466,75.11018481807803,2026-03-17,17:14:10,cloudy,urban,night_unlit,heavy,motorcycle,37.3,45,severe
ACC01438,15.249930609051118,75.16407441975811,2024-12-20,18:58:18,cloudy,urban,dusk_dawn,heavy,motorcycle,33.8,43,minor
ACC01439,15.331081059056455,75.37000709219794,2023-10-01,12:16:40,cloudy,urban,daylight,moderate,car,59.8,37,severe
ACC01440,15.249711665005414,75.19337011363558,2023-12-15,17:10:57,clear,urban,daylight,low,bus,21.8,45,moderate
ACC01441,15.110631392271877,75.23890435495586,2024-08-19,09:19:54,rain,rural,daylight,low,auto,97.5,72,minor
ACC01442,15.446980441878416,75.30539051636052,2025-04-03,14:10:09,cloudy,urban,daylight,moderate,motorcycle,74.3,41,moderate
ACC01443,15.442930825072333,74.95454859984633,2023-05-11,16:35:10,cloudy,urban,daylight,heavy,car,35.3,42,minor
ACC01444,15.4564761465034,75.2432292838711,2022-03-05,17:08:48,clear,urban,night_unlit,low,car,48.9,38,fatal
ACC01445,15.098889825560388,75.08581468680076,2025-02-27,20:12:19,clear,rural,night_lit,moderate,car,80.3,48,moderate
ACC01446,15.374837722887623,74.75258572063409,2024-12-22,10:42:04,rain,highway,daylight,heavy,motorcycle,126.3,68,severe
ACC01447,15.431396828371039,74.81077456870213,2022-06-16,19:02:35,heavy_rain,highway,dusk_dawn,moderate,motorcycle,93.8,72,severe
ACC01448,15.175319689734062,74.97728235827219,2024-10-25,10:26:39,clear,urban,night_lit,moderate,motorcycle,43.4,33,fatal
ACC01449,15.33137598722732,75.20968348428889,2022-04-28,15:41:59,clear,expressway,daylight,moderate,car,122.0,90,moderate
ACC01450,15.312560003203446,75.14706993480104,2024-11-21,19:26:29,clear,urban,dusk_dawn,low,car,76.9,40,minor
ACC01451,15.606322598785239,75.15765500607634,2025-05-07,17:01:47,rain,urban,night_lit,moderate,auto,30.1,57,minor
ACC01452,15.618674405551886,75.422641522403,2022-01-26,19:09:32,clear,urban,dusk_dawn,low,car,41.9,57,minor
ACC01453,15.08034654100047,74.93963655777102,2025-04-08,19:58:55,storm,highway,night_lit,moderate,auto,69.2,60,severe
ACC01454,15.7040890508592,75.12588499687244,2022-07-17,09:46:29,clear,expressway,daylight,moderate,motorcycle,100.1,98,fatal
ACC01455,15.192716141827,75.17566532842207,2023-03-12,23:21:40,storm,urban,night_lit,heavy,car,59.7,58,minor
ACC01456,15.477100994149113,75.01955903251924,2025-03-03,21:52:57,clear,rural,night_lit,moderate,motorcycle,89.6,42,minor
ACC01457,15.47557469712956,75.13424901176244,2023-08-06,12:00:52,clear,rural,daylight,heavy,auto,78.0,60,minor
ACC01458,15.180646465973728,74.89000759988734,2026-05-24,05:02:24,clear,urban,night_unlit,heavy,truck,37.0,37,moderate
ACC01459,15.403990169075865,75.34148593259125,2026-04-21,10:53:30,clear,highway,night_unlit,heavy,car,65.0,91,moderate
ACC01460,15.31386993836009,75.02775781712043,2026-06-09,19:40:35,storm,highway,dusk_dawn,moderate,car,75.7,88,fatal
ACC01461,15.413149500694859,75.43471002471676,2022-06-21,21:35:07,cloudy,highway,daylight,moderate,motorcycle,88.6,92,minor
ACC01462,15.364600845357094,75.12512885141238,2022-10-17,19:20:14,clear,expressway,night_unlit,heavy,car,67.4,88,moderate
ACC01463,15.509450922805538,75.28420803480988,2022-10-28,12:49:42,storm,rural,daylight,heavy,car,68.7,65,severe
ACC01464,15.34130993147191,75.12200456965132,2024-08-19,05:36:04,clear,urban,night_lit,moderate,bus,52.7,53,minor
ACC01465,15.304818889586054,75.12538842516092,2023-12-08,14:26:36,clear,rural,daylight,low,truck,31.6,52,severe
ACC01466,15.494409634958577,75.04239560001669,2025-05-09,11:22:29,clear,highway,dusk_dawn,low,truck,131.3,87,moderate
ACC01467,15.41705939472879,75.14786858940494,2023-04-09,07:21:29,cloudy,highway,dusk_dawn,low,motorcycle,130.0,75,severe
ACC01468,15.439772009148133,75.1776998041621,2022-11-24,07:34:50,heavy_rain,highway,dusk_dawn,low,car,60.3,96,fatal
ACC01469,15.230311999161211,75.01236122366272,2024-12-01,07:39:16,clear,rural,night_unlit,heavy,car,67.6,60,fatal
ACC01470,15.17321058279023,75.11124333762102,2024-10-10,08:48:47,rain,highway,daylight,moderate,truck,68.0,64,moderate
ACC01471,15.244841678512095,75.03848517009143,2025-02-07,18:24:47,clear,highway,night_unlit,moderate,motorcycle,135.2,85,fatal
ACC01472,15.236876792147912,75.47494961044222,2023-05-28,11:15:59,clear,highway,daylight,low,motorcycle,60.2,61,severe
ACC01473,15.447929890297937,75.11654038451326,2024-05-14,13:33:49,rain,urban,daylight,heavy,car,21.6,30,moderate
ACC01474,15.476397607544108,75.36178482275447,2026-03-05,16:35:30,rain,urban,daylight,low,motorcycle,74.1,33,minor
ACC01475,15.30673045657014,75.10065665037884,2024-09-30,22:16:21,cloudy,highway,night_lit,low,car,136.5,90,minor
ACC01476,15.544637852823653,75.16889314623023,2026-03-12,18:04:46,clear,rural,dusk_dawn,heavy,car,113.7,58,severe
ACC01477,15.53527040906477,74.93179538925321,2023-12-13,16:19:55,clear,expressway,night_lit,moderate,bus,105.8,94,minor
ACC01478,15.36650983746008,75.06293911121982,2022-03-15,18:04:16,rain,highway,dusk_dawn,low,truck,104.4,99,severe
ACC01479,15.206716234268544,75.16158020061839,2025-06-02,17:04:22,cloudy,expressway,dusk_dawn,low,bus,62.8,89,moderate
ACC01480,15.566306497415331,75.36790057464397,2024-01-27,17:57:29,cloudy,rural,dusk_dawn,moderate,bus,29.0,56,severe
ACC01481,15.320847397345739,75.16329741665143,2022-03-11,14:46:06,clear,rural,daylight,moderate,motorcycle,74.7,71,moderate
ACC01482,15.348924779464646,75.33755805417894,2022-08-16,15:02:18,rain,highway,night_lit,low,car,89.0,85,minor
ACC01483,15.279059246159015,75.22610936653044,2023-05-29,13:20:09,clear,rural,night_unlit,moderate,motorcycle,64.6,41,fatal
ACC01484,15.19653145105542,75.3741102009197,2022-11-10,12:15:46,cloudy,urban,daylight,moderate,car,70.3,54,moderate
ACC01485,15.109704085452707,75.12114366740424,2025-01-28,09:58:29,rain,highway,daylight,moderate,truck,126.9,64,moderate
ACC01486,15.424930248533594,75.48853340659777,2024-09-30,11:26:36,clear,rural,daylight,heavy,truck,132.0,48,severe
ACC01487,15.212489841915508,75.05719056956288,2023-06-26,12:15:04,cloudy,highway,daylight,heavy,motorcycle,85.9,63,moderate
ACC01488,15.788929684349524,75.01503072487034,2022-05-20,16:38:34,cloudy,rural,night_lit,low,motorcycle,120.0,76,minor
ACC01489,15.167088962608128,74.94849207254664,2022-05-09,14:28:43,cloudy,urban,daylight,low,car,27.5,37,minor
ACC01490,15.141392628752795,75.4796537007337,2026-04-02,07:11:41,heavy_rain,urban,dusk_dawn,low,car,63.7,56,moderate
ACC01491,15.406520807342016,75.25291713589267,2023-07-21,11:18:47,cloudy,highway,daylight,low,car,132.4,86,severe
ACC01492,15.559397021845095,75.07988188999295,2022-06-26,11:07:06,clear,rural,daylight,moderate,auto,76.9,76,moderate
ACC01493,15.339688448541484,75.31735340453102,2025-03-14,17:41:32,clear,highway,daylight,low,car,101.2,79,moderate
ACC01494,15.415836363028092,75.23315382776767,2025-11-29,10:58:28,cloudy,rural,daylight,heavy,auto,84.4,53,moderate
ACC01495,15.053467887381194,75.42491912070633,2022-07-20,00:48:53,clear,urban,night_lit,heavy,motorcycle,23.7,39,minor
ACC01496,15.228373268146235,74.897825075089,2026-04-01,06:22:41,rain,highway,dusk_dawn,heavy,motorcycle,127.1,63,moderate
ACC01497,15.168957640629365,75.09019598375286,2025-04-04,14:29:57,clear,urban,daylight,moderate,car,75.4,49,severe
ACC01498,15.045743122507817,75.06062179240857,2023-02-18,08:03:01,clear,expressway,daylight,heavy,car,122.6,86,minor
ACC01499,15.347547035103583,74.8339475985387,2025-06-27,14:22:26,clear,expressway,night_lit,moderate,motorcycle,97.1,82,moderate
ACC01500,14.993575856758435,75.28904908071695,2023-11-21,15:01:42,heavy_rain,highway,night_lit,moderate,motorcycle,126.8,85,moderate
ACC01501,25.549440516629495,85.09587058769552,2024-11-09,21:44:05,rain,highway,night_lit,low,motorcycle,129.0,92,moderate
ACC01502,25.700944680747984,85.1682790027634,2022-07-28,17:54:39,cloudy,highway,daylight,heavy,car,136.9,86,severe
ACC01503,25.94396579014944,85.07033331290896,2023-02-06,03:11:13,clear,rural,night_unlit,moderate,car,63.8,59,severe
ACC01504,25.53701344622586,85.18584883400904,2025-06-23,11:40:04,heavy_rain,highway,daylight,low,car,66.1,74,fatal
ACC01505,25.526827052601426,85.25534223918294,2025-08-15,18:35:39,heavy_rain,highway,daylight,moderate,truck,124.7,100,severe
ACC01506,25.6077996254586,85.11291254104204,2022-01-18,09:25:25,clear,urban,night_unlit,low,motorcycle,27.2,59,minor
ACC01507,25.73808710294751,85.39650797706764,2022-12-19,21:44:24,rain,expressway,night_unlit,heavy,car,113.3,98,severe
ACC01508,25.504993046203477,85.16587239269502,2024-09-24,15:40:19,heavy_rain,highway,daylight,moderate,truck,116.0,73,severe
ACC01509,25.49535576043018,85.17057280791653,2026-01-27,06:16:41,clear,rural,daylight,heavy,car,135.6,80,minor
ACC01510,25.748578390536206,84.99365034582294,2025-01-12,09:47:37,clear,highway,daylight,heavy,truck,134.2,100,moderate
ACC01511,25.646795898575704,85.19277486118256,2025-03-06,20:39:40,cloudy,urban,night_lit,moderate,motorcycle,41.5,46,moderate
ACC01512,25.283290760549278,85.10989591687859,2023-10-01,23:18:47,cloudy,urban,night_unlit,heavy,truck,71.5,54,severe
ACC01513,25.406191230079635,85.0387640405994,2022-03-31,19:44:36,rain,expressway,dusk_dawn,heavy,car,63.1,91,severe
ACC01514,25.815185379574082,85.01352883877775,2025-06-11,10:38:04,cloudy,rural,night_lit,low,truck,131.4,58,severe
ACC01515,25.65028924246182,85.5307645069635,2025-08-05,18:07:09,clear,highway,daylight,low,truck,120.4,61,minor
ACC01516,25.475670610344412,85.09047841247315,2023-12-29,08:09:59,clear,urban,daylight,moderate,car,32.4,59,minor
ACC01517,25.564438551414753,84.91145218688281,2024-04-11,11:19:17,rain,highway,daylight,moderate,car,90.0,63,minor
ACC01518,25.591985500920252,85.02526678104012,2023-01-21,17:02:25,clear,highway,daylight,heavy,truck,108.3,99,severe
ACC01519,25.700360004042025,85.12226482407857,2024-01-14,22:24:22,clear,expressway,night_lit,moderate,motorcycle,78.9,92,minor
ACC01520,25.386260490771182,85.21200005489247,2023-02-02,13:27:59,clear,urban,night_lit,heavy,motorcycle,75.7,43,moderate
ACC01521,25.46385762919943,85.2132194782588,2023-11-22,14:46:49,rain,rural,daylight,moderate,car,102.7,73,minor
ACC01522,25.63094336322951,85.23149218276647,2022-08-09,08:10:29,clear,highway,night_lit,moderate,car,83.3,65,moderate
ACC01523,25.575024812925683,85.0332709540044,2024-09-23,12:34:40,clear,rural,night_unlit,moderate,truck,71.8,44,severe
ACC01524,25.675778877395505,85.18106606652523,2023-02-11,05:39:33,rain,rural,daylight,heavy,car,130.2,72,minor
ACC01525,25.40557389039606,84.9985910803834,2025-04-04,19:26:38,clear,urban,daylight,moderate,car,60.0,45,moderate
ACC01526,25.6435693014407,85.03705355254789,2024-04-30,02:54:57,rain,highway,night_lit,moderate,car,109.3,79,moderate
ACC01527,25.75373754290662,84.99234365382496,2026-01-11,17:19:40,clear,rural,daylight,moderate,truck,124.9,60,moderate
ACC01528,25.663022782072392,84.95174167181025,2022-12-30,09:24:06,rain,rural,daylight,moderate,car,71.6,64,fatal
ACC01529,25.61086676096424,85.2896314233287,2023-03-25,13:00:30,clear,highway,dusk_dawn,low,motorcycle,89.5,87,minor
ACC01530,25.575617459615103,85.23329175514682,2023-02-04,09:24:49,clear,expressway,daylight,heavy,motorcycle,83.8,80,fatal
ACC01531,25.464772327084276,85.27649980549671,2024-11-01,12:01:02,clear,rural,daylight,low,motorcycle,64.0,53,severe
ACC01532,25.579200211134033,85.13589695990363,2022-06-25,15:59:21,fog,highway,daylight,low,car,62.9,66,moderate
ACC01533,25.77895587793206,85.24652115482976,2025-01-31,16:14:12,rain,urban,night_lit,heavy,car,48.5,45,minor
ACC01534,25.57214572400998,84.86580658930362,2025-09-06,21:48:43,clear,highway,night_lit,moderate,car,72.2,66,minor
ACC01535,25.456529401597738,85.2594631277068,2025-01-13,10:07:08,clear,urban,night_lit,moderate,bus,27.3,51,moderate
ACC01536,25.51616293668519,85.15656797450075,2022-08-10,16:16:37,clear,rural,night_lit,moderate,truck,36.6,74,minor
ACC01537,25.62012754459139,85.22406644002237,2024-03-20,20:07:03,clear,rural,night_lit,low,truck,55.7,52,minor
ACC01538,25.533972900422874,85.1870034948573,2024-05-25,09:22:55,clear,highway,night_lit,low,truck,108.7,65,moderate
ACC01539,25.66279549245947,84.98194172681946,2023-10-05,19:36:19,heavy_rain,urban,dusk_dawn,heavy,car,59.4,54,severe
ACC01540,25.668426564112355,84.90529403369133,2024-02-05,22:25:24,clear,urban,night_lit,low,truck,55.3,36,moderate
ACC01541,25.723347477060695,85.02319187507256,2025-06-05,19:36:47,heavy_rain,urban,dusk_dawn,low,motorcycle,45.3,31,moderate
ACC01542,25.803533920839755,85.21473759219093,2025-10-02,15:48:22,clear,rural,dusk_dawn,heavy,truck,32.1,50,moderate
ACC01543,25.739378808655854,85.2335137122763,2023-05-08,17:02:06,rain,urban,dusk_dawn,heavy,auto,44.2,43,moderate
ACC01544,25.449864140377805,84.92480865839272,2023-06-26,14:25:54,cloudy,highway,night_lit,heavy,motorcycle,92.5,88,severe
ACC01545,25.454469833013558,84.98283509487976,2022-12-08,16:35:06,clear,highway,night_lit,low,motorcycle,62.4,87,moderate
ACC01546,25.578634278531027,85.02151464710887,2023-10-22,22:31:29,rain,rural,night_lit,low,car,36.3,56,moderate
ACC01547,25.522323696414087,85.07640424095997,2024-06-15,09:08:07,clear,highway,dusk_dawn,heavy,bus,88.1,90,moderate
ACC01548,25.41925099095586,84.9256923753721,2025-03-17,18:12:41,heavy_rain,urban,dusk_dawn,heavy,car,55.3,42,minor
ACC01549,25.52374623087405,84.91669223507897,2023-03-16,14:22:16,rain,expressway,daylight,heavy,motorcycle,89.2,93,moderate
ACC01550,25.518823059957143,85.00672470553886,2022-12-22,08:39:55,storm,rural,daylight,moderate,bus,21.8,64,fatal
ACC01551,25.48922283903582,85.14293807543375,2022-02-24,16:59:12,rain,urban,night_lit,heavy,car,44.7,47,fatal
ACC01552,25.542631577076747,84.95291084903697,2022-06-04,18:22:40,clear,highway,dusk_dawn,heavy,motorcycle,78.4,68,minor
ACC01553,25.76676762754775,85.11262947350423,2022-03-26,15:31:00,cloudy,urban,night_lit,moderate,motorcycle,61.0,31,minor
ACC01554,25.619885706187386,85.28878292242126,2022-12-07,19:18:06,rain,urban,dusk_dawn,moderate,motorcycle,46.2,35,minor
ACC01555,25.96077136140832,84.93473303938796,2025-02-15,11:02:16,clear,urban,night_lit,low,car,78.8,58,severe
ACC01556,25.61557622790295,85.09903313623842,2025-06-25,20:23:53,cloudy,highway,night_unlit,heavy,car,73.3,96,moderate
ACC01557,25.546490133909412,85.28371351006261,2026-05-17,16:20:59,clear,urban,daylight,low,motorcycle,53.2,47,severe
ACC01558,25.59061993239823,85.06725974144543,2024-06-14,18:09:36,rain,urban,night_lit,low,motorcycle,28.4,43,minor
ACC01559,25.62847379676653,85.04394954637124,2024-01-17,09:40:20,clear,expressway,daylight,moderate,auto,60.8,84,moderate
ACC01560,25.65528809357566,85.30452437214596,2026-01-16,13:15:18,clear,rural,daylight,heavy,truck,56.6,41,moderate
ACC01561,25.901506698878855,85.08406968815426,2022-08-30,20:13:12,fog,highway,night_unlit,moderate,motorcycle,110.3,80,fatal
ACC01562,25.463201930253366,85.29567425378083,2024-10-31,05:23:20,rain,highway,night_unlit,heavy,car,121.4,70,fatal
ACC01563,25.71885690872666,85.19434480866907,2025-09-05,12:57:29,clear,urban,night_unlit,low,bus,78.1,48,fatal
ACC01564,25.62116258964212,85.07857330206352,2024-04-05,18:38:41,clear,urban,dusk_dawn,moderate,car,79.1,35,minor
ACC01565,25.35433533861441,85.20195357958963,2023-03-06,18:25:13,rain,highway,dusk_dawn,moderate,auto,78.6,67,severe
ACC01566,25.705604817314214,85.1780674270769,2024-10-16,19:49:02,clear,expressway,night_lit,moderate,auto,86.0,98,fatal
ACC01567,25.780143534120587,85.28313242315036,2026-06-23,18:01:33,cloudy,expressway,dusk_dawn,moderate,auto,132.0,93,severe
ACC01568,25.461423539433387,85.04774816932024,2023-01-23,21:20:14,rain,expressway,night_unlit,moderate,car,137.3,89,moderate
ACC01569,25.588659919816205,85.13618091001725,2024-07-13,14:32:24,clear,urban,daylight,heavy,car,79.6,39,minor
ACC01570,25.331196860698846,85.1207726480593,2022-03-25,16:29:42,clear,rural,night_unlit,heavy,motorcycle,26.6,63,minor
ACC01571,25.40117903104735,85.23562222124596,2023-01-17,19:40:53,clear,rural,dusk_dawn,heavy,motorcycle,65.1,51,fatal
ACC01572,25.747204436642587,84.97622312083337,2025-06-13,17:42:32,clear,urban,dusk_dawn,heavy,motorcycle,38.3,60,moderate
ACC01573,25.520037524098885,85.28254655723568,2024-03-25,07:27:55,cloudy,highway,dusk_dawn,moderate,motorcycle,105.3,76,severe
ACC01574,25.423679553759293,85.19994931582556,2022-11-24,11:55:16,clear,highway,daylight,heavy,truck,91.9,75,severe
ACC01575,25.624419054668763,84.93246123895506,2023-07-05,15:55:42,fog,highway,night_lit,moderate,car,138.9,94,minor
ACC01576,25.511638135285345,85.31123942382207,2022-07-18,18:28:58,rain,rural,daylight,moderate,car,106.1,57,minor
ACC01577,25.51937675133367,85.46511396211966,2025-07-03,15:54:12,clear,urban,daylight,low,motorcycle,40.6,36,moderate
ACC01578,25.700898903851236,85.2802750954324,2026-03-29,18:38:44,cloudy,expressway,night_lit,moderate,car,64.7,88,minor
ACC01579,25.415739996159846,85.34404771508396,2022-06-23,19:08:28,clear,urban,dusk_dawn,heavy,truck,20.4,57,moderate
ACC01580,25.454195218097723,85.14280570724038,2023-01-26,09:07:52,clear,highway,night_lit,moderate,truck,83.6,91,minor
ACC01581,25.61311199882233,84.88077426203922,2025-11-08,16:04:18,cloudy,urban,daylight,low,bus,73.3,34,moderate
ACC01582,25.73541146861223,84.85338193232487,2025-12-13,15:12:57,clear,highway,daylight,moderate,truck,102.0,86,severe
ACC01583,25.775724045223477,85.16826230658016,2025-06-13,08:18:47,clear,expressway,night_unlit,moderate,motorcycle,79.7,82,minor
ACC01584,25.490240741945758,85.0412031788405,2025-03-20,14:04:42,clear,highway,dusk_dawn,heavy,bus,133.9,61,minor
ACC01585,25.730606545037947,84.99281355825089,2025-11-15,15:36:01,clear,highway,dusk_dawn,low,motorcycle,102.1,79,severe
ACC01586,25.472378655979437,85.1205879974047,2023-09-06,19:24:04,rain,urban,dusk_dawn,moderate,truck,62.6,45,moderate
ACC01587,25.86393140203602,85.2223377931792,2026-01-09,13:36:39,storm,rural,night_unlit,heavy,car,71.1,49,severe
ACC01588,25.41993434618704,84.91208636798568,2025-12-26,06:30:28,rain,urban,dusk_dawn,moderate,truck,36.9,55,moderate
ACC01589,25.789271821618758,85.06266835695794,2023-01-13,14:16:19,storm,highway,dusk_dawn,low,car,131.2,69,moderate
ACC01590,25.491527083977193,85.35648060246804,2022-04-30,19:36:50,cloudy,rural,daylight,heavy,car,87.6,63,minor
ACC01591,25.89198696821919,84.96870674296679,2024-05-05,15:57:28,clear,highway,night_unlit,heavy,motorcycle,86.4,83,severe
ACC01592,25.678698109327872,85.26046417807474,2025-05-30,10:19:27,heavy_rain,urban,night_unlit,moderate,car,31.2,58,minor
ACC01593,25.437597520588767,85.05729038576764,2025-10-27,21:18:19,clear,urban,night_lit,low,car,73.4,36,minor
ACC01594,25.511664228068625,85.21186906397749,2022-08-22,07:30:58,clear,highway,dusk_dawn,moderate,truck,73.2,97,minor
ACC01595,25.70717718078356,85.29459912608043,2023-09-12,10:48:21,fog,urban,daylight,moderate,motorcycle,41.3,35,severe
ACC01596,25.747896662642333,85.24119226504774,2025-06-14,13:31:15,rain,highway,daylight,moderate,truck,133.3,96,minor
ACC01597,25.57939266124133,85.26637394033207,2022-04-10,18:49:40,fog,highway,dusk_dawn,moderate,truck,98.3,87,moderate
ACC01598,25.59669874214452,84.95726096998881,2025-04-02,19:04:02,clear,urban,dusk_dawn,moderate,motorcycle,53.8,42,minor
ACC01599,25.70375295489661,85.2970489560112,2023-04-24,05:05:35,rain,highway,night_unlit,heavy,auto,123.4,68,fatal
ACC01600,25.609769764051624,85.00209603280477,2022-02-06,18:24:33,clear,highway,dusk_dawn,heavy,car,85.2,96,severe
ACC01601,25.395974271099245,85.16893126483572,2023-02-02,17:13:14,clear,urban,dusk_dawn,heavy,car,29.5,53,severe
ACC01602,25.468053896303974,85.16873692804958,2025-05-03,20:01:46,heavy_rain,rural,night_unlit,low,car,63.1,43,fatal
ACC01603,25.62526799147275,85.20276838383043,2025-11-29,20:12:02,cloudy,rural,night_unlit,moderate,truck,76.4,70,fatal
ACC01604,25.772322362474654,85.18054350140902,2022-05-14,18:16:58,rain,rural,dusk_dawn,low,car,22.9,49,moderate
ACC01605,25.832397363624306,85.00342850322129,2024-02-01,08:55:51,heavy_rain,urban,daylight,moderate,motorcycle,30.6,33,severe
ACC01606,25.706929413115716,84.92751988815564,2022-11-27,10:46:10,heavy_rain,urban,daylight,moderate,motorcycle,43.3,53,severe
ACC01607,25.633093614155456,85.26085230199426,2025-01-27,21:21:29,clear,urban,night_lit,heavy,truck,35.0,45,moderate
ACC01608,25.70232208289737,85.15787518662783,2025-07-05,16:57:11,clear,rural,daylight,moderate,truck,23.8,47,minor
ACC01609,25.48998737246897,85.30240652614367,2026-04-29,15:50:37,heavy_rain,urban,daylight,low,car,33.4,48,moderate
ACC01610,25.567015355961267,85.12329005987182,2023-08-06,20:15:21,cloudy,expressway,night_lit,moderate,car,68.8,94,severe
ACC01611,25.466380391799078,84.91922534589845,2023-05-07,20:28:29,cloudy,urban,night_unlit,moderate,truck,44.4,51,moderate
ACC01612,25.40268860839384,85.27491945215061,2023-05-24,17:55:57,clear,highway,night_lit,low,bus,110.7,85,moderate
ACC01613,25.64003235174543,85.07444440855083,2025-06-03,20:27:37,clear,rural,night_lit,moderate,car,76.4,40,minor
ACC01614,25.617826995987713,85.18130051861314,2024-01-01,07:22:52,fog,highway,daylight,low,truck,81.1,60,moderate
ACC01615,25.693147872676352,85.03288108572806,2022-02-07,18:54:37,cloudy,expressway,dusk_dawn,low,car,133.3,81,minor
ACC01616,25.671916774633868,85.37664525653504,2026-04-05,22:39:28,rain,highway,night_unlit,moderate,car,83.5,61,severe
ACC01617,25.62639664069858,84.99851527637252,2022-06-20,05:26:00,clear,urban,night_lit,heavy,car,32.6,42,minor
ACC01618,25.673492499851633,85.07938553688408,2026-03-05,08:52:05,clear,urban,daylight,heavy,truck,76.7,41,minor
ACC01619,25.58359753556588,85.14611730540459,2022-09-23,18:44:31,cloudy,highway,dusk_dawn,low,truck,82.9,95,fatal
ACC01620,25.65193370928336,84.96617265093695,2024-06-02,14:20:30,heavy_rain,rural,daylight,moderate,motorcycle,58.4,80,severe
ACC01621,25.481078339597047,85.17957792928813,2023-05-28,06:25:30,clear,highway,night_lit,heavy,truck,120.3,64,minor
ACC01622,25.64545588884587,85.37178657162012,2025-02-01,09:02:50,clear,urban,dusk_dawn,heavy,motorcycle,55.0,38,minor
ACC01623,25.690262652792903,85.05643067589594,2023-10-24,10:06:05,cloudy,highway,daylight,heavy,car,90.2,92,minor
ACC01624,25.48954778578917,85.18927142285476,2023-08-27,10:57:39,clear,rural,daylight,moderate,truck,40.0,69,minor
ACC01625,25.597774814848925,84.7175846920942,2024-02-23,20:03:44,clear,rural,night_lit,heavy,car,86.9,59,minor
ACC01626,25.496459623555594,85.12416061992727,2026-05-14,17:50:38,cloudy,highway,daylight,heavy,bus,71.4,60,minor
ACC01627,25.51102399552258,85.08304365711106,2023-02-07,18:12:14,clear,rural,night_unlit,low,truck,131.6,52,fatal
ACC01628,25.421260596734676,85.00722535963844,2022-12-27,01:32:24,cloudy,rural,night_unlit,low,truck,83.9,68,moderate
ACC01629,25.779866238774982,85.29221757044428,2022-04-19,12:43:03,clear,highway,night_unlit,heavy,motorcycle,79.1,65,fatal
ACC01630,25.74985277620801,85.08106344775642,2025-04-27,10:59:10,rain,expressway,daylight,heavy,truck,113.1,100,fatal
ACC01631,25.6706150781341,85.10337837693596,2025-01-17,19:22:48,rain,highway,dusk_dawn,moderate,car,69.9,60,moderate
ACC01632,25.88582939279157,85.07342106878164,2024-09-26,21:55:37,rain,rural,daylight,moderate,motorcycle,73.5,59,minor
ACC01633,25.56161314551474,84.84247761923524,2022-02-08,12:27:51,rain,urban,night_unlit,moderate,car,22.6,31,moderate
ACC01634,26.044764362266594,84.96020203398845,2025-07-22,22:52:41,cloudy,expressway,night_lit,heavy,motorcycle,115.7,86,fatal
ACC01635,27.314164022918035,78.10644927984568,2025-08-22,01:06:14,clear,highway,night_lit,moderate,truck,135.8,78,severe
ACC01636,26.853507402968006,78.25066818428449,2026-04-01,10:16:48,cloudy,urban,daylight,moderate,car,33.2,49,minor
ACC01637,27.055052697557645,78.07401479822755,2026-03-06,18:37:41,clear,rural,dusk_dawn,moderate,car,63.4,77,severe
ACC01638,27.110041991556535,77.9939486420199,2023-03-09,11:42:11,rain,rural,night_lit,moderate,motorcycle,77.6,70,moderate
ACC01639,27.431543280093738,77.67072243802167,2025-03-12,21:48:00,clear,urban,night_unlit,heavy,auto,46.9,51,moderate
ACC01640,27.285290564824457,77.69663294159348,2023-10-24,08:21:45,cloudy,urban,night_lit,heavy,truck,45.8,40,minor
ACC01641,27.086424420942038,78.01941143053438,2024-09-05,18:37:43,cloudy,urban,dusk_dawn,low,motorcycle,61.2,60,moderate
ACC01642,27.365677054567335,77.94629059956432,2023-06-30,08:37:05,rain,highway,dusk_dawn,low,auto,70.9,93,moderate
ACC01643,27.058922626924833,77.83412472267719,2024-12-14,08:59:27,clear,highway,daylight,low,truck,82.3,75,minor
ACC01644,27.321364970560104,78.00982988712451,2026-04-14,13:07:54,cloudy,highway,daylight,low,truck,87.3,73,fatal
ACC01645,26.96616841311155,78.01726970512617,2024-12-06,21:00:47,cloudy,highway,night_lit,moderate,motorcycle,107.0,95,minor
ACC01646,27.330988674768374,78.14166238028105,2026-02-21,16:34:49,fog,rural,daylight,moderate,motorcycle,123.9,79,minor
ACC01647,27.109079953179354,78.02049034245191,2026-03-10,16:00:23,rain,urban,night_lit,low,car,66.4,34,moderate
ACC01648,27.015724363858812,78.18425915525016,2022-07-15,01:11:07,clear,urban,night_lit,heavy,truck,54.2,56,minor
ACC01649,27.137428458038556,78.00119910443232,2026-05-03,05:30:21,rain,highway,night_lit,heavy,car,111.8,82,moderate
ACC01650,27.211601626958036,77.9826997507789,2025-09-05,06:16:41,clear,rural,night_lit,low,truck,78.8,75,moderate
ACC01651,27.095787735421144,78.15964682793708,2023-12-02,19:15:50,clear,highway,dusk_dawn,heavy,bus,137.1,87,moderate
ACC01652,27.2530930258993,77.85323386799378,2024-09-12,09:20:38,clear,highway,night_lit,moderate,motorcycle,138.7,90,moderate
ACC01653,27.08255091745039,78.42216711798993,2024-10-10,10:41:02,cloudy,rural,night_lit,moderate,car,108.4,64,minor
ACC01654,27.263055859089704,78.05628862172502,2025-07-15,16:21:35,cloudy,highway,daylight,moderate,car,85.6,90,minor
ACC01655,27.236333309305493,78.05712438792565,2025-08-11,16:47:11,cloudy,rural,daylight,low,truck,102.4,41,moderate
ACC01656,27.16086154179381,78.07876439609589,2022-06-18,12:09:36,rain,urban,dusk_dawn,moderate,car,41.4,56,severe
ACC01657,27.10379265314511,78.28157047129974,2022-01-02,00:06:24,cloudy,rural,night_lit,heavy,car,50.0,79,severe
ACC01658,27.19273111936479,78.1188761117509,2023-02-09,13:09:31,clear,highway,daylight,heavy,car,76.5,66,minor
ACC01659,27.252538061455056,77.7592416031494,2024-05-15,18:55:35,cloudy,highway,dusk_dawn,moderate,motorcycle,80.0,97,minor
ACC01660,27.479269872909743,78.21052055771513,2025-10-26,09:16:38,rain,urban,daylight,heavy,motorcycle,31.3,31,minor
ACC01661,27.31091306326973,77.94886551308325,2024-12-08,17:01:00,cloudy,urban,daylight,heavy,car,22.2,54,minor
ACC01662,27.316398492472377,78.0160732609259,2022-08-12,01:18:57,cloudy,rural,night_lit,heavy,motorcycle,100.5,50,moderate
ACC01663,27.633276829229043,77.80811190417371,2025-03-23,20:41:34,cloudy,highway,night_lit,low,motorcycle,108.8,86,moderate
ACC01664,27.247393771515178,78.07893030271859,2024-02-08,21:21:30,cloudy,urban,night_lit,low,motorcycle,23.6,35,moderate
ACC01665,27.242696526696758,77.90229385648986,2023-08-29,00:23:22,clear,highway,daylight,heavy,bus,81.5,72,minor
ACC01666,27.27560226114825,78.01502544569902,2025-06-21,13:05:06,heavy_rain,rural,daylight,heavy,car,128.8,63,minor
ACC01667,27.018655103361763,77.95738514919589,2023-05-01,12:40:37,clear,expressway,night_lit,moderate,motorcycle,125.2,99,severe
ACC01668,27.103414754537187,78.28875192026038,2024-10-12,19:13:21,clear,highway,dusk_dawn,heavy,car,97.0,86,moderate
ACC01669,27.094074609996152,78.29733904502184,2022-10-27,15:05:54,rain,highway,night_unlit,moderate,car,60.9,62,severe
ACC01670,27.267142096582937,78.00697697553221,2023-09-19,16:42:39,rain,rural,night_unlit,low,motorcycle,75.9,71,minor
ACC01671,27.143873815666822,78.00959665670533,2024-07-04,08:56:26,cloudy,rural,night_lit,heavy,truck,39.7,50,severe
ACC01672,27.190733513821147,77.94398355504757,2024-10-20,06:36:01,cloudy,urban,night_lit,heavy,motorcycle,44.6,39,severe
ACC01673,27.333118193022273,78.16590094372542,2026-02-18,17:56:33,storm,urban,daylight,moderate,bus,20.1,51,severe
ACC01674,27.299472610805623,77.95066201945,2023-04-22,16:24:50,clear,rural,night_lit,heavy,truck,104.1,71,minor
ACC01675,27.145741849543814,77.93679940880314,2026-01-11,19:31:27,cloudy,highway,dusk_dawn,moderate,car,122.9,94,minor
ACC01676,27.069500735468267,78.14678892954974,2025-09-02,19:21:39,cloudy,expressway,dusk_dawn,moderate,motorcycle,93.8,98,fatal
ACC01677,27.34029120974798,77.9192551357025,2023-08-15,16:30:07,cloudy,rural,daylight,moderate,motorcycle,135.3,62,moderate
ACC01678,27.28608367713648,77.99433674483272,2022-08-19,15:53:24,cloudy,rural,night_unlit,moderate,motorcycle,55.0,77,severe
ACC01679,26.929061477255694,77.76280338277336,2023-02-28,20:38:47,fog,rural,night_unlit,moderate,motorcycle,45.4,44,minor
ACC01680,27.12302690916376,78.10562855176848,2024-12-16,18:01:25,clear,expressway,dusk_dawn,low,auto,139.4,89,moderate
ACC01681,27.194827319302515,78.29113004087728,2025-07-19,20:34:53,clear,highway,night_unlit,low,motorcycle,121.0,77,moderate
ACC01682,27.286824457568155,78.10818380591996,2024-10-02,23:22:24,cloudy,expressway,night_unlit,low,truck,104.8,99,severe
ACC01683,27.306515224240968,78.2192698751321,2025-04-05,12:32:48,cloudy,highway,daylight,moderate,motorcycle,69.7,62,minor
ACC01684,27.21258590017632,77.8730846795734,2022-06-16,17:33:38,rain,urban,daylight,moderate,truck,40.3,30,moderate
ACC01685,27.25778712970383,78.03544864230423,2024-04-09,17:35:56,fog,urban,night_lit,moderate,motorcycle,20.5,37,severe
ACC01686,27.179620520356725,77.8585260113446,2025-12-05,08:51:31,rain,highway,dusk_dawn,moderate,car,101.7,98,severe
ACC01687,27.068922246772917,77.9658351681628,2023-10-01,16:51:28,storm,urban,daylight,low,motorcycle,71.7,37,severe
ACC01688,27.130810341343814,78.11583172160287,2026-01-15,12:58:21,clear,urban,night_lit,heavy,motorcycle,32.7,31,minor
ACC01689,27.17284867799602,78.0152730919655,2022-07-23,13:36:39,clear,highway,night_unlit,heavy,car,109.1,77,severe
ACC01690,27.164798112497213,77.78810384660981,2026-05-27,08:17:58,clear,urban,daylight,moderate,truck,59.8,47,minor
ACC01691,26.887164064333483,77.80274563416934,2025-07-13,18:11:10,rain,highway,dusk_dawn,low,bus,128.4,87,fatal
ACC01692,27.110377499760588,77.79282541027638,2024-10-25,17:50:56,clear,urban,night_lit,moderate,bus,73.5,50,moderate
ACC01693,27.178430847963373,78.07371788849093,2024-10-10,15:54:58,clear,urban,night_lit,moderate,motorcycle,73.4,51,severe
ACC01694,27.127794501214147,78.3095841803485,2026-03-18,08:02:46,cloudy,rural,night_unlit,heavy,motorcycle,49.5,51,minor
ACC01695,27.132976430673263,78.20436873660003,2023-09-11,15:12:34,clear,rural,night_lit,low,bus,120.6,69,severe
ACC01696,27.24319870562069,77.71560222012809,2022-09-28,06:40:51,cloudy,urban,daylight,heavy,auto,69.4,52,moderate
ACC01697,27.008156421942708,78.21316139071047,2026-02-17,10:09:15,heavy_rain,highway,night_lit,heavy,car,124.9,90,severe
ACC01698,26.92579366790732,78.1404600625522,2022-06-18,11:03:38,clear,urban,night_unlit,heavy,car,58.0,42,fatal
ACC01699,27.1177745313745,77.76820500817068,2024-12-19,20:59:48,cloudy,urban,night_unlit,heavy,car,33.3,41,minor
ACC01700,27.28461716082527,77.95451975749343,2023-03-13,12:05:48,clear,highway,daylight,low,motorcycle,134.9,61,minor
ACC01701,27.423132955923,78.16432836172437,2026-03-06,16:12:35,clear,rural,night_lit,moderate,truck,23.0,76,minor
ACC01702,27.287319235864214,78.08256502664021,2026-05-18,20:59:23,clear,highway,night_unlit,low,car,116.8,75,fatal
ACC01703,26.949760436019673,77.80363574214181,2024-02-18,12:06:56,cloudy,expressway,night_unlit,moderate,truck,98.4,94,moderate
ACC01704,27.135144914093488,78.09161132336943,2024-05-25,20:47:40,cloudy,highway,night_lit,heavy,car,92.9,100,severe
ACC01705,27.208495157162233,77.67937491058791,2024-01-17,07:33:46,cloudy,rural,dusk_dawn,heavy,car,48.2,49,severe
ACC01706,27.19663866753854,77.96657667363642,2023-11-30,11:32:37,rain,highway,night_unlit,heavy,motorcycle,98.1,82,severe
ACC01707,27.250895682941433,78.17069351541001,2026-03-19,06:49:52,clear,expressway,dusk_dawn,heavy,motorcycle,84.2,91,moderate
ACC01708,27.032442658030888,78.0027591323357,2023-04-17,15:01:28,rain,rural,daylight,low,car,97.0,69,moderate
ACC01709,27.179741463132615,77.92515936750571,2026-04-25,22:03:32,rain,highway,night_unlit,heavy,car,71.3,82,moderate
ACC01710,27.23304842446642,78.13340193806586,2024-12-03,17:11:48,clear,highway,night_unlit,heavy,motorcycle,80.5,99,severe
ACC01711,27.29385064299555,78.14621277226298,2026-04-27,16:29:31,clear,urban,night_unlit,heavy,bus,45.5,56,minor
ACC01712,27.049142275008084,78.19650595393004,2024-10-02,09:57:14,clear,highway,daylight,low,bus,115.4,76,minor
ACC01713,27.118226469913566,78.13115136426696,2025-09-06,21:04:45,clear,highway,night_unlit,low,motorcycle,66.3,78,severe
ACC01714,26.764427347989,78.16220621909058,2024-03-15,13:25:22,clear,expressway,night_lit,moderate,auto,91.3,85,severe
ACC01715,27.076780704863335,78.10993628361562,2024-01-30,09:25:06,clear,urban,daylight,low,motorcycle,44.6,31,moderate
ACC01716,27.091337766054345,78.03982929736748,2023-02-27,23:11:22,heavy_rain,highway,night_unlit,low,car,74.1,80,moderate
ACC01717,27.017062323774887,78.01342634996458,2022-12-12,12:20:03,heavy_rain,urban,night_unlit,low,motorcycle,55.4,38,severe
ACC01718,27.1948418225349,77.9644110421354,2022-03-03,11:12:52,cloudy,highway,daylight,moderate,bus,115.1,96,severe
ACC01719,27.161608185193213,77.81814475604104,2023-09-22,03:08:59,rain,rural,night_lit,moderate,truck,84.2,57,severe
ACC01720,26.83111791836336,77.85670327367703,2026-06-10,08:31:15,storm,highway,daylight,low,auto,86.8,82,severe
ACC01721,27.202326195395266,77.95769782770972,2026-03-21,19:55:54,cloudy,urban,dusk_dawn,heavy,motorcycle,43.3,39,minor
ACC01722,27.03075138038165,78.03621782394036,2025-02-07,14:24:42,cloudy,highway,daylight,low,bus,101.9,86,minor
ACC01723,27.24285334387858,78.21612188970064,2023-08-20,22:38:57,rain,expressway,night_unlit,moderate,truck,126.9,91,severe
ACC01724,26.9777223128407,77.99373041581867,2024-05-04,06:40:09,fog,highway,dusk_dawn,moderate,truck,102.3,97,moderate
ACC01725,27.174500980779644,78.15052144363165,2025-05-27,16:50:03,rain,rural,night_unlit,moderate,auto,112.2,75,severe
ACC01726,27.127525500667026,78.16189734846482,2022-01-04,17:49:55,clear,urban,daylight,moderate,car,25.6,59,minor
ACC01727,27.215465282742553,77.96528298034669,2026-02-24,16:54:16,rain,rural,daylight,heavy,motorcycle,127.7,55,moderate
ACC01728,27.188704591647703,78.08920353170552,2025-11-30,15:48:35,clear,highway,daylight,moderate,car,83.9,67,severe
ACC01729,27.131725373746782,77.96347079374127,2026-05-13,16:55:54,clear,rural,daylight,low,bus,59.1,79,moderate
ACC01730,26.939559152893366,78.19832038411177,2022-06-04,17:57:20,cloudy,expressway,night_lit,moderate,motorcycle,107.7,92,moderate
ACC01731,26.94841880548085,78.09537650073989,2026-04-06,19:44:05,rain,highway,daylight,low,car,138.0,74,fatal
ACC01732,27.082416959136168,77.82142743679675,2024-10-04,10:29:47,clear,highway,night_lit,heavy,motorcycle,105.5,85,moderate
ACC01733,27.168758017410564,78.02422869782308,2024-06-30,13:18:27,clear,expressway,dusk_dawn,moderate,car,87.6,85,severe
ACC01734,27.078762807920135,78.24721682427358,2022-10-22,16:34:01,rain,urban,night_unlit,low,motorcycle,22.6,35,minor
ACC01735,27.263781789586922,77.97281534481799,2024-03-18,10:49:20,clear,rural,night_lit,heavy,car,37.9,49,minor
ACC01736,27.12811686211825,78.06715725451426,2023-08-20,08:45:31,rain,rural,daylight,heavy,auto,24.7,80,severe
ACC01737,27.025248091283075,78.08188182566087,2026-06-10,22:31:52,cloudy,highway,night_lit,moderate,motorcycle,121.6,87,severe
ACC01738,27.128285556051814,77.84450656512531,2023-07-12,08:04:13,cloudy,highway,night_lit,heavy,auto,109.6,68,minor
ACC01739,27.203878975447484,78.07660619238203,2022-12-25,09:16:31,clear,urban,night_unlit,moderate,car,44.4,50,fatal
ACC01740,27.21873270782369,77.7909247271948,2026-04-03,16:34:10,fog,urban,night_unlit,low,motorcycle,72.2,40,fatal
ACC01741,27.45175686979897,77.90615638403979,2022-11-04,06:23:17,heavy_rain,urban,dusk_dawn,heavy,auto,62.3,53,minor
ACC01742,27.06966359899949,78.16135844512412,2026-01-25,03:27:15,clear,rural,night_unlit,heavy,truck,74.5,69,minor
ACC01743,27.158978200761442,78.05351344354625,2026-05-01,05:18:31,rain,urban,night_unlit,low,car,38.3,41,moderate
ACC01744,27.233918592022917,77.95432832883802,2023-05-20,07:04:39,rain,rural,dusk_dawn,low,bus,75.4,48,minor
ACC01745,27.166486556119878,78.06696915318678,2025-02-05,12:27:06,clear,highway,night_unlit,moderate,car,137.4,64,severe
ACC01746,27.094907278101704,77.99098616283673,2025-08-01,19:26:04,cloudy,urban,dusk_dawn,heavy,car,76.1,46,severe
ACC01747,26.937611423548365,78.00188677535277,2024-05-30,11:46:43,heavy_rain,highway,night_lit,low,truck,72.6,77,moderate
ACC01748,27.09337481614205,78.09852277900802,2025-02-18,12:06:17,cloudy,highway,daylight,heavy,truck,139.0,77,severe
ACC01749,27.00894463809233,77.89089483890113,2022-08-05,16:29:37,fog,highway,daylight,low,truck,115.9,73,severe
ACC01750,26.911008997831434,78.00605046083321,2024-04-27,10:51:04,clear,expressway,daylight,heavy,car,109.1,92,moderate
ACC01751,27.050648173749412,77.95315977080901,2024-04-22,13:16:36,heavy_rain,urban,daylight,heavy,car,59.4,34,moderate
ACC01752,27.012936241885033,77.76215949380996,2024-07-19,12:18:54,storm,highway,night_lit,low,car,120.9,98,moderate
ACC01753,27.257567981793944,77.8619316365626,2026-03-31,11:05:26,clear,urban,daylight,moderate,motorcycle,70.3,60,fatal
ACC01754,27.260163775612146,78.23523096705958,2025-09-16,12:34:34,cloudy,rural,night_lit,low,car,25.1,53,minor
ACC01755,27.03441810656287,78.05770849718779,2024-09-16,01:51:17,cloudy,urban,night_lit,moderate,truck,69.4,32,minor
ACC01756,27.130965705415534,77.8014617547898,2023-10-25,20:28:17,heavy_rain,highway,night_lit,moderate,bus,72.1,68,moderate
ACC01757,26.89126360068312,77.76894684362274,2023-10-27,22:25:03,clear,highway,daylight,heavy,auto,80.5,91,fatal
ACC01758,27.095849007472598,77.9831754149834,2022-02-03,19:44:28,clear,highway,dusk_dawn,moderate,truck,69.5,97,moderate
ACC01759,27.229847285105354,78.23417797997648,2024-06-23,00:26:56,rain,urban,night_lit,moderate,car,57.3,35,minor
ACC01760,27.293740683442117,77.97198627977934,2023-02-19,18:23:06,cloudy,highway,dusk_dawn,low,motorcycle,99.4,98,fatal
ACC01761,27.063042937746303,78.1960499330106,2025-12-26,15:45:24,cloudy,urban,daylight,low,bus,76.4,43,minor
ACC01762,27.32777822907913,78.0527896156228,2025-06-24,06:17:50,cloudy,rural,dusk_dawn,moderate,car,20.5,42,minor
ACC01763,26.94264621177298,78.07068756867689,2026-02-07,21:50:29,storm,highway,night_unlit,heavy,car,101.0,95,severe
ACC01764,26.982855830128432,77.79964192360431,2026-06-24,18:16:45,clear,highway,dusk_dawn,heavy,car,132.2,65,moderate
ACC01765,21.948982151250192,75.73394717945061,2023-10-19,07:30:22,fog,rural,dusk_dawn,moderate,motorcycle,56.0,78,minor
ACC01766,16.440177910944243,77.24925152651872,2023-12-05,22:15:36,cloudy,urban,night_lit,heavy,auto,47.0,44,moderate
ACC01767,19.21464427459366,75.44034701436347,2024-09-25,07:37:59,heavy_rain,rural,dusk_dawn,low,motorcycle,56.8,46,moderate
ACC01768,25.36820859889591,73.79752190493194,2023-12-08,13:26:35,clear,rural,daylight,heavy,motorcycle,126.9,40,minor
ACC01769,22.69509713129238,75.47885486979861,2023-04-04,08:14:47,cloudy,urban,night_unlit,low,motorcycle,67.1,44,fatal
ACC01770,20.97044545166669,86.49211250927749,2025-03-07,07:44:41,rain,rural,dusk_dawn,low,bus,131.5,64,minor
ACC01771,26.162606026141457,73.36354681242446,2024-01-11,22:56:05,rain,urban,night_unlit,heavy,car,32.2,38,minor
ACC01772,22.759033155468643,77.19610630008376,2026-03-27,15:01:09,clear,expressway,night_lit,moderate,motorcycle,95.4,98,severe
ACC01773,22.283675692657525,80.45519831204217,2022-12-28,09:34:36,cloudy,rural,dusk_dawn,heavy,bus,119.4,58,minor
ACC01774,15.03629019537229,77.67220249885371,2023-12-30,18:43:20,clear,highway,dusk_dawn,heavy,auto,117.5,90,moderate
ACC01775,13.702218928198524,80.28171352030219,2024-05-22,20:43:29,clear,urban,night_lit,low,motorcycle,76.5,36,moderate
ACC01776,27.442273872918385,72.69472096374966,2026-01-30,21:13:29,rain,highway,night_lit,low,car,92.3,79,minor
ACC01777,21.581733921605643,82.37711413383005,2024-08-07,21:06:47,fog,urban,night_unlit,moderate,bus,63.8,38,severe
ACC01778,18.650934546342867,81.01566082489697,2022-04-24,20:30:59,cloudy,highway,night_unlit,moderate,bus,123.8,100,moderate
ACC01779,21.424333134563483,82.89546025367507,2023-07-09,16:38:59,clear,urban,dusk_dawn,moderate,car,36.3,45,moderate
ACC01780,12.988991377147446,81.07612505323578,2025-12-25,11:17:04,clear,urban,daylight,low,car,55.2,55,minor
ACC01781,25.15403638246571,79.00645731881062,2023-03-23,21:22:44,clear,urban,night_lit,low,car,21.3,33,severe
ACC01782,15.466328569029375,77.60226467670532,2023-07-14,07:31:43,clear,urban,night_unlit,moderate,motorcycle,51.6,47,severe
ACC01783,24.872736101087153,75.62296304159642,2022-09-05,08:27:51,rain,highway,daylight,low,car,69.3,81,fatal
ACC01784,20.550055092217768,80.0010836289058,2025-03-27,13:29:25,clear,highway,dusk_dawn,moderate,car,68.3,67,severe
ACC01785,16.425152218510444,72.41683923804011,2022-08-18,09:40:30,clear,urban,night_lit,low,truck,65.7,42,moderate
ACC01786,12.483359171873127,77.25185324958922,2023-08-27,16:59:27,rain,urban,daylight,heavy,car,41.9,33,minor
ACC01787,25.05333368522569,82.84595669703248,2025-03-14,20:47:22,clear,expressway,daylight,moderate,auto,85.8,90,minor
ACC01788,14.823362263508907,73.73947263498175,2026-01-10,14:00:14,cloudy,urban,daylight,low,motorcycle,64.4,42,minor
ACC01789,12.828881850237975,73.00625987711246,2022-12-30,15:20:38,cloudy,urban,daylight,heavy,motorcycle,63.8,58,severe
ACC01790,24.094043693214093,82.43485768466185,2023-06-30,12:00:01,clear,expressway,night_unlit,moderate,auto,139.6,88,fatal
ACC01791,17.60069155796766,78.3643955382776,2022-07-13,17:52:44,cloudy,rural,daylight,moderate,car,109.3,67,minor
ACC01792,18.2293440894664,84.8292005847901,2023-12-20,06:38:50,cloudy,highway,dusk_dawn,low,car,102.7,63,minor
ACC01793,15.953081396491504,86.99698086354118,2026-06-29,05:13:13,rain,urban,night_unlit,moderate,motorcycle,76.1,35,moderate
ACC01794,25.746855659150356,87.31264725972123,2023-05-15,16:50:12,clear,rural,night_unlit,heavy,motorcycle,101.0,59,fatal
ACC01795,16.757272417704513,78.80948566230687,2023-03-03,15:33:30,clear,urban,daylight,low,motorcycle,77.6,34,minor
ACC01796,15.363081116016382,76.22923558840051,2023-10-19,12:03:50,rain,highway,daylight,moderate,auto,112.1,88,severe
ACC01797,16.947995621378496,81.73781981987965,2026-01-11,10:09:06,clear,urban,night_lit,low,auto,32.5,59,severe
ACC01798,15.250393202678351,82.05108681485179,2024-06-17,05:48:25,clear,highway,night_lit,moderate,car,67.8,81,severe
ACC01799,17.08248353288332,81.95751897721435,2024-09-27,17:17:12,clear,urban,night_lit,moderate,car,39.4,52,moderate
ACC01800,13.326979565890769,77.1484578195021,2025-07-05,12:31:51,clear,expressway,daylight,low,motorcycle,91.2,92,minor
ACC01801,14.536480465911334,73.02002778267685,2025-03-20,13:53:52,clear,expressway,night_unlit,low,auto,134.5,90,moderate
ACC01802,18.672846134338364,75.36007742120958,2024-09-10,20:17:05,storm,urban,night_lit,moderate,car,33.5,42,fatal
ACC01803,26.071469689438022,74.47071084835574,2024-07-10,18:00:08,cloudy,rural,dusk_dawn,moderate,motorcycle,57.6,48,moderate
ACC01804,12.916651947556574,73.98240553253297,2024-05-25,08:05:09,cloudy,rural,night_unlit,heavy,car,138.4,63,fatal
ACC01805,15.40279530816049,86.82053313714516,2022-10-24,17:54:48,clear,expressway,night_lit,moderate,auto,105.6,93,moderate
ACC01806,26.53353080866554,72.22156233558349,2023-11-12,07:35:54,clear,rural,daylight,heavy,car,23.4,75,minor
ACC01807,26.240234786558744,81.62972382778115,2025-10-22,08:19:22,rain,rural,night_lit,heavy,motorcycle,102.0,44,moderate
ACC01808,22.87121333273506,87.15958073184218,2022-03-06,17:04:09,rain,highway,night_lit,low,car,64.6,73,severe
ACC01809,15.847576865523807,77.76085003990605,2025-09-21,07:41:39,storm,highway,dusk_dawn,heavy,motorcycle,128.0,75,minor
ACC01810,18.716968976892574,80.4335694267594,2024-07-18,09:02:53,clear,highway,daylight,heavy,motorcycle,68.5,91,minor
ACC01811,15.37953591100744,83.13253861560256,2023-07-29,20:05:54,clear,urban,daylight,moderate,motorcycle,43.4,51,minor
ACC01812,14.057416146003252,77.07471511453183,2022-07-07,18:35:26,rain,expressway,dusk_dawn,moderate,car,109.5,100,severe
ACC01813,18.079974312222262,79.64243180331599,2025-06-08,21:38:46,clear,expressway,night_lit,moderate,car,72.1,95,moderate
ACC01814,21.213145681125603,85.07364560532403,2022-01-02,20:34:57,clear,rural,night_unlit,low,car,139.2,51,severe
ACC01815,17.758922807436882,83.92569064448422,2024-06-10,10:54:49,clear,rural,night_lit,low,truck,117.6,75,minor
ACC01816,21.773192807455516,84.93519058388546,2022-09-24,16:16:28,clear,urban,night_lit,low,truck,22.4,48,minor
ACC01817,16.740075766068887,87.7974426180425,2026-02-01,11:33:15,rain,urban,night_unlit,moderate,car,48.9,55,minor
ACC01818,17.533608444172643,77.92523959897886,2022-10-27,17:18:22,heavy_rain,urban,daylight,moderate,car,73.2,41,moderate
ACC01819,24.650777466313755,83.95346020697237,2025-08-11,11:21:21,cloudy,highway,daylight,low,motorcycle,129.8,60,minor
ACC01820,26.053035694301727,81.64455307363173,2024-07-31,00:09:59,clear,rural,night_unlit,low,car,96.2,77,fatal
ACC01821,17.152545304496833,82.66567627553914,2022-03-09,06:47:43,rain,urban,dusk_dawn,low,truck,63.5,49,moderate
ACC01822,21.144252821524418,83.83798247732695,2025-03-28,18:42:51,cloudy,highway,dusk_dawn,heavy,motorcycle,137.9,67,minor
ACC01823,16.450596542276287,83.99570107114104,2025-12-14,06:42:46,rain,urban,dusk_dawn,heavy,truck,53.9,35,minor
ACC01824,12.85335426731884,86.17192238871712,2022-12-30,16:08:28,cloudy,urban,night_lit,low,motorcycle,35.0,41,minor
ACC01825,23.805714901766528,77.58914680377688,2026-05-10,19:07:47,fog,rural,daylight,heavy,bus,93.9,49,minor
ACC01826,14.736055731778405,82.45570169779057,2025-08-03,18:46:38,clear,rural,daylight,heavy,truck,38.4,73,fatal
ACC01827,18.811400379950676,76.4846469055497,2025-05-03,12:39:44,cloudy,highway,daylight,heavy,car,80.7,64,fatal
ACC01828,19.79272789406651,81.5130992818716,2023-07-06,08:01:18,rain,rural,night_lit,heavy,car,73.2,55,minor
ACC01829,14.951545346865695,84.01880224275085,2022-07-16,21:39:13,heavy_rain,highway,night_unlit,moderate,motorcycle,127.8,81,severe
ACC01830,13.51288561061434,84.65601737858624,2023-12-06,15:58:10,fog,urban,daylight,low,car,34.8,34,minor
ACC01831,17.568208234737128,78.72199204782596,2025-08-18,12:45:17,clear,urban,dusk_dawn,heavy,motorcycle,24.9,36,moderate
ACC01832,27.236574520805092,80.13952357122176,2024-08-21,21:16:58,rain,rural,night_lit,heavy,auto,60.4,69,moderate
ACC01833,21.842169439814743,77.34159761872277,2024-11-29,08:18:56,clear,expressway,daylight,low,car,132.5,96,moderate
ACC01834,18.102563654446442,74.7045815446341,2025-07-06,13:45:08,cloudy,highway,night_lit,moderate,truck,120.7,80,minor
ACC01835,12.622573132387439,76.16827848308051,2023-07-11,07:24:33,clear,rural,daylight,moderate,car,30.8,63,minor
ACC01836,21.60437250225731,86.59419207839719,2022-03-03,07:44:56,cloudy,rural,dusk_dawn,moderate,car,118.3,56,moderate
ACC01837,13.476122254965961,76.94351267854906,2025-12-22,12:57:45,fog,expressway,night_lit,moderate,car,122.1,84,moderate
ACC01838,20.680705136760423,87.59614933672977,2024-10-04,17:24:36,rain,highway,daylight,low,car,116.1,91,moderate
ACC01839,24.031208132347885,75.86364936344611,2024-07-17,10:34:35,cloudy,highway,night_lit,moderate,car,65.6,64,minor
ACC01840,18.777365572716583,83.56913739969671,2024-07-30,17:29:19,clear,urban,night_lit,low,auto,25.0,53,minor
ACC01841,16.79058391706439,81.18245269714937,2025-11-01,18:30:55,clear,expressway,dusk_dawn,low,motorcycle,88.5,96,severe
ACC01842,12.758147741081578,83.14992079239678,2025-06-17,20:04:04,clear,highway,night_lit,moderate,car,84.6,79,moderate
ACC01843,12.396446002585549,82.30332714574689,2025-01-05,04:59:52,clear,urban,night_lit,moderate,car,65.9,46,severe
ACC01844,18.88042511432834,83.30797733756143,2025-07-08,18:32:52,heavy_rain,expressway,dusk_dawn,moderate,auto,76.7,81,moderate
ACC01845,26.133524331247486,86.48875277496734,2023-04-19,07:13:15,cloudy,urban,daylight,low,car,76.5,33,minor
ACC01846,15.905004460691046,81.0155119369997,2025-03-14,17:34:30,clear,urban,daylight,moderate,car,70.8,31,moderate
ACC01847,21.18488809250914,73.08558052646393,2026-05-20,11:23:53,rain,expressway,daylight,low,truck,96.8,89,minor
ACC01848,22.94889311487619,76.33320695115039,2023-01-21,17:49:28,clear,urban,daylight,low,motorcycle,76.2,60,minor
ACC01849,12.973277880021783,83.33150368654022,2024-07-26,08:45:18,clear,highway,night_lit,heavy,car,80.8,76,minor
ACC01850,14.449606012854034,79.90519404761078,2025-01-23,16:22:04,clear,highway,night_unlit,moderate,truck,102.1,91,severe
ACC01851,17.300428694713073,80.77683172191499,2024-04-28,07:42:26,clear,urban,dusk_dawn,moderate,motorcycle,25.0,46,minor
ACC01852,22.721490786377128,81.54528728608466,2026-05-10,08:01:16,cloudy,highway,night_lit,moderate,motorcycle,98.5,100,minor
ACC01853,19.02456179564955,78.12206836775312,2023-10-25,16:58:51,rain,highway,night_lit,moderate,car,60.6,68,minor
ACC01854,23.747121091491927,84.38232840140569,2022-12-24,10:30:51,cloudy,highway,night_lit,low,bus,70.5,78,severe
ACC01855,25.881565849171082,83.57655814234478,2022-08-12,17:39:19,rain,urban,night_lit,moderate,motorcycle,41.3,41,minor
ACC01856,24.133956425576685,83.42879059508982,2025-10-26,17:38:12,heavy_rain,rural,daylight,heavy,car,123.1,40,moderate
ACC01857,27.875955317011986,83.44496278455911,2025-01-31,16:18:17,rain,urban,night_lit,moderate,motorcycle,34.3,35,fatal
ACC01858,24.069777099706393,86.24572802646796,2024-08-07,17:41:24,fog,rural,daylight,heavy,motorcycle,28.4,54,minor
ACC01859,25.63486712011921,81.5262844710924,2023-12-09,18:23:40,fog,expressway,daylight,heavy,bus,107.0,84,moderate
ACC01860,25.317861735440015,87.47315519195134,2023-11-05,20:40:09,rain,rural,dusk_dawn,low,car,113.8,65,moderate
ACC01861,23.684252196480745,73.90708295025021,2026-03-15,06:05:59,clear,urban,dusk_dawn,heavy,car,25.9,37,moderate
ACC01862,24.82882906649425,82.11134362550183,2025-01-22,15:08:42,clear,highway,daylight,moderate,truck,138.3,81,severe
ACC01863,26.954931645878563,83.47082473497272,2026-05-04,18:55:07,rain,urban,dusk_dawn,moderate,car,34.2,49,moderate
ACC01864,19.603318056420683,79.63552657526975,2025-08-09,08:44:18,rain,highway,daylight,moderate,car,106.1,83,moderate
ACC01865,22.212592382600697,76.61133418331099,2025-06-14,09:07:42,rain,urban,daylight,moderate,truck,58.5,32,minor
ACC01866,20.239035545164363,80.80059924337759,2024-06-28,09:12:30,cloudy,expressway,daylight,low,truck,134.4,83,moderate
ACC01867,25.61659179507317,77.83596288465124,2023-02-03,15:32:31,rain,highway,daylight,low,motorcycle,139.4,68,minor
ACC01868,18.90175364594412,86.54598513708507,2024-12-09,11:00:02,rain,highway,night_lit,moderate,motorcycle,114.8,77,minor
ACC01869,25.115628338315727,77.70867860053208,2025-03-21,17:24:24,rain,rural,night_lit,low,motorcycle,37.5,71,moderate
ACC01870,24.789673200914223,74.81131188323407,2024-05-07,16:19:36,clear,expressway,night_unlit,low,bus,107.2,100,minor
ACC01871,27.39017762189745,81.22222624264725,2022-02-03,17:08:44,cloudy,rural,night_unlit,low,truck,123.2,48,severe
ACC01872,15.9827311881187,78.33588146208591,2026-04-26,09:17:26,clear,highway,night_unlit,heavy,motorcycle,106.4,89,fatal
ACC01873,23.353912158174595,73.53437031681345,2025-09-18,18:17:33,clear,urban,dusk_dawn,low,truck,49.0,42,severe
ACC01874,24.11071196235978,81.03747761596654,2023-08-02,17:04:13,cloudy,urban,daylight,heavy,car,74.5,54,minor
ACC01875,26.98045588487465,80.60554257865122,2024-03-21,07:38:47,clear,urban,dusk_dawn,moderate,motorcycle,28.0,53,minor
ACC01876,26.5104386888885,74.77115338613112,2022-07-22,08:16:41,heavy_rain,urban,night_unlit,low,truck,61.0,42,moderate
ACC01877,21.17641378733517,81.5622107033575,2026-03-19,10:01:44,cloudy,rural,night_unlit,low,motorcycle,95.7,48,moderate
ACC01878,21.266450973823677,81.07774358171983,2023-01-14,21:01:40,rain,highway,dusk_dawn,low,motorcycle,76.1,64,minor
ACC01879,14.67665965446767,84.37780196866545,2023-09-13,10:57:59,clear,expressway,dusk_dawn,moderate,car,73.3,87,moderate
ACC01880,27.59940323878034,77.78511887748215,2023-12-05,02:07:52,rain,highway,daylight,low,motorcycle,83.9,90,minor
ACC01881,16.080279403254828,75.98015237861823,2023-03-09,07:54:48,cloudy,highway,dusk_dawn,heavy,motorcycle,86.5,93,severe
ACC01882,23.595779495220675,87.21951819153242,2024-11-08,03:09:20,cloudy,rural,dusk_dawn,moderate,bus,66.8,71,severe
ACC01883,24.732720076885002,80.9794803645246,2026-06-22,12:05:04,cloudy,urban,daylight,moderate,car,55.3,48,minor
ACC01884,19.059448073782097,72.43423934214688,2025-11-05,18:32:00,cloudy,urban,dusk_dawn,moderate,bus,64.4,51,moderate
ACC01885,15.379099520464928,85.1313869457879,2024-05-21,13:52:46,cloudy,highway,night_lit,moderate,car,82.2,99,minor
ACC01886,15.023366147514988,75.14812897470306,2022-08-04,19:04:53,rain,highway,dusk_dawn,heavy,truck,75.4,90,moderate
ACC01887,25.703936014425466,84.57658108233349,2025-11-18,05:19:38,rain,highway,night_lit,moderate,motorcycle,120.3,70,minor
ACC01888,20.172103787976237,83.28259883449543,2023-02-26,13:45:43,clear,rural,daylight,moderate,motorcycle,122.7,50,moderate
ACC01889,13.442191712612267,87.50101958821051,2026-02-04,18:04:05,fog,highway,dusk_dawn,heavy,bus,89.8,78,moderate
ACC01890,23.47231156420622,87.44926882551242,2023-10-12,17:10:33,clear,expressway,night_lit,heavy,motorcycle,106.5,91,fatal
ACC01891,16.002736844880474,76.39056999449215,2024-05-01,19:18:36,clear,rural,dusk_dawn,heavy,car,119.5,51,minor
ACC01892,26.022316012014066,84.2631932995747,2023-12-19,09:48:09,clear,rural,night_unlit,heavy,motorcycle,48.0,57,minor
ACC01893,16.953148576479606,77.06968137247878,2024-01-19,14:48:45,clear,rural,daylight,moderate,motorcycle,111.2,64,minor
ACC01894,15.20433328144229,82.0671670212735,2022-09-28,17:42:20,clear,rural,daylight,moderate,truck,84.4,53,minor
ACC01895,13.35773509687895,81.5639373592735,2024-06-26,08:39:11,rain,urban,daylight,moderate,motorcycle,48.1,45,moderate
ACC01896,20.18449818620236,72.87269624993863,2023-10-24,19:01:41,cloudy,expressway,dusk_dawn,moderate,car,91.8,89,fatal
ACC01897,19.211801405092597,72.08290799736572,2025-10-23,10:14:26,fog,urban,daylight,heavy,car,22.1,51,moderate
ACC01898,24.020994313650284,72.92422423351695,2024-02-23,06:55:32,clear,highway,daylight,moderate,motorcycle,95.2,92,moderate
ACC01899,19.433641395088582,74.04707276050786,2026-05-03,18:43:32,cloudy,urban,daylight,moderate,motorcycle,43.5,50,moderate
ACC01900,17.50105550278994,76.12243986156437,2023-05-03,17:14:37,clear,highway,daylight,heavy,truck,94.1,67,minor
ACC01901,16.186478650127107,86.511283571881,2023-06-24,20:42:24,cloudy,urban,night_unlit,low,car,32.7,40,fatal
ACC01902,16.450347927519537,80.29812280554698,2022-03-02,20:43:48,clear,expressway,night_lit,moderate,motorcycle,106.0,95,fatal
ACC01903,26.845566429245025,84.75026782145262,2025-04-27,09:44:52,rain,urban,night_unlit,heavy,auto,38.5,36,minor
ACC01904,14.641257633404997,85.41298803371532,2022-05-01,16:58:29,rain,highway,night_lit,low,car,78.5,90,minor
ACC01905,27.8108227929144,83.75908957744866,2023-04-14,23:32:10,clear,highway,night_unlit,low,motorcycle,138.7,89,severe
ACC01906,17.230711283075596,78.26216199072915,2026-02-04,09:03:16,clear,urban,daylight,low,auto,33.5,38,severe
ACC01907,13.41424376667996,85.82175030145572,2024-09-30,13:49:46,cloudy,highway,daylight,low,car,108.1,63,moderate
ACC01908,15.97904609260584,83.87279605313473,2024-07-06,20:00:15,clear,urban,night_lit,moderate,motorcycle,58.0,58,minor
ACC01909,12.9346300728739,83.89042309448084,2025-08-14,07:38:46,rain,rural,dusk_dawn,heavy,motorcycle,42.3,60,minor
ACC01910,24.640476306622652,86.42518923464911,2025-06-20,21:47:39,cloudy,urban,night_lit,moderate,car,75.4,33,moderate
ACC01911,20.200846600657687,81.57861555932294,2025-12-26,14:07:26,rain,urban,daylight,moderate,truck,28.8,32,fatal
ACC01912,17.391785901868815,80.45719087939483,2024-12-28,20:47:07,storm,urban,night_lit,low,car,43.3,52,severe
ACC01913,22.592793674105,86.2426009215532,2024-01-07,16:48:32,clear,highway,night_unlit,heavy,bus,115.6,73,fatal
ACC01914,22.090344415205124,79.27138765062715,2022-08-03,17:39:41,heavy_rain,urban,dusk_dawn,moderate,motorcycle,37.2,40,minor
ACC01915,27.037953427641444,84.98513113646149,2023-08-31,18:19:09,rain,urban,daylight,heavy,car,26.9,54,minor
ACC01916,27.380168267974074,72.86154176711692,2025-03-04,06:12:49,clear,highway,dusk_dawn,low,car,87.7,73,severe
ACC01917,22.890940410646486,72.02063911130115,2023-02-21,16:42:11,rain,urban,daylight,heavy,truck,44.0,31,minor
ACC01918,25.085054835906696,80.4526798336697,2025-01-06,21:09:24,cloudy,urban,night_unlit,moderate,motorcycle,67.8,55,severe
ACC01919,24.678801605362857,73.17779030106209,2022-08-08,22:40:31,rain,highway,night_lit,heavy,car,128.8,79,severe
ACC01920,19.860856523198397,87.62468821524902,2022-04-10,22:10:44,rain,urban,night_lit,moderate,car,36.5,48,moderate
ACC01921,23.27133260853467,72.08801878463677,2023-08-23,16:20:13,heavy_rain,highway,daylight,heavy,motorcycle,89.4,90,severe
ACC01922,13.252144122937123,83.49039418397834,2023-01-13,16:30:20,rain,rural,night_unlit,moderate,car,119.9,79,moderate
ACC01923,24.12833733040491,75.89415513257953,2025-12-02,15:09:48,rain,highway,daylight,low,auto,126.7,70,minor
ACC01924,27.38932811507788,87.4808320843529,2023-09-14,16:47:19,clear,rural,daylight,moderate,car,85.0,76,severe
ACC01925,13.359596050011815,78.10466641004633,2023-11-19,16:41:36,storm,urban,night_unlit,low,car,35.6,30,severe
ACC01926,25.377852553469673,72.43653482022184,2023-10-25,04:00:23,rain,highway,night_lit,heavy,motorcycle,78.2,62,moderate
ACC01927,26.927680426388342,72.43097224654052,2023-06-05,06:50:03,rain,highway,night_lit,moderate,car,126.9,77,moderate
ACC01928,15.619022236832993,80.85397394759502,2026-02-15,16:43:30,heavy_rain,expressway,daylight,heavy,truck,136.1,96,severe
ACC01929,20.396979001747262,87.7873916645005,2025-04-28,10:50:21,clear,urban,daylight,moderate,bus,75.7,41,severe
ACC01930,26.845731607407814,87.67637656073151,2022-09-18,10:36:15,clear,rural,night_unlit,moderate,motorcycle,26.2,59,minor
ACC01931,27.363616072367485,77.39636755662825,2022-12-20,08:37:51,rain,rural,daylight,heavy,bus,93.7,54,minor
ACC01932,14.046118149637062,79.72325838702236,2022-05-14,18:23:46,fog,highway,dusk_dawn,moderate,truck,76.2,98,moderate
ACC01933,17.58406760888721,73.60729289276506,2023-02-25,22:13:16,rain,urban,night_lit,moderate,car,58.8,30,minor
ACC01934,23.170314258413704,80.3548296958677,2024-12-14,16:14:31,cloudy,urban,daylight,moderate,car,37.0,31,severe
ACC01935,15.544935990174885,81.59522558477236,2026-03-17,21:18:43,clear,rural,night_lit,moderate,motorcycle,127.3,56,minor
ACC01936,17.196330058151695,76.01698664978113,2024-03-01,20:17:03,cloudy,urban,night_unlit,heavy,auto,21.9,32,moderate
ACC01937,12.372656960075092,81.79383097464279,2022-05-14,08:45:05,clear,expressway,night_unlit,moderate,truck,62.7,80,minor
ACC01938,14.456346894899182,86.39508402714006,2022-03-19,07:31:32,heavy_rain,urban,dusk_dawn,low,motorcycle,79.5,50,moderate
ACC01939,20.9972719106839,72.01528533477568,2023-11-12,08:24:55,cloudy,rural,night_lit,heavy,car,25.2,60,minor
ACC01940,22.449441060866924,75.66294038892711,2023-03-11,06:43:55,clear,highway,dusk_dawn,moderate,truck,125.9,97,minor
ACC01941,22.382589297533393,75.358713013183,2024-08-05,16:43:26,cloudy,urban,daylight,heavy,truck,78.6,45,fatal
ACC01942,24.453767532451465,73.98217924854123,2022-07-14,09:56:42,fog,highway,night_unlit,heavy,auto,106.7,77,severe
ACC01943,18.644502619820663,74.65761940379363,2023-01-14,20:18:29,cloudy,expressway,night_unlit,heavy,truck,79.6,96,moderate
ACC01944,16.375851459858488,82.01460072584621,2024-07-01,16:14:54,clear,highway,daylight,moderate,car,102.8,72,fatal
ACC01945,12.2492912006804,73.64311024241029,2023-04-07,11:00:34,cloudy,rural,night_lit,heavy,motorcycle,40.6,56,minor
ACC01946,15.30607721683819,83.81650574433155,2023-08-22,23:09:53,cloudy,highway,night_unlit,moderate,motorcycle,138.7,75,moderate
ACC01947,16.998204995232598,86.19236144893414,2022-12-31,21:36:21,clear,highway,night_unlit,low,motorcycle,135.3,75,fatal
ACC01948,14.851309703687448,86.82540358685391,2022-03-26,18:48:55,rain,highway,daylight,heavy,motorcycle,84.6,71,minor
ACC01949,12.322311543945636,82.56281302911522,2023-07-21,18:36:43,clear,rural,daylight,heavy,bus,44.8,61,severe
ACC01950,14.519161738643065,75.15834257013786,2023-06-26,22:59:46,cloudy,highway,night_unlit,low,truck,115.1,80,severe
ACC01951,22.657592857081156,73.36474520863852,2026-01-15,16:37:00,cloudy,rural,night_unlit,heavy,car,58.6,62,minor
ACC01952,22.073366663561533,75.712399260912,2026-01-05,20:52:48,cloudy,rural,night_unlit,heavy,car,68.6,44,severe
ACC01953,26.97093823036868,87.39131497256068,2023-12-10,06:16:09,cloudy,expressway,daylight,moderate,motorcycle,100.8,93,moderate
ACC01954,24.77069266235695,87.3975232280114,2023-04-18,15:19:56,rain,urban,night_lit,low,truck,60.1,59,minor
ACC01955,21.084097869459058,78.11070214269347,2023-11-18,14:48:11,clear,urban,night_lit,heavy,motorcycle,27.5,51,severe
ACC01956,14.200901559891381,77.21266465756081,2024-09-25,04:39:49,clear,urban,night_lit,low,motorcycle,63.4,33,minor
ACC01957,21.02514910280251,80.16016931614504,2023-09-27,06:29:38,rain,highway,dusk_dawn,low,motorcycle,82.9,82,minor
ACC01958,12.985520974626892,76.66700946347841,2025-05-26,02:57:23,heavy_rain,urban,night_unlit,moderate,truck,47.2,57,moderate
ACC01959,18.894158358573645,87.67459922648901,2026-05-03,10:45:53,clear,rural,night_unlit,heavy,car,110.9,64,severe
ACC01960,18.244138063155127,75.53954224039325,2023-10-25,05:17:23,clear,highway,night_lit,heavy,motorcycle,71.4,71,minor
ACC01961,18.845020949807065,77.9062829149243,2022-07-12,12:36:03,fog,highway,night_lit,moderate,truck,70.2,88,severe
ACC01962,16.477214694316594,78.86993401120286,2022-07-18,19:23:04,clear,urban,dusk_dawn,heavy,car,22.8,36,moderate
ACC01963,22.97328716198118,74.00102436929859,2025-12-02,16:24:51,storm,rural,dusk_dawn,moderate,car,48.0,62,minor
ACC01964,25.455111476780473,78.12519722832208,2023-11-15,17:48:23,rain,highway,daylight,moderate,truck,61.9,99,severe
ACC01965,24.296271881583642,85.70769152163157,2023-06-22,03:40:49,clear,rural,night_lit,low,car,68.0,77,minor
ACC01966,22.044033532654083,74.24577602330814,2024-10-14,19:00:01,clear,highway,dusk_dawn,moderate,motorcycle,111.1,90,minor
ACC01967,20.613516789328212,81.344351213219,2026-04-20,07:34:04,storm,urban,dusk_dawn,moderate,bus,27.9,40,minor
ACC01968,12.497346880128486,78.50619420896027,2023-11-29,10:38:59,clear,expressway,night_unlit,low,car,81.7,99,severe
ACC01969,23.56694397907074,74.72858761787927,2023-06-02,14:30:08,cloudy,urban,night_lit,moderate,bus,22.5,38,minor
ACC01970,20.719727033255957,72.19737863118729,2025-11-17,21:17:41,clear,urban,night_lit,low,car,26.9,42,moderate
ACC01971,16.33185681062219,76.3734928558384,2022-05-17,23:38:21,cloudy,expressway,night_lit,low,motorcycle,106.8,81,minor
ACC01972,17.24547262165507,72.98926337116804,2025-10-18,18:56:30,rain,highway,dusk_dawn,moderate,car,120.5,64,severe
ACC01973,26.96970858351586,78.02829554074776,2024-05-03,17:05:06,rain,highway,daylight,low,truck,60.4,77,severe
ACC01974,21.989795921875633,84.96335769118953,2022-02-03,15:36:16,clear,expressway,night_lit,low,auto,95.5,81,minor
ACC01975,19.614598954520453,83.5149641740418,2023-01-10,17:54:45,cloudy,urban,night_unlit,heavy,car,53.3,51,minor
ACC01976,21.934747835334523,87.15813938722827,2025-01-20,07:24:32,rain,expressway,dusk_dawn,heavy,bus,81.7,84,minor
ACC01977,18.619877199770514,78.8322466773931,2025-05-21,09:20:30,clear,rural,daylight,moderate,truck,63.8,60,fatal
ACC01978,19.522916371248257,83.32482237746964,2022-11-18,23:14:56,rain,urban,daylight,low,auto,64.1,35,moderate
ACC01979,16.644948107322726,82.64546755363233,2024-12-15,22:13:24,cloudy,urban,night_lit,moderate,truck,78.7,41,fatal
ACC01980,19.037652809466312,75.47274085053215,2026-06-13,10:23:48,clear,urban,daylight,heavy,truck,79.1,56,moderate
ACC01981,22.969475719006567,76.85732008372254,2025-02-01,09:46:43,fog,highway,daylight,low,auto,109.1,65,severe
ACC01982,12.639070801383507,80.47727253436416,2025-02-27,09:10:27,cloudy,urban,daylight,low,truck,68.8,53,fatal
ACC01983,24.720438516738476,84.74651710409475,2022-11-14,14:13:17,clear,rural,night_lit,moderate,truck,124.3,57,minor
ACC01984,16.527672653781003,79.38900375140692,2024-11-12,08:59:21,clear,expressway,night_lit,moderate,car,71.5,89,minor
ACC01985,22.920956694919994,75.64386457880843,2025-03-09,16:59:52,clear,expressway,daylight,low,car,105.6,94,minor
ACC01986,22.28360503488096,87.89545104448592,2022-07-01,06:13:18,clear,expressway,dusk_dawn,low,motorcycle,106.9,97,moderate
ACC01987,22.442048786260884,73.8492609016587,2023-05-27,07:25:39,clear,highway,dusk_dawn,moderate,car,111.2,74,moderate
ACC01988,21.730062660092848,87.29422251986125,2025-12-20,09:24:07,rain,urban,night_lit,moderate,motorcycle,22.9,39,fatal
ACC01989,27.345629409112558,84.94474061488782,2026-06-28,18:17:20,cloudy,highway,dusk_dawn,moderate,bus,68.1,85,severe
ACC01990,20.133506603126254,85.42229630892562,2022-10-12,10:09:56,clear,urban,night_unlit,heavy,motorcycle,47.1,44,minor
ACC01991,23.717105848245623,84.71868132946399,2025-04-16,13:03:32,rain,expressway,daylight,low,auto,138.3,94,severe
ACC01992,23.287189299753244,75.33073506087395,2024-04-03,17:36:49,rain,rural,night_lit,heavy,motorcycle,112.5,47,severe
ACC01993,15.780281236453286,82.12131803832386,2024-08-27,18:02:15,cloudy,rural,dusk_dawn,moderate,car,81.3,45,minor
ACC01994,16.53289342698921,84.1079969992149,2024-04-18,10:37:45,storm,urban,night_lit,heavy,car,22.9,50,severe
ACC01995,18.784273570511488,83.93097267362643,2025-11-24,17:05:59,clear,urban,night_lit,heavy,auto,58.2,30,minor
ACC01996,16.443166887411348,76.34504592870525,2024-01-01,09:09:55,clear,highway,daylight,moderate,motorcycle,94.9,98,moderate
ACC01997,17.867889582879357,74.8979102042189,2024-08-25,16:00:26,clear,urban,daylight,moderate,bus,29.4,53,severe
ACC01998,18.255369822852895,77.24996774263279,2025-01-03,13:23:40,clear,highway,daylight,moderate,car,96.7,84,minor
ACC01999,21.661832975013503,79.67751168603827,2024-06-26,21:19:53,cloudy,rural,dusk_dawn,heavy,car,70.9,65,moderate
ACC02000,15.518240683760986,81.18049195301883,2025-12-15,23:19:48,clear,urban,night_unlit,low,truck,59.4,35,fatal
ACC02001,24.868669854026997,85.39120579710657,2023-01-25,18:18:58,cloudy,rural,night_lit,moderate,motorcycle,43.5,56,moderate
ACC02002,19.000581708344072,84.30454764327385,2026-04-06,20:56:01,heavy_rain,rural,night_lit,heavy,motorcycle,139.5,60,moderate
ACC02003,23.29990578693195,82.81840841066426,2025-01-18,07:25:32,rain,highway,dusk_dawn,moderate,motorcycle,117.4,69,minor
ACC02004,13.303079699853086,76.21582868708417,2026-04-26,17:48:47,rain,urban,dusk_dawn,low,motorcycle,35.2,42,minor
ACC02005,19.51944630598987,79.6620879829591,2023-09-08,08:13:43,rain,rural,night_lit,heavy,truck,77.7,51,minor
ACC02006,12.451512514837253,77.36697398604738,2024-02-26,09:28:09,rain,expressway,daylight,heavy,car,133.9,89,minor
ACC02007,22.814559869049035,75.75885087280855,2022-03-12,14:03:34,cloudy,highway,daylight,moderate,car,114.7,71,moderate
ACC02008,17.499361231953113,72.16392576613568,2026-02-26,18:15:09,cloudy,urban,daylight,moderate,car,59.1,39,moderate
ACC02009,27.188045025693256,77.43139152913105,2025-09-01,17:04:05,clear,urban,daylight,low,motorcycle,63.9,33,minor
ACC02010,17.18598743362271,76.09786028343395,2023-05-02,19:01:06,clear,highway,night_unlit,moderate,truck,113.3,81,fatal
ACC02011,21.020894368283628,81.15043723146907,2022-03-27,15:10:57,cloudy,highway,daylight,heavy,truck,115.6,63,severe
ACC02012,16.118201211113835,72.9968283245394,2025-02-18,21:09:16,cloudy,urban,daylight,low,auto,37.3,49,minor
ACC02013,21.921802063157443,76.32831354736322,2025-01-08,20:18:27,clear,highway,night_lit,moderate,motorcycle,114.3,68,minor
ACC02014,19.472677602131753,72.71631183981465,2024-05-16,19:44:15,clear,urban,dusk_dawn,heavy,motorcycle,79.5,39,minor
ACC02015,17.930052184090126,82.26268647221498,2022-09-15,09:08:53,rain,highway,daylight,moderate,motorcycle,103.2,65,moderate
ACC02016,15.259029585282878,81.09103293709799,2026-02-16,15:36:53,clear,highway,daylight,heavy,bus,101.2,100,minor
ACC02017,13.784341503543285,77.39968036919157,2023-12-12,18:21:39,cloudy,rural,dusk_dawn,moderate,car,69.1,45,minor
ACC02018,13.918066143306772,74.3573536069687,2025-04-04,22:24:49,clear,highway,night_lit,low,motorcycle,98.1,69,fatal
ACC02019,27.98464028008885,87.32671732429976,2025-11-11,01:55:06,clear,highway,night_lit,heavy,motorcycle,121.0,80,moderate
ACC02020,18.596971629715753,81.35027915821782,2024-06-19,10:27:59,rain,highway,dusk_dawn,low,auto,97.4,76,minor
ACC02021,12.030875325973431,82.86581386515309,2022-06-05,11:15:25,clear,highway,night_lit,moderate,car,71.0,89,moderate
ACC02022,27.24686065001623,80.50158005231123,2025-12-28,09:14:24,clear,urban,daylight,low,car,33.8,51,minor
ACC02023,12.319678787677002,84.90453196233928,2024-12-31,19:10:11,storm,rural,dusk_dawn,heavy,motorcycle,77.2,79,severe
ACC02024,18.69737800887254,86.34208079276993,2026-01-08,04:48:52,cloudy,urban,night_lit,low,motorcycle,25.8,39,fatal
ACC02025,23.479641375530495,78.12336869756207,2024-10-02,11:39:10,cloudy,highway,daylight,heavy,car,99.1,82,minor
ACC02026,26.633587909948186,83.04040499568977,2026-01-30,17:16:51,cloudy,highway,daylight,heavy,motorcycle,110.9,71,severe
ACC02027,23.406180662913616,75.67819975274236,2025-11-25,12:29:42,clear,rural,daylight,low,motorcycle,114.7,65,severe
ACC02028,19.41801207840019,82.42968075459261,2022-12-21,07:30:46,clear,highway,dusk_dawn,moderate,motorcycle,105.2,85,minor
ACC02029,27.591072623745653,78.38649007962485,2022-10-11,16:02:01,cloudy,highway,night_lit,heavy,motorcycle,109.4,93,severe
ACC02030,12.629110128532327,72.10850559042088,2022-09-21,14:54:44,clear,highway,night_lit,heavy,car,90.6,88,minor
ACC02031,27.79027524060813,87.28844589476194,2025-08-06,23:47:57,clear,rural,night_unlit,moderate,truck,61.7,62,minor
ACC02032,25.590264827335023,85.8950647286195,2023-01-30,18:32:23,cloudy,rural,dusk_dawn,heavy,motorcycle,97.7,59,severe
ACC02033,26.862880274021748,76.65338480553646,2024-01-10,23:42:26,clear,highway,night_unlit,heavy,motorcycle,74.0,70,minor
ACC02034,16.076358785560586,87.96411702772576,2025-07-17,08:06:06,clear,highway,dusk_dawn,heavy,motorcycle,117.7,61,severe
ACC02035,14.279329156548316,77.07404279290455,2023-12-05,18:58:29,cloudy,rural,dusk_dawn,moderate,car,112.2,41,moderate
ACC02036,22.6130444699632,79.3415069833452,2022-04-12,15:38:40,cloudy,highway,night_lit,moderate,truck,63.0,89,moderate
ACC02037,20.25375100777792,85.62014441879067,2023-08-18,17:56:17,cloudy,urban,daylight,heavy,motorcycle,55.0,49,moderate
ACC02038,20.370687371910073,76.87354162124865,2022-06-05,13:51:44,clear,rural,daylight,moderate,car,93.9,77,severe
ACC02039,26.793906855731482,79.2086445502,2023-09-26,08:35:05,rain,highway,night_lit,low,auto,80.4,82,minor
ACC02040,21.921294506452195,82.64939467397208,2025-04-24,04:17:40,rain,urban,night_unlit,moderate,bus,44.7,59,minor
ACC02041,16.977021361673437,74.08748087635885,2024-05-03,19:41:35,cloudy,urban,dusk_dawn,heavy,truck,69.8,31,severe
ACC02042,18.401064902686016,78.75760589906749,2025-01-13,19:30:13,rain,urban,night_lit,moderate,motorcycle,51.0,31,minor
ACC02043,14.13593336146962,76.95055899778602,2022-06-25,08:24:20,clear,urban,daylight,moderate,motorcycle,35.3,41,moderate
ACC02044,15.07702464441103,82.82838889383709,2025-05-16,16:42:14,clear,urban,night_lit,moderate,motorcycle,51.5,54,minor
ACC02045,14.293601123352616,74.17551024096595,2023-11-29,18:53:37,clear,urban,dusk_dawn,low,car,71.8,49,moderate
ACC02046,24.964661459381674,75.723703665615,2023-04-17,15:10:38,cloudy,urban,daylight,low,motorcycle,34.2,60,minor
ACC02047,23.277975487553903,83.38201926003973,2024-12-06,10:33:33,heavy_rain,highway,night_unlit,moderate,truck,134.6,62,fatal
ACC02048,20.48552028177363,74.49958991558583,2022-08-10,20:46:11,clear,highway,night_lit,moderate,motorcycle,89.5,61,moderate
ACC02049,17.989885338041134,78.75230819583824,2024-03-29,16:19:13,clear,highway,dusk_dawn,heavy,bus,86.7,65,moderate
ACC02050,22.695908645189608,83.4060915534819,2023-11-25,17:20:48,heavy_rain,urban,night_lit,low,motorcycle,27.3,49,minor
ACC02051,25.006485563132173,84.24749415088009,2022-09-30,17:00:27,clear,urban,daylight,moderate,motorcycle,72.4,56,minor
ACC02052,26.099731450747342,73.5180988587467,2026-04-13,17:19:26,cloudy,urban,night_lit,heavy,motorcycle,71.7,47,minor
ACC02053,20.752259651301337,85.63192975071165,2023-08-20,07:35:18,clear,urban,dusk_dawn,low,truck,71.0,36,minor
ACC02054,25.118161949115212,83.58355681807946,2022-03-08,21:58:55,fog,expressway,night_lit,heavy,car,70.0,82,moderate
ACC02055,20.180895254603122,77.42871341909301,2023-12-29,09:31:14,clear,urban,daylight,moderate,motorcycle,36.4,43,moderate
ACC02056,19.592481427006256,84.22084563728384,2026-05-07,19:17:46,rain,rural,dusk_dawn,heavy,truck,66.6,65,fatal
ACC02057,25.846909689953605,83.65278184545055,2025-01-03,20:48:46,cloudy,highway,night_unlit,heavy,motorcycle,80.1,86,moderate
ACC02058,18.181982980234622,81.61425962413416,2024-11-11,16:11:14,storm,rural,daylight,heavy,car,105.3,62,minor
ACC02059,18.334602864651238,80.93569877449352,2026-01-19,16:11:00,storm,urban,night_unlit,moderate,truck,67.8,49,fatal
ACC02060,16.87858152455866,83.75525582239337,2022-05-18,07:31:14,rain,rural,dusk_dawn,low,bus,71.0,79,minor
ACC02061,20.299227652713867,87.98815842728727,2024-06-22,13:48:16,clear,expressway,daylight,heavy,motorcycle,87.2,84,minor
ACC02062,20.717600539031373,81.25683598905417,2023-06-11,16:12:44,cloudy,highway,daylight,low,truck,82.4,70,minor
ACC02063,22.56737832496731,84.93948594819597,2025-01-15,06:00:31,heavy_rain,expressway,dusk_dawn,moderate,car,79.9,88,severe
ACC02064,18.88803696175313,83.90837947704932,2025-11-01,07:43:25,cloudy,urban,daylight,moderate,motorcycle,35.4,30,minor
ACC02065,15.48539667013759,85.69293443254121,2022-05-07,23:35:28,heavy_rain,rural,night_unlit,heavy,car,49.9,49,minor
ACC02066,25.869472998622015,87.27239778214621,2022-09-17,10:41:57,rain,urban,night_unlit,heavy,auto,57.2,41,moderate
ACC02067,17.53601387580823,75.08933131937304,2026-04-17,11:23:56,clear,urban,daylight,heavy,car,27.3,47,severe
ACC02068,26.767094717442795,74.64735418232186,2024-03-18,09:07:01,clear,rural,night_lit,low,auto,50.3,48,severe
ACC02069,15.317653328423292,81.38162925463841,2023-06-02,16:19:50,clear,highway,daylight,heavy,motorcycle,134.4,73,moderate
ACC02070,20.960919619779688,79.18872100618407,2022-09-07,13:28:21,rain,urban,night_lit,heavy,motorcycle,45.2,43,severe
ACC02071,20.585841496471236,81.1315630867067,2023-08-05,18:25:45,cloudy,highway,dusk_dawn,moderate,motorcycle,104.8,100,moderate
ACC02072,25.258365566831927,84.76868375176814,2022-01-09,14:53:59,clear,highway,night_unlit,low,car,64.0,84,moderate
ACC02073,14.221622188013276,86.90743168078794,2023-01-01,01:13:30,rain,rural,night_lit,moderate,car,89.4,70,severe
ACC02074,26.558994766679383,78.67865320317694,2022-10-28,14:18:37,clear,rural,dusk_dawn,low,motorcycle,132.8,76,moderate
ACC02075,20.502850754753123,83.48692232869799,2022-05-20,05:11:25,cloudy,rural,night_lit,moderate,truck,51.3,57,moderate
ACC02076,21.377750142629864,75.14878700546255,2026-05-11,19:34:04,cloudy,rural,dusk_dawn,low,truck,107.4,46,minor
ACC02077,20.162660692764273,80.55283118967237,2025-07-21,07:48:02,cloudy,urban,dusk_dawn,moderate,auto,74.4,38,severe
ACC02078,12.576398509380263,72.34887644448833,2026-03-25,08:52:21,clear,expressway,night_lit,moderate,car,134.5,96,minor
ACC02079,19.953450588905568,80.06000907412955,2023-01-30,13:13:49,rain,urban,daylight,moderate,truck,21.2,43,moderate
ACC02080,16.216794602831847,80.725383346008,2023-04-19,08:25:20,rain,urban,night_lit,heavy,car,29.2,40,severe
ACC02081,17.483010886045303,83.76712537245331,2023-04-10,15:44:25,rain,rural,daylight,low,motorcycle,71.4,74,moderate
ACC02082,22.385625586994237,82.39175664331187,2024-07-06,13:02:31,fog,rural,night_lit,moderate,car,87.2,46,severe
ACC02083,19.963154071585695,77.73434774889283,2022-10-26,21:42:19,clear,rural,daylight,heavy,auto,63.3,58,severe
ACC02084,13.491491402679367,72.09169441140995,2023-01-22,06:08:29,clear,urban,night_lit,moderate,motorcycle,58.4,52,severe
ACC02085,13.168660396188143,73.84777397796718,2026-05-20,15:02:36,clear,urban,night_unlit,moderate,motorcycle,67.7,48,severe
ACC02086,14.970523129877925,87.56897045627923,2023-08-02,17:06:51,rain,urban,daylight,heavy,car,46.2,58,minor
ACC02087,15.054162345155579,86.7573305330449,2025-07-06,07:52:45,clear,rural,daylight,moderate,motorcycle,64.3,56,severe
ACC02088,21.73281211154184,77.20149060929833,2023-01-11,16:40:49,fog,urban,night_lit,heavy,car,65.7,44,minor
ACC02089,14.845031424728685,76.1416470387822,2026-03-07,19:47:31,cloudy,highway,daylight,heavy,truck,124.7,63,moderate
ACC02090,26.10751077239633,78.9826606990406,2025-02-13,18:41:41,rain,highway,dusk_dawn,low,motorcycle,68.0,79,moderate
ACC02091,15.35617056981461,83.03904047379316,2025-11-15,21:47:08,cloudy,urban,daylight,heavy,car,78.4,50,fatal
ACC02092,13.458103126822122,77.70924276252758,2024-04-27,17:29:08,rain,highway,daylight,moderate,car,78.8,73,minor
ACC02093,26.01193626175435,73.07670156369849,2026-01-28,12:48:55,cloudy,urban,night_unlit,heavy,car,61.7,43,fatal
ACC02094,16.725241217227726,78.44472147911034,2023-08-19,21:03:36,cloudy,highway,night_unlit,moderate,motorcycle,75.4,93,moderate
ACC02095,18.806762077339773,76.1694239117029,2024-02-26,08:34:06,rain,highway,dusk_dawn,heavy,car,115.2,82,minor
ACC02096,27.34442214419908,77.19888017937939,2022-04-12,16:45:24,clear,rural,daylight,moderate,car,89.2,48,moderate
ACC02097,27.10990750652438,74.60731593259688,2022-10-08,18:59:58,heavy_rain,urban,dusk_dawn,moderate,car,46.6,52,moderate
ACC02098,23.438670228238685,82.54144111113035,2025-06-20,20:21:01,rain,rural,night_unlit,heavy,car,132.3,78,moderate
ACC02099,13.103023227720875,80.4260949319236,2023-06-21,20:10:26,rain,highway,night_lit,heavy,motorcycle,108.1,64,minor
ACC02100,21.49344200658236,76.33380987672567,2022-06-17,06:43:50,clear,highway,night_unlit,low,truck,121.3,72,fatal
ACC02101,27.825246960676125,80.86179970089987,2023-04-26,17:04:56,clear,highway,daylight,low,car,100.6,81,moderate
ACC02102,27.150659654783688,79.8833255546758,2023-08-03,08:46:22,clear,highway,daylight,heavy,motorcycle,84.2,73,moderate
ACC02103,13.696039880319086,84.73559770505645,2025-03-23,18:42:54,cloudy,highway,daylight,moderate,motorcycle,79.4,72,minor
ACC02104,18.335476849445897,87.29574830944323,2022-05-29,17:41:42,clear,urban,night_lit,low,motorcycle,57.8,42,moderate
ACC02105,17.04858793444543,74.0907281436585,2022-02-12,08:17:24,storm,highway,night_lit,moderate,auto,113.1,100,minor
ACC02106,14.075649710478489,86.14261566252773,2025-04-03,19:07:46,fog,rural,dusk_dawn,heavy,truck,35.9,60,minor
ACC02107,23.116772979980176,83.27675101255844,2022-08-22,13:36:48,clear,urban,night_unlit,heavy,motorcycle,38.4,54,fatal
ACC02108,16.381573829763788,83.08085672476648,2023-11-21,15:21:16,rain,highway,daylight,moderate,motorcycle,89.9,60,minor
ACC02109,17.517852850004765,77.98881435427955,2025-01-26,22:23:05,clear,rural,night_unlit,heavy,motorcycle,68.2,65,moderate
ACC02110,13.445742027222687,77.50253112743874,2024-04-24,17:11:46,clear,urban,night_unlit,moderate,car,25.7,53,fatal
ACC02111,19.96748094045865,72.09023175716027,2022-07-22,16:20:04,clear,urban,daylight,moderate,car,28.7,36,moderate
ACC02112,14.530685818432904,87.71527799419692,2025-03-31,01:49:46,rain,urban,daylight,heavy,truck,46.3,45,minor
ACC02113,18.913446777271826,81.70409331796878,2022-03-21,08:53:21,heavy_rain,urban,night_lit,low,bus,37.0,54,moderate
ACC02114,14.293475553652824,78.43725798278281,2023-01-17,02:20:42,clear,urban,dusk_dawn,moderate,auto,22.7,49,moderate
ACC02115,27.261598239202332,80.70030115027485,2022-06-29,10:08:36,clear,expressway,daylight,low,motorcycle,92.1,98,moderate
ACC02116,14.319720531154282,72.6484325455402,2024-04-21,11:02:02,cloudy,urban,daylight,low,auto,42.7,50,severe
ACC02117,20.35019446161013,74.7784152846667,2025-02-08,15:11:00,cloudy,urban,night_lit,moderate,truck,71.1,32,moderate
ACC02118,15.1516772051038,81.97375879941444,2024-12-03,17:00:37,clear,rural,night_unlit,heavy,motorcycle,78.5,44,fatal
ACC02119,13.221788855561748,80.22818767493791,2022-08-17,08:40:30,rain,urban,night_lit,moderate,bus,24.9,57,minor
ACC02120,15.23693790147357,84.59319716684213,2023-07-18,16:38:02,fog,expressway,night_unlit,moderate,auto,76.8,81,severe
ACC02121,12.876385718246977,82.53988304712539,2022-08-29,20:46:58,cloudy,rural,night_lit,low,motorcycle,125.9,74,moderate
ACC02122,14.230358129935821,81.6229708156702,2023-07-17,08:19:14,heavy_rain,urban,night_lit,heavy,truck,74.1,48,severe
ACC02123,19.89574652421147,85.04425126888502,2023-01-14,17:49:51,rain,urban,daylight,moderate,truck,29.6,32,moderate
ACC02124,22.429048336921188,73.09220968883041,2025-04-30,04:10:07,cloudy,urban,night_lit,heavy,motorcycle,47.5,31,minor
ACC02125,13.397437041148535,83.05418874290056,2025-05-17,15:13:13,rain,highway,night_unlit,moderate,motorcycle,122.9,72,moderate
ACC02126,19.056297982468294,83.44945141262424,2025-09-05,18:54:31,cloudy,urban,dusk_dawn,moderate,car,73.5,37,severe
ACC02127,21.29995236565363,76.40261679488017,2022-11-25,03:52:31,cloudy,highway,night_unlit,low,auto,108.7,82,severe
ACC02128,15.747610819376984,75.13039418379832,2022-01-23,10:35:36,clear,urban,daylight,low,car,24.6,53,moderate
ACC02129,17.953254584256406,75.42163960729599,2022-02-28,20:36:10,rain,urban,night_unlit,moderate,car,55.1,51,fatal
ACC02130,13.149357915737738,75.1702538149119,2025-10-17,08:42:15,clear,expressway,night_lit,heavy,motorcycle,77.7,99,minor
ACC02131,15.522097283729519,80.38051505445752,2026-01-27,17:49:15,clear,highway,daylight,low,motorcycle,93.4,91,moderate
ACC02132,19.46804681470304,74.17002098185326,2022-12-14,16:13:26,cloudy,urban,daylight,heavy,car,65.1,30,minor
ACC02133,27.847074862805158,82.54857378270961,2025-12-09,08:04:55,clear,urban,night_lit,moderate,car,54.6,39,minor
ACC02134,27.940241007026135,73.68125214318032,2024-05-19,18:11:27,clear,urban,daylight,moderate,bus,22.5,53,moderate
ACC02135,27.673946897988607,72.4302342449641,2022-10-31,15:21:59,clear,highway,daylight,heavy,motorcycle,116.4,92,minor
ACC02136,18.76938218080524,77.10864387913394,2023-05-29,07:14:15,heavy_rain,urban,dusk_dawn,moderate,auto,52.8,37,minor
ACC02137,13.29088605463464,75.06975557972865,2023-03-12,21:31:14,cloudy,urban,daylight,heavy,bus,28.9,46,minor
ACC02138,17.177174995989336,87.81859288656132,2025-06-07,14:08:06,clear,highway,daylight,heavy,motorcycle,115.3,69,moderate
ACC02139,15.803430005935637,76.84794080987548,2022-11-06,18:34:12,rain,urban,dusk_dawn,heavy,motorcycle,44.3,54,fatal
ACC02140,12.226025198557673,75.55302537640821,2022-10-28,08:42:18,rain,highway,dusk_dawn,moderate,car,96.0,85,moderate
ACC02141,13.523737764614006,75.14831717598743,2025-03-27,07:05:23,clear,urban,dusk_dawn,heavy,auto,33.5,51,moderate
ACC02142,19.251070960785057,77.98164647685584,2023-05-12,18:17:42,cloudy,expressway,dusk_dawn,heavy,motorcycle,112.4,87,minor
ACC02143,17.43459942086875,81.69358232530524,2023-02-15,17:32:26,clear,highway,night_unlit,low,truck,109.8,88,moderate
ACC02144,14.885659546151729,84.51112440074051,2025-08-19,09:03:41,cloudy,highway,dusk_dawn,moderate,auto,66.8,61,severe
ACC02145,23.45759953053995,77.83321996388909,2026-03-10,18:39:05,rain,expressway,dusk_dawn,heavy,car,106.7,92,minor
ACC02146,17.713849534345897,82.01553568068464,2024-06-30,14:45:56,clear,highway,night_lit,moderate,bus,63.9,82,moderate
ACC02147,25.629885691944708,79.7129583724702,2025-09-20,11:21:08,cloudy,urban,dusk_dawn,moderate,truck,65.4,59,minor
ACC02148,15.855634564209877,85.54392554005437,2025-10-13,18:00:02,clear,urban,daylight,heavy,motorcycle,68.4,37,moderate
ACC02149,20.614295841385996,81.10466843453496,2024-08-24,16:30:25,cloudy,urban,night_unlit,heavy,auto,32.4,46,moderate
ACC02150,14.94622747438692,76.6382667500656,2025-09-24,14:52:39,clear,urban,daylight,low,motorcycle,58.5,46,minor
ACC02151,19.924809862173472,83.2573961148521,2022-01-15,18:17:14,rain,urban,dusk_dawn,moderate,motorcycle,68.4,43,moderate
ACC02152,14.43946414365418,85.12103180836793,2022-02-27,15:50:09,cloudy,expressway,night_lit,moderate,car,123.9,94,minor
ACC02153,14.58525798994435,79.44705050822344,2025-12-21,21:52:50,clear,urban,night_lit,low,truck,46.2,56,minor
ACC02154,21.79557403267225,87.7951558221171,2022-08-19,19:16:49,rain,urban,dusk_dawn,low,truck,75.0,41,minor
ACC02155,16.220576674812268,86.06555006706101,2025-04-09,11:35:45,clear,expressway,dusk_dawn,heavy,car,126.2,88,severe
ACC02156,14.757875625027957,75.15127471464787,2023-11-21,13:02:13,cloudy,highway,dusk_dawn,heavy,motorcycle,64.2,86,moderate
ACC02157,26.876292002161172,84.5880939544998,2025-07-17,22:33:32,cloudy,expressway,night_lit,heavy,car,86.5,83,fatal
ACC02158,12.688052011840817,81.61521990959626,2024-12-28,20:52:41,clear,expressway,night_unlit,heavy,motorcycle,122.6,84,moderate
ACC02159,21.042369803134193,80.55698076492536,2022-04-28,08:56:25,clear,expressway,night_unlit,heavy,motorcycle,113.1,97,moderate
ACC02160,20.772221469332244,80.2230173852731,2023-07-08,09:11:10,clear,highway,night_lit,low,truck,90.9,66,severe
ACC02161,16.00974199044896,85.65457828451886,2025-03-09,11:39:49,rain,urban,daylight,moderate,car,33.1,36,minor
ACC02162,19.244347921805087,81.77396462245518,2026-02-22,20:03:56,rain,rural,night_lit,low,car,43.8,56,minor
ACC02163,13.403804529322167,80.60329576085974,2025-08-14,21:16:09,clear,highway,night_unlit,moderate,car,80.9,89,severe
ACC02164,23.540322334782168,72.78175850812879,2026-01-04,18:50:42,clear,urban,dusk_dawn,heavy,auto,27.6,30,minor
ACC02165,15.547154374029171,79.17284591613692,2026-04-20,09:38:53,heavy_rain,highway,daylight,low,motorcycle,83.6,76,moderate
ACC02166,15.094165757224895,86.52866499272812,2026-01-08,20:23:32,clear,highway,daylight,moderate,car,69.8,62,minor
ACC02167,17.03805565244005,83.3877876695139,2024-08-11,03:57:02,clear,rural,night_lit,moderate,car,20.2,44,severe
ACC02168,26.43791872421027,72.81526364889845,2023-07-06,12:45:41,rain,expressway,dusk_dawn,low,car,139.8,93,moderate
ACC02169,24.74346637253668,86.14387651441668,2024-04-14,11:01:55,clear,highway,night_lit,heavy,truck,114.2,77,moderate
ACC02170,27.150276658140122,85.22667554203286,2025-07-30,15:04:15,fog,highway,night_lit,moderate,motorcycle,103.9,75,minor
ACC02171,22.431397536529367,80.74694738511245,2023-11-30,15:37:08,clear,urban,daylight,moderate,truck,29.2,30,minor
ACC02172,22.606744176513402,72.3584874429165,2025-09-26,08:52:15,rain,highway,dusk_dawn,heavy,car,138.8,90,minor
ACC02173,19.680495990819473,80.99887388854081,2025-02-25,08:09:48,clear,urban,daylight,low,motorcycle,74.8,32,fatal
ACC02174,26.482981173871607,72.87342479882281,2022-12-10,18:32:33,clear,rural,dusk_dawn,moderate,motorcycle,127.9,63,minor
ACC02175,20.174034388325264,77.12606335419969,2026-02-20,06:48:01,clear,urban,dusk_dawn,heavy,car,57.2,53,minor
ACC02176,17.680961132720395,82.06255390244382,2025-10-21,14:51:35,storm,rural,night_unlit,moderate,car,32.8,64,moderate
ACC02177,22.24600015868264,86.6066093421148,2024-09-11,08:38:48,cloudy,highway,night_lit,moderate,car,89.7,72,minor
ACC02178,20.738231894415414,77.72473019615165,2022-11-15,10:59:11,clear,highway,night_lit,moderate,truck,129.7,91,minor
ACC02179,13.984317044958328,85.76038052613525,2023-01-09,09:56:35,fog,rural,dusk_dawn,low,motorcycle,50.5,65,minor
ACC02180,18.283606622598874,86.69377616640826,2025-10-10,17:50:13,clear,highway,night_lit,low,motorcycle,131.3,90,minor
ACC02181,17.01320657751168,72.33670208731704,2022-01-29,13:40:01,clear,highway,daylight,heavy,motorcycle,69.7,85,severe
ACC02182,25.54934040017811,75.8308454040405,2024-03-05,10:59:24,clear,urban,night_lit,low,car,27.0,47,minor
ACC02183,18.06148091156974,83.35779678763998,2024-10-13,19:01:46,rain,highway,night_unlit,heavy,truck,139.3,75,moderate
ACC02184,25.144883722222282,84.10948868927278,2023-01-17,06:05:40,clear,urban,night_unlit,low,truck,43.3,51,severe
ACC02185,19.07823350241513,78.27866960347286,2025-11-20,18:30:06,clear,rural,dusk_dawn,heavy,car,26.3,72,moderate
ACC02186,24.05600901512976,82.50807380436568,2024-05-07,09:40:11,fog,highway,night_lit,heavy,bus,120.0,64,minor
ACC02187,14.164510856179039,81.79453787779256,2022-04-19,21:54:32,cloudy,urban,night_unlit,low,motorcycle,38.4,37,moderate
ACC02188,26.794403514535396,83.83639938561696,2023-06-10,00:40:19,clear,highway,daylight,moderate,motorcycle,87.6,68,moderate
ACC02189,19.68895825278269,83.49853484392195,2023-10-15,15:13:19,cloudy,rural,night_lit,heavy,motorcycle,78.4,55,minor
ACC02190,16.156771930020902,73.37393276784579,2023-01-01,16:54:26,clear,urban,night_unlit,moderate,truck,72.6,34,fatal
ACC02191,15.86383370183691,74.53200289504097,2026-03-24,15:04:45,cloudy,rural,night_unlit,heavy,car,61.0,53,fatal
ACC02192,16.24123661719955,74.12363435614905,2023-08-15,19:05:34,clear,highway,night_unlit,low,car,92.3,72,severe
ACC02193,17.86758676668748,86.9196811174851,2024-04-03,07:43:51,cloudy,rural,dusk_dawn,heavy,auto,77.4,46,minor
ACC02194,23.480312522809868,86.61668237364783,2024-05-28,12:57:06,rain,rural,night_lit,moderate,auto,101.8,79,moderate
ACC02195,27.193648686412697,84.75859631355152,2022-12-29,19:30:27,clear,rural,dusk_dawn,moderate,truck,84.8,53,minor
ACC02196,22.704598881978114,73.86749697081535,2024-07-21,20:08:33,clear,rural,night_lit,moderate,car,33.1,79,minor
ACC02197,20.754660335105612,81.18834351871337,2023-08-04,14:02:45,clear,highway,daylight,moderate,motorcycle,65.7,81,minor
ACC02198,19.177564928274155,74.99569001743762,2022-01-17,15:58:30,rain,urban,night_lit,moderate,motorcycle,41.3,53,minor
ACC02199,25.251111472601863,77.89414300094084,2023-11-02,18:16:54,rain,urban,dusk_dawn,low,car,25.1,40,minor
ACC02200,25.594515239137117,76.27346042619861,2024-08-16,18:38:50,rain,highway,dusk_dawn,heavy,car,122.7,98,moderate
ACC02201,16.688602790925096,85.26289570379946,2022-07-12,20:19:41,storm,urban,night_lit,moderate,bus,20.7,54,moderate
ACC02202,27.254723978454884,74.31122239230837,2025-07-03,19:12:23,rain,urban,dusk_dawn,moderate,car,54.3,42,moderate
ACC02203,18.32184581130211,82.3388666977612,2024-12-21,12:40:19,fog,urban,daylight,heavy,car,29.1,34,severe
ACC02204,24.801249107064443,87.74231462041867,2023-05-24,16:44:32,cloudy,expressway,dusk_dawn,heavy,car,84.4,88,minor
ACC02205,27.469118049315732,82.99287333205814,2024-08-30,14:28:27,clear,rural,night_lit,heavy,motorcycle,121.0,60,minor
ACC02206,23.25852961368978,73.26773582411136,2023-05-14,07:30:01,cloudy,urban,dusk_dawn,low,truck,79.6,31,moderate
ACC02207,14.5848116232191,86.5255920314004,2024-11-29,19:29:13,clear,urban,dusk_dawn,heavy,car,74.4,32,moderate
ACC02208,21.378191282782893,82.28927484303354,2022-09-10,16:35:50,clear,urban,dusk_dawn,low,truck,51.2,41,minor
ACC02209,13.900433969529255,79.30097567368325,2024-09-29,05:48:27,clear,urban,night_unlit,moderate,car,62.0,39,severe
ACC02210,24.626272637902822,82.5550796566579,2022-04-01,17:42:56,clear,highway,daylight,heavy,motorcycle,87.4,91,minor
ACC02211,16.50104278198213,86.0647092875622,2022-01-28,09:16:14,rain,urban,night_lit,low,car,31.9,32,moderate
ACC02212,23.123437168960297,79.634035646644,2023-02-22,06:14:58,clear,urban,dusk_dawn,low,motorcycle,21.2,37,moderate
ACC02213,26.561434786083183,80.50114372499567,2022-10-14,16:40:48,clear,urban,night_lit,moderate,auto,21.6,60,moderate
ACC02214,14.896157610722758,79.23915838748725,2024-03-16,17:38:21,heavy_rain,highway,night_unlit,moderate,truck,101.3,95,moderate
ACC02215,18.285725417618668,73.16146282117865,2022-09-29,14:22:36,cloudy,highway,night_lit,moderate,car,100.5,76,minor
ACC02216,22.35390060917706,84.59312203083773,2023-02-06,00:50:59,clear,urban,night_unlit,heavy,auto,54.0,49,fatal
ACC02217,18.714537484952018,74.02258789826942,2022-06-10,15:25:37,clear,highway,dusk_dawn,heavy,truck,76.5,62,minor
ACC02218,14.797103065995444,78.31312016461297,2025-12-27,00:20:55,clear,rural,night_unlit,heavy,motorcycle,137.5,78,fatal
ACC02219,12.465145826700752,78.18916552972367,2025-04-22,21:33:06,heavy_rain,urban,daylight,low,bus,30.2,60,moderate
ACC02220,18.505570299231408,76.48065267338781,2022-12-24,09:11:09,clear,highway,night_lit,moderate,truck,60.9,96,minor
ACC02221,22.387344425310726,78.4401140143107,2022-07-17,19:41:00,fog,expressway,dusk_dawn,heavy,truck,117.1,100,minor
ACC02222,21.183747330439818,81.88814576611885,2025-10-28,01:53:19,clear,urban,night_unlit,low,car,62.9,45,severe
ACC02223,14.499859836170279,76.98219699532339,2025-01-02,06:56:47,rain,highway,night_lit,moderate,car,95.0,98,moderate
ACC02224,19.211095101878186,74.76019100317242,2025-12-25,13:26:57,clear,rural,daylight,low,bus,124.0,62,minor
ACC02225,17.911536738900047,85.90988016811626,2022-10-20,18:16:32,cloudy,rural,dusk_dawn,low,truck,117.3,78,fatal
ACC02226,16.387238436694396,87.53332239771417,2023-08-13,21:28:25,clear,urban,night_lit,low,truck,62.1,47,moderate
ACC02227,23.668339901766227,79.33734118202113,2022-07-14,14:06:55,clear,highway,daylight,heavy,truck,117.5,86,minor
ACC02228,16.95443248043495,77.23231539751337,2023-11-27,11:40:35,storm,rural,dusk_dawn,moderate,bus,111.9,74,minor
ACC02229,20.642271237328465,72.75971324445167,2022-09-24,04:25:32,rain,highway,night_lit,low,motorcycle,91.0,79,minor
ACC02230,26.771576564313865,72.58962464976085,2022-01-07,16:07:05,clear,urban,night_lit,moderate,motorcycle,77.7,45,moderate
ACC02231,20.62841571605732,78.28611193032643,2024-04-14,11:32:12,rain,rural,night_lit,low,car,106.2,42,severe
ACC02232,21.87236656256897,86.88387229281545,2026-05-27,20:43:41,clear,rural,night_lit,low,car,103.2,42,moderate
ACC02233,13.171935778680822,83.69133669442503,2024-11-25,14:13:41,fog,urban,daylight,heavy,motorcycle,66.3,44,minor
ACC02234,14.850146299867781,77.5883107019324,2025-05-27,18:24:29,cloudy,highway,dusk_dawn,moderate,motorcycle,89.8,64,minor
ACC02235,13.615219188769816,87.48874280291298,2025-08-26,19:53:42,clear,highway,dusk_dawn,heavy,car,132.5,92,severe
ACC02236,24.237007173693442,78.86012645209169,2026-05-16,06:42:41,clear,rural,dusk_dawn,moderate,motorcycle,129.6,46,minor
ACC02237,25.37473729466948,76.42868390359433,2022-07-31,13:47:03,clear,rural,daylight,low,motorcycle,73.4,61,moderate
ACC02238,14.983284691113242,78.82165191558971,2023-02-16,20:26:50,fog,rural,night_lit,heavy,motorcycle,61.2,46,minor
ACC02239,15.508348014769457,75.38469163174132,2024-10-08,12:29:41,clear,highway,daylight,low,motorcycle,81.5,100,minor
ACC02240,17.171316631884526,86.17022032321273,2025-09-10,15:29:13,clear,expressway,daylight,moderate,car,90.6,88,minor
ACC02241,21.457241871261367,77.77877296668305,2025-06-24,20:27:12,rain,highway,night_lit,heavy,truck,88.3,79,minor
ACC02242,21.94873910080031,82.52750343190914,2025-04-09,09:08:57,clear,highway,daylight,moderate,motorcycle,75.6,89,minor
ACC02243,22.988063336663323,78.22475518123461,2023-05-28,20:02:15,clear,rural,night_unlit,heavy,motorcycle,29.1,47,moderate
ACC02244,26.4830840994154,86.4277026874234,2023-08-23,12:49:01,rain,urban,night_lit,heavy,motorcycle,53.8,39,moderate
ACC02245,16.72064224794461,82.27809202745009,2022-05-11,16:32:01,clear,urban,night_lit,low,car,40.7,59,moderate
ACC02246,22.540143827308412,79.81203024450079,2023-05-31,10:31:13,rain,urban,daylight,low,truck,77.5,32,minor
ACC02247,20.955565532443075,74.11428750690142,2022-09-14,15:35:37,cloudy,rural,daylight,moderate,auto,28.4,49,severe
ACC02248,16.893395846601074,86.43066660563527,2026-03-21,05:24:27,clear,highway,night_lit,low,car,76.2,63,minor
ACC02249,26.518642985498772,80.74906989234833,2022-05-31,06:53:43,cloudy,highway,dusk_dawn,moderate,car,135.7,69,severe
ACC02250,13.52773459134748,76.56084756738268,2023-08-20,12:28:13,clear,urban,night_lit,moderate,truck,31.2,50,minor
ACC02251,23.392016429312825,86.04683026906727,2025-12-27,10:30:13,cloudy,rural,night_lit,heavy,truck,138.8,76,moderate
ACC02252,23.645979408361633,72.87104683831052,2026-04-19,16:31:24,cloudy,expressway,daylight,heavy,car,67.7,95,moderate
ACC02253,26.645224443039385,77.02523067727314,2023-09-11,04:09:47,rain,urban,night_unlit,low,motorcycle,32.0,57,moderate
ACC02254,20.297289477621657,80.58925441923436,2024-02-04,08:10:30,cloudy,rural,night_lit,low,bus,115.8,52,moderate
ACC02255,17.145957411507936,77.43702937669269,2024-05-09,08:10:45,rain,urban,night_unlit,heavy,car,57.8,34,severe
ACC02256,25.243850717760328,79.62774808606173,2025-09-12,13:15:05,clear,highway,dusk_dawn,low,truck,116.9,85,moderate
ACC02257,24.33296450931828,76.22906003729574,2025-06-16,09:09:24,fog,highway,daylight,low,truck,69.1,72,minor
ACC02258,20.005049830711528,74.08132945492636,2024-05-10,07:13:26,clear,highway,dusk_dawn,low,car,72.6,64,minor
ACC02259,24.285718010140975,72.58966621786962,2023-09-03,16:56:04,rain,highway,daylight,moderate,auto,118.6,79,moderate
ACC02260,16.286009633236173,74.52234503859427,2023-09-04,18:21:18,cloudy,highway,dusk_dawn,low,auto,110.4,89,moderate
ACC02261,21.432101286455485,87.24714422439699,2024-12-01,17:47:16,clear,highway,night_lit,moderate,truck,88.3,60,minor
ACC02262,25.842935276606006,81.20645013338782,2025-10-03,09:23:27,clear,rural,daylight,low,motorcycle,65.2,68,severe
ACC02263,17.087752073864202,79.82336200444722,2022-05-06,19:49:09,heavy_rain,highway,dusk_dawn,heavy,motorcycle,79.6,74,fatal
ACC02264,19.73679971889189,78.14918142889134,2025-06-16,16:45:16,rain,rural,night_unlit,low,motorcycle,36.6,54,moderate
ACC02265,27.21671766676623,83.33472233573417,2024-02-29,16:50:57,rain,rural,daylight,heavy,car,68.7,51,fatal
ACC02266,24.771389471547785,74.26015161449749,2022-08-27,08:17:08,clear,urban,daylight,moderate,car,79.2,58,minor
ACC02267,26.192624325288843,76.41807788244262,2022-06-08,09:05:49,cloudy,rural,dusk_dawn,moderate,car,127.0,45,minor
ACC02268,18.16395297424714,82.49443391462005,2023-07-08,13:18:32,clear,highway,daylight,heavy,motorcycle,93.4,96,minor
ACC02269,27.94408415415294,79.66502983336365,2023-02-12,09:42:04,cloudy,highway,daylight,moderate,truck,129.8,61,minor
ACC02270,14.441049674941008,84.32148062334542,2022-06-20,17:39:24,clear,rural,night_unlit,low,bus,47.1,63,severe
ACC02271,20.300329331460944,86.35375750330645,2023-04-27,10:42:30,rain,urban,daylight,moderate,motorcycle,25.0,36,moderate
ACC02272,19.66837411673999,85.1739614619305,2025-09-30,07:59:16,rain,urban,dusk_dawn,low,motorcycle,79.4,59,minor
ACC02273,24.77491505280215,74.94732342817171,2025-03-24,07:13:16,clear,rural,dusk_dawn,low,motorcycle,72.5,62,moderate
ACC02274,26.53788436024019,73.46352376843166,2022-12-10,07:26:42,rain,rural,dusk_dawn,heavy,motorcycle,126.7,75,minor
ACC02275,23.698230030528954,74.71104960872077,2025-01-11,13:29:01,clear,urban,night_lit,heavy,truck,43.5,50,moderate
ACC02276,22.029059778084843,84.53649106560368,2024-01-12,00:08:55,clear,highway,night_lit,moderate,car,118.0,63,fatal
ACC02277,18.83886705357606,86.62129743188336,2025-05-11,15:39:19,clear,rural,daylight,moderate,car,120.9,74,minor
ACC02278,20.165214673211747,86.80718188326172,2023-02-11,10:02:22,clear,expressway,daylight,moderate,car,131.8,99,moderate
ACC02279,20.148805011597148,76.77145262992713,2022-04-12,15:53:07,clear,urban,night_unlit,low,auto,58.3,44,moderate
ACC02280,12.325895578950043,85.44546204821694,2023-05-29,21:05:52,rain,rural,night_unlit,low,auto,75.3,45,moderate
ACC02281,20.04873287724284,80.57976856035354,2026-06-21,19:06:13,rain,urban,dusk_dawn,moderate,motorcycle,61.1,59,minor
ACC02282,25.695532802785998,85.16466957357132,2024-07-01,15:10:48,cloudy,highway,daylight,moderate,motorcycle,83.0,97,severe
ACC02283,23.34838417827597,80.77383747808001,2022-03-31,12:53:19,storm,expressway,dusk_dawn,low,motorcycle,97.2,87,moderate
ACC02284,24.731337954000075,74.3342915164659,2026-05-21,17:51:01,heavy_rain,urban,daylight,moderate,motorcycle,53.4,35,minor
ACC02285,18.247759836296336,73.26751281716956,2025-09-17,21:55:24,clear,urban,night_lit,moderate,car,75.1,40,minor
ACC02286,20.46357179060733,87.31550638734943,2024-06-11,14:49:31,cloudy,urban,night_lit,moderate,car,39.4,48,moderate
ACC02287,12.535737103953608,78.81284090290526,2025-04-30,06:55:28,heavy_rain,urban,daylight,heavy,car,64.1,33,minor
ACC02288,18.127967074709495,77.60833031835709,2022-10-31,18:28:59,clear,highway,dusk_dawn,heavy,auto,113.4,67,minor
ACC02289,19.590656718282304,77.70084935629296,2024-08-29,01:00:31,clear,urban,night_lit,moderate,truck,52.6,35,moderate
ACC02290,16.083342393585305,78.06295058360755,2026-02-08,18:26:46,fog,highway,dusk_dawn,low,truck,129.7,82,moderate
ACC02291,12.499855663850397,87.1199492463094,2023-12-22,06:13:22,rain,highway,dusk_dawn,moderate,truck,108.7,81,minor
ACC02292,23.046529740463235,73.00327339845082,2022-03-05,07:14:08,rain,highway,dusk_dawn,moderate,motorcycle,63.9,84,fatal
ACC02293,18.961404013581493,73.9049805981168,2025-05-28,18:41:29,heavy_rain,highway,dusk_dawn,moderate,truck,95.7,92,moderate
ACC02294,18.650851089795747,84.63442424770959,2025-04-13,17:10:33,clear,expressway,night_lit,moderate,truck,128.8,83,moderate
ACC02295,15.999788064456142,80.79055186144222,2025-04-29,15:19:25,rain,highway,daylight,low,car,123.1,86,moderate
ACC02296,20.605286383968274,74.05658812737524,2024-11-30,19:23:45,rain,urban,dusk_dawn,moderate,car,66.0,53,minor
ACC02297,19.008428500331704,72.55136218845338,2022-08-14,19:03:57,clear,rural,dusk_dawn,heavy,motorcycle,72.4,63,moderate
ACC02298,19.583751568465456,75.58774957246764,2022-07-08,13:42:04,clear,rural,night_lit,low,car,113.5,53,minor
ACC02299,21.293941574982114,76.17297180336433,2025-07-25,23:45:04,clear,rural,night_unlit,moderate,truck,35.3,65,fatal
ACC02300,12.101194355835766,72.22740847319427,2025-11-05,11:33:16,rain,expressway,night_lit,heavy,truck,136.5,89,severe
ACC02301,26.523134456614763,75.45744861339509,2022-05-09,08:01:35,rain,urban,daylight,low,truck,71.9,34,moderate
ACC02302,13.1373983511213,83.8131029912384,2024-08-12,19:47:02,heavy_rain,rural,daylight,heavy,car,37.2,59,fatal
ACC02303,19.214795957055912,85.68693903419206,2024-04-01,12:26:11,clear,urban,daylight,heavy,car,43.5,36,fatal
ACC02304,15.317966003830103,86.37177327631548,2023-07-29,20:15:24,cloudy,highway,night_lit,heavy,auto,119.8,98,minor
ACC02305,20.380517909918005,78.23862452229669,2024-11-25,05:56:22,clear,urban,night_lit,heavy,bus,20.6,57,severe
ACC02306,16.483681740754207,77.11061961445692,2026-02-10,07:51:50,fog,rural,dusk_dawn,heavy,car,38.7,54,severe
ACC02307,25.760103969001662,87.9977735713262,2025-09-11,04:26:32,cloudy,urban,night_unlit,low,bus,67.3,32,severe
ACC02308,18.341757343398726,84.30944721474542,2022-09-09,16:26:52,rain,rural,daylight,moderate,bus,112.7,50,moderate
ACC02309,22.220088892294996,80.59763329452088,2024-01-31,19:54:45,clear,urban,dusk_dawn,moderate,car,28.0,49,moderate
ACC02310,15.982075650366063,76.07634292303035,2026-03-17,12:11:24,clear,rural,dusk_dawn,heavy,motorcycle,88.4,59,moderate
ACC02311,12.31049840790428,77.14088724616167,2023-01-24,06:24:58,clear,highway,daylight,moderate,auto,72.9,86,moderate
ACC02312,18.466472569812417,80.2458295812702,2025-11-03,11:34:50,rain,highway,daylight,heavy,truck,76.1,64,moderate
ACC02313,20.583783832932642,80.67332671665201,2024-03-16,11:20:29,clear,urban,daylight,low,motorcycle,36.9,51,severe
ACC02314,19.352754420188006,72.21885830837884,2024-05-06,16:18:51,rain,highway,night_lit,low,auto,87.6,84,fatal
ACC02315,27.392229821101758,87.3504013643436,2023-02-15,17:06:15,clear,expressway,dusk_dawn,heavy,bus,69.2,89,moderate
ACC02316,23.30942678153645,81.20969995762502,2026-02-18,07:16:12,cloudy,highway,dusk_dawn,moderate,car,115.5,60,fatal
ACC02317,27.930716810006324,81.42653191054613,2024-05-18,12:21:47,clear,highway,daylight,moderate,motorcycle,88.7,75,fatal
ACC02318,16.72096144502355,75.3835381400611,2024-08-01,16:50:47,clear,urban,daylight,heavy,bus,54.5,32,moderate
ACC02319,24.624852473714345,84.23979486081997,2024-01-30,09:20:13,cloudy,highway,daylight,low,car,75.7,88,minor
ACC02320,20.888935480745822,83.79623232146949,2022-05-27,12:09:45,clear,urban,daylight,moderate,car,31.3,46,moderate
ACC02321,21.78816567117599,73.52252757447623,2025-07-05,16:50:30,cloudy,highway,daylight,moderate,bus,78.9,99,severe
ACC02322,27.773651207077243,81.51990995615873,2023-06-24,12:21:33,cloudy,highway,night_lit,heavy,truck,135.3,71,minor
ACC02323,22.46379519601787,82.53109992527808,2023-01-30,03:55:50,clear,rural,night_lit,low,car,68.4,45,moderate
ACC02324,26.381070277390684,85.36909079318204,2025-07-08,08:06:09,cloudy,urban,daylight,moderate,car,71.3,42,fatal
ACC02325,23.612003755507953,75.29745886268337,2022-11-25,18:01:24,rain,urban,dusk_dawn,heavy,truck,37.0,43,moderate
ACC02326,14.038177947596001,86.0421567489025,2025-01-26,09:55:17,clear,highway,daylight,heavy,car,121.6,63,fatal
ACC02327,23.190779365157,79.38369714732153,2024-02-18,19:05:33,clear,urban,night_lit,moderate,car,39.8,40,moderate
ACC02328,19.74904941896771,73.54437790889031,2025-08-06,13:00:09,clear,urban,daylight,moderate,bus,63.4,31,fatal
ACC02329,26.70076788771748,73.68993954417401,2022-03-24,13:38:07,clear,highway,daylight,heavy,truck,85.7,65,fatal
ACC02330,24.909351155047283,75.16487125877072,2025-06-25,18:19:41,clear,rural,dusk_dawn,heavy,motorcycle,75.5,59,moderate
ACC02331,13.666155001715603,76.52401129576494,2023-01-12,11:29:03,cloudy,urban,daylight,heavy,motorcycle,27.0,45,moderate
ACC02332,14.142650298456935,79.94249287135679,2025-11-30,09:24:25,clear,expressway,daylight,moderate,motorcycle,122.6,91,severe
ACC02333,13.11377602877769,83.98001916391296,2023-08-04,07:17:59,heavy_rain,rural,dusk_dawn,heavy,car,94.2,47,severe
ACC02334,19.89191799591388,74.98761443231092,2022-01-12,17:28:59,rain,urban,daylight,heavy,auto,59.6,30,moderate
ACC02335,13.292348147317648,87.88242871199259,2024-03-11,13:15:10,clear,highway,night_unlit,heavy,motorcycle,133.6,76,fatal
ACC02336,23.578853385195103,74.584350908325,2022-03-31,19:13:55,cloudy,rural,night_lit,heavy,motorcycle,127.5,47,minor
ACC02337,20.83773730320692,81.59004748355436,2023-03-19,13:13:20,clear,urban,daylight,low,motorcycle,21.6,43,fatal
ACC02338,25.374160280850276,86.86304697394144,2025-03-22,12:07:11,clear,rural,dusk_dawn,heavy,motorcycle,120.7,53,moderate
ACC02339,16.47673261874106,85.32011876602924,2024-07-09,10:31:30,storm,urban,daylight,moderate,car,61.4,42,minor
ACC02340,20.30625254657825,82.36622722661056,2025-03-09,08:32:29,cloudy,highway,night_lit,low,motorcycle,121.6,60,minor
ACC02341,13.87967497456871,83.44788794865437,2025-12-13,19:01:22,clear,rural,dusk_dawn,low,motorcycle,113.3,72,moderate
ACC02342,26.153760042404485,74.14729002728583,2024-02-08,06:27:25,heavy_rain,rural,dusk_dawn,low,truck,128.1,71,fatal
ACC02343,14.800079396637413,72.15460886016398,2024-06-11,20:44:05,heavy_rain,highway,night_lit,moderate,truck,91.2,73,moderate
ACC02344,13.63779602160648,78.94638054976596,2022-04-06,02:00:15,cloudy,urban,night_lit,low,car,43.8,48,minor
ACC02345,15.280809576370933,73.43230282141285,2023-04-16,14:18:11,rain,urban,night_unlit,moderate,motorcycle,65.8,48,moderate
ACC02346,24.899703819567705,77.72404099060519,2025-04-04,05:57:55,rain,urban,night_unlit,heavy,motorcycle,23.1,53,moderate
ACC02347,13.693032442954925,75.5798846971158,2022-04-12,18:25:29,rain,rural,dusk_dawn,low,motorcycle,67.1,78,severe
ACC02348,21.830839917410657,86.66154755809188,2023-08-13,08:00:32,cloudy,highway,dusk_dawn,low,bus,74.2,99,minor
ACC02349,23.93890080984201,86.08089598412892,2022-08-13,15:31:26,rain,highway,night_lit,low,truck,123.0,74,fatal
ACC02350,24.017298567725938,85.10308557649614,2025-11-08,20:24:53,cloudy,highway,daylight,heavy,car,64.4,90,minor
ACC02351,15.040974185730098,83.4231087746238,2024-07-10,16:12:47,clear,expressway,night_lit,low,truck,83.0,90,moderate
ACC02352,12.985983974041792,74.46515086566443,2024-11-24,08:04:41,clear,highway,night_lit,low,car,66.2,66,fatal
ACC02353,19.18090214035548,72.77387881918642,2025-01-27,18:53:18,clear,urban,dusk_dawn,low,car,74.6,57,moderate
ACC02354,15.239765523912737,82.46220572567508,2023-01-04,13:48:18,clear,rural,night_lit,low,car,125.6,80,moderate
ACC02355,23.188332944223006,82.2761301948016,2022-03-23,01:40:56,clear,rural,night_lit,heavy,motorcycle,136.1,48,minor
ACC02356,17.707084794486736,77.9107885560717,2023-10-16,14:01:55,cloudy,highway,daylight,heavy,motorcycle,79.7,74,severe
ACC02357,19.189663056530115,79.56298666296955,2022-11-01,19:52:16,fog,highway,dusk_dawn,moderate,motorcycle,85.2,79,fatal
ACC02358,13.815758929627389,79.82639021180783,2023-06-13,12:28:20,clear,expressway,night_lit,moderate,motorcycle,89.1,93,moderate
ACC02359,21.080804584771066,75.8388501239441,2023-06-08,18:28:19,clear,urban,dusk_dawn,moderate,car,40.9,45,severe
ACC02360,14.968387034110517,77.02666579052138,2025-07-08,17:52:47,rain,highway,night_lit,heavy,motorcycle,71.4,84,minor
ACC02361,22.86377057463899,78.69423287461602,2023-06-10,13:25:56,cloudy,highway,daylight,heavy,car,109.1,82,moderate
ACC02362,13.1387011607663,81.65086447858543,2022-09-06,10:14:53,rain,rural,daylight,heavy,motorcycle,74.4,48,minor
ACC02363,27.614313476501174,87.29310729627828,2026-04-23,17:14:50,cloudy,expressway,daylight,heavy,motorcycle,137.0,82,minor
ACC02364,22.952431657372987,80.61575375230464,2022-03-22,11:55:20,cloudy,urban,dusk_dawn,moderate,car,43.3,48,moderate
ACC02365,14.907673084990819,83.69862255269122,2022-12-01,08:32:19,clear,urban,daylight,low,motorcycle,30.3,46,moderate
ACC02366,12.225514327389693,84.91201763832885,2023-07-25,10:34:53,clear,rural,daylight,heavy,truck,95.2,78,moderate
ACC02367,17.3514062752835,73.81612994093686,2022-04-13,20:35:23,cloudy,highway,night_lit,low,car,69.2,96,moderate
ACC02368,14.445012224835319,82.44999468086306,2026-01-16,09:13:12,clear,rural,daylight,moderate,truck,31.0,73,moderate
ACC02369,15.494581329912736,79.7137715240708,2023-08-03,09:25:50,clear,highway,daylight,heavy,car,116.9,99,minor
ACC02370,25.96400413500623,81.15889507596627,2025-07-08,07:57:28,clear,highway,night_unlit,moderate,truck,74.4,97,moderate
ACC02371,21.65127456081359,72.61467097230471,2022-08-09,05:08:05,rain,highway,night_unlit,moderate,car,111.4,90,fatal
ACC02372,14.823322448462392,86.49945178475816,2024-05-06,22:57:53,cloudy,highway,night_lit,moderate,auto,73.1,81,moderate
ACC02373,20.90655041099918,87.2445463932072,2022-07-27,15:16:17,rain,urban,night_lit,low,car,27.7,45,moderate
ACC02374,16.092490454799893,72.0557107789538,2023-01-16,17:17:18,rain,rural,dusk_dawn,low,auto,22.1,66,moderate
ACC02375,27.619213829729425,75.40466547266418,2023-11-01,18:00:31,clear,urban,night_unlit,moderate,car,23.3,48,moderate
ACC02376,12.524115684219124,74.8831067793432,2025-11-17,11:39:16,heavy_rain,urban,night_lit,low,truck,26.4,35,minor
ACC02377,23.717094754685043,84.50087227647762,2023-05-19,18:19:49,rain,highway,dusk_dawn,heavy,car,131.0,87,severe
ACC02378,24.36795241906284,81.56928094578913,2025-05-24,22:27:41,clear,urban,daylight,moderate,car,53.3,31,moderate
ACC02379,13.074604223323204,74.83733861274771,2022-05-31,18:34:33,cloudy,urban,dusk_dawn,heavy,car,63.7,34,moderate
ACC02380,14.749909827701625,85.02353528510177,2023-02-18,17:38:12,clear,urban,night_unlit,heavy,car,26.1,35,fatal
ACC02381,18.148906545663323,77.65559794889198,2024-09-19,13:57:29,heavy_rain,highway,dusk_dawn,moderate,motorcycle,61.9,98,moderate
ACC02382,25.890477224465087,79.37371002068964,2024-02-08,19:33:16,clear,rural,night_lit,moderate,motorcycle,134.4,58,fatal
ACC02383,20.59199901469599,78.19690568513033,2024-04-03,06:10:57,clear,highway,dusk_dawn,heavy,motorcycle,77.4,87,minor
ACC02384,22.484909600116648,80.34208330305967,2025-01-18,18:42:47,heavy_rain,highway,night_lit,low,motorcycle,112.4,91,severe
ACC02385,24.528205367309482,79.6822795012596,2022-05-07,11:03:06,cloudy,highway,dusk_dawn,moderate,car,113.9,86,moderate
ACC02386,25.24996461340032,76.39334404259908,2025-02-15,15:50:31,clear,urban,daylight,low,truck,27.7,48,moderate
ACC02387,19.620552689338897,78.79289659990144,2025-11-17,20:17:46,cloudy,highway,night_unlit,heavy,truck,96.6,82,fatal
ACC02388,20.140690220375703,86.5333943976688,2025-06-11,16:43:31,rain,highway,night_lit,heavy,car,79.6,76,fatal
ACC02389,23.48809371340447,80.04630618366792,2023-04-13,02:09:07,clear,urban,daylight,moderate,truck,25.4,33,minor
ACC02390,16.21347773977002,86.662182566758,2023-07-31,17:24:08,cloudy,highway,night_lit,moderate,car,109.8,75,minor
ACC02391,25.67183578184839,80.80203276508743,2026-04-28,21:41:43,cloudy,highway,night_unlit,moderate,motorcycle,139.3,75,fatal
ACC02392,12.332589191613465,84.30107669222654,2025-07-21,16:37:31,cloudy,urban,daylight,moderate,truck,49.3,41,minor
ACC02393,15.132345635355595,76.69746095455541,2026-03-10,19:00:32,storm,urban,dusk_dawn,moderate,truck,33.3,33,minor
ACC02394,24.80319908858405,84.64661584071052,2026-02-08,19:02:16,cloudy,highway,dusk_dawn,heavy,motorcycle,111.2,98,minor
ACC02395,17.444131390282756,76.22914580775976,2023-12-14,19:58:15,cloudy,highway,night_lit,low,motorcycle,74.3,66,minor
ACC02396,14.397325323076895,72.31279954628756,2022-08-01,11:31:24,rain,urban,daylight,low,motorcycle,28.8,34,severe
ACC02397,14.988076091382453,74.57166309084309,2023-01-11,13:51:32,clear,expressway,daylight,low,motorcycle,133.3,97,minor
ACC02398,20.492102430977113,72.34644600051259,2023-04-29,19:04:28,clear,rural,night_unlit,moderate,auto,114.4,50,severe
ACC02399,25.538904469519807,87.15300227026286,2025-10-02,20:29:52,storm,highway,night_unlit,heavy,truck,117.1,67,fatal
ACC02400,13.13041145233777,87.99963232668311,2023-03-30,07:34:11,rain,expressway,dusk_dawn,moderate,car,108.0,86,moderate
ACC02401,12.48769454599439,84.19568421791233,2023-08-17,08:55:28,clear,urban,daylight,moderate,motorcycle,45.2,49,fatal
ACC02402,19.44269017338949,73.7300506200254,2025-10-29,11:42:14,clear,urban,daylight,heavy,motorcycle,55.5,42,minor
ACC02403,27.298998640858155,86.3831273653224,2022-09-26,18:37:00,clear,expressway,dusk_dawn,low,truck,74.2,96,severe
ACC02404,16.464156854626022,83.90041893225767,2024-12-25,20:17:24,clear,rural,night_lit,heavy,car,138.4,44,severe
ACC02405,27.34672862507277,77.31591224643341,2024-06-24,16:59:03,clear,urban,night_unlit,heavy,truck,30.7,55,minor
ACC02406,26.202898825440023,80.03644658894291,2026-06-05,07:19:22,cloudy,urban,dusk_dawn,heavy,motorcycle,66.6,52,minor
ACC02407,16.530161222200178,82.5881494601915,2024-03-14,10:16:37,clear,expressway,daylight,moderate,car,83.8,91,minor
ACC02408,25.071169028098346,72.38480761077234,2024-05-05,19:43:22,cloudy,highway,dusk_dawn,moderate,car,98.2,77,severe
ACC02409,22.973876841101102,80.02465459359833,2025-10-27,11:59:40,fog,highway,daylight,low,truck,107.7,82,moderate
ACC02410,20.189158222476117,83.71832693207976,2026-06-17,07:51:17,storm,urban,dusk_dawn,low,truck,55.8,37,moderate
ACC02411,18.766658288685996,75.01160595034132,2025-04-12,10:10:24,rain,expressway,daylight,low,car,88.1,86,minor
ACC02412,25.04804409480731,79.10064917566933,2025-02-20,18:48:52,cloudy,highway,night_lit,low,car,111.8,65,minor
ACC02413,24.68927092312034,80.52048206695893,2025-12-09,14:21:14,cloudy,highway,daylight,heavy,car,73.2,65,severe
ACC02414,24.110981375080947,83.76904595134772,2026-05-28,08:13:30,cloudy,urban,night_unlit,moderate,motorcycle,65.6,32,fatal
ACC02415,27.972095219444732,87.43125937268972,2025-04-21,10:56:42,clear,highway,night_unlit,moderate,motorcycle,125.6,73,moderate
ACC02416,19.656199375062144,85.57240876806867,2023-04-26,21:56:21,heavy_rain,urban,night_unlit,moderate,car,39.8,59,moderate
ACC02417,24.910767645118653,81.9442947236792,2024-11-20,13:22:18,rain,urban,night_lit,moderate,truck,43.6,34,moderate
ACC02418,25.799653871735657,81.33825079735695,2023-01-23,13:01:41,cloudy,rural,daylight,low,car,45.5,77,moderate
ACC02419,15.385641303258943,81.65098708916273,2024-04-01,07:12:04,clear,rural,daylight,low,truck,63.1,64,moderate
ACC02420,12.673063072848976,80.72285828255639,2023-12-31,10:32:15,clear,urban,daylight,moderate,bus,78.8,51,severe
ACC02421,18.475974435017275,72.94980608414278,2026-06-10,19:03:24,heavy_rain,rural,dusk_dawn,heavy,car,118.8,42,severe
ACC02422,25.707786950988414,83.17274231341128,2024-06-29,18:13:13,clear,highway,dusk_dawn,low,bus,73.7,65,moderate
ACC02423,16.625652499112164,83.46138880207364,2026-04-24,13:08:32,clear,urban,night_lit,heavy,truck,56.3,48,moderate
ACC02424,23.200162465078783,80.19968579627243,2025-08-19,20:57:37,cloudy,urban,night_lit,moderate,bus,29.1,55,severe
ACC02425,12.117570225028203,85.92620168644069,2025-10-25,11:21:57,rain,highway,night_lit,moderate,car,136.5,92,moderate
ACC02426,17.685830917123802,82.75898884410685,2022-10-05,19:22:36,clear,highway,dusk_dawn,low,bus,118.0,62,fatal
ACC02427,21.84826711613042,77.80263452571228,2025-06-27,03:25:35,clear,urban,night_lit,moderate,motorcycle,62.9,47,severe
ACC02428,14.07611504115739,72.31510965757815,2023-02-17,11:00:43,rain,urban,night_unlit,moderate,car,64.6,30,moderate
ACC02429,26.34571059435894,72.94658634396288,2024-08-06,19:32:12,fog,urban,dusk_dawn,low,auto,77.9,34,moderate
ACC02430,14.500383633873268,77.62877218626858,2024-03-09,20:54:28,cloudy,highway,night_unlit,heavy,auto,121.6,94,severe
ACC02431,26.556696720063915,79.39368520317893,2023-03-03,18:48:49,rain,highway,dusk_dawn,moderate,car,86.3,72,severe
ACC02432,15.462228938927595,74.6699379121348,2026-06-06,17:15:10,clear,expressway,dusk_dawn,low,motorcycle,84.9,99,minor
ACC02433,27.908458782653454,75.02925290276211,2025-12-08,19:00:17,rain,highway,daylight,moderate,auto,125.1,86,minor
ACC02434,21.675979412729454,75.68338174046939,2024-07-31,17:46:13,cloudy,expressway,night_lit,low,motorcycle,126.7,85,minor
ACC02435,13.34951831101298,84.48821343322037,2022-01-18,09:50:57,rain,rural,night_unlit,heavy,motorcycle,109.7,56,fatal
ACC02436,13.044435751658558,84.34060545522834,2022-10-28,13:55:21,rain,urban,night_unlit,low,car,52.8,55,fatal
ACC02437,13.1987471401515,78.12702376662045,2023-01-09,17:34:19,clear,highway,daylight,moderate,motorcycle,106.8,92,moderate
ACC02438,21.43828395665523,74.75783010535034,2026-05-15,16:28:48,clear,rural,daylight,heavy,motorcycle,137.9,71,moderate
ACC02439,24.953267237238165,73.77453416101551,2023-10-25,20:45:54,rain,expressway,night_unlit,low,truck,90.8,89,moderate
ACC02440,18.44740386832809,73.39406899275477,2022-03-18,13:41:00,clear,rural,night_lit,moderate,motorcycle,110.9,52,moderate
ACC02441,19.117372148509787,78.26046801438996,2024-08-20,08:45:52,rain,rural,night_lit,moderate,motorcycle,65.8,77,minor
ACC02442,21.42860325863405,72.72867893313791,2026-04-10,08:17:42,cloudy,urban,night_lit,heavy,car,55.4,48,minor
ACC02443,20.528649676581693,77.33816059402136,2024-07-09,19:54:51,clear,highway,night_unlit,moderate,truck,104.7,74,fatal
ACC02444,23.008987729620323,87.3845318806582,2023-12-31,00:02:05,rain,expressway,night_lit,low,car,116.3,86,minor
ACC02445,19.548571522608427,80.12007384976062,2022-10-16,19:05:02,cloudy,highway,daylight,moderate,motorcycle,123.1,67,moderate
ACC02446,23.421770961025082,85.16231450936303,2025-12-13,05:39:20,heavy_rain,urban,night_lit,moderate,truck,38.3,53,severe
ACC02447,27.956971880746146,74.06825513432639,2022-06-22,12:34:50,clear,urban,daylight,moderate,truck,53.4,49,severe
ACC02448,17.604765475980237,76.28926051855528,2026-03-13,18:33:29,clear,rural,dusk_dawn,heavy,car,88.1,55,moderate
ACC02449,12.195447406645613,87.14474311270413,2023-01-01,12:54:43,clear,rural,daylight,low,truck,38.1,73,minor
ACC02450,14.010000728826476,78.13683035094438,2022-08-15,19:52:14,clear,urban,dusk_dawn,moderate,car,22.3,60,moderate
ACC02451,20.85622695979126,82.37449805517316,2023-07-27,06:43:20,rain,highway,dusk_dawn,moderate,car,96.1,91,minor
ACC02452,17.50812459431443,87.61802846660143,2022-01-09,14:09:52,clear,highway,daylight,low,truck,123.5,94,minor
ACC02453,27.039721499279878,80.81260410129177,2022-01-24,16:05:29,clear,highway,dusk_dawn,moderate,car,111.4,81,fatal
ACC02454,22.039137441718125,76.88553518765977,2022-11-03,20:08:46,storm,expressway,night_unlit,low,motorcycle,127.5,91,fatal
ACC02455,20.325682975447485,80.511175295233,2025-02-11,06:36:38,clear,highway,dusk_dawn,heavy,auto,124.2,100,moderate
ACC02456,24.7686320203523,72.87419518929374,2025-08-30,10:42:10,clear,expressway,night_lit,low,car,93.0,82,moderate
ACC02457,16.137437936785524,73.79791798548305,2023-02-11,17:47:56,heavy_rain,highway,night_unlit,moderate,truck,121.5,90,severe
ACC02458,25.115816644517757,72.11473768083631,2024-11-24,22:06:56,rain,rural,night_lit,moderate,motorcycle,39.9,60,minor
ACC02459,12.048977677825487,86.14736066504007,2023-08-01,19:16:46,clear,urban,daylight,moderate,motorcycle,69.4,32,minor
ACC02460,21.914837794171483,82.74048686239352,2023-12-12,19:20:28,storm,rural,dusk_dawn,moderate,motorcycle,112.8,73,fatal
ACC02461,26.95611441673246,76.77327624212397,2023-07-04,14:37:25,cloudy,urban,daylight,moderate,motorcycle,61.7,32,severe
ACC02462,24.60575923254192,75.53858270731688,2026-01-03,15:02:17,clear,rural,daylight,heavy,truck,76.4,60,minor
ACC02463,25.65814707435775,82.92922561852448,2024-04-20,19:50:38,clear,rural,dusk_dawn,moderate,truck,62.8,67,minor
ACC02464,18.351275122744006,86.71251303656452,2024-04-11,19:04:18,fog,highway,daylight,moderate,motorcycle,108.4,81,minor
ACC02465,25.18782313760202,76.78622545683378,2025-11-12,18:31:11,clear,expressway,dusk_dawn,moderate,truck,113.1,94,minor
ACC02466,20.813306640484264,77.14494575018851,2024-12-15,19:55:03,rain,urban,dusk_dawn,moderate,motorcycle,61.0,52,minor
ACC02467,21.896643784051182,85.66785160310036,2022-09-03,20:11:25,clear,highway,dusk_dawn,heavy,truck,78.2,92,minor
ACC02468,12.942645429372856,86.29401305414004,2022-11-06,07:41:48,clear,highway,daylight,low,car,121.9,92,severe
ACC02469,15.224827154790274,86.62458506927646,2023-07-14,09:32:47,heavy_rain,urban,night_lit,moderate,car,60.8,31,minor
ACC02470,20.81543064821684,76.69046732810712,2022-06-10,22:49:50,storm,rural,night_unlit,heavy,car,25.3,56,moderate
ACC02471,12.940816925175962,73.92500108154158,2025-02-10,15:35:36,clear,rural,daylight,moderate,motorcycle,72.6,48,moderate
ACC02472,23.863148905403413,79.03996115197667,2024-03-24,08:50:52,clear,highway,night_unlit,moderate,car,69.2,88,moderate
ACC02473,25.440912136350427,76.7322378422589,2022-03-14,14:24:46,rain,urban,night_lit,heavy,motorcycle,33.0,33,minor
ACC02474,26.725797780716878,86.14186666898937,2023-10-20,16:09:48,cloudy,highway,night_lit,moderate,auto,75.6,87,severe
ACC02475,13.628295346876895,72.58615906885672,2025-09-24,19:40:30,cloudy,highway,dusk_dawn,moderate,car,88.0,94,minor
ACC02476,27.0355239683648,82.14208751418036,2026-01-29,19:58:05,clear,rural,dusk_dawn,low,motorcycle,61.8,44,moderate
ACC02477,13.08192012206872,86.49890185196982,2026-04-29,05:25:22,fog,highway,night_unlit,low,car,120.9,78,severe
ACC02478,19.584899454845043,87.62672586889705,2026-02-23,13:49:50,clear,urban,dusk_dawn,low,motorcycle,22.6,52,severe
ACC02479,25.444016330044988,82.40208958876869,2024-09-24,02:52:44,clear,highway,night_lit,heavy,car,93.2,81,minor
ACC02480,13.124978217031286,87.19876731235809,2026-03-03,20:38:00,clear,highway,night_lit,moderate,bus,109.5,71,severe
ACC02481,12.291697167823738,73.21055140200107,2026-04-20,08:47:05,clear,highway,night_lit,heavy,car,133.4,74,moderate
ACC02482,12.399163499306411,77.74845353593983,2024-11-09,16:33:39,cloudy,highway,daylight,low,auto,117.0,87,severe
ACC02483,20.180323830976537,72.13943515722774,2023-11-10,15:48:58,clear,urban,night_lit,low,car,51.7,53,fatal
ACC02484,24.985547913546608,87.6989403550531,2026-05-06,16:20:43,cloudy,expressway,night_lit,moderate,truck,126.5,80,moderate
ACC02485,14.038826737161594,86.44362366026719,2023-11-13,15:31:56,clear,highway,daylight,low,car,70.7,93,moderate
ACC02486,13.99376406527265,72.44884089997122,2022-10-01,17:04:03,clear,rural,daylight,moderate,car,124.3,59,moderate
ACC02487,21.096749680796666,72.29012240735625,2022-06-24,16:11:52,heavy_rain,urban,daylight,low,bus,52.4,56,severe
ACC02488,15.748729612990779,77.87151190570185,2024-07-20,06:34:07,cloudy,highway,daylight,low,car,64.9,69,moderate
ACC02489,23.683419762317982,76.13660746865443,2022-02-28,11:43:53,clear,highway,night_lit,moderate,motorcycle,79.4,100,severe
ACC02490,27.194166210827998,85.55091643588004,2022-07-14,15:01:58,clear,highway,daylight,moderate,truck,131.8,75,minor
ACC02491,24.25653450560661,74.5677504523498,2023-02-06,10:04:30,cloudy,rural,night_lit,low,motorcycle,77.6,61,minor
ACC02492,26.03480586206266,84.65039140321372,2024-05-19,18:00:31,rain,rural,daylight,low,car,106.5,67,minor
ACC02493,20.313376921146727,80.87135519985061,2024-02-25,10:31:29,rain,highway,daylight,low,bus,118.4,88,moderate
ACC02494,25.317108867480535,78.03826834247981,2024-04-19,19:20:33,rain,highway,dusk_dawn,low,motorcycle,90.5,66,severe
ACC02495,14.926450943786918,74.33151618773405,2024-04-13,07:03:49,clear,highway,dusk_dawn,heavy,bus,132.8,91,minor
ACC02496,13.093566246330038,87.96306089535474,2026-06-21,18:47:16,storm,urban,dusk_dawn,moderate,truck,71.2,37,moderate
ACC02497,22.495249761994977,81.88777793474459,2022-12-24,08:31:16,clear,highway,night_lit,low,truck,112.4,83,moderate
ACC02498,12.831240060128895,79.03011572108791,2024-02-18,15:00:58,clear,urban,night_lit,moderate,motorcycle,60.7,50,moderate
ACC02499,26.279702706234886,77.9380409048437,2024-10-03,10:41:50,cloudy,urban,daylight,low,car,39.7,36,minor
ACC02500,23.0648663537187,86.49165169009369,2023-03-26,16:54:32,clear,urban,night_lit,low,bus,51.1,60,minor
ACC02501,27.23521160654259,85.13906893105218,2022-10-25,08:25:12,cloudy,highway,daylight,heavy,truck,124.0,85,severe
ACC02502,17.02218650101177,84.97897261389159,2022-03-18,18:56:57,clear,urban,dusk_dawn,low,truck,51.9,50,minor
ACC02503,19.778532947225933,81.85917556739828,2023-06-20,15:25:52,rain,urban,night_lit,heavy,bus,62.0,53,moderate
ACC02504,23.867045840721904,86.20730532313283,2023-02-22,22:04:19,rain,rural,night_lit,heavy,car,128.1,76,minor
ACC02505,15.884463767373129,76.78845395395312,2022-11-18,17:07:32,cloudy,urban,dusk_dawn,heavy,car,65.2,50,minor
ACC02506,20.66958112178667,83.25929816261262,2023-03-22,16:04:25,cloudy,urban,night_lit,moderate,car,57.0,60,minor
ACC02507,22.55147640008765,78.47116387827027,2025-02-17,19:18:50,clear,highway,dusk_dawn,low,motorcycle,67.0,66,minor
ACC02508,27.66093847115266,81.59998093695508,2025-09-20,08:23:41,rain,urban,night_lit,heavy,motorcycle,71.3,38,fatal
ACC02509,23.915252707878157,87.97044800980308,2024-04-28,16:26:29,cloudy,urban,night_lit,heavy,car,39.2,53,moderate
ACC02510,13.890093604465184,87.7523964908051,2022-04-20,12:28:58,cloudy,rural,daylight,moderate,motorcycle,131.3,80,moderate
ACC02511,19.605335222132965,80.20190426347918,2025-04-23,18:51:36,clear,urban,dusk_dawn,low,car,69.2,59,severe
ACC02512,21.420332527833153,81.1818152346372,2022-09-07,02:00:29,clear,rural,night_unlit,low,motorcycle,20.8,56,minor
ACC02513,14.345970285829644,86.35714830619682,2022-04-05,12:53:55,clear,rural,daylight,low,car,81.3,42,moderate
ACC02514,18.911456911697254,87.77017140022168,2024-07-22,17:14:26,rain,highway,daylight,low,car,126.5,83,moderate
ACC02515,16.544093061373168,84.45772484201727,2023-11-30,13:57:25,rain,highway,night_lit,moderate,motorcycle,99.2,92,severe
ACC02516,13.901240676192415,73.04295132733809,2023-05-28,09:08:23,storm,expressway,night_lit,heavy,car,66.8,83,moderate
ACC02517,20.192670935415272,77.16223574950182,2026-05-07,13:06:13,cloudy,rural,night_lit,moderate,motorcycle,25.7,62,moderate
ACC02518,14.650129296197527,86.34499743872493,2022-05-30,19:07:16,cloudy,expressway,dusk_dawn,moderate,motorcycle,63.1,100,minor
ACC02519,21.448598537371574,84.29364009360769,2022-03-30,08:17:05,rain,urban,night_lit,heavy,auto,22.1,36,moderate
ACC02520,14.715150915869847,83.87572913639083,2024-08-22,11:56:43,clear,expressway,dusk_dawn,moderate,car,105.3,83,minor
ACC02521,23.57751877764514,82.68677168749025,2023-11-18,23:27:35,cloudy,highway,night_lit,moderate,car,107.0,70,severe
ACC02522,15.123865968474727,78.64422159411814,2025-08-09,20:09:55,rain,urban,night_lit,heavy,truck,70.1,42,moderate
ACC02523,26.34056161241839,78.45186112551522,2022-03-08,03:38:36,clear,urban,night_unlit,moderate,car,38.6,51,moderate
ACC02524,12.419349704780942,84.94291980145282,2023-11-20,15:30:04,clear,highway,night_unlit,heavy,motorcycle,74.5,79,minor
ACC02525,20.351958192731775,76.70048466824113,2022-08-29,06:42:37,clear,highway,dusk_dawn,low,truck,84.5,82,minor
ACC02526,17.12167625418475,82.95730996321558,2022-03-09,21:44:10,cloudy,highway,night_lit,moderate,car,91.5,89,minor
ACC02527,15.601224412393453,83.6193363747833,2024-01-30,13:47:02,clear,highway,night_lit,moderate,auto,60.9,88,minor
ACC02528,19.54564446664237,85.51289582978445,2025-04-21,12:09:39,clear,expressway,daylight,moderate,motorcycle,137.6,86,moderate
ACC02529,25.47231258118817,77.11816945131226,2022-09-16,09:29:01,clear,expressway,daylight,moderate,truck,126.4,90,moderate
ACC02530,26.64443528842638,83.87022826941123,2025-10-15,15:37:24,rain,rural,night_unlit,low,bus,40.7,76,minor
ACC02531,16.851977890365532,73.70383836125899,2024-05-01,07:33:53,heavy_rain,expressway,night_lit,heavy,bus,80.0,90,severe
ACC02532,14.46789795352114,74.20898766323047,2024-02-28,18:58:15,heavy_rain,rural,dusk_dawn,moderate,car,60.2,66,moderate
ACC02533,23.522247161060918,78.67737664277442,2026-02-24,14:57:41,rain,expressway,daylight,moderate,motorcycle,127.6,93,severe
ACC02534,21.31197960729581,72.88361242168395,2023-06-25,15:48:22,clear,highway,night_lit,heavy,motorcycle,108.7,78,severe
ACC02535,15.216258378840958,87.16317314344542,2022-11-26,19:14:06,clear,highway,dusk_dawn,moderate,motorcycle,74.3,79,minor
ACC02536,24.164732609398985,86.43033296814977,2025-07-15,08:31:11,cloudy,rural,daylight,heavy,truck,34.5,62,fatal
ACC02537,20.302886963874258,72.78293912841349,2022-06-26,08:48:04,cloudy,urban,daylight,low,motorcycle,61.7,42,moderate
ACC02538,22.454323192118522,85.41298755027645,2025-12-02,12:16:09,rain,rural,night_lit,low,motorcycle,64.2,57,severe
ACC02539,17.74942454341422,80.14198678544041,2025-09-17,18:42:09,clear,urban,dusk_dawn,low,motorcycle,62.7,51,severe
ACC02540,19.025560980838016,83.2314062139768,2026-05-24,05:14:52,fog,highway,night_unlit,heavy,car,123.2,91,fatal
ACC02541,14.885473573999075,86.190898708771,2024-01-26,18:08:48,clear,highway,daylight,heavy,motorcycle,67.7,60,moderate
ACC02542,24.104253882325455,81.23159179324318,2024-10-18,14:14:21,cloudy,rural,night_lit,heavy,car,108.8,77,moderate
ACC02543,14.51218118642867,73.86123360455407,2025-12-20,15:55:43,heavy_rain,urban,dusk_dawn,moderate,motorcycle,42.6,36,moderate
ACC02544,24.45284151601698,72.04125776778538,2022-08-05,15:59:12,cloudy,urban,daylight,low,car,33.8,32,severe
ACC02545,24.768125678153375,79.95074451602315,2023-05-18,05:51:38,rain,urban,night_lit,moderate,truck,65.2,31,minor
ACC02546,23.945615424881947,87.18771411398976,2024-02-14,09:16:12,rain,urban,daylight,moderate,car,38.4,35,minor
ACC02547,12.310764608939847,81.16194994581113,2024-10-27,18:46:38,rain,urban,night_unlit,low,motorcycle,39.4,55,minor
ACC02548,16.37013140170678,77.96702620941167,2025-01-20,12:13:21,rain,urban,night_lit,moderate,motorcycle,58.7,50,moderate
ACC02549,19.49340388466902,72.49475227329461,2026-02-25,15:07:51,clear,urban,daylight,heavy,motorcycle,61.5,40,moderate
ACC02550,21.528710059468732,86.6396706764512,2024-03-14,21:15:50,clear,expressway,night_unlit,moderate,motorcycle,93.9,81,fatal
ACC02551,26.707553589904805,77.23450657372868,2022-10-09,05:08:20,rain,urban,night_unlit,moderate,truck,20.3,50,minor
ACC02552,18.009695554059235,83.27643842104153,2022-11-08,13:38:02,cloudy,expressway,daylight,moderate,car,120.4,86,moderate
ACC02553,26.000373100383264,83.10779523378343,2025-08-07,11:40:19,cloudy,rural,daylight,low,truck,111.7,72,minor
ACC02554,14.614868610189385,76.06213058189996,2024-01-28,07:02:16,cloudy,rural,night_lit,low,motorcycle,69.3,74,moderate
ACC02555,17.94048780013803,73.02044010337161,2024-11-02,21:06:25,clear,rural,night_lit,moderate,truck,59.5,41,minor
ACC02556,12.836512173141168,78.1600060587495,2024-07-13,22:28:34,cloudy,urban,night_lit,heavy,bus,50.1,45,minor
ACC02557,23.879828656889956,77.0740962213952,2025-08-27,10:06:59,fog,urban,daylight,moderate,truck,69.4,35,minor
ACC02558,14.410444118926607,83.20410238195721,2022-12-25,21:49:03,clear,urban,night_unlit,low,car,44.2,54,moderate
ACC02559,16.112320250375326,85.11651993055743,2022-10-08,03:24:33,clear,highway,night_lit,low,motorcycle,131.8,96,minor
ACC02560,24.403732035091437,75.5591266782668,2025-04-19,22:24:10,clear,highway,night_lit,heavy,motorcycle,83.0,75,moderate
ACC02561,20.55546747876336,80.45169711642308,2023-12-14,19:00:32,cloudy,highway,dusk_dawn,moderate,car,108.3,79,severe
ACC02562,12.223563510695401,72.64973355821058,2025-09-01,08:42:38,clear,rural,dusk_dawn,moderate,motorcycle,125.1,51,minor
ACC02563,12.035763275958354,75.42809316693538,2022-07-31,16:43:48,rain,highway,daylight,low,truck,127.4,65,moderate
ACC02564,20.17057010783835,84.18818568515333,2023-03-23,18:45:33,clear,urban,dusk_dawn,heavy,truck,41.1,31,severe
ACC02565,16.879288219987117,84.69437312782516,2026-04-26,10:32:10,clear,highway,dusk_dawn,moderate,car,129.2,75,severe
ACC02566,14.884983135922834,84.42247141522886,2025-10-17,11:16:54,clear,highway,daylight,low,truck,60.3,79,severe
ACC02567,21.817503003457773,74.27820679981232,2022-04-13,16:04:24,clear,urban,night_lit,moderate,motorcycle,57.2,33,minor
ACC02568,15.654983547478833,80.81655563949468,2025-09-03,07:18:28,rain,rural,dusk_dawn,heavy,car,84.6,44,moderate
ACC02569,21.475314394959167,78.76333463109412,2022-04-18,07:32:38,heavy_rain,urban,dusk_dawn,heavy,motorcycle,31.5,38,fatal
ACC02570,18.068255209380368,87.86378074872145,2022-07-17,09:06:15,rain,expressway,night_unlit,heavy,motorcycle,67.6,89,minor
ACC02571,14.987939482716635,82.46511790493338,2026-01-14,18:03:59,heavy_rain,highway,dusk_dawn,moderate,motorcycle,75.1,89,minor
ACC02572,14.209675805899979,86.96323346233166,2022-07-26,11:13:02,clear,urban,daylight,moderate,truck,75.5,49,moderate
ACC02573,15.78976965003661,74.325604880135,2023-05-09,14:04:09,heavy_rain,highway,night_lit,moderate,car,61.0,94,minor
ACC02574,12.477313728207761,79.21397236960367,2022-08-11,08:00:59,cloudy,highway,daylight,moderate,motorcycle,131.5,99,moderate
ACC02575,16.930031392580297,84.3457216016939,2024-09-07,08:29:27,rain,highway,night_lit,low,car,65.3,97,moderate
ACC02576,26.43127504290871,77.88572364848645,2022-04-04,16:44:53,cloudy,highway,night_lit,moderate,car,133.2,67,minor
ACC02577,25.301794014128454,82.12013593845835,2023-04-18,07:29:54,clear,rural,daylight,heavy,car,48.2,62,minor
ACC02578,17.95206010751454,80.18723475797857,2023-06-20,17:05:59,clear,urban,daylight,low,truck,34.0,41,moderate
ACC02579,21.21333789730886,87.87087054748788,2024-12-01,12:20:43,clear,highway,daylight,moderate,motorcycle,84.5,79,severe
ACC02580,21.077768944224935,74.78196064104786,2024-03-26,17:02:40,cloudy,expressway,dusk_dawn,low,motorcycle,66.0,81,severe
ACC02581,25.259800627099395,86.96557912528205,2022-11-13,11:37:36,cloudy,urban,night_unlit,moderate,motorcycle,61.7,41,severe
ACC02582,15.78064162427145,78.42513526085276,2024-02-02,19:13:40,storm,highway,dusk_dawn,moderate,car,90.2,90,minor
ACC02583,16.7421998206882,79.48788746203671,2024-01-24,05:23:15,clear,urban,night_lit,moderate,car,60.6,46,severe
ACC02584,16.828566939929786,80.45763013903967,2023-08-04,20:54:48,cloudy,highway,night_lit,moderate,motorcycle,118.3,89,minor
ACC02585,12.65391983634679,76.24586479093728,2024-05-25,09:35:11,cloudy,rural,daylight,heavy,truck,72.5,41,moderate
ACC02586,17.035005812627077,87.41851908177269,2023-06-20,04:45:28,clear,urban,night_lit,low,truck,62.8,55,minor
ACC02587,26.04662042540811,86.58379528375663,2023-07-02,15:20:22,clear,highway,daylight,heavy,car,70.8,60,minor
ACC02588,26.591802361143696,87.5664816033818,2025-07-10,08:55:45,cloudy,highway,daylight,heavy,motorcycle,136.3,94,severe
ACC02589,13.754165532296806,87.95071315535236,2023-02-18,13:42:15,cloudy,highway,daylight,moderate,motorcycle,74.1,100,minor
ACC02590,19.3289366658949,82.71680152289555,2023-06-25,18:30:12,clear,urban,night_unlit,moderate,truck,70.4,40,severe
ACC02591,18.101582425402228,79.22696793289191,2022-08-19,18:34:48,clear,urban,dusk_dawn,heavy,car,51.4,42,moderate
ACC02592,19.829747145974206,85.61174242394088,2025-02-20,16:37:29,clear,expressway,daylight,moderate,car,131.9,80,minor
ACC02593,20.875512384938837,72.38087804538142,2025-03-05,22:09:43,rain,highway,night_lit,low,auto,61.1,99,severe
ACC02594,12.324140160283937,85.35046471541605,2025-01-18,13:15:52,rain,highway,night_lit,low,car,118.9,92,minor
ACC02595,25.47587596673857,79.9565763873761,2022-10-04,04:41:50,clear,highway,night_unlit,heavy,auto,98.9,86,severe
ACC02596,27.578625170773414,82.77152043333469,2024-01-12,19:26:23,cloudy,urban,dusk_dawn,low,motorcycle,74.2,31,severe
ACC02597,22.454476992058275,77.98473698148013,2023-04-25,08:47:10,fog,urban,daylight,moderate,motorcycle,56.7,59,minor
ACC02598,22.56723581589391,77.89797046186905,2025-06-08,08:31:57,clear,expressway,daylight,moderate,car,121.4,95,minor
ACC02599,20.447677725291335,72.5074744449742,2023-07-08,06:03:18,clear,rural,dusk_dawn,moderate,bus,59.5,74,moderate
ACC02600,17.348374587430108,78.78063088686422,2023-11-14,10:39:46,clear,highway,night_lit,moderate,car,112.6,98,minor
ACC02601,14.383645186872338,78.53366712670928,2024-01-17,10:36:46,clear,rural,daylight,moderate,motorcycle,92.4,78,minor
ACC02602,21.34501348313681,75.59665762988914,2025-06-03,10:21:26,rain,rural,daylight,moderate,car,45.4,73,moderate
ACC02603,12.719062456147313,75.95717237663628,2025-02-27,16:47:09,rain,highway,dusk_dawn,low,car,75.6,60,moderate
ACC02604,25.19204108306998,81.34623328708018,2025-09-08,18:21:28,cloudy,expressway,night_lit,low,truck,64.0,98,moderate
ACC02605,18.734587191529847,77.08434308063205,2023-12-04,21:06:08,clear,rural,night_unlit,low,car,108.0,43,severe
ACC02606,18.636067586591597,85.28403054427663,2025-09-07,06:07:21,rain,rural,dusk_dawn,moderate,motorcycle,33.1,60,moderate
ACC02607,17.23473373561449,73.78216170971307,2025-12-01,07:54:22,clear,urban,dusk_dawn,low,truck,77.8,56,severe
ACC02608,27.509662219177383,81.2423191452007,2024-05-10,16:22:31,clear,highway,night_lit,moderate,motorcycle,92.3,64,fatal
ACC02609,14.798671244331501,74.56071563422563,2025-01-21,06:24:11,clear,rural,dusk_dawn,low,truck,20.8,73,moderate
ACC02610,14.420925143603379,80.45185003073054,2026-02-02,11:18:50,heavy_rain,urban,night_lit,moderate,car,25.5,41,moderate
ACC02611,14.648504024720483,80.8407341912051,2025-10-08,16:44:04,rain,expressway,night_unlit,low,truck,106.4,94,severe
ACC02612,22.536439725612226,82.27676298441166,2023-03-30,18:36:59,cloudy,highway,dusk_dawn,moderate,car,128.0,87,severe
ACC02613,27.870325099673572,78.83879915636629,2025-03-22,08:53:18,rain,urban,daylight,heavy,motorcycle,70.6,56,minor
ACC02614,15.767602726428075,80.15159496206807,2024-01-03,17:53:29,clear,rural,daylight,moderate,truck,126.9,56,minor
ACC02615,26.489878353079803,74.89524185730069,2022-09-02,16:59:52,clear,urban,daylight,heavy,truck,57.7,30,minor
ACC02616,16.45786494733076,79.40824559578127,2023-09-03,19:19:39,rain,urban,daylight,moderate,car,73.3,32,fatal
ACC02617,22.366398722004803,77.96848622550866,2026-05-25,10:35:03,heavy_rain,rural,night_lit,low,motorcycle,135.9,43,severe
ACC02618,12.647983230933884,82.65809767447055,2026-04-22,18:20:36,cloudy,rural,dusk_dawn,moderate,bus,26.1,70,minor
ACC02619,19.930463593219024,78.95714757594378,2025-07-15,18:42:33,clear,urban,dusk_dawn,moderate,bus,41.0,46,severe
ACC02620,22.473119460463707,84.46946641568353,2026-06-15,09:44:55,storm,highway,night_lit,heavy,motorcycle,78.9,62,severe
ACC02621,20.58111643556206,78.81587357717908,2024-07-29,16:15:33,clear,urban,dusk_dawn,low,car,59.2,47,severe
ACC02622,15.805366158108658,75.77233876758334,2025-05-28,17:51:59,clear,urban,daylight,heavy,motorcycle,50.8,34,severe
ACC02623,25.25595117228665,76.37901950333736,2022-09-29,09:17:31,clear,rural,daylight,moderate,auto,21.1,57,minor
ACC02624,27.522184179811845,72.72456360146619,2023-05-06,13:58:11,clear,urban,daylight,moderate,car,65.6,45,minor
ACC02625,19.347137531073045,80.63870096961456,2022-10-11,13:51:30,cloudy,urban,night_unlit,heavy,truck,59.5,34,severe
ACC02626,22.174708243028057,85.29409414240514,2026-03-20,18:01:55,cloudy,highway,dusk_dawn,low,motorcycle,84.1,73,moderate
ACC02627,24.64661229352916,84.30578730908113,2024-10-05,00:23:01,clear,highway,night_lit,heavy,truck,87.2,77,moderate
ACC02628,15.863824969948704,79.00463146141554,2026-03-12,14:23:23,clear,highway,daylight,low,car,117.9,93,moderate
ACC02629,25.831206110860567,75.1379256823122,2023-11-15,08:49:02,cloudy,urban,night_lit,moderate,car,73.6,44,moderate
ACC02630,16.48321448495996,85.81575109275924,2023-10-25,16:43:50,cloudy,rural,night_lit,low,car,43.7,75,moderate
ACC02631,24.41329285624382,72.90849654472109,2025-01-14,17:03:30,clear,expressway,night_unlit,heavy,bus,70.1,100,minor
ACC02632,13.793587718822753,78.3875636032399,2024-07-21,14:50:42,clear,urban,daylight,moderate,truck,45.8,44,severe
ACC02633,16.614187254626714,85.70584227814322,2023-09-04,15:13:58,heavy_rain,rural,daylight,moderate,motorcycle,112.1,62,moderate
ACC02634,20.537918943037884,78.29082699846714,2023-06-06,10:22:49,storm,urban,night_lit,heavy,auto,54.9,36,severe
ACC02635,20.398753531269044,73.88600753211136,2024-04-22,10:10:24,clear,urban,daylight,low,car,71.0,38,minor
ACC02636,25.606898951781858,76.25519200553273,2022-05-05,18:09:56,rain,urban,dusk_dawn,heavy,bus,53.4,46,minor
ACC02637,27.938036122217717,81.60047106788717,2022-11-05,07:31:28,heavy_rain,urban,dusk_dawn,moderate,car,45.6,46,moderate
ACC02638,13.71537353376225,74.43257452311313,2022-03-13,18:05:58,clear,urban,dusk_dawn,heavy,car,48.0,60,minor
ACC02639,16.342210125200594,82.4789652294777,2022-09-12,17:04:58,heavy_rain,expressway,daylight,moderate,motorcycle,101.7,99,moderate
ACC02640,17.72157136356921,79.01059089918793,2022-11-23,20:47:13,cloudy,urban,night_unlit,heavy,auto,66.3,50,severe
ACC02641,19.66269452496008,77.35023201312835,2022-05-05,09:20:46,cloudy,highway,daylight,heavy,truck,107.2,62,minor
ACC02642,19.902555890470385,75.85480768837063,2022-04-02,14:38:41,cloudy,urban,daylight,moderate,car,76.4,53,minor
ACC02643,25.699121010374668,85.17327977370735,2025-09-07,04:59:46,clear,expressway,night_lit,heavy,auto,101.7,100,moderate
ACC02644,24.328948844561594,78.34678315941443,2022-10-27,20:03:10,rain,highway,night_lit,heavy,truck,103.5,94,fatal
ACC02645,12.301625264607253,83.81566824969964,2024-06-30,17:47:30,rain,expressway,daylight,heavy,truck,94.7,96,minor
ACC02646,19.280348169331006,79.04568308219815,2022-06-11,16:06:09,clear,expressway,night_lit,heavy,motorcycle,138.9,84,moderate
ACC02647,21.88918141190542,73.46987499018847,2026-04-05,17:45:53,cloudy,urban,night_unlit,heavy,motorcycle,32.2,57,minor
ACC02648,19.366329393488375,79.04809560267617,2023-01-28,09:18:52,fog,highway,night_lit,moderate,car,96.1,62,moderate
ACC02649,14.090324096411237,80.12300447577222,2025-05-15,16:08:34,heavy_rain,highway,night_unlit,heavy,motorcycle,127.0,91,fatal
ACC02650,18.35958533905037,79.32547509589403,2024-11-18,18:13:07,cloudy,highway,dusk_dawn,moderate,car,104.3,63,moderate
ACC02651,18.586491122075778,85.05986738797236,2025-06-16,06:21:39,clear,urban,dusk_dawn,low,motorcycle,35.0,41,moderate
ACC02652,15.00345475919614,86.57362158468847,2024-10-30,22:43:26,clear,rural,night_lit,low,motorcycle,114.3,54,moderate
ACC02653,24.100913831535255,84.58845880337654,2024-04-15,20:40:47,clear,expressway,night_unlit,low,motorcycle,108.9,95,fatal
ACC02654,17.142410882279627,81.32451043537536,2025-06-21,22:43:05,rain,highway,daylight,heavy,truck,125.0,92,minor
ACC02655,21.42379664909786,80.66319936887825,2025-08-31,19:01:24,rain,urban,dusk_dawn,heavy,motorcycle,31.6,38,minor
ACC02656,20.25168289534028,82.31385648197855,2023-09-16,10:58:21,heavy_rain,urban,night_unlit,heavy,motorcycle,31.3,48,moderate
ACC02657,26.03883326746222,76.60528474303,2026-03-27,16:26:57,clear,urban,daylight,low,car,23.7,45,severe
ACC02658,13.952238909805411,84.98954953837897,2026-06-10,07:06:17,fog,urban,night_lit,low,car,67.9,49,minor
ACC02659,13.828208132055362,85.70957084165858,2025-03-31,18:55:59,fog,expressway,dusk_dawn,low,car,138.5,96,minor
ACC02660,16.80511470596825,76.27547461090928,2026-03-06,07:47:55,rain,urban,dusk_dawn,moderate,car,40.4,53,minor
ACC02661,18.89943949001336,86.44509133024124,2022-06-23,19:04:35,heavy_rain,highway,night_lit,heavy,motorcycle,71.3,62,moderate
ACC02662,16.776675980034234,85.57972358386668,2024-06-06,09:26:10,cloudy,urban,daylight,heavy,motorcycle,45.5,48,moderate
ACC02663,24.2109933183239,78.79178827972017,2024-12-04,08:54:13,clear,highway,daylight,low,auto,106.5,97,moderate
ACC02664,15.924253489748795,86.54400323348393,2026-03-04,06:40:01,clear,expressway,dusk_dawn,heavy,car,74.6,90,minor
ACC02665,13.356395884355916,73.92702390098412,2022-07-17,17:11:46,clear,expressway,night_lit,moderate,car,63.8,87,minor
ACC02666,18.62079695814636,72.4477849473424,2025-08-16,08:42:43,clear,highway,daylight,heavy,truck,131.9,64,severe
ACC02667,24.374068610215744,77.56586920950487,2022-05-07,08:11:19,rain,urban,daylight,heavy,car,71.9,48,moderate
ACC02668,25.60899109738786,81.04697118123752,2023-08-12,08:21:43,clear,rural,daylight,moderate,truck,126.2,72,severe
ACC02669,23.733517573813614,77.62308183252586,2025-02-11,10:11:34,clear,urban,daylight,heavy,truck,75.0,55,minor
ACC02670,20.926186855995905,87.07308373874176,2023-04-23,21:41:48,clear,urban,night_unlit,moderate,motorcycle,52.7,41,severe
ACC02671,23.58706722798683,76.07536366488232,2025-10-02,14:55:05,rain,expressway,daylight,heavy,car,139.5,99,minor
ACC02672,22.902232564861784,76.49941429748286,2026-03-08,09:02:11,fog,highway,dusk_dawn,heavy,car,115.2,78,minor
ACC02673,15.749866119920974,82.15724180071769,2022-09-18,08:36:48,cloudy,urban,night_lit,heavy,auto,25.8,35,minor
ACC02674,20.812142275251098,72.06182211746733,2023-02-28,02:14:22,rain,highway,night_lit,low,bus,92.5,75,minor
ACC02675,24.329749322214912,83.64091283767358,2022-05-02,11:45:57,storm,highway,daylight,heavy,truck,120.5,76,fatal
ACC02676,17.073930590002213,78.03951172949051,2025-03-11,07:08:52,rain,rural,dusk_dawn,low,car,60.9,70,moderate
ACC02677,22.463570347470903,87.64396588229273,2025-12-26,02:21:05,rain,rural,night_lit,heavy,motorcycle,33.6,46,minor
ACC02678,19.703686840300776,83.06268148847597,2024-09-14,07:12:24,cloudy,urban,daylight,heavy,truck,47.4,32,moderate
ACC02679,20.05054161512032,72.83543928131749,2022-08-06,10:52:43,storm,highway,daylight,low,car,139.0,80,fatal
ACC02680,13.440880604514556,73.48204493987157,2022-10-13,18:04:08,clear,rural,night_lit,moderate,auto,89.2,50,fatal
ACC02681,22.659474644886075,73.41068971078654,2022-02-27,06:34:51,rain,highway,dusk_dawn,moderate,auto,133.2,92,minor
ACC02682,25.85099256567232,87.2419561582711,2024-03-15,17:07:05,cloudy,urban,daylight,heavy,car,74.8,35,fatal
ACC02683,14.262900608413805,82.9448246594814,2025-03-29,16:35:06,clear,highway,night_lit,low,car,129.0,64,minor
ACC02684,17.85769059546319,78.84169611662297,2022-09-04,20:46:32,rain,urban,night_lit,heavy,motorcycle,74.1,35,moderate
ACC02685,12.77867927745336,75.2077230380805,2025-10-23,08:45:14,rain,urban,daylight,heavy,motorcycle,39.5,43,severe
ACC02686,12.474110175622258,85.97823594297284,2023-02-19,18:02:38,heavy_rain,highway,dusk_dawn,moderate,motorcycle,101.1,61,severe
ACC02687,27.8345359467479,75.22489484274145,2024-04-24,19:46:23,fog,urban,dusk_dawn,moderate,truck,78.3,31,moderate
ACC02688,19.895544132902153,83.30686746361307,2025-01-01,22:17:16,rain,urban,night_lit,moderate,motorcycle,39.5,53,severe
ACC02689,17.688304298163942,84.21318978472553,2024-06-05,19:40:50,cloudy,urban,dusk_dawn,low,car,68.9,49,moderate
ACC02690,16.3980332260003,76.71449742168653,2024-02-24,07:57:09,fog,urban,dusk_dawn,heavy,car,76.2,38,minor
ACC02691,27.680202319119346,80.07863579473027,2023-07-08,21:07:29,clear,rural,night_unlit,low,motorcycle,50.0,66,severe
ACC02692,16.03601256834694,75.5678285170943,2023-12-08,19:21:10,clear,highway,dusk_dawn,moderate,motorcycle,77.2,86,severe
ACC02693,23.611334331803892,78.06287451928797,2023-01-27,08:52:08,cloudy,highway,dusk_dawn,low,bus,70.7,60,moderate
ACC02694,16.54012953289494,87.44215037248014,2023-04-29,08:08:12,cloudy,highway,daylight,heavy,car,65.7,84,severe
ACC02695,13.127832085710706,83.09020855447088,2025-05-25,21:15:15,rain,highway,night_lit,moderate,truck,87.3,64,moderate
ACC02696,22.93242583228706,85.54582729904824,2025-12-20,07:32:24,rain,urban,dusk_dawn,moderate,car,27.8,45,severe
ACC02697,12.026093562077838,80.64959314346785,2025-10-26,18:59:28,clear,highway,dusk_dawn,low,truck,63.2,72,moderate
ACC02698,22.81197618496911,75.8246358744217,2023-06-28,12:17:08,rain,highway,daylight,moderate,car,114.1,82,moderate
ACC02699,16.00602558383717,83.40607770667509,2023-06-12,17:23:02,cloudy,highway,night_lit,moderate,motorcycle,126.0,72,minor
ACC02700,23.93766771314402,80.00908737264906,2022-04-06,06:47:05,fog,urban,dusk_dawn,moderate,motorcycle,37.5,32,minor
ACC02701,24.316002677610392,74.82958188971294,2023-03-26,17:07:37,clear,rural,night_unlit,low,truck,66.9,78,moderate
ACC02702,23.585715821080605,78.59887823389137,2024-08-19,14:19:58,cloudy,urban,daylight,moderate,car,53.7,39,severe
ACC02703,12.391735063481766,82.1574435042609,2023-03-16,20:18:01,rain,expressway,night_lit,moderate,car,123.8,93,minor
ACC02704,23.259785914300295,83.76530970691582,2025-04-19,08:24:02,cloudy,highway,daylight,heavy,motorcycle,66.8,80,minor
ACC02705,27.84232982489221,75.89153273424563,2022-03-25,07:34:46,clear,urban,dusk_dawn,moderate,truck,42.1,44,minor
ACC02706,15.882005896409966,86.01595742958929,2023-11-08,08:13:43,clear,highway,daylight,low,car,76.0,100,severe
ACC02707,16.38781715560542,78.07281771319485,2023-04-07,06:23:44,clear,rural,dusk_dawn,low,car,127.0,75,severe
ACC02708,25.016424793288632,76.33818748628397,2024-03-22,22:55:10,cloudy,highway,night_lit,low,truck,137.5,77,minor
ACC02709,14.566348880897289,75.12192088725959,2022-02-12,07:49:51,cloudy,expressway,dusk_dawn,low,motorcycle,139.8,94,moderate
ACC02710,22.569338808072825,84.86674135044758,2023-11-19,08:57:37,cloudy,rural,night_lit,heavy,car,110.6,46,moderate
ACC02711,24.080422040009253,77.666633199457,2025-07-18,19:40:09,rain,urban,daylight,heavy,car,78.8,59,minor
ACC02712,12.594570589109715,79.73438444620696,2025-11-08,09:34:06,clear,urban,dusk_dawn,low,motorcycle,44.2,50,minor
ACC02713,20.86019350824362,75.56511717702202,2023-02-25,08:12:36,clear,urban,daylight,heavy,auto,70.3,45,minor
ACC02714,21.214036136574126,82.9774571387029,2023-12-06,17:09:46,rain,highway,night_lit,low,truck,137.8,72,minor
ACC02715,16.855086358268707,84.49653452083876,2025-02-07,12:32:46,rain,expressway,daylight,heavy,truck,133.9,99,minor
ACC02716,26.021514710360275,77.43080398325347,2024-02-01,19:24:35,rain,rural,dusk_dawn,low,motorcycle,49.5,78,minor
ACC02717,14.603995508797702,87.12127016594243,2024-06-10,16:47:30,rain,highway,daylight,moderate,motorcycle,71.6,66,fatal
ACC02718,17.82711535209377,72.48976975296378,2023-07-15,09:00:41,fog,highway,night_lit,heavy,auto,123.2,97,severe
ACC02719,25.578698994357268,74.12708965238464,2025-10-07,16:53:07,fog,highway,daylight,low,car,77.0,99,moderate
ACC02720,15.05028410569588,81.42059250496786,2024-11-02,19:10:21,cloudy,rural,dusk_dawn,low,truck,36.0,59,minor
ACC02721,25.1419861812428,83.22250979277408,2026-04-26,11:23:05,clear,urban,daylight,heavy,car,31.9,60,minor
ACC02722,13.265106837887291,76.01092783214494,2025-07-04,18:21:50,clear,urban,dusk_dawn,moderate,motorcycle,79.0,60,minor
ACC02723,19.82766507503984,80.86513755026158,2023-08-27,12:55:36,cloudy,highway,dusk_dawn,heavy,auto,80.6,68,minor
ACC02724,13.205290599131255,77.09417995268501,2023-06-23,15:43:46,cloudy,expressway,daylight,moderate,truck,99.3,82,minor
ACC02725,22.84645736098423,80.86542792994544,2022-05-26,17:02:29,clear,highway,night_lit,low,bus,124.2,65,moderate
ACC02726,24.649623824889602,82.54924284422805,2024-10-19,05:51:55,clear,highway,daylight,moderate,truck,95.5,67,moderate
ACC02727,25.597736771948846,87.56492885710492,2025-05-15,13:40:55,fog,expressway,night_unlit,heavy,motorcycle,78.0,91,fatal
ACC02728,27.70019601190382,79.29114976033894,2023-08-05,06:04:36,clear,rural,dusk_dawn,low,motorcycle,82.8,80,minor
ACC02729,22.75225155679339,82.37145664434209,2022-02-04,17:46:50,rain,urban,daylight,low,motorcycle,63.8,46,minor
ACC02730,24.304990621440325,81.24862796671891,2025-09-17,16:02:39,heavy_rain,rural,night_unlit,moderate,car,68.6,49,moderate
ACC02731,20.092132453141268,77.08087830220117,2023-01-02,10:25:43,rain,highway,night_unlit,heavy,motorcycle,132.8,90,severe
ACC02732,26.60379041889802,76.04902610716353,2024-08-14,06:09:14,clear,highway,dusk_dawn,moderate,car,82.9,95,minor
ACC02733,22.3001341151914,87.80593154791558,2022-03-29,21:00:58,rain,highway,night_lit,heavy,bus,121.8,61,minor
ACC02734,26.136822500021495,75.30963778722425,2022-04-14,10:33:11,rain,highway,daylight,low,truck,121.2,84,severe
ACC02735,15.767232272222094,84.64440427318779,2026-01-14,09:41:41,clear,rural,night_lit,moderate,car,87.3,78,moderate
ACC02736,19.94780449148903,74.34539825633217,2025-01-09,07:28:36,cloudy,urban,dusk_dawn,heavy,truck,20.8,41,severe
ACC02737,23.677102737020864,84.86962030978002,2022-01-09,15:20:05,clear,urban,daylight,low,truck,30.3,41,moderate
ACC02738,15.243548073002932,74.97165508783277,2022-06-15,09:30:46,rain,rural,dusk_dawn,moderate,bus,105.7,62,severe
ACC02739,15.381436692191652,87.47450630425867,2024-03-20,19:09:04,heavy_rain,highway,dusk_dawn,moderate,car,67.3,81,moderate
ACC02740,27.6486838464902,82.97580250519228,2025-01-22,17:02:30,cloudy,highway,night_unlit,moderate,motorcycle,95.6,91,minor
ACC02741,18.953765771795297,73.44189189881327,2023-11-28,00:09:48,fog,urban,night_lit,heavy,car,26.1,49,moderate
ACC02742,14.909047246780347,83.09083391134418,2025-12-04,15:03:07,cloudy,rural,night_unlit,heavy,truck,126.3,54,fatal
ACC02743,17.303422111704094,81.65793220450483,2024-12-07,09:46:21,heavy_rain,urban,dusk_dawn,moderate,bus,55.5,54,severe
ACC02744,18.35801837225481,77.40073994710333,2024-10-05,01:36:30,rain,expressway,night_unlit,heavy,car,70.5,96,minor
ACC02745,21.96936411952354,76.17177596410744,2023-04-21,16:11:55,clear,rural,night_lit,heavy,car,34.5,54,fatal
ACC02746,26.76823454476404,83.50017250797043,2025-01-24,08:34:22,heavy_rain,rural,daylight,heavy,car,46.9,48,moderate
ACC02747,27.785441214753455,83.86178196719786,2025-12-05,20:29:07,heavy_rain,rural,daylight,heavy,motorcycle,131.7,80,moderate
ACC02748,22.4271801425778,77.23529358324059,2022-03-22,15:06:07,clear,urban,daylight,low,car,70.0,39,minor
ACC02749,23.198757772763596,86.01963377343206,2025-04-20,08:58:11,rain,expressway,night_lit,heavy,truck,117.9,88,moderate
ACC02750,17.149266715145423,76.30123550221586,2025-12-15,22:56:51,clear,urban,night_lit,low,motorcycle,67.1,56,moderate
ACC02751,25.714537527179985,73.11783081559697,2023-12-11,15:45:46,clear,urban,night_lit,low,motorcycle,54.7,58,severe
ACC02752,15.484773363525038,81.59788551724125,2025-06-11,08:48:25,clear,highway,night_unlit,moderate,truck,119.4,90,fatal
ACC02753,13.702090388975481,73.71312916530586,2023-08-11,14:32:50,cloudy,rural,daylight,low,truck,96.6,57,moderate
ACC02754,27.572095841562415,76.42662502826377,2022-11-13,22:48:55,clear,urban,night_unlit,low,car,57.0,47,moderate
ACC02755,25.826218829128514,80.11498228877501,2025-09-01,12:31:52,clear,rural,night_unlit,moderate,truck,52.5,66,minor
ACC02756,16.858322152610135,76.58175395771676,2023-05-26,12:09:00,fog,expressway,night_lit,low,motorcycle,84.1,84,severe
ACC02757,22.802731462096787,75.43994147872071,2025-05-28,13:10:05,cloudy,urban,daylight,heavy,car,76.6,37,minor
ACC02758,19.47229371861119,83.25096663849047,2023-06-02,09:51:43,rain,highway,daylight,heavy,car,114.5,83,moderate
ACC02759,17.170051298327536,80.75198946243673,2023-10-18,08:26:22,clear,highway,dusk_dawn,heavy,truck,93.3,77,minor
ACC02760,16.588387372164718,85.43617997200448,2025-01-29,16:43:09,clear,urban,daylight,low,car,47.1,39,minor
ACC02761,14.176439123534504,81.29983351448764,2023-07-15,20:08:38,rain,urban,night_unlit,moderate,car,65.0,36,severe
ACC02762,20.789089316413428,79.73515538838045,2025-08-19,18:26:21,clear,highway,dusk_dawn,low,motorcycle,104.9,99,severe
ACC02763,19.145547041880125,76.18010162577261,2022-03-05,06:05:55,cloudy,urban,dusk_dawn,moderate,bus,25.8,38,moderate
ACC02764,20.19498272479911,84.67305400146076,2022-01-20,12:13:34,storm,urban,daylight,low,truck,25.1,49,minor
ACC02765,15.445714679670472,75.14993613702987,2022-05-15,00:06:14,clear,highway,night_lit,moderate,truck,114.8,71,minor
ACC02766,27.017770732371964,75.87565457557056,2023-02-25,10:12:56,cloudy,highway,night_unlit,low,car,127.1,61,severe
ACC02767,22.217459141288664,85.46541754804912,2022-03-30,17:36:36,cloudy,highway,daylight,heavy,truck,99.5,92,severe
ACC02768,26.39361051813339,83.85908041166738,2023-09-18,09:00:17,clear,rural,daylight,low,motorcycle,124.9,48,minor
ACC02769,13.748338656524087,81.80597582367233,2022-02-10,19:11:08,rain,highway,dusk_dawn,moderate,auto,116.2,66,minor
ACC02770,21.965615453698796,72.62272849258517,2025-05-26,14:41:33,cloudy,highway,dusk_dawn,low,motorcycle,82.2,92,minor
ACC02771,25.59138909830658,74.03612189255563,2022-09-09,17:08:44,clear,urban,daylight,moderate,motorcycle,30.3,31,minor
ACC02772,17.294732477031467,79.99931936300176,2026-05-16,20:33:50,cloudy,urban,night_lit,heavy,bus,77.5,40,moderate
ACC02773,15.122290706175782,83.94142277572625,2025-11-08,17:52:07,cloudy,rural,night_lit,low,auto,57.0,53,severe
ACC02774,16.240340892889915,79.42561382706917,2025-02-14,20:46:25,cloudy,urban,night_unlit,low,car,65.6,56,fatal
ACC02775,16.366939627996786,72.27668839063654,2025-08-03,19:07:59,fog,urban,dusk_dawn,low,car,74.7,57,minor
ACC02776,19.15518343877656,74.94831997866915,2025-06-26,15:08:39,rain,rural,night_lit,moderate,motorcycle,55.7,78,minor
ACC02777,17.215417644469305,81.4202671939235,2025-10-20,10:42:05,clear,rural,daylight,moderate,car,131.3,41,moderate
ACC02778,16.34038516332786,83.10747295500786,2024-06-30,10:20:55,fog,urban,night_unlit,heavy,car,40.4,32,moderate
ACC02779,22.376196774482207,72.53485300339047,2024-10-21,20:25:41,rain,urban,night_unlit,heavy,car,30.0,33,minor
ACC02780,12.848517946750151,72.693308055368,2024-02-10,05:28:27,clear,highway,night_unlit,low,motorcycle,97.4,64,moderate
ACC02781,17.44582045023568,76.1809618473018,2024-10-21,21:34:46,clear,urban,night_unlit,heavy,motorcycle,23.6,37,minor
ACC02782,23.0360314550476,73.33602712618504,2023-09-19,10:26:38,clear,rural,dusk_dawn,heavy,car,60.3,58,minor
ACC02783,14.813595988496095,80.67113971509383,2022-07-23,18:01:15,clear,highway,daylight,moderate,motorcycle,67.0,98,moderate
ACC02784,15.534845795406598,73.97923171130688,2026-03-09,10:05:47,cloudy,highway,dusk_dawn,moderate,motorcycle,98.6,87,severe
ACC02785,15.21066600660668,82.37150935842276,2025-02-21,21:00:15,clear,urban,night_lit,heavy,auto,46.3,31,moderate
ACC02786,12.014817707702479,84.4356051089214,2025-03-03,03:15:13,storm,expressway,night_lit,moderate,car,89.8,90,moderate
ACC02787,19.58028402930516,87.5282666200337,2023-04-05,11:49:35,cloudy,highway,daylight,moderate,truck,133.7,99,moderate
ACC02788,12.623340630657971,87.17451138620343,2025-06-19,19:58:01,clear,rural,daylight,low,auto,38.2,63,minor
ACC02789,16.367036988398404,76.37384240376446,2024-05-02,09:28:37,storm,highway,daylight,moderate,motorcycle,81.0,72,moderate
ACC02790,27.916854793471543,72.47055364197077,2022-05-06,09:01:33,cloudy,rural,daylight,moderate,truck,60.3,52,moderate
ACC02791,26.6943393822448,77.27059545778829,2026-04-17,20:04:43,clear,rural,night_lit,low,car,116.5,63,minor
ACC02792,15.441212930501347,83.33568189940246,2026-06-17,19:48:09,clear,rural,dusk_dawn,heavy,motorcycle,82.6,77,moderate
ACC02793,16.960038910622924,72.95681934836063,2025-11-30,07:20:34,rain,expressway,dusk_dawn,low,car,139.6,96,minor
ACC02794,19.419273316296824,77.75540252274286,2024-02-19,16:52:26,cloudy,expressway,daylight,low,motorcycle,76.8,93,minor
ACC02795,25.510616746547896,76.76855276075051,2023-01-18,08:30:10,cloudy,expressway,dusk_dawn,moderate,auto,107.9,100,moderate
ACC02796,24.842335062289457,75.50953017310363,2022-01-19,08:52:27,rain,urban,daylight,moderate,car,78.3,47,moderate
ACC02797,14.019862985060515,83.29809207568505,2025-04-24,16:08:55,rain,urban,daylight,low,motorcycle,22.5,30,severe
ACC02798,13.991181573573634,82.54555208038998,2026-01-02,07:51:49,heavy_rain,highway,night_lit,heavy,truck,86.2,76,moderate
ACC02799,18.667716062304713,80.56790550454949,2022-06-20,13:32:09,rain,highway,daylight,moderate,motorcycle,132.0,92,fatal
ACC02800,25.92152623382035,86.57239423490556,2025-01-28,09:26:50,rain,urban,daylight,low,motorcycle,75.6,37,minor
ACC02801,26.113359985528035,73.65022164368436,2022-02-13,19:31:33,clear,highway,dusk_dawn,low,motorcycle,98.6,95,fatal
ACC02802,13.717853594984483,74.39502759165009,2025-06-29,15:19:02,cloudy,expressway,night_lit,moderate,motorcycle,81.1,91,minor
ACC02803,21.188756607448823,78.1351948675106,2022-02-16,08:36:55,cloudy,highway,night_unlit,moderate,car,73.5,65,fatal
ACC02804,14.490803154001807,82.49411282980641,2026-05-21,21:46:31,cloudy,highway,night_lit,low,motorcycle,119.8,79,fatal
ACC02805,22.978068960044524,81.34526867592659,2022-10-07,19:48:54,clear,highway,dusk_dawn,moderate,motorcycle,131.4,69,minor
ACC02806,26.6629319668625,73.18468299948691,2023-10-20,09:58:05,cloudy,highway,daylight,moderate,car,121.3,74,minor
ACC02807,19.2763086796095,87.33479685994348,2025-02-15,22:24:10,clear,highway,night_lit,heavy,motorcycle,101.5,62,moderate
ACC02808,13.329324395072824,76.88103706338227,2025-10-21,09:46:54,cloudy,urban,dusk_dawn,heavy,motorcycle,36.6,39,minor
ACC02809,21.26806713431273,77.74356182052951,2023-08-20,09:53:14,clear,highway,night_lit,low,motorcycle,133.7,81,minor
ACC02810,18.536266722173675,81.97807678469478,2026-05-29,12:01:32,heavy_rain,rural,daylight,moderate,motorcycle,71.5,54,fatal
ACC02811,24.974380037343366,87.12264827935576,2022-01-27,08:28:36,clear,urban,night_lit,low,motorcycle,23.4,57,severe
ACC02812,17.445511422822204,82.60301182565235,2024-02-14,17:42:56,rain,rural,daylight,moderate,truck,137.5,52,severe
ACC02813,25.998355207561428,87.27637327276327,2026-06-11,15:27:20,cloudy,rural,night_unlit,moderate,motorcycle,87.2,50,fatal
ACC02814,16.379206522156558,75.00145790112767,2023-03-27,20:06:45,clear,highway,night_unlit,heavy,motorcycle,100.9,100,moderate
ACC02815,14.520282174218975,81.90095886356696,2024-05-25,09:39:43,rain,highway,night_lit,moderate,motorcycle,77.7,93,moderate
ACC02816,16.90368603709728,85.26206227002055,2023-12-31,08:24:42,fog,rural,night_unlit,heavy,motorcycle,45.8,60,moderate
ACC02817,12.558652669163944,80.14439149207756,2023-10-09,11:37:31,rain,rural,night_lit,moderate,truck,113.4,76,minor
ACC02818,16.49993546998786,77.79477881326945,2025-06-14,07:00:04,fog,highway,dusk_dawn,moderate,truck,78.7,89,minor
ACC02819,22.56188214211249,87.75613648051004,2024-05-01,21:00:15,cloudy,urban,night_lit,low,car,30.4,54,moderate
ACC02820,14.276527656905477,74.25579744634656,2025-03-18,17:36:33,heavy_rain,highway,daylight,low,motorcycle,111.3,60,severe
ACC02821,13.781839564585407,78.5748724404585,2024-05-03,18:58:24,heavy_rain,highway,dusk_dawn,heavy,car,125.1,64,minor
ACC02822,14.118164660069606,85.97398004097056,2026-06-26,18:38:11,rain,highway,dusk_dawn,heavy,truck,115.9,87,minor
ACC02823,13.240826788183462,86.40769194409474,2024-02-12,09:56:41,rain,rural,daylight,moderate,auto,36.7,58,fatal
ACC02824,25.994166589487033,87.68611362495639,2025-07-31,07:50:27,rain,urban,dusk_dawn,moderate,motorcycle,25.9,53,minor
ACC02825,27.10584184794445,86.1575614762301,2024-10-03,12:16:47,cloudy,urban,daylight,low,motorcycle,60.8,58,moderate
ACC02826,12.74497842766058,72.8153124061986,2025-08-08,19:06:32,cloudy,highway,daylight,moderate,car,69.8,86,moderate
ACC02827,24.161148504696644,86.87626399403982,2025-12-25,10:33:22,cloudy,highway,night_unlit,heavy,car,97.0,64,moderate
ACC02828,23.794427947475164,78.85067506250857,2023-01-07,01:37:06,rain,highway,night_lit,low,motorcycle,65.2,78,moderate
ACC02829,27.950550793760648,82.42590699930531,2023-05-11,17:46:06,clear,urban,night_lit,low,bus,77.3,60,moderate
ACC02830,17.56593058753709,78.3084139066739,2023-05-11,08:31:30,rain,rural,daylight,moderate,motorcycle,71.3,67,minor
ACC02831,16.568143867046658,85.01868922581679,2024-03-10,15:55:21,cloudy,rural,daylight,moderate,auto,74.5,74,moderate
ACC02832,19.249313932957236,81.21470842116426,2024-03-18,01:50:43,clear,highway,night_lit,low,motorcycle,133.6,99,moderate
ACC02833,25.70520283438705,85.52871428086407,2022-01-06,14:35:37,clear,highway,daylight,moderate,car,68.3,97,moderate
ACC02834,23.657498280606383,75.10034354433228,2026-01-10,12:33:17,clear,highway,night_lit,moderate,motorcycle,132.9,87,minor
ACC02835,19.545981023480046,74.95972951607844,2025-11-12,20:01:45,cloudy,rural,night_unlit,heavy,car,106.8,45,fatal
ACC02836,15.913005492573971,79.04602882535659,2024-09-13,17:46:33,clear,urban,dusk_dawn,heavy,car,79.3,58,severe
ACC02837,23.632251860293938,72.07602471939968,2023-05-18,03:40:52,clear,rural,night_unlit,moderate,car,131.6,59,fatal
ACC02838,25.67242988867514,83.08564727834013,2025-09-19,18:53:57,clear,urban,dusk_dawn,heavy,motorcycle,24.3,59,moderate
ACC02839,18.399219697079854,76.73685964492817,2023-03-22,18:05:57,clear,urban,dusk_dawn,moderate,car,52.8,58,severe
ACC02840,22.69736713313575,80.91678953943119,2023-05-18,17:08:07,clear,urban,daylight,moderate,auto,46.1,36,severe
ACC02841,18.40339233882557,73.12005696737356,2026-06-26,21:40:31,clear,urban,night_lit,low,truck,36.8,39,fatal
ACC02842,19.655895010263755,74.7303097501231,2026-02-26,18:29:01,rain,urban,daylight,low,truck,52.3,44,severe
ACC02843,20.398566079278616,81.96574672035092,2024-08-17,08:35:52,rain,highway,night_lit,moderate,motorcycle,88.6,65,minor
ACC02844,24.41161302435645,76.89060203377669,2022-10-05,11:26:42,fog,urban,night_lit,heavy,car,34.7,47,minor
ACC02845,27.640095746062897,75.43555108137014,2022-07-22,11:38:15,clear,expressway,night_lit,moderate,truck,106.8,82,moderate
ACC02846,19.109858602211716,75.66154401292428,2026-05-03,14:39:36,clear,highway,daylight,heavy,car,116.4,70,moderate
ACC02847,17.477040099961695,75.43710983560793,2023-03-12,21:11:33,clear,rural,night_unlit,low,motorcycle,59.8,80,severe
ACC02848,17.97745610355826,81.96561519088877,2025-01-23,16:45:32,cloudy,expressway,night_lit,low,car,126.7,82,minor
ACC02849,14.142225110002906,74.68305943151131,2023-08-03,10:29:32,clear,urban,night_unlit,heavy,motorcycle,34.4,44,moderate
ACC02850,16.751019805083565,77.80330174687825,2024-03-26,21:34:59,clear,urban,night_lit,moderate,motorcycle,77.3,40,moderate
ACC02851,13.3831586123009,83.00618984949523,2026-06-08,17:37:46,cloudy,highway,night_unlit,moderate,motorcycle,117.1,61,severe
ACC02852,18.846308210867953,80.21873691756241,2024-08-31,09:44:24,clear,rural,night_lit,low,truck,86.3,54,moderate
ACC02853,14.677716308976782,81.55649393240775,2023-12-09,20:18:46,cloudy,expressway,night_unlit,heavy,car,100.3,81,fatal
ACC02854,17.54250793559054,76.01451167141998,2023-11-14,11:00:08,cloudy,expressway,daylight,low,car,80.9,95,moderate
ACC02855,24.6972439902657,86.92343797064329,2023-01-13,14:10:17,rain,highway,daylight,heavy,motorcycle,76.1,65,moderate
ACC02856,15.934842409426176,78.62206797306138,2024-07-02,14:57:07,clear,expressway,night_lit,low,truck,114.5,96,minor
ACC02857,21.7903139414731,76.59142298579735,2024-07-24,21:13:53,clear,urban,night_lit,low,car,64.9,43,moderate
ACC02858,26.418902707977807,86.46921894493556,2022-06-05,09:14:01,cloudy,urban,night_lit,heavy,bus,65.9,51,minor
ACC02859,21.07086699247275,82.48463384423019,2023-10-27,10:51:53,clear,highway,night_lit,moderate,car,92.0,66,moderate
ACC02860,15.100681804358603,81.82313381021521,2024-11-24,17:14:49,clear,highway,night_lit,low,car,117.8,97,minor
ACC02861,17.51625910345527,86.18775443465869,2022-04-01,20:27:56,cloudy,urban,daylight,moderate,motorcycle,50.7,53,minor
ACC02862,21.445907314945057,72.93664458034215,2026-05-23,07:22:45,clear,urban,night_unlit,low,car,45.5,58,moderate
ACC02863,20.105778236157654,85.40287219212128,2025-11-14,08:39:27,clear,expressway,daylight,low,motorcycle,122.4,80,moderate
ACC02864,14.37791738043046,82.84582982888162,2024-11-11,21:35:48,rain,highway,night_unlit,low,car,80.0,98,fatal
ACC02865,19.148741515049103,77.75988471648208,2022-01-26,18:30:59,rain,rural,dusk_dawn,moderate,motorcycle,136.1,51,moderate
ACC02866,20.689067118563976,76.1016214803817,2024-04-30,11:30:53,clear,urban,daylight,low,car,43.0,54,moderate
ACC02867,16.277323431321157,73.67689439810492,2026-01-15,11:50:47,cloudy,highway,daylight,heavy,car,62.0,92,severe
ACC02868,21.79912824543763,87.05718672394704,2022-02-07,13:34:46,storm,highway,night_lit,heavy,motorcycle,100.0,98,minor
ACC02869,13.122561591763358,74.27059365327258,2025-07-24,17:30:39,clear,rural,night_lit,low,truck,124.0,45,minor
ACC02870,17.38571253704827,76.15101657169414,2025-10-10,15:53:53,rain,rural,daylight,moderate,truck,42.3,46,minor
ACC02871,24.86842932444119,83.05771487311152,2022-05-05,18:05:25,clear,highway,daylight,moderate,motorcycle,85.9,83,moderate
ACC02872,16.148556814530487,83.36243900617588,2023-01-14,05:50:30,fog,urban,night_lit,moderate,auto,28.2,35,moderate
ACC02873,21.682829600049253,74.5722992736415,2025-04-03,19:11:50,clear,urban,dusk_dawn,moderate,car,78.4,36,severe
ACC02874,18.56047541936499,85.02609857225005,2026-02-05,05:19:15,clear,urban,night_lit,moderate,bus,60.5,44,moderate
ACC02875,17.06336227864395,80.1645963068218,2025-06-19,20:00:45,storm,urban,night_lit,low,auto,50.5,56,minor
ACC02876,26.658107006560428,85.57530684984174,2024-05-13,04:34:06,rain,rural,night_lit,moderate,motorcycle,42.5,62,severe
ACC02877,17.492187489286138,73.3965662375607,2024-09-15,07:49:35,clear,highway,dusk_dawn,low,car,68.3,62,minor
ACC02878,15.786814423792293,72.68527998549904,2024-05-11,08:22:02,rain,highway,daylight,heavy,bus,94.5,92,moderate
ACC02879,26.548821050244328,82.1918461039096,2024-08-06,08:39:59,heavy_rain,highway,night_lit,moderate,motorcycle,91.2,81,moderate
ACC02880,23.935109694973036,74.40038075375708,2025-06-19,12:23:50,cloudy,expressway,night_lit,moderate,car,78.0,96,moderate
ACC02881,22.908795419171156,80.3991847317328,2022-03-23,17:45:14,clear,urban,daylight,moderate,bus,57.8,43,moderate
ACC02882,12.792559073070013,72.22574014855213,2022-12-11,20:59:09,clear,highway,night_unlit,low,motorcycle,86.3,65,severe
ACC02883,14.099279371452413,84.4788681687712,2022-04-08,15:42:38,fog,rural,daylight,low,motorcycle,127.0,71,moderate
ACC02884,22.213439420954607,86.39248272285603,2025-07-31,15:20:54,clear,urban,daylight,low,motorcycle,79.8,33,fatal
ACC02885,15.350925384420163,85.42212419142861,2025-04-09,10:49:19,clear,urban,daylight,moderate,bus,35.0,58,minor
ACC02886,15.610207770085745,87.3336450104067,2022-03-29,18:02:57,clear,highway,dusk_dawn,moderate,motorcycle,63.7,88,severe
ACC02887,24.46621624549777,86.44953207454063,2022-06-23,07:59:27,clear,rural,night_lit,low,bus,105.6,67,moderate
ACC02888,16.574799181391082,79.10428829264585,2023-03-11,10:50:26,cloudy,rural,daylight,moderate,car,96.0,62,severe
ACC02889,13.145396834430656,78.37357133509835,2023-02-02,06:39:20,clear,highway,dusk_dawn,moderate,motorcycle,137.0,70,minor
ACC02890,12.582911156957778,86.33893868754468,2024-05-02,08:37:16,clear,highway,night_unlit,moderate,motorcycle,117.4,60,fatal
ACC02891,19.090847795924603,86.83102072571563,2024-03-30,16:15:20,clear,highway,daylight,moderate,car,74.6,64,moderate
ACC02892,21.874057242954336,87.5653751730886,2023-08-11,07:25:10,clear,urban,dusk_dawn,heavy,car,72.7,48,minor
ACC02893,25.902163734268846,84.29307575748453,2022-09-27,06:06:22,clear,highway,night_lit,moderate,car,105.2,60,moderate
ACC02894,13.772870320522228,75.23182127906209,2024-12-02,19:20:17,clear,highway,dusk_dawn,moderate,car,112.6,78,severe
ACC02895,15.14676522061274,87.11926617777156,2025-07-20,07:35:03,rain,urban,daylight,heavy,truck,26.0,57,moderate
ACC02896,20.476809774519538,87.15426346905952,2024-11-17,16:21:21,clear,expressway,night_unlit,heavy,car,102.4,94,minor
ACC02897,17.8257337958716,82.65810182260755,2025-08-18,11:46:02,clear,urban,daylight,moderate,truck,20.3,41,minor
ACC02898,19.720599219927912,85.71648426159176,2026-02-09,20:51:10,cloudy,urban,night_lit,low,bus,74.7,56,minor
ACC02899,26.785994383747447,80.97882273862324,2025-10-14,17:33:43,rain,urban,night_lit,low,truck,25.2,31,minor
ACC02900,20.718266461834993,87.10603112658757,2024-12-05,05:20:01,rain,rural,daylight,moderate,truck,98.7,50,moderate
ACC02901,18.641929769793215,73.50298234547346,2022-03-23,20:18:18,storm,rural,night_unlit,heavy,motorcycle,139.8,61,severe
ACC02902,27.831038507195917,85.82341914375633,2023-07-04,12:32:41,clear,expressway,night_unlit,moderate,auto,108.4,94,fatal
ACC02903,13.043450718392581,72.88805806459423,2023-12-04,10:43:01,clear,urban,daylight,low,truck,61.2,53,severe
ACC02904,26.91381517393875,77.42571283548833,2025-03-15,17:07:44,clear,urban,daylight,low,car,48.7,60,moderate
ACC02905,20.02658947304773,74.1652102818442,2025-10-22,17:26:04,clear,highway,daylight,moderate,truck,129.5,62,minor
ACC02906,20.06010140427421,79.6661614794066,2024-11-17,10:26:03,storm,rural,night_lit,moderate,truck,90.8,67,moderate
ACC02907,26.751429347251346,75.71593852787952,2023-08-20,11:17:11,cloudy,urban,night_lit,heavy,truck,44.7,58,moderate
ACC02908,20.117183673489112,87.23315806934396,2025-07-17,08:14:51,rain,urban,dusk_dawn,moderate,car,79.4,44,minor
ACC02909,19.014513448482383,80.94914133845455,2025-02-16,16:50:02,storm,urban,night_lit,low,motorcycle,39.4,60,severe
ACC02910,16.359817473875182,86.3636917808596,2025-08-03,22:25:05,rain,highway,night_unlit,heavy,bus,131.2,83,fatal
ACC02911,22.541068269078735,76.44893550481842,2024-08-25,12:34:56,cloudy,urban,daylight,moderate,auto,25.6,60,fatal
ACC02912,21.114321455676183,72.41564095914498,2024-11-27,23:02:36,heavy_rain,highway,night_lit,moderate,motorcycle,62.2,88,severe
ACC02913,15.42952699116453,84.41048005894275,2023-07-25,08:17:34,cloudy,highway,daylight,moderate,motorcycle,101.2,89,minor
ACC02914,23.350606640981198,83.23804255955154,2023-10-19,18:13:02,clear,highway,dusk_dawn,heavy,car,96.6,98,moderate
ACC02915,22.305389717386248,80.7278663307871,2023-03-30,21:19:23,cloudy,highway,night_lit,low,truck,63.3,99,minor
ACC02916,18.357342147304653,85.0454836756674,2023-02-26,17:50:34,heavy_rain,highway,daylight,low,car,132.6,62,minor
ACC02917,12.07041475045681,85.44134996237013,2024-12-07,07:34:31,rain,rural,dusk_dawn,low,auto,43.2,49,minor
ACC02918,19.145298402819,81.40645292829078,2023-09-22,10:54:31,cloudy,urban,dusk_dawn,heavy,motorcycle,34.7,34,minor
ACC02919,12.096929874084028,87.45484466966299,2022-08-08,06:25:06,heavy_rain,urban,dusk_dawn,heavy,car,77.8,45,minor
ACC02920,13.199975828784638,83.51539116187723,2022-02-27,16:46:59,cloudy,urban,daylight,low,car,76.1,58,moderate
ACC02921,18.889758439693345,82.83000601860206,2025-11-13,23:09:42,rain,rural,daylight,low,motorcycle,31.0,58,moderate
ACC02922,13.310718146965243,77.78274868093833,2023-12-16,11:48:14,clear,rural,night_unlit,low,motorcycle,92.1,64,severe
ACC02923,16.41064694059466,72.03613725760012,2024-08-04,08:36:58,clear,urban,night_lit,moderate,truck,37.5,57,moderate
ACC02924,22.487861896943492,75.85508278230685,2026-01-25,09:02:18,clear,urban,dusk_dawn,moderate,motorcycle,52.8,47,fatal
ACC02925,16.937845481750706,84.22272810903408,2022-07-03,15:41:07,heavy_rain,rural,daylight,heavy,motorcycle,130.3,41,moderate
ACC02926,27.96237750594417,83.35794007099479,2026-03-20,15:28:53,storm,rural,daylight,heavy,car,105.3,67,severe
ACC02927,26.660832542639696,77.29635431728151,2025-03-01,09:00:09,clear,highway,night_unlit,heavy,car,139.3,74,fatal
ACC02928,21.36495847336838,82.00932759261502,2024-11-17,18:50:03,clear,urban,daylight,moderate,car,55.5,37,moderate
ACC02929,27.471154218158887,75.1245996715702,2023-12-09,06:32:37,clear,highway,dusk_dawn,heavy,motorcycle,116.8,65,minor
ACC02930,25.88827671092035,76.2180435083047,2025-03-05,16:36:15,rain,rural,night_lit,moderate,truck,26.8,41,minor
ACC02931,17.10237630144779,87.15852950243995,2022-12-02,12:34:09,cloudy,urban,night_unlit,heavy,car,78.8,38,moderate
ACC02932,23.99353993576495,78.61088916696951,2023-05-12,07:05:06,cloudy,expressway,dusk_dawn,moderate,motorcycle,81.8,88,minor
ACC02933,14.189308544063158,75.91980150878167,2026-04-28,16:19:07,clear,highway,night_lit,heavy,car,65.3,72,severe
ACC02934,22.952822790059855,79.79373194942386,2023-03-29,17:42:57,clear,urban,daylight,moderate,car,57.4,32,minor
ACC02935,19.857309223913287,78.19225407659786,2025-03-27,13:20:40,heavy_rain,rural,night_lit,moderate,car,115.5,57,severe
ACC02936,12.269215028045195,83.67246459758569,2026-03-08,18:53:50,cloudy,rural,dusk_dawn,moderate,motorcycle,119.9,42,moderate
ACC02937,16.387677158245932,87.3938577038541,2024-08-31,14:19:37,clear,rural,night_unlit,heavy,car,115.6,50,severe
ACC02938,27.286115478467977,81.46779879132308,2023-05-04,09:27:32,clear,highway,night_lit,low,bus,82.6,79,minor
ACC02939,17.05330376141569,81.45835499099064,2025-10-25,21:26:13,clear,expressway,night_unlit,moderate,car,108.5,89,fatal
ACC02940,14.90327128482305,77.83734173957573,2025-09-18,21:01:58,clear,expressway,dusk_dawn,low,motorcycle,82.9,80,minor
ACC02941,15.000503145155333,81.03409491160473,2024-06-12,06:48:49,clear,expressway,night_unlit,heavy,auto,119.4,98,fatal
ACC02942,19.667412234271183,77.10926186219422,2022-07-08,21:08:31,rain,urban,night_lit,heavy,car,71.0,47,minor
ACC02943,25.482387850728557,72.01747318899747,2023-12-26,18:28:06,clear,rural,dusk_dawn,moderate,motorcycle,57.2,57,severe
ACC02944,24.128028242133546,85.85753876605577,2023-12-10,07:54:45,clear,highway,dusk_dawn,moderate,truck,138.5,95,moderate
ACC02945,18.98963212060439,78.87110536834729,2022-11-08,14:59:19,cloudy,highway,night_lit,moderate,car,77.1,78,moderate
ACC02946,15.339630134991369,79.87341576086395,2023-10-23,03:13:12,clear,highway,night_lit,moderate,car,139.5,70,minor
ACC02947,12.737038401635058,73.33601464681485,2022-09-09,16:22:44,cloudy,urban,night_lit,low,truck,28.7,30,moderate
ACC02948,19.402085111723697,85.39376821448627,2025-02-11,21:33:50,heavy_rain,expressway,night_lit,heavy,car,100.0,94,moderate
ACC02949,25.036405576291067,74.72539312604144,2023-12-11,11:41:36,clear,urban,night_lit,moderate,car,49.6,45,moderate
ACC02950,23.67491189750902,78.56993854054906,2025-04-14,14:15:04,rain,urban,night_lit,low,motorcycle,65.8,35,minor
ACC02951,18.537612282036005,85.4442487530221,2024-01-19,08:32:36,clear,rural,night_lit,moderate,car,121.4,46,severe
ACC02952,21.515242750681605,79.32452704341631,2025-03-18,15:50:55,clear,urban,dusk_dawn,low,bus,22.5,46,minor
ACC02953,18.979944335139482,86.89843736746342,2025-04-19,18:45:41,clear,urban,night_lit,heavy,bus,45.9,31,moderate
ACC02954,21.264257756642845,75.34902885473103,2022-09-21,08:49:15,rain,urban,daylight,moderate,bus,76.7,41,minor
ACC02955,20.28008391029679,83.44372527927634,2023-12-27,15:53:38,cloudy,urban,night_lit,moderate,car,66.8,40,moderate
ACC02956,22.895465602002545,87.64797637698764,2025-05-16,11:51:14,rain,urban,night_lit,low,auto,28.3,50,minor
ACC02957,20.12334149652998,80.79381819552498,2024-08-31,18:30:52,clear,rural,dusk_dawn,heavy,truck,119.9,73,fatal
ACC02958,27.049775970680937,83.07494237830389,2022-12-30,17:58:50,cloudy,urban,daylight,heavy,motorcycle,49.4,51,minor
ACC02959,18.84845090530698,78.29162655361614,2025-09-28,17:29:34,clear,urban,daylight,heavy,truck,47.6,50,moderate
ACC02960,12.254660848635375,84.0213974356075,2022-11-25,11:42:08,clear,urban,night_lit,moderate,truck,27.2,45,fatal
ACC02961,15.781976566543753,86.54198490437966,2026-06-20,16:56:24,cloudy,expressway,night_unlit,moderate,motorcycle,93.4,93,severe
ACC02962,20.009709729706493,83.24888907280847,2025-03-06,16:02:07,clear,urban,daylight,moderate,motorcycle,38.5,31,minor
ACC02963,20.64914963021859,86.97485938209567,2023-06-14,17:56:45,clear,rural,night_unlit,low,motorcycle,87.7,75,fatal
ACC02964,20.838156628992856,81.41844243187695,2022-11-16,15:49:40,cloudy,urban,daylight,low,car,30.8,57,minor
ACC02965,23.432833572321314,81.23419904721541,2026-01-21,19:59:15,rain,highway,night_unlit,moderate,car,75.8,68,severe
ACC02966,16.394370281880448,76.87403820974649,2024-05-09,09:46:51,rain,urban,night_unlit,heavy,motorcycle,79.3,53,fatal
ACC02967,22.638458864663633,83.35403985862058,2025-08-16,05:09:45,clear,highway,night_lit,moderate,motorcycle,65.8,90,minor
ACC02968,23.264516369907405,86.11124034809849,2025-09-27,22:18:56,clear,highway,night_lit,heavy,truck,119.6,68,severe
ACC02969,18.58049204193322,82.3410596180629,2022-04-22,05:00:16,clear,highway,night_unlit,moderate,truck,113.7,89,severe
ACC02970,18.434705586341153,75.72862752957732,2025-01-27,20:36:10,clear,rural,night_lit,moderate,motorcycle,31.8,53,severe
ACC02971,14.862796570503196,80.70574583554699,2023-07-03,16:26:28,clear,urban,night_lit,low,car,50.3,50,minor
ACC02972,18.623798020085978,84.09499867122264,2026-01-30,21:28:15,clear,urban,night_lit,moderate,motorcycle,29.2,46,severe
ACC02973,24.589060667312197,87.02981303796405,2022-12-26,15:44:44,clear,urban,daylight,moderate,car,48.0,47,moderate
ACC02974,26.543568088798143,74.50553679232887,2022-02-25,19:49:25,cloudy,urban,daylight,low,truck,25.4,57,moderate
ACC02975,21.497811061087447,74.03995345546497,2024-12-26,17:04:37,clear,rural,night_lit,heavy,motorcycle,106.5,63,minor
ACC02976,16.789925493668783,78.6070964837265,2024-06-25,15:55:10,clear,expressway,night_lit,heavy,bus,121.3,100,minor
ACC02977,22.916635498555703,74.00977871140178,2024-06-30,11:22:05,clear,rural,night_lit,low,car,111.2,65,minor
ACC02978,23.84233933913606,87.6868626000819,2023-03-09,00:45:56,clear,highway,night_lit,low,truck,77.3,65,minor
ACC02979,17.315404460490598,78.78886987652095,2024-03-23,09:34:26,rain,expressway,night_unlit,moderate,motorcycle,119.8,98,severe
ACC02980,25.224765783832748,80.53776830508647,2026-05-03,21:26:08,clear,rural,night_unlit,heavy,car,85.2,59,severe
ACC02981,13.179133314213441,75.63340450068434,2025-06-07,09:12:48,clear,highway,night_unlit,heavy,motorcycle,110.3,100,moderate
ACC02982,12.172059481600408,79.18601797659088,2026-06-06,18:11:07,heavy_rain,highway,dusk_dawn,heavy,car,91.8,70,fatal
ACC02983,13.967532362112841,87.75510295777951,2023-07-02,14:43:59,clear,highway,night_lit,moderate,car,73.8,100,minor
ACC02984,14.496133565240156,79.81899442187151,2025-11-29,10:19:23,clear,rural,daylight,heavy,motorcycle,26.5,74,moderate
ACC02985,26.06286452716354,72.14118281287178,2023-09-21,23:13:28,rain,urban,night_lit,moderate,motorcycle,70.5,39,severe
ACC02986,18.799707235540495,75.8804404840101,2026-03-17,05:00:15,rain,highway,night_lit,low,motorcycle,113.2,94,moderate
ACC02987,16.398907071526107,87.65527728765606,2025-11-22,16:50:05,fog,highway,daylight,heavy,motorcycle,132.8,82,moderate
ACC02988,18.86520185578911,87.82508021457173,2022-09-28,13:23:24,heavy_rain,urban,night_unlit,moderate,car,58.4,50,severe
ACC02989,18.317454283210118,75.3678894363473,2026-05-16,06:20:21,rain,urban,dusk_dawn,heavy,motorcycle,51.3,60,moderate
ACC02990,16.823386687808274,81.84422540550166,2024-09-24,08:22:26,clear,urban,night_unlit,moderate,motorcycle,63.8,60,fatal
ACC02991,14.206393318591445,73.23053328808663,2025-06-28,17:35:29,cloudy,highway,dusk_dawn,heavy,motorcycle,124.1,78,minor
ACC02992,22.49464739158209,81.23906627911407,2024-08-08,07:28:37,clear,urban,dusk_dawn,moderate,motorcycle,38.5,53,severe
ACC02993,14.185670444474486,74.014731223783,2022-12-23,18:32:04,cloudy,expressway,dusk_dawn,low,car,138.8,84,moderate
ACC02994,24.40679124276279,85.09858437828252,2026-06-05,16:16:21,heavy_rain,highway,night_unlit,heavy,motorcycle,72.1,71,fatal
ACC02995,15.227008212487258,87.03319980163592,2022-07-04,06:17:51,clear,urban,dusk_dawn,moderate,car,44.4,53,minor
ACC02996,23.701940914132987,74.76778892879172,2025-08-21,09:51:57,heavy_rain,urban,night_lit,low,car,25.4,33,moderate
ACC02997,24.88937769112747,79.40339469751719,2022-12-10,07:26:32,cloudy,highway,night_unlit,moderate,motorcycle,111.8,97,moderate
ACC02998,14.005216156391212,73.63268797559415,2025-07-14,18:58:21,clear,rural,dusk_dawn,heavy,motorcycle,49.3,75,moderate
ACC02999,13.387932292608065,77.4262401131676,2023-11-26,15:50:24,heavy_rain,expressway,night_lit,heavy,car,88.5,87,severe
ACC03000,27.193164330458558,73.04156407616843,2023-01-24,00:42:46,cloudy,urban,night_unlit,heavy,car,34.5,43,minor
ACC03001,19.40874890804129,76.23274444827884,2023-01-24,15:32:23,cloudy,highway,dusk_dawn,heavy,motorcycle,87.5,98,fatal
ACC03002,22.083767919567812,87.84357867342882,2023-06-09,14:50:56,cloudy,highway,daylight,heavy,motorcycle,86.8,94,moderate
ACC03003,12.372167041948284,72.71365227714243,2026-01-19,16:03:01,clear,urban,daylight,low,truck,22.0,55,moderate
ACC03004,16.45936288890144,85.74349327389874,2025-06-17,03:29:36,clear,highway,night_lit,moderate,truck,113.0,94,severe
ACC03005,20.086362472950178,73.23924124406568,2025-01-06,03:42:31,rain,urban,night_unlit,moderate,car,26.3,37,severe
ACC03006,26.179493014230463,80.46395089787777,2024-10-31,11:06:27,heavy_rain,highway,night_unlit,heavy,truck,122.7,81,fatal
ACC03007,16.343030681030022,79.23391667883753,2023-11-16,17:10:28,rain,urban,night_lit,low,bus,59.3,40,moderate
ACC03008,24.40306111773951,86.90487456033031,2026-01-20,17:03:09,rain,expressway,night_lit,heavy,bus,104.2,85,moderate
ACC03009,22.595406852139227,75.18479779656144,2023-03-26,09:29:20,rain,highway,dusk_dawn,heavy,car,116.0,81,minor
ACC03010,13.84433228489192,74.87491224607416,2026-03-29,08:32:21,clear,rural,daylight,low,bus,25.2,62,moderate
ACC03011,16.694002764671943,83.97942541708531,2023-09-18,17:28:39,rain,rural,night_lit,moderate,car,21.3,68,moderate
ACC03012,15.805824583017916,83.61151156960567,2023-07-15,02:03:35,rain,highway,night_unlit,low,car,88.2,93,minor
ACC03013,19.080441401172568,83.18690832788478,2024-02-21,15:29:24,clear,expressway,dusk_dawn,moderate,motorcycle,99.9,87,fatal
ACC03014,22.165347888761346,72.4180338587581,2025-05-14,12:53:31,cloudy,urban,night_unlit,moderate,car,33.5,49,moderate
ACC03015,18.934716088136106,76.15935498759853,2025-03-18,09:01:34,rain,urban,daylight,heavy,car,20.4,59,moderate
ACC03016,15.912585212028896,85.4383228456688,2025-06-12,14:46:02,storm,urban,daylight,moderate,car,31.7,45,moderate
ACC03017,23.134060291652407,81.61372994330836,2022-05-27,08:16:53,storm,highway,daylight,heavy,truck,72.9,82,minor
ACC03018,21.35153751538384,81.63511873171491,2022-09-22,15:04:53,cloudy,highway,night_lit,moderate,motorcycle,64.2,66,moderate
ACC03019,20.30902251865107,76.73466568647699,2025-10-25,07:03:21,rain,urban,dusk_dawn,heavy,motorcycle,38.5,54,moderate
ACC03020,20.870713559135652,76.16276941691116,2026-05-30,12:00:45,cloudy,rural,night_lit,heavy,motorcycle,109.8,77,fatal
ACC03021,15.550410340701177,87.14487820829207,2022-07-29,14:24:23,heavy_rain,expressway,daylight,moderate,car,96.4,82,moderate
ACC03022,22.8868969774793,83.6440844616514,2026-01-24,03:29:04,cloudy,urban,night_lit,low,motorcycle,28.5,43,moderate
ACC03023,18.20000856862029,74.0298578848294,2023-03-07,16:37:51,fog,highway,night_unlit,heavy,truck,138.1,61,fatal
ACC03024,17.815485115680314,87.00331107430023,2026-05-28,18:04:16,storm,highway,dusk_dawn,heavy,car,133.8,86,severe
ACC03025,14.395747332268328,81.31792242908888,2026-06-20,22:39:21,clear,expressway,night_unlit,heavy,auto,131.8,92,moderate
ACC03026,21.54939735280714,77.33379787131341,2024-11-11,08:44:34,storm,highway,daylight,low,motorcycle,89.2,97,severe
ACC03027,21.642630568744103,78.35423114239357,2022-11-09,08:03:26,rain,expressway,daylight,heavy,motorcycle,120.0,82,minor
ACC03028,17.444810298664454,83.60647216564189,2025-07-18,10:40:15,clear,highway,daylight,low,motorcycle,134.9,98,moderate
ACC03029,25.757600909848545,78.02036242697734,2022-06-16,20:07:48,clear,highway,daylight,moderate,truck,64.9,74,moderate
ACC03030,25.527326379446855,81.25991678589772,2023-07-03,12:26:21,rain,highway,night_unlit,heavy,truck,95.7,85,moderate
ACC03031,13.744868903718901,83.36799194637447,2024-11-14,10:39:35,clear,urban,night_lit,moderate,truck,32.8,50,fatal
ACC03032,23.12061420495869,75.12599995689543,2022-04-21,18:52:39,clear,highway,dusk_dawn,low,car,89.8,84,moderate
ACC03033,18.301356098960355,87.10786377988079,2023-10-08,04:31:56,cloudy,expressway,daylight,moderate,car,127.4,94,fatal
ACC03034,27.995437617006285,77.69876434296656,2025-08-02,15:26:28,clear,urban,night_lit,low,car,78.5,55,moderate
ACC03035,15.600378074954438,78.70999611323063,2022-05-31,13:50:28,cloudy,highway,night_lit,moderate,auto,106.2,80,moderate
ACC03036,16.48838728663183,83.17622988588514,2023-08-26,16:12:54,rain,urban,daylight,low,motorcycle,21.4,57,moderate
ACC03037,19.07370071289164,81.74056143020422,2022-01-07,17:12:28,clear,urban,night_lit,moderate,car,53.9,58,minor
ACC03038,16.29944237889061,79.04191739102687,2024-12-16,10:27:17,cloudy,urban,night_unlit,moderate,car,67.0,56,severe
ACC03039,23.071893862184226,82.39587264481267,2022-05-10,16:07:02,clear,rural,night_unlit,heavy,motorcycle,97.3,75,fatal
ACC03040,19.694529794903687,86.44525292115271,2023-04-07,15:01:19,heavy_rain,expressway,night_unlit,moderate,bus,139.9,100,severe
ACC03041,15.534061357592643,84.8045378663267,2024-05-08,07:21:11,clear,urban,dusk_dawn,moderate,truck,78.9,44,severe
ACC03042,20.101985111785,85.18814415927638,2022-12-19,20:09:18,rain,urban,night_unlit,heavy,car,41.5,33,severe
ACC03043,26.220604261840613,76.134534537077,2023-01-15,18:38:32,rain,urban,dusk_dawn,heavy,truck,38.3,30,minor
ACC03044,24.678330349600845,78.7104535887622,2025-10-02,21:32:31,heavy_rain,urban,night_lit,moderate,auto,45.4,60,moderate
ACC03045,19.981262790829135,80.86110626646494,2025-06-30,17:29:11,cloudy,urban,daylight,moderate,truck,57.7,57,moderate
ACC03046,16.615881650271163,72.70705310658373,2022-05-13,09:29:27,cloudy,highway,daylight,low,motorcycle,64.5,84,minor
ACC03047,14.878183435240445,84.31667488603719,2025-11-09,12:05:27,clear,highway,daylight,moderate,truck,85.0,86,minor
ACC03048,26.054126034990325,77.17541479064143,2024-02-08,12:24:02,cloudy,expressway,daylight,heavy,truck,104.3,82,moderate
ACC03049,23.36267104797914,76.52153724865623,2022-08-26,03:04:16,cloudy,expressway,night_unlit,heavy,bus,77.6,85,moderate
ACC03050,21.154612850359335,76.14867214969834,2026-01-28,12:21:43,cloudy,highway,night_unlit,low,truck,137.5,64,moderate
ACC03051,26.070954335258694,76.53406824672103,2023-07-08,11:40:01,clear,expressway,night_unlit,low,motorcycle,115.5,83,fatal
ACC03052,13.947044597985432,77.40823731452531,2023-06-19,00:59:18,cloudy,rural,daylight,heavy,car,30.2,52,moderate
ACC03053,22.91982857603309,81.67719292921855,2022-08-29,19:17:28,cloudy,highway,dusk_dawn,heavy,motorcycle,108.6,65,severe
ACC03054,15.467396998611711,81.33704515040101,2025-12-26,07:15:09,cloudy,expressway,dusk_dawn,heavy,car,70.9,96,minor
ACC03055,13.929239056255792,76.09138805763001,2023-04-16,14:40:38,rain,expressway,dusk_dawn,low,truck,123.3,97,fatal
ACC03056,19.44973616011093,75.30278842517131,2024-08-30,18:55:42,clear,urban,dusk_dawn,heavy,auto,46.4,39,moderate
ACC03057,18.19828687622966,85.22173104114171,2023-01-28,16:17:20,cloudy,rural,night_unlit,moderate,car,119.4,78,moderate
ACC03058,27.058777749202967,73.48357340282186,2026-01-10,08:50:13,clear,highway,night_lit,moderate,motorcycle,137.7,69,severe
ACC03059,17.18367274802906,80.20516545921484,2025-07-16,16:18:46,rain,urban,night_lit,low,truck,39.8,31,moderate
ACC03060,25.03843614483204,80.32897398702842,2024-04-05,18:38:12,rain,rural,daylight,moderate,car,123.5,60,minor
ACC03061,23.981232007493517,81.18618890898594,2023-07-22,19:12:08,clear,urban,daylight,moderate,motorcycle,74.7,48,severe
ACC03062,22.686781920936582,86.17040185451417,2024-12-11,10:15:01,clear,highway,night_lit,low,truck,124.2,72,moderate
ACC03063,26.72640756736095,81.98262304151628,2024-03-24,03:59:05,rain,urban,night_lit,moderate,car,44.7,43,minor
ACC03064,18.526793510101474,87.57814025996838,2026-03-26,16:23:52,rain,rural,night_unlit,low,truck,98.9,78,severe
ACC03065,18.23473897572585,85.94164933357965,2025-01-11,08:00:56,clear,rural,daylight,moderate,motorcycle,120.6,62,minor
ACC03066,14.57515877730415,75.43584415179538,2022-02-14,18:46:32,cloudy,highway,dusk_dawn,heavy,truck,105.2,87,minor
ACC03067,16.412193207921106,75.85893296360481,2025-09-12,17:07:55,clear,urban,night_unlit,heavy,car,31.2,45,moderate
ACC03068,26.076423296973932,77.51638617464273,2022-11-13,18:06:42,rain,highway,dusk_dawn,low,car,114.7,70,minor
ACC03069,19.590114126581888,78.2642306412821,2023-05-10,22:50:24,clear,urban,night_lit,moderate,car,79.8,40,minor
ACC03070,17.461653155051366,80.84792192492313,2023-12-17,16:20:42,rain,highway,night_unlit,low,motorcycle,102.6,89,severe
ACC03071,15.457792881314738,75.72020212634142,2022-12-10,20:08:25,rain,expressway,night_lit,moderate,car,63.0,93,minor
ACC03072,19.75936400389784,75.55752289782025,2026-03-28,16:58:57,rain,urban,night_lit,low,truck,54.0,30,severe
ACC03073,23.46664592743246,78.10223931788927,2026-05-26,08:16:51,storm,urban,daylight,heavy,motorcycle,71.0,41,minor
ACC03074,16.587072407313208,82.75236981140404,2022-09-13,18:37:50,cloudy,rural,dusk_dawn,low,truck,54.4,80,minor
ACC03075,24.123464333002467,83.01000980953901,2023-06-10,17:15:31,rain,highway,dusk_dawn,heavy,truck,129.7,64,minor
ACC03076,22.076604395598693,87.61786784064464,2023-09-01,22:34:31,rain,highway,night_unlit,heavy,motorcycle,78.7,83,moderate
ACC03077,24.601001000635268,75.23864694274903,2025-01-06,09:41:07,rain,highway,night_lit,moderate,car,85.1,89,moderate
ACC03078,16.014554061998595,78.2857464297117,2024-09-08,10:45:39,cloudy,urban,daylight,heavy,car,39.3,42,moderate
ACC03079,22.096450315728724,87.43483996702497,2025-01-18,19:24:06,clear,rural,dusk_dawn,moderate,truck,83.3,47,minor
ACC03080,14.45976447182147,83.04013988264883,2022-02-20,05:36:32,storm,highway,night_unlit,moderate,motorcycle,133.2,91,fatal
ACC03081,17.820751714634188,81.4764563971523,2024-04-24,16:50:07,clear,rural,dusk_dawn,heavy,car,85.9,71,fatal
ACC03082,23.58976151748482,80.63433682242155,2022-12-13,15:50:28,fog,highway,daylight,low,truck,119.8,86,fatal
ACC03083,22.106694169278974,73.2081660821801,2023-01-11,08:44:46,clear,urban,night_unlit,low,car,33.9,49,moderate
ACC03084,15.005771605400351,86.29398094105457,2025-06-26,08:23:18,cloudy,urban,daylight,heavy,motorcycle,31.4,37,minor
ACC03085,25.733482753480466,82.00808344664172,2022-08-21,19:31:36,fog,rural,dusk_dawn,low,motorcycle,121.2,60,moderate
ACC03086,12.85361571752291,81.14667852684855,2022-02-21,01:58:15,rain,expressway,night_lit,heavy,car,104.0,92,minor
ACC03087,21.523451016266392,80.63200549314948,2024-03-10,18:14:17,cloudy,urban,night_lit,moderate,truck,65.3,56,severe
ACC03088,27.7411280037057,78.27062731713778,2025-04-23,17:41:10,clear,urban,daylight,moderate,truck,78.0,55,moderate
ACC03089,20.504075709483978,76.07463506177429,2024-04-18,16:47:09,clear,highway,daylight,moderate,motorcycle,80.3,91,minor
ACC03090,24.81074911935073,84.08515176535175,2022-09-22,12:28:22,clear,highway,daylight,moderate,truck,125.9,95,moderate
ACC03091,21.522895571025636,80.15308028418659,2025-06-23,03:51:07,cloudy,expressway,night_unlit,heavy,car,102.8,90,severe
ACC03092,24.52941303876788,72.54303251662752,2023-09-19,18:25:53,cloudy,urban,daylight,low,motorcycle,76.5,52,fatal
ACC03093,22.489506165684595,78.38551199635461,2025-03-11,07:50:44,clear,highway,dusk_dawn,moderate,motorcycle,103.7,83,fatal
ACC03094,23.058112232600458,86.85765821156532,2022-11-28,09:38:13,clear,highway,dusk_dawn,low,motorcycle,75.2,88,minor
ACC03095,15.644978417382145,77.9823129846538,2026-02-06,21:03:53,fog,highway,night_lit,low,truck,95.1,68,fatal
ACC03096,23.869134617166683,78.61172812680918,2023-04-11,10:49:21,rain,rural,night_lit,low,motorcycle,101.2,45,minor
ACC03097,15.806558186629292,81.98337796888057,2026-05-14,09:41:31,cloudy,urban,daylight,moderate,motorcycle,62.4,41,moderate
ACC03098,27.690244402281408,84.82679686105412,2023-09-12,22:13:41,storm,expressway,night_unlit,moderate,motorcycle,88.5,84,moderate
ACC03099,15.644595055379275,82.6953778832754,2025-04-10,06:42:46,cloudy,urban,dusk_dawn,low,truck,63.4,43,minor
ACC03100,15.7869440575625,85.60087569796714,2024-04-04,08:30:00,clear,rural,night_lit,heavy,car,87.9,66,moderate
ACC03101,25.738769927741828,73.82352939265117,2022-05-06,13:56:16,clear,highway,daylight,moderate,truck,83.5,93,moderate
ACC03102,15.887773791405106,86.79348085309839,2022-06-11,18:18:20,heavy_rain,highway,dusk_dawn,heavy,car,97.9,68,severe
ACC03103,17.774444695860527,86.46275091858217,2023-10-28,20:15:35,clear,highway,night_unlit,low,car,127.3,65,severe
ACC03104,23.43424257886443,80.3063773853694,2022-11-13,18:03:52,clear,highway,dusk_dawn,moderate,truck,85.3,64,moderate
ACC03105,14.539977283116212,81.99587580459522,2024-09-26,22:47:26,fog,expressway,daylight,moderate,motorcycle,79.7,92,moderate
ACC03106,14.545148077240036,75.40500880322243,2022-08-15,01:59:27,rain,rural,dusk_dawn,moderate,motorcycle,123.2,62,minor
ACC03107,19.781734772265903,79.16715900770222,2024-08-27,16:41:05,rain,highway,night_lit,heavy,motorcycle,130.6,62,minor
ACC03108,15.89914806772363,75.243253774717,2022-12-03,07:22:31,rain,urban,dusk_dawn,heavy,car,35.9,59,severe
ACC03109,15.770527289104537,72.35162686305631,2022-10-25,20:52:29,rain,urban,night_lit,moderate,motorcycle,42.5,53,minor
ACC03110,12.147822742696203,87.69444909003283,2023-08-26,21:15:38,clear,urban,night_lit,heavy,truck,24.0,47,minor
ACC03111,17.927193459167167,76.14634425136327,2024-08-15,10:41:50,rain,highway,daylight,moderate,car,121.8,93,moderate
ACC03112,17.09200887389445,81.48973294236536,2023-10-18,19:35:34,clear,highway,daylight,low,truck,105.2,75,severe
ACC03113,12.498492973226726,76.8040061366058,2023-07-29,16:51:03,clear,highway,night_unlit,moderate,car,114.4,66,fatal
ACC03114,21.939730851418616,77.92994592336696,2023-07-13,06:58:49,storm,expressway,dusk_dawn,heavy,truck,66.8,87,minor
ACC03115,22.026482912053666,78.3641849373164,2023-07-11,16:21:28,clear,urban,night_lit,low,truck,53.8,50,moderate
ACC03116,13.132807548378542,77.36074770119612,2023-10-25,22:05:29,clear,rural,daylight,moderate,bus,80.6,44,minor
ACC03117,17.072665006551247,82.19839614943898,2025-10-01,10:09:52,clear,expressway,daylight,heavy,truck,119.1,88,fatal
ACC03118,25.964888511926365,87.3749803278177,2024-08-07,00:44:35,rain,highway,night_unlit,moderate,truck,131.3,65,severe
ACC03119,21.314673091913257,78.85815440009972,2023-11-24,22:21:47,storm,highway,night_unlit,moderate,auto,97.8,82,fatal
ACC03120,18.591595584191808,87.57322758486825,2025-05-15,12:08:52,clear,highway,daylight,low,truck,127.3,91,minor
ACC03121,19.441630855425537,82.68475579751653,2024-05-15,12:48:29,clear,urban,daylight,low,truck,77.5,60,severe
ACC03122,15.332479910972882,81.71417912033614,2026-04-08,17:38:58,rain,urban,daylight,moderate,car,59.9,45,minor
ACC03123,24.99010401132685,75.79366162878277,2024-07-13,16:07:10,cloudy,highway,daylight,moderate,truck,105.5,62,severe
ACC03124,26.624075287215483,73.0067312943901,2022-12-21,10:42:52,clear,highway,daylight,moderate,motorcycle,62.9,77,moderate
ACC03125,26.570624676000698,85.63095632466926,2024-07-13,06:38:50,clear,urban,night_unlit,moderate,auto,45.9,41,severe
ACC03126,15.582950267076795,81.18369702310831,2025-06-24,19:59:05,cloudy,rural,dusk_dawn,moderate,truck,96.1,46,severe
ACC03127,16.971844284423312,78.6306217987981,2022-12-16,14:59:09,clear,highway,daylight,low,car,61.0,77,moderate
ACC03128,14.569964396952589,84.99147715341573,2022-11-29,17:58:02,rain,rural,daylight,heavy,car,32.7,66,moderate
ACC03129,16.915218138117012,76.9692861212371,2024-09-11,19:53:16,clear,highway,daylight,moderate,car,70.1,98,minor
ACC03130,17.324885953961605,84.5378760954318,2025-12-23,01:47:59,rain,highway,night_unlit,moderate,motorcycle,137.1,60,fatal
ACC03131,22.12969179303417,77.24742136649274,2023-07-04,19:40:07,rain,highway,dusk_dawn,moderate,truck,136.5,63,severe
ACC03132,15.034342104769994,86.73409898246662,2024-04-12,18:32:02,cloudy,rural,night_unlit,moderate,car,50.3,79,severe
ACC03133,26.710350789883897,76.28746999130884,2024-12-11,21:47:27,rain,urban,night_lit,moderate,car,38.4,40,minor
ACC03134,13.64959152136496,74.20086588119314,2024-12-25,09:57:21,clear,urban,daylight,heavy,car,49.6,57,fatal
ACC03135,12.110048176549329,83.16954733359059,2022-08-28,10:06:37,clear,highway,night_lit,heavy,truck,63.3,69,moderate
ACC03136,25.67912205808853,74.60555604903634,2023-10-11,17:08:36,cloudy,urban,daylight,heavy,motorcycle,40.7,45,minor
ACC03137,23.260316924256795,87.18980880462377,2026-06-21,21:29:49,rain,urban,night_unlit,low,car,75.5,41,fatal
ACC03138,17.685757925695974,82.48888179822185,2025-12-29,23:17:24,rain,urban,night_unlit,heavy,motorcycle,62.6,54,fatal
ACC03139,21.52799529456189,75.69377058055241,2025-06-21,12:31:27,clear,urban,daylight,moderate,car,35.6,56,minor
ACC03140,15.576705613427734,75.34110294856686,2022-02-09,15:18:01,rain,urban,night_unlit,low,truck,46.1,51,minor
ACC03141,14.694234378326016,86.78200062592674,2023-11-17,08:46:58,clear,highway,daylight,low,truck,89.5,98,moderate
ACC03142,19.538386162219567,81.72572660559825,2022-03-26,17:53:12,clear,highway,daylight,heavy,car,135.7,61,severe
ACC03143,17.651005275535375,86.29977610675867,2023-05-10,19:16:35,clear,highway,dusk_dawn,moderate,truck,104.2,89,minor
ACC03144,21.843680808564674,73.7636032775332,2025-11-21,18:46:52,heavy_rain,urban,dusk_dawn,heavy,truck,20.8,57,severe
ACC03145,15.490386952976504,86.80627512926682,2023-09-29,11:06:36,cloudy,urban,daylight,moderate,car,21.3,55,fatal
ACC03146,22.6068432089699,80.32078899190542,2022-10-04,22:47:37,cloudy,urban,night_lit,heavy,car,46.7,50,fatal
ACC03147,24.269784324845013,82.69475066130161,2025-03-30,07:41:10,rain,highway,dusk_dawn,moderate,car,123.4,78,minor
ACC03148,14.66617828845559,77.96600754466048,2025-05-31,14:42:42,clear,highway,night_lit,moderate,car,76.3,92,moderate
ACC03149,12.701732534686656,72.94624515209321,2024-12-12,15:29:11,clear,highway,dusk_dawn,low,car,68.2,69,moderate
ACC03150,19.03339800482142,87.32755906146926,2025-08-21,15:06:41,clear,highway,dusk_dawn,moderate,bus,86.4,80,moderate
ACC03151,24.384385375878992,87.9135732657357,2025-02-26,18:50:34,clear,rural,night_lit,moderate,car,107.6,61,moderate
ACC03152,22.412477369186284,77.83274958016709,2024-11-08,16:06:29,cloudy,highway,night_lit,low,bus,115.4,79,severe
ACC03153,23.23010752663346,87.10188687603167,2025-12-30,06:28:43,clear,highway,dusk_dawn,low,motorcycle,134.4,74,moderate
ACC03154,18.445429439893893,74.68362065538503,2023-06-17,08:10:43,rain,urban,daylight,moderate,motorcycle,46.2,60,moderate
ACC03155,15.759128724049118,74.47495119453721,2024-01-20,15:50:12,rain,highway,dusk_dawn,low,truck,122.4,73,fatal
ACC03156,20.50846149255375,73.16978944014674,2024-07-13,17:34:22,fog,expressway,night_lit,moderate,truck,92.8,97,fatal
ACC03157,15.26985109998715,78.26031052134641,2025-01-04,14:30:29,clear,expressway,night_lit,moderate,auto,89.8,98,minor
ACC03158,23.619659151761052,72.83683600290559,2024-02-22,11:19:09,cloudy,urban,night_lit,heavy,car,20.7,41,moderate
ACC03159,15.151463295351633,78.31451503380634,2023-12-26,05:46:21,clear,highway,night_lit,moderate,motorcycle,129.6,89,fatal
ACC03160,16.660212267429465,74.21424685839469,2022-09-29,18:12:02,clear,urban,dusk_dawn,heavy,car,42.0,60,severe
ACC03161,20.104716453168088,83.68844472916732,2024-11-13,14:43:26,cloudy,urban,night_lit,moderate,car,36.3,40,severe
ACC03162,19.787358946295917,85.33380238938253,2022-07-23,15:58:12,cloudy,urban,night_unlit,moderate,car,36.8,58,moderate
ACC03163,21.61359002251247,83.0050468447406,2024-02-19,13:15:13,rain,highway,night_lit,moderate,truck,101.4,66,minor
ACC03164,18.999113607998673,75.2079064389785,2023-11-03,09:41:49,rain,highway,night_unlit,moderate,car,96.5,100,minor
ACC03165,26.71157293616146,84.26957108652729,2025-06-29,09:18:08,clear,highway,night_unlit,low,truck,82.8,96,minor
ACC03166,25.43894550715501,75.9920031525324,2024-02-22,05:55:07,fog,urban,night_lit,moderate,truck,40.2,51,moderate
ACC03167,26.065815219786217,84.15181755149644,2022-01-09,17:53:19,clear,urban,dusk_dawn,moderate,motorcycle,55.9,53,severe
ACC03168,22.072265142455002,81.07836119834225,2024-04-10,09:18:01,storm,rural,dusk_dawn,moderate,motorcycle,128.8,55,minor
ACC03169,22.160126653772902,77.86740026065935,2022-12-21,10:13:52,cloudy,highway,dusk_dawn,heavy,truck,115.2,61,moderate
ACC03170,21.74717893945518,73.33587804825692,2023-09-17,23:04:59,clear,rural,night_unlit,moderate,car,89.6,55,severe
ACC03171,18.9581464707433,85.24015215691242,2023-05-02,12:41:48,clear,highway,daylight,low,motorcycle,72.2,96,minor
ACC03172,17.1536960170762,87.03444673277161,2022-10-01,14:55:47,clear,highway,daylight,moderate,car,91.0,84,minor
ACC03173,21.472046199181925,82.6546844800102,2026-04-02,12:08:06,rain,urban,daylight,moderate,car,63.5,60,minor
ACC03174,12.408509394215205,87.43266506709502,2023-02-21,09:48:33,clear,highway,daylight,heavy,motorcycle,120.2,97,severe
ACC03175,12.119302902780849,86.94578270468786,2024-04-12,00:45:05,rain,expressway,night_unlit,heavy,car,114.0,84,severe
ACC03176,25.62626922074798,75.11373441286005,2025-09-21,19:28:18,clear,expressway,dusk_dawn,moderate,motorcycle,70.7,93,moderate
ACC03177,12.742784716441955,83.69939757757142,2023-08-22,13:13:29,storm,highway,daylight,heavy,truck,88.6,70,fatal
ACC03178,20.39672240533469,77.58887711100311,2026-03-20,17:39:40,clear,highway,dusk_dawn,low,motorcycle,91.5,94,minor
ACC03179,21.83980420719432,79.80027776905001,2023-10-26,22:35:16,rain,highway,night_lit,low,car,78.7,76,moderate
ACC03180,15.17073967395897,74.51144689838154,2026-04-04,00:48:15,rain,expressway,night_lit,low,car,76.0,92,minor
ACC03181,26.331693412242373,87.59647084892244,2024-01-12,17:33:49,clear,highway,daylight,moderate,car,100.7,79,moderate
ACC03182,15.041532347974,83.61819812922253,2022-01-24,07:02:13,clear,rural,dusk_dawn,moderate,motorcycle,95.3,69,severe
ACC03183,26.152239797866795,76.27053295409549,2025-11-25,13:12:29,cloudy,highway,daylight,low,motorcycle,86.8,83,moderate
ACC03184,24.207844309328564,77.94354704268854,2025-11-19,19:22:17,rain,urban,dusk_dawn,low,truck,43.5,60,moderate
ACC03185,15.851887256387103,78.75972682926056,2026-04-30,06:29:51,rain,highway,dusk_dawn,low,car,108.6,91,moderate
ACC03186,14.411906660417497,83.96053958630145,2022-07-23,23:20:32,clear,rural,night_unlit,heavy,truck,72.8,55,severe
ACC03187,17.05972336297976,86.81115626831335,2025-10-18,16:52:06,heavy_rain,urban,dusk_dawn,heavy,car,78.9,58,severe
ACC03188,18.367209060324395,77.14304212775315,2023-07-15,12:16:08,heavy_rain,highway,daylight,moderate,motorcycle,111.3,68,moderate
ACC03189,15.932554823982775,79.56000141248671,2025-10-14,02:40:58,rain,highway,night_lit,heavy,bus,136.4,61,moderate
ACC03190,27.98226478007077,81.49132116535522,2026-05-02,16:21:56,clear,urban,night_lit,moderate,truck,54.9,44,fatal
ACC03191,15.674437379833297,78.29350387840505,2022-11-23,14:59:46,clear,urban,night_lit,low,motorcycle,61.6,44,moderate
ACC03192,25.29015723172571,80.06690117385097,2023-09-02,08:54:04,storm,rural,daylight,heavy,car,33.2,62,minor
ACC03193,14.545883953447564,73.69132206432164,2023-03-18,14:47:43,rain,urban,night_unlit,moderate,motorcycle,47.1,34,severe
ACC03194,27.683914004415158,74.68279020352266,2023-05-16,01:45:39,cloudy,expressway,night_unlit,moderate,truck,107.2,99,moderate
ACC03195,15.608375332529357,78.41762011552231,2024-09-05,23:38:56,heavy_rain,highway,night_lit,heavy,car,125.7,60,moderate
ACC03196,18.747016876537476,86.63902418832885,2023-11-09,10:35:29,clear,rural,night_unlit,low,car,132.3,75,severe
ACC03197,20.937025068286502,77.58972873191414,2024-12-13,14:33:28,rain,expressway,dusk_dawn,moderate,motorcycle,132.9,90,moderate
ACC03198,13.924571442497493,75.99668493768021,2025-01-12,18:01:37,rain,urban,dusk_dawn,heavy,truck,76.4,41,moderate
ACC03199,25.06912107966562,83.88579553358841,2022-11-29,17:56:08,rain,expressway,night_lit,moderate,motorcycle,94.0,88,minor
ACC03200,16.39496852289328,87.18608265722575,2022-03-14,20:58:44,rain,urban,night_unlit,moderate,car,52.3,55,moderate
ACC03201,20.78831842562662,79.34597787301676,2025-05-10,21:31:29,cloudy,urban,night_lit,heavy,bus,64.7,48,minor
ACC03202,20.79414097109195,72.13767928907492,2022-10-26,08:52:11,clear,highway,daylight,heavy,bus,74.0,96,minor
ACC03203,21.64225043721256,83.01038930360988,2022-11-25,12:24:48,heavy_rain,highway,night_lit,heavy,truck,82.4,62,severe
ACC03204,12.887775784389035,78.64097282585831,2024-09-14,17:06:15,rain,urban,daylight,low,car,51.2,35,moderate
ACC03205,14.697900189305086,82.77832858585944,2023-03-08,04:50:51,clear,rural,night_unlit,heavy,car,115.9,72,severe
ACC03206,14.579075886773827,76.44346425326725,2022-11-08,17:30:16,storm,expressway,night_unlit,moderate,motorcycle,114.8,100,fatal
ACC03207,16.83282015065363,72.0385303010714,2023-05-19,00:56:29,clear,urban,night_unlit,moderate,truck,72.0,39,fatal
ACC03208,14.318626509733438,77.51193949992967,2024-05-08,20:12:26,clear,rural,night_lit,low,motorcycle,53.5,79,minor
ACC03209,26.750741132388633,83.27667748180707,2025-10-21,17:28:43,storm,rural,daylight,moderate,car,134.3,69,minor
ACC03210,20.207271208180813,78.28981252814702,2026-06-12,15:40:11,rain,rural,dusk_dawn,low,bus,50.0,54,severe
ACC03211,21.977202363242952,75.50678623445161,2025-04-17,12:08:14,heavy_rain,highway,night_unlit,heavy,motorcycle,85.7,62,severe
ACC03212,17.719810806369935,79.42410982614562,2026-01-15,23:59:11,heavy_rain,urban,night_lit,moderate,bus,65.9,45,severe
ACC03213,16.419938256542586,84.03757637277417,2024-05-21,18:36:13,cloudy,urban,dusk_dawn,moderate,motorcycle,69.5,39,moderate
ACC03214,20.050834723715408,73.91092938867689,2023-11-02,18:10:27,clear,rural,dusk_dawn,low,motorcycle,53.2,43,minor
ACC03215,16.709167597357336,83.06803253834636,2025-09-08,19:44:35,rain,urban,daylight,moderate,car,23.8,57,minor
ACC03216,17.49833481167623,82.67750438086316,2023-05-12,02:52:51,cloudy,rural,daylight,moderate,car,90.4,58,minor
ACC03217,19.244013988333712,77.93180607496114,2025-08-27,05:22:25,cloudy,expressway,night_lit,heavy,auto,70.5,99,moderate
ACC03218,20.091738994949687,87.5253790620719,2026-06-28,08:36:24,cloudy,urban,daylight,moderate,truck,54.3,55,minor
ACC03219,27.74902418850942,86.31528479168563,2023-10-03,17:44:09,clear,rural,daylight,low,motorcycle,79.8,54,fatal
ACC03220,15.573161410591048,77.05858369283311,2024-11-06,16:08:05,clear,urban,night_lit,moderate,motorcycle,51.4,54,minor
ACC03221,19.807618638122356,72.49745749430149,2025-07-07,10:31:45,cloudy,urban,dusk_dawn,low,car,43.4,55,minor
ACC03222,14.392187831829423,76.93287690792123,2025-07-10,22:33:37,rain,urban,daylight,moderate,truck,36.7,39,minor
ACC03223,17.599987723327562,75.2755510806567,2022-12-05,06:18:31,cloudy,expressway,dusk_dawn,moderate,car,71.2,96,moderate
ACC03224,23.47697149930247,80.75603062476148,2026-04-30,18:17:26,clear,rural,dusk_dawn,low,motorcycle,80.4,59,minor
ACC03225,14.791394300169193,86.69991073891447,2024-04-06,14:37:31,cloudy,rural,daylight,low,motorcycle,78.3,78,moderate
ACC03226,21.30162092080069,85.92540016060035,2022-03-10,12:45:50,rain,highway,night_unlit,moderate,motorcycle,86.7,61,fatal
ACC03227,18.667216377088117,76.89326649063723,2022-07-14,02:23:11,clear,urban,night_lit,moderate,motorcycle,69.1,34,fatal
ACC03228,12.825272710471568,78.85756053689019,2025-04-09,17:08:29,cloudy,rural,night_lit,low,auto,37.2,66,minor
ACC03229,26.92920386365511,72.58467518527306,2023-12-02,18:47:14,rain,expressway,dusk_dawn,moderate,truck,71.6,99,moderate
ACC03230,18.617650244686182,80.7066161223864,2022-06-27,10:10:06,cloudy,expressway,night_lit,moderate,auto,133.4,95,minor
ACC03231,24.54282457201866,73.01388768081166,2024-05-04,14:00:41,cloudy,rural,night_lit,low,motorcycle,49.4,46,minor
ACC03232,18.661015819708805,87.0176986596656,2024-09-11,16:19:42,heavy_rain,rural,daylight,low,car,128.2,49,severe
ACC03233,26.99776514526055,85.87094135763635,2022-05-12,11:49:51,clear,highway,daylight,moderate,auto,60.5,73,severe
ACC03234,16.64752535086236,75.42700202300004,2023-07-29,16:45:01,clear,rural,daylight,heavy,car,126.3,47,minor
ACC03235,18.59569039500315,83.18989887779273,2024-01-30,13:18:10,clear,highway,night_unlit,low,bus,78.6,61,severe
ACC03236,24.14182784414858,81.08832611893332,2025-07-05,20:31:34,rain,rural,night_lit,heavy,car,26.3,54,moderate
ACC03237,17.49867704449371,84.82172340025893,2024-12-06,17:57:48,heavy_rain,highway,daylight,moderate,truck,134.3,79,minor
ACC03238,17.82971314136287,79.61043370802432,2022-05-23,07:43:56,rain,expressway,daylight,heavy,truck,124.5,86,minor
ACC03239,27.917170774627575,75.06835153065245,2024-10-05,18:45:47,storm,urban,dusk_dawn,heavy,truck,37.4,37,severe
ACC03240,20.88983241104563,82.23749440196531,2026-01-21,10:05:54,rain,highway,daylight,low,truck,134.0,66,moderate
ACC03241,23.030087258722368,73.28448523193512,2022-03-31,21:14:48,clear,urban,night_unlit,moderate,car,54.0,34,severe
ACC03242,22.295395746457757,81.35340785869475,2026-06-09,16:06:18,clear,urban,night_lit,moderate,motorcycle,49.8,48,minor
ACC03243,25.246786354505154,75.40327688743132,2022-06-06,03:58:34,rain,rural,night_lit,low,car,53.8,79,severe
ACC03244,25.789201591067886,82.95898299397696,2024-10-19,18:20:38,rain,rural,dusk_dawn,heavy,auto,50.6,45,moderate
ACC03245,21.012098119524953,85.24869058764973,2023-07-31,07:29:21,cloudy,urban,dusk_dawn,low,motorcycle,50.6,37,moderate
ACC03246,16.71289719946239,73.75239566851316,2025-04-14,20:33:53,cloudy,highway,night_lit,heavy,car,130.2,71,minor
ACC03247,12.364803961199511,78.40429683437748,2025-10-15,21:31:46,cloudy,rural,night_unlit,heavy,car,73.0,69,minor
ACC03248,21.830452017029124,83.73634540441594,2025-10-30,17:03:31,clear,expressway,daylight,moderate,truck,93.6,95,minor
ACC03249,25.20750133224991,74.61924898430173,2025-11-29,15:54:28,cloudy,rural,night_lit,moderate,bus,84.6,40,minor
ACC03250,19.208636888186554,81.06437872057141,2025-09-02,16:22:47,rain,highway,dusk_dawn,heavy,bus,67.5,78,minor
ACC03251,14.635298247853829,82.74942371001157,2023-05-24,12:55:13,rain,rural,night_unlit,low,car,35.4,44,minor
ACC03252,16.609313166970253,77.67669771583012,2024-02-04,06:45:13,clear,highway,dusk_dawn,heavy,truck,126.5,79,moderate
ACC03253,20.159822872189835,85.31171638724162,2025-03-26,21:41:24,heavy_rain,expressway,night_unlit,low,motorcycle,89.9,100,moderate
ACC03254,25.386899503642667,80.17053096074741,2022-10-04,10:42:07,clear,highway,night_lit,low,truck,69.2,78,fatal
ACC03255,14.74805033709473,82.03191743904816,2024-08-06,10:58:27,clear,highway,daylight,moderate,truck,121.9,63,severe
ACC03256,21.79439801135223,74.25396474727646,2024-05-20,08:18:25,rain,highway,daylight,moderate,car,62.0,60,minor
ACC03257,24.05389782320873,72.3705627925227,2026-06-03,23:19:30,fog,rural,daylight,low,motorcycle,101.1,47,severe
ACC03258,26.97676032535717,72.81197713319978,2022-03-23,21:40:27,fog,urban,night_unlit,heavy,car,76.0,53,severe
ACC03259,13.86725906686175,86.46272237117145,2022-06-05,11:13:53,clear,rural,night_lit,moderate,motorcycle,75.5,56,moderate
ACC03260,26.82226614663292,86.12227814797203,2022-02-19,09:48:16,clear,urban,night_lit,heavy,car,73.6,55,moderate
ACC03261,21.62348056279167,84.92146302658948,2024-06-18,18:01:24,rain,rural,dusk_dawn,heavy,car,123.7,41,severe
ACC03262,24.267225398916576,75.19379345975777,2024-06-23,12:53:44,rain,urban,night_lit,heavy,car,55.3,53,moderate
ACC03263,12.860395353096887,80.40733843119204,2024-08-30,22:20:17,cloudy,highway,night_unlit,heavy,car,77.4,91,minor
ACC03264,20.098370490249522,84.73787360877398,2023-02-02,20:00:39,clear,rural,night_unlit,heavy,motorcycle,131.3,41,fatal
ACC03265,21.9620747852927,82.79470690009238,2023-05-21,18:36:57,cloudy,urban,dusk_dawn,low,motorcycle,32.2,39,moderate
ACC03266,16.909341437965445,73.848339098815,2023-11-16,06:16:22,clear,urban,night_lit,low,bus,31.1,53,minor
ACC03267,18.90640332962004,86.32865919699879,2022-03-19,17:18:14,clear,urban,daylight,moderate,motorcycle,26.5,35,moderate
ACC03268,20.868770164473567,74.5709182844474,2025-05-20,23:28:11,rain,rural,night_lit,moderate,truck,136.6,49,moderate
ACC03269,20.84076703636768,74.74873109461336,2022-03-27,11:34:00,clear,highway,daylight,heavy,auto,112.5,61,minor
ACC03270,12.66978440650941,86.41613806673134,2024-12-31,20:08:17,rain,urban,daylight,moderate,motorcycle,47.7,30,minor
ACC03271,19.031708265262278,79.75387102551225,2024-01-15,12:02:50,cloudy,urban,dusk_dawn,heavy,truck,31.4,51,moderate
ACC03272,15.421090476675694,77.96626921530347,2026-06-29,22:27:15,cloudy,rural,night_lit,moderate,auto,103.0,72,moderate
ACC03273,26.667121249365596,80.8585078767689,2025-02-11,17:21:57,clear,highway,daylight,heavy,truck,79.2,76,minor
ACC03274,27.625279841973345,87.70235732531378,2024-02-20,06:34:57,heavy_rain,highway,dusk_dawn,low,car,65.3,70,minor
ACC03275,16.794350341633105,73.91408728385669,2025-02-23,14:44:40,cloudy,highway,dusk_dawn,moderate,car,114.6,61,minor
ACC03276,14.80296635601694,84.11118158067305,2022-07-12,05:36:58,heavy_rain,urban,night_unlit,heavy,car,46.7,51,fatal
ACC03277,15.51206641517349,77.34921379590604,2022-10-25,12:06:24,cloudy,highway,daylight,moderate,truck,84.3,62,moderate
ACC03278,19.644036085647258,73.87278833356199,2024-03-30,20:59:57,cloudy,urban,daylight,heavy,truck,41.0,54,moderate
ACC03279,25.992089585810852,78.75093368564701,2025-11-09,09:42:32,fog,highway,night_unlit,moderate,car,133.4,64,moderate
ACC03280,20.000579439002234,80.78004604360433,2025-09-08,21:02:04,clear,urban,night_lit,heavy,motorcycle,21.9,50,moderate
ACC03281,12.886272987444762,75.29538620365035,2023-09-12,06:45:49,clear,urban,daylight,moderate,motorcycle,67.3,45,fatal
ACC03282,12.638169643410304,78.48431134554563,2023-04-11,17:52:57,heavy_rain,urban,daylight,heavy,truck,77.0,42,severe
ACC03283,15.638255129965577,82.17081640755664,2026-05-03,22:34:53,cloudy,rural,night_unlit,moderate,car,107.3,54,severe
ACC03284,25.48434044175086,81.22316831552355,2024-07-17,17:49:25,clear,urban,dusk_dawn,moderate,car,44.4,51,severe
ACC03285,21.943688920562302,83.57056950487761,2022-07-14,20:53:06,storm,rural,night_lit,moderate,motorcycle,122.0,43,moderate
ACC03286,21.007325660580662,85.38247252699841,2023-01-05,23:57:35,clear,urban,daylight,moderate,car,38.8,60,moderate
ACC03287,17.103513481322274,78.54624530830998,2025-10-05,16:57:52,cloudy,urban,night_unlit,moderate,truck,23.0,43,minor
ACC03288,26.870806480739,78.76747640739563,2026-01-14,18:11:50,rain,highway,dusk_dawn,low,motorcycle,65.1,68,moderate
ACC03289,17.298851919394117,79.94707415128245,2026-01-31,03:02:37,rain,urban,night_unlit,heavy,motorcycle,21.1,43,moderate
ACC03290,25.359110602447146,81.06165405410086,2022-01-12,12:39:47,cloudy,rural,daylight,moderate,truck,77.4,42,minor
ACC03291,26.334456287614145,73.73316278780626,2025-09-12,09:40:01,clear,highway,daylight,low,car,88.0,91,severe
ACC03292,19.733360211458187,77.00216566711639,2022-07-03,19:34:37,rain,highway,dusk_dawn,moderate,car,131.8,61,minor
ACC03293,26.308628311691884,74.75026872603239,2025-08-21,17:14:06,rain,urban,night_lit,moderate,bus,58.1,37,severe
ACC03294,16.428852598256753,78.1736441975061,2025-12-18,16:56:44,clear,urban,daylight,heavy,truck,52.4,32,fatal
ACC03295,22.534934818932413,87.57366516118458,2023-08-17,21:24:02,clear,expressway,night_unlit,heavy,car,66.4,99,minor
ACC03296,13.40741997639018,81.32369530689567,2022-11-14,06:44:35,cloudy,highway,dusk_dawn,moderate,truck,130.1,93,fatal
ACC03297,19.582947425478302,78.87010431872874,2025-03-17,21:37:56,clear,rural,night_lit,heavy,motorcycle,56.8,42,severe
ACC03298,15.477308834533567,81.05499032357935,2022-04-23,06:53:06,rain,rural,dusk_dawn,moderate,motorcycle,49.5,79,moderate
ACC03299,13.004212446889646,82.70522488683487,2024-08-09,11:42:25,fog,rural,night_unlit,moderate,truck,127.9,56,moderate
ACC03300,12.059608129241932,78.95925541264641,2023-06-29,16:38:02,clear,urban,night_lit,moderate,car,67.1,52,moderate
ACC03301,17.196033863052932,79.1633568680462,2023-11-28,11:50:42,fog,highway,dusk_dawn,low,motorcycle,126.9,63,moderate
ACC03302,21.432489512588205,83.22241807010734,2025-09-17,17:03:55,rain,highway,daylight,heavy,car,70.6,67,severe
ACC03303,19.28368556241852,72.97380133129121,2026-06-19,18:42:00,rain,rural,dusk_dawn,moderate,motorcycle,98.9,45,moderate
ACC03304,16.828308776311935,80.6412890926135,2023-10-23,19:35:32,fog,highway,daylight,low,motorcycle,104.7,87,moderate
ACC03305,27.859200492420015,80.75724499548322,2023-04-22,08:46:47,clear,highway,daylight,moderate,auto,69.5,98,moderate
ACC03306,27.032400639674847,84.10803617805409,2025-10-02,08:13:01,heavy_rain,highway,night_unlit,low,motorcycle,134.2,65,fatal
ACC03307,14.01045290939995,87.72231603738653,2023-11-10,05:35:28,clear,rural,night_unlit,low,truck,119.9,46,fatal
ACC03308,18.641718826695914,84.73207658858892,2022-11-25,14:17:07,cloudy,highway,daylight,low,car,138.9,87,moderate
ACC03309,22.38155094389777,80.06061780240749,2026-01-22,07:07:55,cloudy,urban,daylight,heavy,motorcycle,52.7,31,severe
ACC03310,23.735852760478988,74.71125087371486,2026-06-17,10:34:30,clear,rural,night_lit,low,truck,108.0,75,minor
ACC03311,17.861954478551844,81.41217554613073,2023-04-20,19:01:31,rain,rural,dusk_dawn,moderate,car,121.0,73,severe
ACC03312,23.940509003765563,85.34878218740297,2022-09-17,21:05:59,cloudy,rural,night_unlit,moderate,auto,51.9,69,moderate
ACC03313,13.986400206570853,86.91862501832532,2022-09-08,19:31:47,cloudy,urban,dusk_dawn,heavy,truck,31.6,31,minor
ACC03314,17.309002004123275,85.2049660719056,2024-09-09,00:53:18,cloudy,highway,night_unlit,heavy,bus,87.8,78,moderate
ACC03315,23.46293081209448,75.02349770180102,2023-05-25,15:42:37,clear,highway,daylight,heavy,car,136.9,92,moderate
ACC03316,22.010924644166003,83.4012138295893,2024-10-20,08:00:17,clear,highway,night_lit,moderate,motorcycle,81.9,93,severe
ACC03317,25.39536343778648,86.0824791597735,2025-05-31,11:06:31,clear,urban,night_unlit,moderate,car,71.8,43,severe
ACC03318,12.749712362674481,82.8962714660316,2022-01-10,12:25:48,fog,urban,night_lit,heavy,auto,73.3,50,fatal
ACC03319,14.790267485168776,82.97203265485145,2025-11-12,21:25:56,rain,urban,night_unlit,low,car,66.8,49,severe
ACC03320,12.775913316351463,80.00259658001725,2022-02-17,16:02:57,cloudy,urban,night_unlit,low,truck,77.1,60,fatal
ACC03321,15.073827587987381,82.19161955400808,2022-07-07,09:15:29,rain,rural,daylight,heavy,motorcycle,59.5,61,minor
ACC03322,12.06852497012696,76.71009150756834,2025-04-05,16:07:53,cloudy,highway,daylight,low,bus,108.2,89,moderate
ACC03323,20.067364826861862,73.42096138857192,2024-10-17,21:34:53,clear,expressway,daylight,moderate,auto,79.3,96,fatal
ACC03324,20.453030329092087,85.24343847592641,2026-05-26,05:39:32,clear,rural,night_unlit,low,truck,120.6,71,fatal
ACC03325,22.526268502495917,87.09030891826426,2024-07-20,19:23:02,cloudy,highway,dusk_dawn,low,car,61.7,62,severe
ACC03326,18.158599155216695,85.7091573660311,2023-11-16,08:34:07,clear,urban,night_lit,heavy,truck,72.5,60,moderate
ACC03327,12.051323050962944,77.34261686049285,2025-01-03,07:12:39,heavy_rain,expressway,dusk_dawn,low,motorcycle,88.0,85,moderate
ACC03328,22.782258470522194,73.49648242092685,2025-06-05,20:51:49,clear,expressway,night_lit,moderate,truck,95.3,96,severe
ACC03329,12.868657403966601,76.48221420210251,2025-01-06,00:00:54,cloudy,urban,night_lit,low,car,48.1,41,moderate
ACC03330,25.858726893083904,85.4853660129584,2023-09-01,18:30:14,cloudy,highway,dusk_dawn,moderate,truck,75.5,72,minor
ACC03331,12.362463803326998,82.49303212213145,2026-04-25,06:19:53,rain,expressway,night_lit,heavy,motorcycle,101.3,80,moderate
ACC03332,20.48760197210612,87.467107905647,2023-05-11,16:27:49,fog,urban,night_unlit,moderate,truck,70.5,43,severe
ACC03333,26.31868611816833,77.48289629499365,2023-07-24,16:30:29,cloudy,urban,daylight,moderate,motorcycle,63.9,39,severe
ACC03334,21.159833212620484,80.82355392466627,2023-04-02,19:38:22,clear,highway,dusk_dawn,moderate,motorcycle,134.4,71,minor
ACC03335,21.734667944702878,84.64061154621164,2023-05-08,19:55:28,rain,rural,dusk_dawn,low,car,106.5,60,severe
ACC03336,22.90577357339849,75.743871083709,2022-12-16,17:33:40,clear,urban,night_lit,moderate,car,49.6,47,moderate
ACC03337,13.958541563687472,87.42543959455465,2024-08-12,11:13:48,clear,urban,daylight,heavy,auto,44.6,48,moderate
ACC03338,22.798833612968952,81.47836275986904,2025-04-11,08:31:10,rain,rural,night_unlit,heavy,truck,62.6,49,fatal
ACC03339,26.085678112205045,72.12636101311445,2023-12-07,16:30:20,clear,urban,night_lit,low,car,61.8,56,fatal
ACC03340,27.587533325365065,72.4024524100482,2026-02-24,14:51:07,clear,urban,night_lit,heavy,motorcycle,24.3,40,severe
ACC03341,19.088831989733553,86.11545626242552,2024-02-17,06:33:56,cloudy,urban,dusk_dawn,heavy,truck,60.6,52,severe
ACC03342,17.51207762684075,82.32450444417724,2024-02-06,22:52:24,cloudy,urban,night_unlit,heavy,motorcycle,45.2,33,fatal
ACC03343,24.052953849541073,84.2091603050218,2022-04-24,10:38:15,heavy_rain,expressway,night_lit,heavy,motorcycle,125.1,93,minor
ACC03344,20.685988609525033,84.54425601531052,2026-01-23,00:34:12,clear,urban,night_lit,heavy,truck,42.9,58,moderate
ACC03345,16.11687447128049,78.72735642001243,2022-09-01,20:19:04,cloudy,highway,night_unlit,low,car,93.0,89,moderate
ACC03346,14.754526159515247,84.77777993827684,2022-09-27,15:15:28,rain,highway,night_lit,moderate,motorcycle,93.6,85,minor
ACC03347,14.723684809483899,87.00051911700061,2026-03-16,17:05:46,rain,urban,daylight,heavy,motorcycle,48.2,33,moderate
ACC03348,19.346832585698433,74.75473772431394,2024-05-03,07:32:19,clear,highway,dusk_dawn,moderate,motorcycle,129.4,80,moderate
ACC03349,14.721990489850402,84.22618239267233,2022-04-23,12:55:24,cloudy,urban,night_lit,moderate,car,76.1,49,moderate
ACC03350,12.315503104183772,76.92467212184904,2023-12-27,16:00:38,cloudy,urban,night_lit,moderate,car,78.7,34,moderate
ACC03351,12.83342039951504,77.14388804886167,2024-08-27,09:57:21,clear,urban,night_unlit,low,auto,78.6,59,fatal
ACC03352,26.87815270324745,78.60407761658217,2022-01-17,17:51:44,clear,highway,dusk_dawn,heavy,bus,105.7,67,moderate
ACC03353,13.167381458562172,85.81951231852936,2025-05-24,09:26:19,rain,urban,night_unlit,moderate,bus,58.8,56,moderate
ACC03354,13.170891049295353,72.35289707696079,2025-01-02,08:18:26,clear,highway,daylight,moderate,truck,93.4,65,moderate
ACC03355,19.21901512853652,78.94281930896422,2022-01-20,01:34:58,clear,urban,night_unlit,low,car,68.5,49,moderate
ACC03356,15.921604517360521,82.88076239310833,2024-10-12,09:51:50,cloudy,highway,daylight,heavy,motorcycle,82.1,81,moderate
ACC03357,27.403101634759963,73.76664733252035,2023-01-01,09:01:34,clear,expressway,daylight,low,motorcycle,135.1,86,minor
ACC03358,26.57577343196487,84.67605755227866,2025-04-20,18:26:23,clear,urban,dusk_dawn,heavy,car,30.0,42,severe
ACC03359,18.475891978740272,87.07044156635764,2023-09-12,15:02:59,cloudy,rural,daylight,low,car,41.2,57,severe
ACC03360,19.17970431066015,73.45495713723166,2022-11-28,08:38:27,heavy_rain,rural,night_lit,heavy,car,95.8,78,minor
ACC03361,18.001818449209125,74.44717020529404,2024-04-12,15:04:20,rain,rural,night_unlit,moderate,car,41.5,55,moderate
ACC03362,12.605857866290052,87.58555559913924,2023-12-29,08:18:35,clear,rural,night_lit,heavy,car,42.1,49,severe
ACC03363,16.68554942807534,75.16569025257186,2023-07-15,12:44:24,clear,highway,daylight,moderate,truck,99.0,100,moderate
ACC03364,13.962775513791746,73.26303481125127,2025-12-13,20:45:53,storm,highway,night_lit,low,auto,86.1,88,severe
ACC03365,13.637925280241964,87.2350805823344,2024-12-01,17:13:12,rain,rural,night_lit,low,motorcycle,36.0,65,moderate
ACC03366,20.973785166982204,86.28196335695151,2024-03-11,16:30:03,rain,urban,night_lit,heavy,car,51.7,33,moderate
ACC03367,13.580237723416996,82.4916075637301,2023-01-07,09:11:25,clear,urban,daylight,moderate,car,38.7,59,moderate
ACC03368,13.646901180724218,80.82289483660085,2024-07-22,07:35:56,clear,urban,night_lit,moderate,truck,30.3,40,fatal
ACC03369,19.688219437109577,86.70772314084432,2022-02-11,18:00:03,clear,highway,daylight,low,car,131.9,66,minor
ACC03370,19.07651784196222,82.48832120178277,2025-12-23,15:48:48,rain,highway,daylight,heavy,truck,114.4,98,severe
ACC03371,14.20215656211791,82.53434654904112,2022-01-03,16:01:00,heavy_rain,urban,daylight,moderate,car,62.2,33,moderate
ACC03372,12.071184396941808,85.49896902723125,2025-02-21,22:36:33,clear,urban,night_unlit,moderate,truck,20.5,44,moderate
ACC03373,15.087591068285501,82.45193083667874,2023-07-22,11:24:27,rain,rural,daylight,moderate,truck,41.8,40,severe
ACC03374,15.774276066912652,80.05883019260284,2025-03-26,18:13:09,heavy_rain,urban,dusk_dawn,moderate,car,71.9,31,minor
ACC03375,24.803975097741883,78.23554396637516,2023-08-17,15:32:44,heavy_rain,highway,night_lit,moderate,auto,130.8,71,fatal
ACC03376,26.64701360843544,80.05014228465986,2022-02-12,09:08:10,cloudy,highway,daylight,low,motorcycle,84.0,99,moderate
ACC03377,18.495110359807516,80.35965838539511,2026-04-07,05:34:26,clear,urban,night_lit,heavy,car,79.5,54,moderate
ACC03378,18.480427624015647,77.77331009789202,2025-06-11,16:38:33,fog,urban,night_unlit,moderate,motorcycle,39.2,43,moderate
ACC03379,23.399700540157866,79.16989454368553,2022-03-15,10:27:31,clear,rural,night_unlit,moderate,motorcycle,45.1,61,severe
ACC03380,22.030752251275025,84.82995092581633,2022-02-23,17:21:01,clear,urban,night_unlit,moderate,bus,28.0,39,severe
ACC03381,14.946242987094546,78.66421389881421,2024-05-20,17:27:26,clear,rural,night_lit,moderate,car,33.2,46,moderate
ACC03382,13.723025956733782,72.40895626616687,2026-04-20,13:57:39,cloudy,urban,daylight,moderate,bus,67.4,37,severe
ACC03383,19.001790250480813,76.52830914838158,2024-08-06,15:45:31,clear,highway,daylight,moderate,truck,138.2,92,moderate
ACC03384,21.037253810604206,75.70786982546717,2022-01-18,16:00:43,cloudy,urban,dusk_dawn,heavy,truck,68.0,45,moderate
ACC03385,14.219321650540948,84.69731218931149,2025-02-22,13:17:46,fog,highway,night_unlit,low,car,129.8,66,severe
ACC03386,16.69237589453511,79.18868893554894,2023-12-04,20:01:10,cloudy,highway,night_unlit,heavy,car,110.9,62,severe
ACC03387,16.895087942889198,76.48496868856213,2024-11-14,06:14:48,fog,urban,dusk_dawn,heavy,bus,66.9,32,minor
ACC03388,16.180771216386624,84.971278141466,2023-07-30,22:46:53,heavy_rain,urban,night_lit,heavy,motorcycle,62.3,36,moderate
ACC03389,19.372180260668657,72.30746887290579,2022-01-14,03:51:50,rain,highway,night_unlit,low,auto,138.0,95,severe
ACC03390,22.449017349115817,74.78801348369949,2022-01-31,08:27:51,cloudy,rural,daylight,moderate,motorcycle,121.0,40,severe
ACC03391,20.15023813785588,85.2312771103328,2024-11-03,17:41:12,heavy_rain,urban,night_unlit,heavy,motorcycle,67.3,40,fatal
ACC03392,15.223304995957507,80.81042764256644,2024-11-08,06:22:39,cloudy,highway,dusk_dawn,heavy,auto,95.2,60,minor
ACC03393,13.647024752758396,84.37839639327169,2023-06-14,09:28:27,clear,rural,night_unlit,low,truck,120.9,54,fatal
ACC03394,25.149927406379206,85.41081623619324,2022-05-16,07:49:59,fog,highway,dusk_dawn,heavy,motorcycle,100.2,62,moderate
ACC03395,19.668874923484573,87.07141581741664,2025-06-23,17:16:49,cloudy,urban,daylight,heavy,truck,71.8,41,moderate
ACC03396,12.994226946142035,73.01479358885341,2022-09-06,16:19:09,heavy_rain,urban,daylight,heavy,car,22.1,30,severe
ACC03397,16.129943994392928,84.78775589277555,2022-11-06,06:08:56,clear,urban,dusk_dawn,moderate,motorcycle,79.5,38,moderate
ACC03398,24.86454045414648,83.34025837151736,2024-01-13,13:13:41,clear,rural,daylight,moderate,car,110.9,69,severe
ACC03399,24.0276211963768,75.31240961082494,2025-03-22,08:02:32,rain,urban,daylight,heavy,auto,65.9,41,moderate
ACC03400,26.013066126358044,86.90723626144197,2026-06-22,22:48:26,cloudy,highway,night_lit,moderate,auto,107.7,79,severe
ACC03401,21.63340521602707,78.46723008490227,2024-10-24,07:51:29,cloudy,urban,dusk_dawn,heavy,bus,52.7,59,moderate
ACC03402,18.76649494972888,86.20176843927686,2026-04-26,16:25:46,heavy_rain,highway,daylight,low,motorcycle,122.5,78,severe
ACC03403,18.82615996087121,81.68181927463881,2024-12-07,14:35:45,cloudy,highway,daylight,low,truck,116.1,77,moderate
ACC03404,15.1040007118871,80.4279671446553,2025-10-24,16:14:33,clear,urban,dusk_dawn,heavy,car,44.0,57,severe
ACC03405,22.412783384286108,74.55238294233567,2022-10-16,22:02:59,rain,highway,night_unlit,moderate,motorcycle,133.4,79,moderate
ACC03406,21.361100097485664,86.629241988597,2022-04-03,11:30:13,clear,urban,daylight,low,truck,79.3,58,moderate
ACC03407,14.477830582861374,80.90659051779593,2025-01-03,18:09:25,cloudy,urban,dusk_dawn,heavy,car,25.6,35,minor
ACC03408,26.170606720726,72.09747848794908,2026-05-21,13:50:35,clear,rural,dusk_dawn,heavy,car,112.3,43,moderate
ACC03409,17.895491252969553,72.29255265712453,2025-04-25,17:16:09,clear,rural,night_lit,heavy,truck,74.7,43,moderate
ACC03410,12.795820248337096,84.44212168028876,2023-07-18,11:44:29,storm,urban,daylight,moderate,truck,66.1,52,minor
ACC03411,17.246094732476543,74.59098165405423,2024-03-14,08:15:50,clear,rural,dusk_dawn,moderate,motorcycle,132.8,73,minor
ACC03412,25.91770743538521,81.57981497005032,2022-07-04,06:07:40,rain,urban,dusk_dawn,low,truck,28.1,30,minor
ACC03413,26.671305373788552,82.89731139094368,2023-07-13,07:32:42,cloudy,rural,dusk_dawn,low,bus,85.8,77,severe
ACC03414,19.846374676154134,76.46984948717595,2025-01-26,22:10:09,clear,rural,night_unlit,low,car,97.4,62,severe
ACC03415,27.30143904117469,81.1090209345826,2022-10-01,18:23:08,fog,rural,dusk_dawn,moderate,truck,131.3,59,minor
ACC03416,26.003868947391616,75.8441399358252,2024-03-01,09:17:26,clear,rural,dusk_dawn,moderate,motorcycle,111.7,77,moderate
ACC03417,25.203691473587604,87.1410468378872,2023-04-22,15:52:19,cloudy,expressway,daylight,low,motorcycle,97.6,83,moderate
ACC03418,25.755361034915296,85.76272250158667,2024-03-16,17:30:00,rain,urban,night_lit,heavy,car,53.6,33,severe
ACC03419,18.110006594701176,76.60868466395951,2025-06-08,11:43:33,rain,expressway,night_lit,heavy,motorcycle,105.5,99,severe
ACC03420,24.103503052088698,80.46103185520543,2025-12-23,13:35:45,clear,urban,dusk_dawn,low,truck,47.9,30,moderate
ACC03421,21.23742404921839,80.01012571446249,2023-11-04,17:54:43,rain,highway,dusk_dawn,heavy,motorcycle,93.2,69,moderate
ACC03422,23.514944027844905,87.36037212720119,2025-09-20,08:26:06,fog,highway,dusk_dawn,moderate,car,123.2,63,fatal
ACC03423,14.844577721292394,78.30446048294166,2025-02-27,15:51:46,cloudy,urban,daylight,moderate,car,26.5,59,minor
ACC03424,23.70230258839907,80.99564087394506,2026-02-22,08:53:22,rain,highway,dusk_dawn,moderate,truck,117.4,76,severe
ACC03425,27.321478947106748,86.859305518199,2025-04-30,00:55:09,clear,highway,night_lit,heavy,motorcycle,136.4,72,severe
ACC03426,16.84261315810287,74.60497681882492,2024-06-23,17:41:28,clear,urban,night_lit,low,car,30.7,39,severe
ACC03427,27.778581183290033,80.8077696524534,2025-01-11,17:58:13,cloudy,urban,dusk_dawn,moderate,auto,41.7,34,fatal
ACC03428,18.054016236885936,73.69076672578927,2023-06-06,23:44:40,clear,highway,night_unlit,low,car,137.4,76,severe
ACC03429,15.195575952336526,81.87998290909601,2025-01-10,08:18:44,rain,urban,daylight,low,truck,39.5,33,moderate
ACC03430,13.796579676803814,77.85093125419208,2025-03-09,18:09:43,clear,urban,dusk_dawn,moderate,car,34.1,31,minor
ACC03431,24.559390612610844,87.48217717087361,2024-09-29,21:12:06,clear,rural,night_unlit,low,car,51.7,50,minor
ACC03432,20.877206406025095,78.64654689837641,2022-06-19,16:34:20,cloudy,urban,daylight,heavy,car,49.2,33,severe
ACC03433,16.914100698592463,74.17900220066731,2024-05-01,22:09:29,clear,highway,night_lit,moderate,bus,104.8,91,severe
ACC03434,21.735205916700124,85.34399937485446,2025-03-13,23:14:59,cloudy,expressway,night_lit,low,truck,63.1,95,moderate
ACC03435,17.313619005456076,85.13386706276663,2022-11-21,18:37:32,cloudy,rural,dusk_dawn,heavy,car,93.0,64,moderate
ACC03436,19.17372411725534,83.11775391268455,2025-07-16,23:19:39,clear,urban,dusk_dawn,moderate,truck,55.7,31,minor
ACC03437,25.80262601204946,83.98098883014765,2025-10-15,16:40:20,clear,highway,daylight,heavy,truck,106.9,60,moderate
ACC03438,22.690663629746638,76.23544348303051,2024-06-03,14:59:17,clear,urban,daylight,low,motorcycle,62.9,48,minor
ACC03439,24.198429435275465,82.2728560067645,2026-05-03,21:05:47,cloudy,rural,night_unlit,low,motorcycle,54.9,42,fatal
ACC03440,21.33589682351322,72.6083179392863,2025-11-09,19:38:50,clear,rural,dusk_dawn,heavy,motorcycle,39.4,42,minor
ACC03441,27.862368782169938,75.15024230224056,2024-02-05,07:49:03,rain,rural,dusk_dawn,heavy,car,85.4,54,minor
ACC03442,15.862561060654283,86.91647116084938,2025-12-23,10:08:32,cloudy,expressway,night_unlit,moderate,truck,111.9,94,severe
ACC03443,16.196658571501036,83.82776475332254,2026-03-13,09:46:46,clear,rural,night_lit,moderate,truck,126.1,61,minor
ACC03444,13.480943019813326,75.69076065582813,2022-06-27,19:30:09,clear,highway,dusk_dawn,heavy,truck,65.4,68,moderate
ACC03445,20.86431203313137,73.78212943230861,2026-06-27,09:37:38,clear,highway,daylight,low,truck,74.5,97,minor
ACC03446,21.813747782533888,87.18271111789602,2022-01-09,10:03:28,clear,highway,night_unlit,heavy,truck,129.4,85,severe
ACC03447,23.615385166381117,73.79500265696213,2024-03-09,14:26:30,clear,highway,night_lit,low,truck,94.6,80,minor
ACC03448,17.367134815188177,76.11312076875598,2026-03-21,06:22:35,fog,highway,daylight,low,auto,133.9,99,severe
ACC03449,12.196108829840435,74.92214388799131,2025-04-04,22:09:52,clear,urban,night_lit,low,motorcycle,39.4,38,minor
ACC03450,22.11567259341312,72.11942112658829,2023-03-15,14:45:05,clear,rural,daylight,moderate,truck,109.7,40,minor
ACC03451,27.979127880326125,77.0261563855687,2024-11-23,08:30:12,rain,highway,night_unlit,heavy,truck,85.8,76,severe
ACC03452,16.712789660639878,87.5868619455802,2022-12-19,09:52:20,fog,rural,daylight,moderate,car,98.1,43,fatal
ACC03453,14.942951239504316,77.47045289294971,2023-01-25,18:09:48,cloudy,expressway,night_lit,low,motorcycle,138.4,92,moderate
ACC03454,16.50827132522165,80.06887807148438,2026-02-05,16:43:35,cloudy,highway,night_unlit,low,truck,113.9,62,severe
ACC03455,18.806647596432754,83.9349725427485,2022-03-19,13:36:11,clear,highway,dusk_dawn,low,car,119.9,98,moderate
ACC03456,16.014606863241035,80.81728163326746,2026-04-29,10:39:01,rain,urban,night_unlit,moderate,motorcycle,59.0,59,severe
ACC03457,17.55136040588048,83.8974641185969,2024-01-15,20:18:59,cloudy,rural,night_lit,moderate,car,38.0,45,moderate
ACC03458,22.2113078172698,82.58617389104825,2022-04-17,18:41:08,cloudy,rural,dusk_dawn,low,car,47.0,78,moderate
ACC03459,17.520447789481835,81.73700836798423,2025-07-16,17:14:01,clear,highway,daylight,heavy,motorcycle,108.0,60,minor
ACC03460,18.336943116538475,82.39438251538792,2022-03-21,13:45:24,cloudy,urban,daylight,moderate,car,56.5,34,moderate
ACC03461,12.640500204788223,84.78662979325202,2023-06-18,22:26:33,rain,rural,night_unlit,heavy,truck,39.5,50,minor
ACC03462,26.687080025965916,83.36306231681766,2023-01-31,17:28:15,clear,highway,night_lit,moderate,motorcycle,103.5,92,minor
ACC03463,18.51017535863766,84.66839873128306,2025-07-12,12:34:10,cloudy,urban,night_lit,moderate,car,62.2,35,severe
ACC03464,17.25029625655671,74.3295622125365,2023-10-14,22:05:05,clear,urban,night_lit,low,car,77.4,35,moderate
ACC03465,13.383747139926152,82.84277972336865,2024-12-11,20:22:24,rain,highway,night_lit,heavy,car,118.2,70,minor
ACC03466,22.146931446322938,83.79235059720853,2022-04-29,18:12:57,clear,expressway,daylight,low,motorcycle,76.0,83,moderate
ACC03467,25.82119920422008,76.79946291994935,2025-02-16,18:57:08,heavy_rain,highway,dusk_dawn,moderate,truck,99.0,91,fatal
ACC03468,12.658451200838405,85.99323724549252,2025-03-13,12:25:34,cloudy,rural,daylight,moderate,motorcycle,53.0,66,moderate
ACC03469,14.324359477856568,76.8753856528432,2023-04-15,14:00:11,cloudy,rural,daylight,moderate,car,63.5,77,moderate
ACC03470,14.342237262179317,75.90131391002396,2025-12-18,08:01:40,clear,highway,night_unlit,moderate,motorcycle,136.0,63,fatal
ACC03471,21.63639768556469,85.87354904768819,2024-02-11,16:54:03,cloudy,rural,night_unlit,heavy,auto,38.7,54,moderate
ACC03472,26.7396880434939,75.95231740986283,2024-12-31,11:09:12,clear,highway,dusk_dawn,low,bus,131.6,72,severe
ACC03473,19.004293873048155,78.64803939890881,2022-10-26,11:00:00,clear,highway,daylight,heavy,truck,134.5,63,minor
ACC03474,17.500903171101612,77.8867652805891,2026-03-12,21:12:38,clear,highway,night_lit,heavy,car,124.1,84,severe
ACC03475,24.25345096954706,86.36898916093236,2023-02-09,08:13:43,clear,rural,dusk_dawn,low,car,35.3,46,moderate
ACC03476,23.88110498809042,79.28377181260743,2024-10-25,19:04:10,rain,expressway,dusk_dawn,low,motorcycle,122.8,91,minor
ACC03477,15.948098228435354,83.10894293273945,2022-05-28,09:59:27,clear,highway,night_unlit,heavy,motorcycle,134.1,76,moderate
ACC03478,14.573221796926177,84.70462247430126,2022-03-15,03:03:17,rain,urban,night_lit,moderate,truck,74.1,40,severe
ACC03479,17.7249605186457,82.04645729195482,2022-07-28,04:43:02,heavy_rain,expressway,night_lit,moderate,car,121.2,87,minor
ACC03480,24.4096542756261,87.09911197319863,2026-03-29,12:50:02,rain,urban,dusk_dawn,moderate,bus,70.2,38,moderate
ACC03481,23.121014238639653,84.84012046809613,2022-12-12,13:38:56,clear,highway,night_unlit,moderate,truck,67.3,69,minor
ACC03482,22.653659301699285,78.40330604279781,2025-12-15,10:07:38,cloudy,urban,night_lit,heavy,auto,62.6,59,moderate
ACC03483,25.270856962611262,87.21298949212293,2024-08-10,17:43:39,rain,urban,daylight,heavy,bus,36.9,57,minor
ACC03484,16.4340849974623,80.39319733234134,2022-05-26,14:19:17,clear,highway,night_lit,moderate,motorcycle,106.1,86,moderate
ACC03485,17.434939607512163,72.36123716711833,2023-12-26,06:24:15,clear,urban,dusk_dawn,low,truck,28.8,32,moderate
ACC03486,12.677431209746816,76.16021247444635,2024-02-26,11:15:47,clear,rural,night_lit,moderate,truck,40.2,64,severe
ACC03487,25.899932412856536,81.94767339259627,2023-03-15,07:47:26,cloudy,urban,dusk_dawn,moderate,car,61.7,58,minor
ACC03488,21.31887575875485,74.50903843719098,2024-09-18,05:34:06,clear,urban,dusk_dawn,moderate,car,55.3,60,minor
ACC03489,16.769956670139095,81.34508871829127,2025-11-14,08:09:29,clear,rural,night_lit,moderate,car,133.1,53,moderate
ACC03490,13.110664503189849,77.78556835692048,2025-12-22,17:24:31,cloudy,urban,daylight,heavy,motorcycle,54.0,58,severe
ACC03491,23.574552050599355,80.55016768093239,2024-05-12,17:47:34,cloudy,rural,dusk_dawn,low,motorcycle,52.4,70,moderate
ACC03492,23.979800312784977,72.02999756597205,2026-01-07,19:56:32,clear,highway,dusk_dawn,low,car,63.1,60,minor
ACC03493,22.65885843384036,85.57474167469917,2026-02-24,18:56:51,fog,urban,dusk_dawn,heavy,motorcycle,62.5,58,minor
ACC03494,15.260495535147673,77.79080780440846,2022-05-25,15:08:14,clear,urban,daylight,moderate,motorcycle,57.7,54,minor
ACC03495,26.611456936137678,74.24253494844724,2024-11-08,10:51:35,clear,urban,daylight,low,truck,33.8,38,minor
ACC03496,24.050528304334023,79.00665371208127,2025-06-23,00:33:53,clear,urban,night_unlit,heavy,car,74.8,50,moderate
ACC03497,22.524101177343525,79.77883669582134,2022-01-26,16:44:58,clear,urban,daylight,moderate,truck,72.8,37,moderate
ACC03498,22.4151027747486,82.19844336793902,2024-09-17,09:23:57,cloudy,urban,daylight,moderate,auto,27.6,48,severe
ACC03499,26.46972320146626,80.39299904563647,2026-02-08,09:39:43,clear,urban,daylight,heavy,motorcycle,55.7,30,severe
ACC03500,26.85291412955398,72.696377313073,2023-03-17,22:15:06,heavy_rain,rural,daylight,moderate,motorcycle,88.6,79,minor
ACC03501,21.53019868816384,85.94419715324423,2025-11-08,08:31:59,heavy_rain,urban,dusk_dawn,moderate,car,74.6,60,minor
ACC03502,18.666710575400774,79.30414290859139,2026-03-14,03:13:01,clear,rural,night_lit,low,truck,21.0,78,moderate
ACC03503,17.819743672950658,73.23180436052814,2024-11-09,21:23:33,rain,rural,night_lit,moderate,bus,115.3,55,moderate
ACC03504,25.10526145729156,84.36525178446696,2024-10-30,10:24:26,cloudy,rural,daylight,moderate,car,83.4,65,moderate
ACC03505,22.313685437349335,82.56247070052909,2024-05-28,12:51:40,rain,highway,daylight,heavy,truck,74.2,90,severe
ACC03506,13.236256484058458,82.39100436430755,2023-11-03,06:37:46,clear,rural,dusk_dawn,moderate,car,72.7,58,minor
ACC03507,14.274976208240435,78.83062402776898,2024-01-14,12:38:44,cloudy,highway,dusk_dawn,low,truck,114.3,63,minor
ACC03508,26.40297432167754,78.56795300193582,2024-05-07,22:17:13,clear,urban,night_unlit,moderate,motorcycle,60.0,30,severe
ACC03509,26.151970369672014,80.58141818219748,2024-03-02,17:26:45,clear,expressway,night_lit,low,motorcycle,133.8,100,moderate
ACC03510,27.229319179159504,72.80951060638566,2025-09-18,13:28:45,heavy_rain,highway,daylight,heavy,auto,61.2,64,moderate
ACC03511,18.84561547725318,76.78332422748673,2025-06-17,10:47:01,clear,highway,daylight,heavy,motorcycle,120.5,71,minor
ACC03512,24.544974522251316,87.80630677699797,2023-07-25,11:11:38,cloudy,highway,dusk_dawn,moderate,car,96.6,83,fatal
ACC03513,25.251600437029147,82.59507982604921,2024-04-22,16:03:07,clear,expressway,daylight,moderate,truck,125.8,92,moderate
ACC03514,17.05115049341109,78.70294664667715,2022-12-20,09:30:33,heavy_rain,urban,daylight,low,car,51.4,39,moderate
ACC03515,14.325403379634276,75.55780964704725,2022-10-17,07:48:13,clear,rural,dusk_dawn,moderate,bus,96.9,67,minor
ACC03516,27.952421786226765,83.92334979040373,2023-08-29,17:44:21,clear,highway,dusk_dawn,low,car,110.7,94,severe
ACC03517,12.483507260021598,76.16464495529907,2022-04-06,19:48:16,cloudy,highway,dusk_dawn,moderate,motorcycle,107.0,89,moderate
ACC03518,21.55737469938309,74.59792166154072,2025-11-04,20:23:51,clear,highway,night_unlit,low,motorcycle,94.1,73,moderate
ACC03519,22.403396386907342,74.47223840374859,2022-07-27,19:13:54,clear,rural,dusk_dawn,moderate,motorcycle,76.4,51,minor
ACC03520,22.908629471514374,83.66821246663572,2023-06-21,15:39:47,rain,highway,night_unlit,low,motorcycle,87.9,85,minor
ACC03521,16.090043903505435,82.28496406861947,2023-02-17,18:02:43,fog,expressway,dusk_dawn,low,motorcycle,100.2,98,moderate
ACC03522,23.54526790878161,73.1168975899397,2022-12-06,21:53:21,rain,urban,night_lit,moderate,truck,74.8,33,moderate
ACC03523,15.462393012500248,73.84068504579524,2023-08-27,02:42:08,clear,expressway,night_lit,heavy,car,113.8,83,minor
ACC03524,25.26461209202692,82.14154987765724,2025-03-27,12:30:34,clear,urban,night_lit,low,truck,66.3,52,moderate
ACC03525,15.505866785354153,81.13785762995454,2026-01-05,08:11:25,rain,urban,night_lit,moderate,car,59.4,49,moderate
ACC03526,23.147296465217238,82.97598496594901,2022-11-06,23:15:16,clear,highway,night_lit,heavy,truck,90.3,93,minor
ACC03527,24.534615773343614,74.84862253381219,2023-01-28,21:59:14,rain,urban,night_lit,moderate,truck,45.9,32,minor
ACC03528,15.02313200739502,83.62540649947468,2024-02-11,18:00:09,cloudy,urban,night_unlit,moderate,truck,66.6,48,fatal
ACC03529,15.807783802121644,86.97754347728879,2023-06-09,10:00:49,heavy_rain,highway,dusk_dawn,low,car,99.0,79,minor
ACC03530,24.46565981974987,81.61680503256706,2025-08-06,21:20:19,clear,expressway,night_lit,low,truck,107.7,86,minor
ACC03531,13.375983546159246,75.13808031428454,2023-01-02,03:13:55,fog,highway,night_lit,low,truck,60.2,90,moderate
ACC03532,15.052175239466626,82.8727016845457,2023-10-23,08:40:40,cloudy,highway,daylight,heavy,auto,77.1,78,severe
ACC03533,19.28849449903864,77.48930693673702,2024-06-15,16:02:09,rain,urban,night_unlit,low,car,72.3,32,severe
ACC03534,26.88291085991633,72.78860394217155,2023-09-19,18:47:03,clear,urban,dusk_dawn,low,truck,29.9,50,minor
ACC03535,20.990045358288167,76.83741912563997,2024-10-10,20:46:24,cloudy,highway,night_unlit,low,motorcycle,74.8,77,moderate
ACC03536,18.202845571331608,86.48936163120212,2025-08-05,10:13:04,clear,expressway,night_lit,heavy,auto,129.9,92,moderate
ACC03537,27.653923555559626,78.5782291228156,2024-05-23,12:34:57,clear,highway,night_lit,moderate,motorcycle,132.0,91,moderate
ACC03538,19.419380899540617,85.83464540849748,2024-01-21,13:40:54,cloudy,urban,dusk_dawn,heavy,car,61.8,48,minor
ACC03539,18.939759578999713,80.13854949636466,2026-04-12,02:50:39,clear,highway,night_unlit,moderate,bus,74.4,92,minor
ACC03540,18.586309070203576,80.2716478233536,2026-06-01,19:43:17,fog,highway,dusk_dawn,heavy,car,115.8,69,moderate
ACC03541,16.99488116170874,72.08346113703831,2026-06-23,10:57:52,rain,urban,night_lit,heavy,truck,61.9,31,minor
ACC03542,17.21111695580135,82.19366517262355,2022-01-28,08:06:38,rain,rural,night_lit,moderate,car,118.5,56,moderate
ACC03543,23.00539295887197,73.72502152048672,2025-10-07,12:36:21,cloudy,urban,daylight,heavy,auto,28.8,56,minor
ACC03544,12.653369557470098,79.65997463491287,2026-01-15,17:46:52,clear,highway,daylight,heavy,motorcycle,93.3,64,severe
ACC03545,22.909067610341104,76.16506969052958,2025-08-15,19:13:12,clear,highway,dusk_dawn,low,car,103.9,67,moderate
ACC03546,15.219271970013965,78.27812745326904,2025-05-15,08:13:34,clear,expressway,daylight,moderate,truck,92.8,100,minor
ACC03547,18.147328051271884,80.59323769066881,2023-08-25,08:05:41,cloudy,highway,night_lit,moderate,car,97.5,97,moderate
ACC03548,14.344623560965312,72.23142583363156,2025-04-07,21:59:54,rain,urban,daylight,heavy,car,70.9,32,severe
ACC03549,20.844016705159518,76.55333733234596,2024-08-10,15:51:08,clear,highway,dusk_dawn,moderate,truck,115.2,62,minor
ACC03550,23.669607119234236,87.83379094866984,2025-09-27,11:07:17,clear,highway,night_unlit,moderate,car,83.2,93,moderate
ACC03551,17.674489216901833,72.91838601312895,2023-08-01,08:14:50,clear,highway,dusk_dawn,low,car,61.7,76,severe
ACC03552,14.614665240644207,77.1102958105179,2025-05-04,23:27:29,cloudy,highway,night_lit,heavy,motorcycle,100.2,95,moderate
ACC03553,15.624089310898809,77.14274359943437,2025-07-11,17:53:45,clear,urban,daylight,low,car,71.9,57,moderate
ACC03554,25.089806696409163,78.0701747349242,2025-10-01,08:49:46,cloudy,urban,daylight,moderate,auto,28.1,51,moderate
ACC03555,16.28237976095764,82.95649469507752,2022-10-10,06:52:18,clear,rural,dusk_dawn,low,truck,60.7,44,moderate
ACC03556,24.395241488179636,75.96390077892744,2025-11-19,08:49:19,clear,highway,night_unlit,heavy,bus,67.8,87,minor
ACC03557,17.29919050889938,79.36430950617685,2022-12-22,09:37:29,rain,urban,night_lit,heavy,truck,63.9,30,minor
ACC03558,15.0197208694874,82.31781706963919,2026-03-19,07:17:01,storm,urban,dusk_dawn,low,bus,34.1,40,moderate
ACC03559,23.636936954038894,77.15715293325742,2022-03-05,09:36:47,clear,highway,daylight,heavy,car,136.6,89,severe
ACC03560,19.496720471603307,87.18036128805207,2023-01-03,07:29:06,clear,highway,dusk_dawn,heavy,truck,87.4,81,minor
ACC03561,12.500436020396902,87.6747621590829,2024-09-26,11:57:56,clear,highway,night_lit,low,bus,61.7,77,minor
ACC03562,27.359078709510378,73.91477708300017,2024-06-11,14:26:46,rain,highway,daylight,moderate,truck,98.4,63,minor
ACC03563,14.364055121153719,77.50111815041296,2025-02-04,13:45:21,cloudy,urban,dusk_dawn,low,auto,33.9,38,minor
ACC03564,17.654511623249462,75.3275531169036,2023-10-25,19:10:04,cloudy,highway,dusk_dawn,low,bus,85.7,72,moderate
ACC03565,18.15671415993132,74.98863352891384,2022-01-06,09:40:47,cloudy,urban,daylight,heavy,car,27.6,58,severe
ACC03566,19.830878388134614,79.85567741341248,2024-10-11,20:27:26,fog,urban,night_lit,low,motorcycle,61.2,56,minor
ACC03567,24.56710435734673,81.02123373015806,2024-04-18,20:26:11,clear,urban,night_unlit,moderate,car,74.5,41,fatal
ACC03568,12.097444474802028,78.81043264956159,2024-04-15,22:45:25,clear,highway,daylight,low,bus,114.9,100,moderate
ACC03569,26.919552821377195,76.36087796955778,2023-09-11,08:29:54,clear,urban,night_unlit,low,auto,54.5,47,severe
ACC03570,22.33583136324818,76.45794518805823,2026-01-02,09:03:41,cloudy,urban,night_unlit,moderate,motorcycle,35.5,36,minor
ACC03571,27.21038206638297,87.87405050145169,2025-07-25,16:23:41,clear,expressway,night_unlit,moderate,car,116.5,81,severe
ACC03572,25.078232598663774,86.77883798384401,2022-10-25,07:57:30,heavy_rain,highway,dusk_dawn,heavy,car,115.9,77,moderate
ACC03573,26.845411489331468,73.21438145582971,2022-03-05,06:56:09,rain,highway,dusk_dawn,low,car,91.3,75,minor
ACC03574,21.616008814970847,82.50481043193801,2022-10-25,06:36:56,fog,rural,dusk_dawn,moderate,motorcycle,42.2,49,moderate
ACC03575,17.7169437260348,79.3100417197575,2022-03-21,16:38:44,fog,highway,night_unlit,heavy,auto,128.6,100,severe
ACC03576,19.08662500981766,83.0210255551866,2025-03-10,18:15:30,cloudy,highway,daylight,moderate,car,63.8,60,moderate
ACC03577,22.52851696614581,81.55137128864885,2024-10-15,09:46:43,heavy_rain,rural,daylight,moderate,truck,35.0,49,severe
ACC03578,18.83090975626138,86.22803840131868,2024-01-31,21:35:21,rain,urban,daylight,low,truck,31.4,35,minor
ACC03579,23.706764535484627,73.0718130286212,2024-08-29,18:02:44,clear,urban,dusk_dawn,heavy,truck,30.0,38,severe
ACC03580,13.469568257280473,77.59356659292328,2025-08-20,06:56:58,rain,highway,dusk_dawn,moderate,car,97.6,85,minor
ACC03581,25.27978638375822,87.76790601240936,2025-09-26,12:51:20,fog,highway,night_unlit,heavy,car,135.8,84,fatal
ACC03582,15.267018234272067,74.91656558384987,2023-12-15,06:04:00,rain,highway,daylight,low,car,93.5,88,moderate
ACC03583,27.10316175239556,74.03733503210636,2024-08-30,20:25:44,rain,rural,night_lit,low,car,33.1,54,moderate
ACC03584,14.488732798996287,83.66355209600921,2024-08-05,18:44:51,clear,urban,dusk_dawn,moderate,car,32.3,44,severe
ACC03585,14.066627137638365,84.43896256027942,2026-04-08,17:44:49,rain,urban,daylight,moderate,motorcycle,53.2,30,moderate
ACC03586,24.990017769398285,82.75637676279456,2025-06-04,17:10:58,clear,expressway,night_lit,low,truck,138.6,82,minor
ACC03587,25.09922924324823,84.4191332601588,2023-06-01,09:02:20,cloudy,expressway,daylight,low,car,116.9,95,moderate
ACC03588,23.820150718099956,83.09954515349075,2025-12-27,21:59:55,rain,highway,daylight,low,motorcycle,92.7,60,minor
ACC03589,27.368487422475276,74.17233091662683,2023-10-16,21:53:12,cloudy,urban,night_unlit,low,motorcycle,79.7,54,fatal
ACC03590,16.328634058966657,81.73155035965611,2025-05-29,18:44:35,clear,urban,night_unlit,low,car,76.1,53,fatal
ACC03591,25.226379823844603,84.43002692095251,2026-05-25,13:39:53,rain,rural,daylight,heavy,car,35.6,46,minor
ACC03592,17.632648480694733,85.84826570119148,2025-08-21,05:41:54,clear,expressway,daylight,heavy,car,114.6,82,moderate
ACC03593,20.598378009109453,75.93976388293932,2022-06-26,03:27:37,clear,rural,night_unlit,moderate,motorcycle,114.8,67,moderate
ACC03594,19.12960047522126,74.03889217501661,2022-12-04,07:41:32,clear,urban,dusk_dawn,low,motorcycle,25.6,54,moderate
ACC03595,12.093600362777716,84.49744709732127,2025-07-30,16:18:27,cloudy,highway,night_unlit,moderate,car,135.7,93,severe
ACC03596,21.191395096626522,76.10477352057065,2022-07-22,18:05:52,clear,urban,dusk_dawn,heavy,car,32.1,52,moderate
ACC03597,23.960094204223246,72.5108716531342,2022-01-19,21:18:52,clear,urban,night_unlit,heavy,car,60.9,56,minor
ACC03598,14.79283813720434,85.20341701838886,2023-02-28,08:17:14,heavy_rain,urban,night_lit,low,car,61.4,33,moderate
ACC03599,26.9064937902886,80.09585814097376,2024-03-09,09:18:08,cloudy,urban,daylight,low,truck,32.6,30,moderate
ACC03600,20.48639263069606,77.22613011885475,2022-07-30,05:28:48,heavy_rain,urban,night_lit,moderate,truck,77.4,43,moderate
ACC03601,14.851936050417496,72.18286568370479,2022-09-09,23:07:48,cloudy,urban,daylight,moderate,truck,55.2,39,minor
ACC03602,22.335161134670166,72.56523911532716,2023-07-11,18:24:05,clear,expressway,dusk_dawn,low,motorcycle,127.9,86,severe
ACC03603,15.070763336245504,84.68197232896472,2024-09-10,14:27:29,rain,highway,daylight,moderate,car,75.6,96,moderate
ACC03604,13.016533572725383,79.83529415943784,2024-06-12,15:11:30,clear,rural,daylight,low,car,38.9,80,minor
ACC03605,22.965043878707874,74.39555278874336,2025-08-03,15:27:02,fog,urban,night_unlit,low,motorcycle,51.7,54,minor
ACC03606,13.771118132887912,77.73609003598429,2026-05-30,09:40:39,clear,urban,night_unlit,heavy,truck,69.4,39,moderate
ACC03607,13.699479174022965,74.64488236060036,2022-02-24,08:24:58,rain,urban,dusk_dawn,heavy,truck,42.5,44,moderate
ACC03608,23.839097010909015,73.80610485088619,2025-02-04,10:00:12,cloudy,urban,night_lit,low,truck,62.9,38,minor
ACC03609,12.883235731329139,76.4209251307863,2022-09-26,09:42:46,rain,rural,night_unlit,heavy,truck,58.7,75,moderate
ACC03610,24.956306864767274,80.79213675939836,2023-08-15,15:34:04,clear,highway,daylight,low,truck,125.3,86,severe
ACC03611,24.738380138365244,75.36010572499563,2023-07-17,10:25:12,cloudy,expressway,night_lit,moderate,truck,78.2,93,minor
ACC03612,14.262294849244256,77.49873730055627,2025-02-24,17:01:33,clear,rural,daylight,low,auto,70.5,71,minor
ACC03613,20.294090356431504,79.64689414330336,2023-02-25,15:05:55,rain,highway,night_lit,low,car,68.0,84,fatal
ACC03614,13.546007855503078,78.72047582693043,2026-01-08,15:04:53,clear,highway,daylight,low,car,92.3,81,moderate
ACC03615,22.121139516575795,74.05804478594064,2023-09-22,21:51:56,cloudy,highway,night_unlit,moderate,motorcycle,107.4,73,severe
ACC03616,13.006880207528745,72.62185016857421,2025-08-31,10:18:59,rain,highway,daylight,heavy,motorcycle,85.0,97,moderate
ACC03617,27.111693701163958,72.56733963118302,2026-04-12,16:25:48,cloudy,highway,dusk_dawn,low,car,127.8,73,minor
ACC03618,15.323691765913306,77.60286428844587,2024-04-18,00:41:21,rain,highway,night_lit,low,truck,86.1,92,severe
ACC03619,22.92631449517832,83.50083325659716,2022-06-16,18:39:07,rain,expressway,dusk_dawn,moderate,motorcycle,69.6,88,moderate
ACC03620,14.05266279003376,74.10008477966834,2025-02-25,14:03:49,clear,urban,night_unlit,moderate,motorcycle,75.1,55,moderate
ACC03621,15.353543173228424,84.5916818618308,2023-11-27,08:55:11,rain,rural,daylight,heavy,car,113.4,67,moderate
ACC03622,19.21519438213393,83.45078894902139,2023-07-10,00:15:31,cloudy,urban,night_unlit,low,motorcycle,77.0,43,fatal
ACC03623,21.16953826146426,72.06309585416977,2024-01-21,17:46:45,cloudy,urban,night_lit,moderate,motorcycle,22.4,50,severe
ACC03624,27.98181184626693,72.42796596770953,2023-05-08,17:49:02,clear,rural,daylight,moderate,car,26.5,52,moderate
ACC03625,12.414819649455106,75.12053144860883,2023-04-06,17:32:54,cloudy,highway,night_lit,heavy,car,99.9,64,minor
ACC03626,12.005030714305391,72.89793457680936,2026-06-14,13:09:18,rain,urban,dusk_dawn,moderate,motorcycle,24.4,42,minor
ACC03627,17.605873515439168,80.5014896843249,2023-04-03,16:32:12,fog,rural,night_lit,low,bus,109.4,79,severe
ACC03628,17.858501884838716,72.63403618333466,2024-01-24,15:14:22,fog,expressway,night_lit,low,car,110.7,95,fatal
ACC03629,26.141395777578104,84.84233340792636,2025-03-19,09:50:27,rain,urban,daylight,moderate,car,62.5,52,severe
ACC03630,26.60132076315683,79.88739310313296,2022-12-29,14:45:27,clear,rural,daylight,moderate,car,73.7,63,fatal
ACC03631,26.0883996217491,83.64726986675964,2024-10-11,14:49:09,cloudy,urban,daylight,moderate,car,20.3,42,minor
ACC03632,14.290860007776764,84.01124081497346,2026-01-10,19:49:11,clear,highway,dusk_dawn,low,truck,82.1,65,moderate
ACC03633,18.593677362897175,80.10822303472372,2025-08-27,13:10:28,rain,highway,daylight,low,car,131.6,77,moderate
ACC03634,23.93416259672037,86.80580602005546,2022-02-16,13:01:13,clear,urban,daylight,moderate,motorcycle,59.8,58,minor
ACC03635,17.00177708454786,87.84385238168493,2023-10-28,23:37:38,storm,highway,night_lit,low,auto,64.9,60,severe
ACC03636,22.61180845616882,77.74743497623274,2022-01-01,20:36:53,clear,highway,night_lit,heavy,car,107.7,80,fatal
ACC03637,15.794285811057472,74.01382624398774,2024-09-23,09:51:01,clear,highway,dusk_dawn,heavy,motorcycle,127.4,83,fatal
ACC03638,17.17470812737293,77.81181085836587,2023-06-18,20:38:02,rain,rural,night_unlit,low,auto,86.6,67,fatal
ACC03639,25.76687438957574,75.57366235222833,2026-01-07,07:48:38,clear,rural,night_unlit,moderate,motorcycle,70.9,43,severe
ACC03640,16.00814457742392,80.496090672988,2022-10-16,19:20:01,clear,rural,dusk_dawn,low,car,64.8,65,severe
ACC03641,27.429185390157805,78.05420162003843,2025-10-29,08:07:38,cloudy,urban,night_unlit,heavy,car,69.3,43,fatal
ACC03642,16.900152974989552,79.68719062858865,2023-07-17,12:02:29,fog,expressway,night_lit,moderate,bus,124.8,80,severe
ACC03643,12.376449757172438,84.21100121721602,2026-02-19,23:26:27,clear,urban,daylight,moderate,bus,25.4,40,moderate
ACC03644,16.078414460841127,76.38433559266963,2022-11-24,06:00:36,cloudy,urban,daylight,moderate,car,21.4,39,minor
ACC03645,14.739279075894812,80.59959559423561,2023-03-18,19:31:53,clear,urban,daylight,low,motorcycle,50.5,54,minor
ACC03646,20.109231459480796,77.36257998925902,2023-07-31,14:24:07,cloudy,highway,night_lit,low,car,112.1,66,minor
ACC03647,13.80345706124576,84.55937382593058,2026-06-07,07:15:08,clear,urban,daylight,low,car,79.2,60,moderate
ACC03648,22.016782035926553,82.23258611852314,2025-04-20,21:35:41,cloudy,urban,dusk_dawn,moderate,bus,52.1,47,minor
ACC03649,25.998385128903912,72.13607568816977,2025-09-02,15:40:03,cloudy,expressway,night_lit,low,motorcycle,63.4,93,moderate
ACC03650,17.80030210885977,82.56082145768349,2024-06-26,20:02:25,fog,highway,night_lit,heavy,car,66.5,84,minor
ACC03651,14.695883508886471,74.72259212906532,2025-07-29,19:28:29,rain,highway,dusk_dawn,moderate,motorcycle,98.5,87,severe
ACC03652,18.400399932550606,83.59158064324863,2024-10-26,01:56:23,rain,urban,night_unlit,heavy,bus,78.5,47,severe
ACC03653,24.575469143210032,81.07741866952733,2025-01-01,09:17:31,cloudy,highway,dusk_dawn,low,truck,135.6,67,moderate
ACC03654,21.46380278527353,78.4237228435708,2025-10-06,10:46:06,clear,expressway,night_lit,heavy,truck,66.3,93,minor
ACC03655,13.61829141324165,83.10506286731614,2026-06-03,15:20:16,clear,urban,night_unlit,moderate,truck,62.1,59,moderate
ACC03656,20.59499446923253,85.70549257390049,2024-08-03,06:16:00,cloudy,urban,daylight,moderate,truck,38.1,44,minor
ACC03657,19.48936610328949,84.45989942179317,2023-12-27,12:51:57,clear,urban,night_unlit,heavy,auto,34.5,56,minor
ACC03658,17.233796096338583,80.72606842515052,2024-12-08,19:21:49,clear,urban,night_lit,moderate,truck,56.3,37,moderate
ACC03659,13.762569536853173,83.56310912415248,2025-05-02,08:51:15,clear,highway,night_unlit,moderate,motorcycle,128.2,73,severe
ACC03660,27.697790969924398,78.62263287028406,2026-06-08,17:39:02,clear,urban,daylight,heavy,bus,40.0,33,minor
ACC03661,14.81669311829209,84.62441794501007,2025-02-21,13:48:16,clear,highway,daylight,low,motorcycle,125.0,93,fatal
ACC03662,15.083886252651928,85.26483026596509,2026-04-17,06:48:57,cloudy,urban,daylight,low,motorcycle,34.3,37,severe
ACC03663,14.329323073635774,74.19670139002238,2025-04-17,08:54:48,rain,rural,night_lit,heavy,bus,72.9,48,moderate
ACC03664,21.123088619183008,75.80850175350314,2026-04-12,07:33:39,clear,highway,dusk_dawn,heavy,auto,136.3,62,fatal
ACC03665,19.098713191723206,76.31981979758653,2025-05-18,16:57:55,rain,urban,daylight,moderate,motorcycle,43.7,33,moderate
ACC03666,15.992914912424895,74.65730750371347,2025-12-24,06:03:10,clear,rural,dusk_dawn,heavy,motorcycle,81.4,40,moderate
ACC03667,18.87077412834445,78.28056011035873,2022-11-10,19:29:32,storm,urban,dusk_dawn,heavy,truck,52.0,53,fatal
ACC03668,22.77634961698749,75.0885313831938,2026-06-18,18:23:47,cloudy,urban,dusk_dawn,moderate,motorcycle,75.4,34,moderate
ACC03669,16.507208503978084,81.52862897482575,2023-07-28,06:05:01,cloudy,urban,dusk_dawn,low,motorcycle,77.3,42,minor
ACC03670,26.643932416486088,73.62584708636186,2025-08-02,20:52:26,rain,urban,night_lit,moderate,car,63.8,53,minor
ACC03671,16.901539794843295,76.3187064484281,2023-10-07,22:48:21,cloudy,urban,dusk_dawn,moderate,car,34.5,40,minor
ACC03672,15.170864493165652,82.64833033514171,2024-01-23,04:44:10,cloudy,highway,daylight,low,car,72.1,87,minor
ACC03673,27.27308554996503,78.37672197013359,2025-05-13,21:38:13,clear,urban,night_lit,heavy,motorcycle,47.6,57,minor
ACC03674,24.968969761890868,78.74340386965453,2024-06-06,09:36:58,storm,rural,daylight,heavy,truck,132.6,78,moderate
ACC03675,17.490201997495447,84.76680404733423,2025-03-22,17:22:30,heavy_rain,urban,night_lit,heavy,car,25.9,35,moderate
ACC03676,25.462909618302014,87.75218485265579,2022-05-10,08:41:04,cloudy,expressway,daylight,moderate,car,68.4,85,minor
ACC03677,20.301027986460802,81.0410845320674,2025-09-30,19:58:40,rain,highway,dusk_dawn,low,motorcycle,90.3,70,moderate
ACC03678,17.548039972177005,73.26507474341773,2023-11-02,19:15:35,clear,urban,dusk_dawn,moderate,car,54.2,52,moderate
ACC03679,25.43378543262743,73.64644758757818,2025-07-18,22:20:23,cloudy,urban,night_lit,moderate,auto,58.4,60,fatal
ACC03680,24.034641069831046,87.49601155247066,2023-04-14,23:06:23,cloudy,urban,night_lit,moderate,car,43.9,39,moderate
ACC03681,16.76599748228969,82.86775860397555,2024-09-05,06:54:32,clear,expressway,dusk_dawn,low,truck,101.5,94,severe
ACC03682,21.70685624412758,84.03950589334111,2024-08-23,17:31:55,heavy_rain,highway,daylight,heavy,motorcycle,128.6,89,fatal
ACC03683,17.910243576316756,82.81222012296867,2022-08-18,09:35:45,rain,urban,night_lit,low,auto,33.1,41,moderate
ACC03684,12.01683156096621,74.87388162712246,2024-02-18,07:15:24,heavy_rain,urban,dusk_dawn,moderate,motorcycle,79.2,52,minor
ACC03685,27.38905186240447,79.17379457319619,2024-11-09,07:02:14,cloudy,urban,dusk_dawn,moderate,auto,22.4,35,severe
ACC03686,20.79406521716539,84.76928700190985,2025-10-04,21:48:06,clear,rural,night_lit,heavy,motorcycle,73.3,65,minor
ACC03687,21.574921626652532,85.86180740707317,2025-12-27,17:51:11,rain,rural,night_lit,moderate,truck,81.7,40,minor
ACC03688,21.59826281083672,75.79736823594195,2023-09-24,05:20:08,clear,highway,night_lit,low,car,133.6,61,severe
ACC03689,20.810263373110445,81.53538865334113,2024-11-22,23:45:48,heavy_rain,rural,night_unlit,heavy,motorcycle,88.9,42,fatal
ACC03690,16.640765516377495,74.51363044381526,2022-10-14,19:34:34,clear,rural,dusk_dawn,heavy,car,57.7,72,minor
ACC03691,27.545217998528898,87.33242996994802,2026-01-10,10:38:02,rain,urban,daylight,low,truck,63.9,49,minor
ACC03692,21.94669460024456,76.0352686238798,2025-11-26,13:10:55,rain,highway,daylight,heavy,motorcycle,85.6,93,moderate
ACC03693,22.734741768863383,83.62616205766234,2026-06-29,17:36:09,clear,expressway,daylight,heavy,motorcycle,125.9,89,minor
ACC03694,19.276684117072797,75.69780710762967,2024-03-09,17:09:38,clear,rural,daylight,low,car,74.0,61,moderate
ACC03695,16.605782407852523,81.85686308605666,2023-08-13,13:13:00,cloudy,highway,dusk_dawn,heavy,car,127.0,97,moderate
ACC03696,13.02958371479887,82.5482289123625,2025-05-29,14:21:35,clear,highway,night_lit,low,truck,93.0,84,severe
ACC03697,17.60368314508618,77.25484965527605,2025-04-02,04:12:33,heavy_rain,rural,night_unlit,heavy,motorcycle,68.0,46,fatal
ACC03698,14.817558868294274,85.10134184681682,2022-12-15,14:54:54,clear,expressway,night_lit,low,motorcycle,96.6,98,fatal
ACC03699,22.59341229211219,86.16593437195921,2024-06-05,11:01:36,cloudy,urban,daylight,moderate,auto,61.3,52,severe
ACC03700,26.064062156843512,85.68111888406392,2024-11-23,09:54:29,clear,rural,daylight,heavy,car,112.2,64,minor
ACC03701,16.844077731930437,77.29277151143548,2024-01-18,09:09:31,clear,urban,night_unlit,low,motorcycle,53.6,59,moderate
ACC03702,17.326122006624743,83.90944414420247,2023-09-02,16:52:37,clear,urban,daylight,heavy,car,31.2,57,fatal
ACC03703,22.725832061264185,80.95185207790759,2023-01-29,12:20:24,heavy_rain,urban,daylight,low,truck,71.2,37,minor
ACC03704,14.388342947859782,81.48205319187218,2023-11-07,12:55:42,rain,highway,night_unlit,low,motorcycle,130.5,78,fatal
ACC03705,26.870998826843184,79.63880136413539,2023-02-08,08:32:31,heavy_rain,highway,daylight,heavy,truck,130.2,88,severe
ACC03706,17.82154849640773,81.60417836750194,2023-05-09,22:29:58,cloudy,rural,dusk_dawn,heavy,truck,55.2,78,minor
ACC03707,13.619191134828394,74.170466528572,2022-10-31,08:07:11,clear,highway,daylight,heavy,car,136.9,99,minor
ACC03708,14.794944078730264,78.54155572987929,2023-09-10,12:26:43,clear,highway,night_lit,heavy,car,109.0,87,minor
ACC03709,26.923937216119327,74.84274819180713,2024-11-02,08:33:49,cloudy,highway,daylight,low,car,98.9,85,moderate
ACC03710,15.95390861390432,76.48168849554281,2023-09-13,17:59:43,clear,highway,night_lit,moderate,motorcycle,126.1,80,severe
ACC03711,22.596300861300584,74.04503257475415,2022-08-22,13:15:58,clear,highway,night_lit,heavy,car,66.5,61,moderate
ACC03712,14.498643576612242,75.39992968355232,2025-08-08,12:04:26,cloudy,highway,night_lit,heavy,motorcycle,129.8,65,minor
ACC03713,15.105627077580444,84.51086809260346,2023-12-10,20:15:32,clear,expressway,night_unlit,moderate,motorcycle,77.3,96,minor
ACC03714,26.067811502399643,80.79738339484273,2024-08-16,18:14:09,cloudy,urban,dusk_dawn,moderate,motorcycle,56.6,53,moderate
ACC03715,14.368531521640989,72.37828989619575,2024-05-09,14:56:22,cloudy,urban,night_lit,moderate,motorcycle,60.7,54,minor
ACC03716,12.300009387780467,84.61639174083385,2024-04-11,13:09:09,rain,highway,night_unlit,low,bus,97.6,67,severe
ACC03717,20.01973103242042,86.55149433487185,2023-12-21,22:59:47,clear,highway,night_unlit,heavy,auto,114.9,62,moderate
ACC03718,25.803629012206954,86.08686841252221,2025-05-25,22:06:46,rain,rural,night_lit,low,motorcycle,103.3,66,moderate
ACC03719,17.215856726649996,85.16827012597315,2025-11-04,17:48:11,clear,urban,night_lit,moderate,bus,62.5,41,severe
ACC03720,14.050596330331368,87.875463084815,2026-01-24,18:24:48,clear,rural,night_lit,low,truck,34.2,74,moderate
ACC03721,27.715693273050206,81.38243128860692,2023-12-29,20:03:19,clear,urban,night_unlit,heavy,car,27.2,57,minor
ACC03722,22.827818071830613,87.40140205623848,2023-07-14,22:36:43,clear,urban,night_lit,heavy,motorcycle,48.0,52,minor
ACC03723,25.611050111170503,87.18150772002284,2022-05-17,06:43:56,cloudy,urban,dusk_dawn,moderate,motorcycle,67.4,43,minor
ACC03724,24.03421235726278,77.01181968805503,2023-12-28,23:50:49,rain,highway,night_lit,heavy,truck,62.2,81,minor
ACC03725,23.17187638382704,85.81494009689393,2026-06-18,17:10:11,rain,rural,night_unlit,moderate,bus,103.3,75,fatal
ACC03726,18.153025074094725,84.67956264894043,2023-03-04,16:37:10,clear,highway,daylight,low,motorcycle,91.2,76,severe
ACC03727,17.189439891258232,84.41278043841737,2025-10-19,12:34:06,clear,urban,dusk_dawn,heavy,motorcycle,43.9,39,minor
ACC03728,23.471337534311587,86.34049234067075,2025-05-27,10:26:50,clear,highway,daylight,low,truck,83.4,60,minor
ACC03729,23.467408130835683,78.14704015872492,2024-12-19,18:53:32,storm,urban,dusk_dawn,low,motorcycle,63.9,33,moderate
ACC03730,27.20941414478549,78.4008794541981,2024-07-17,17:25:09,clear,rural,night_unlit,moderate,motorcycle,101.4,78,fatal
ACC03731,21.098557085573155,82.24083694725819,2025-05-26,08:22:35,cloudy,urban,daylight,low,motorcycle,42.5,45,minor
ACC03732,16.713937692602777,83.80487260502947,2022-06-11,16:31:31,clear,expressway,night_lit,heavy,truck,65.5,95,minor
ACC03733,19.832460789287637,86.07579364252183,2022-07-30,07:55:35,rain,highway,dusk_dawn,moderate,motorcycle,73.5,82,moderate
ACC03734,21.819421067614705,86.01352513054852,2022-11-18,14:52:38,cloudy,rural,daylight,low,car,80.4,59,moderate
ACC03735,18.8276767932306,83.54143399018015,2025-06-11,16:42:09,clear,rural,night_lit,moderate,car,81.9,80,moderate
ACC03736,24.65812997375277,87.31028444514436,2023-12-11,16:04:23,cloudy,expressway,daylight,low,motorcycle,72.8,91,severe
ACC03737,21.353811395453405,74.85805790313988,2022-12-08,07:18:43,rain,rural,night_lit,heavy,truck,133.8,59,minor
ACC03738,12.150971642042409,87.20543755488139,2022-03-15,06:00:54,cloudy,urban,dusk_dawn,low,motorcycle,68.2,32,moderate
ACC03739,21.117438211712134,73.02706371253794,2024-03-13,09:05:14,fog,urban,night_lit,heavy,motorcycle,70.7,33,moderate
ACC03740,22.137660575069773,80.88995009907069,2023-10-17,16:49:34,heavy_rain,rural,night_unlit,low,bus,128.8,53,moderate
ACC03741,26.64418002470513,73.44315131212996,2022-10-20,21:48:56,cloudy,rural,daylight,low,bus,112.9,62,moderate
ACC03742,18.61954677862702,81.08801560317018,2022-02-08,18:06:36,fog,urban,daylight,moderate,motorcycle,70.0,50,minor
ACC03743,21.19148254834173,78.2417553992915,2025-05-22,18:27:13,rain,rural,dusk_dawn,moderate,truck,99.6,75,moderate
ACC03744,19.599959211429983,73.30575090403819,2025-07-03,10:16:35,clear,urban,daylight,moderate,motorcycle,59.2,38,moderate
ACC03745,20.506502855502166,82.36986888038702,2023-02-08,07:04:01,rain,highway,dusk_dawn,moderate,motorcycle,120.1,85,minor
ACC03746,13.076865130703943,83.69916799396547,2024-03-21,20:22:29,cloudy,highway,night_lit,low,car,92.4,68,minor
ACC03747,26.356538680529624,74.7869666179197,2023-02-20,14:06:34,cloudy,urban,daylight,moderate,motorcycle,50.3,47,moderate
ACC03748,26.566597437306008,83.1109875089403,2023-11-03,06:44:03,cloudy,urban,dusk_dawn,heavy,motorcycle,71.3,45,minor
ACC03749,20.768953757482123,74.86476078636373,2022-06-29,15:58:12,rain,urban,daylight,low,motorcycle,42.8,47,moderate
ACC03750,20.904888251535127,74.19834318904442,2026-04-03,17:25:59,heavy_rain,urban,night_lit,moderate,truck,77.7,32,moderate
ACC03751,12.920896575103272,74.35781226439593,2025-03-29,10:14:37,clear,highway,night_lit,moderate,car,63.7,95,severe
ACC03752,21.56720820991611,81.58525550326937,2026-01-19,01:29:27,cloudy,highway,night_unlit,heavy,car,77.8,72,minor
ACC03753,18.8664286380666,84.46065293002565,2023-05-01,16:57:13,cloudy,highway,night_lit,low,bus,117.9,73,severe
ACC03754,23.344698083751,81.55029922358102,2025-12-04,04:09:07,heavy_rain,highway,night_unlit,low,motorcycle,77.9,97,severe
ACC03755,12.753998665529158,84.94962324829191,2024-05-01,13:40:25,cloudy,urban,daylight,moderate,car,69.9,47,moderate
ACC03756,23.374202923671838,81.46363745712591,2022-11-22,19:05:32,clear,rural,dusk_dawn,moderate,motorcycle,53.6,53,fatal
ACC03757,16.590301181317024,84.75713995757579,2023-06-30,23:18:10,clear,expressway,night_lit,low,car,95.0,94,moderate
ACC03758,22.427285287249727,87.6243600181328,2025-08-25,11:26:48,clear,highway,night_lit,heavy,truck,112.6,94,severe
ACC03759,22.034015604993968,78.25535692749159,2025-06-26,02:23:25,clear,rural,night_lit,moderate,car,122.8,59,minor
ACC03760,15.62946375411572,74.39907483083032,2025-03-28,14:10:03,clear,urban,dusk_dawn,heavy,auto,36.1,52,severe
ACC03761,19.047237523460268,74.16634898727932,2023-01-07,09:46:08,clear,highway,night_lit,heavy,car,136.9,75,fatal
ACC03762,25.370132144853194,81.55964154650557,2024-11-29,20:40:51,heavy_rain,rural,night_unlit,heavy,motorcycle,75.0,51,moderate
ACC03763,21.689466297516383,80.75364905368548,2026-03-25,17:26:20,clear,expressway,daylight,heavy,motorcycle,64.8,82,moderate
ACC03764,13.099812831654583,74.94776605667249,2022-03-22,12:25:22,clear,urban,daylight,moderate,car,42.5,54,severe
ACC03765,19.086541301133273,86.11367940268278,2023-06-12,18:04:11,rain,urban,dusk_dawn,heavy,car,73.8,42,minor
ACC03766,16.988343340446672,87.30797389526701,2022-05-12,11:39:48,clear,highway,daylight,low,car,77.7,97,moderate
ACC03767,22.266330862586123,76.05145028965282,2022-06-20,14:13:48,rain,highway,night_lit,heavy,car,77.8,84,minor
ACC03768,21.833023060724173,75.31012689441707,2026-06-27,21:18:14,rain,highway,daylight,moderate,truck,130.7,70,minor
ACC03769,12.166369624162249,75.42274963692076,2023-01-30,08:51:43,clear,highway,night_lit,heavy,bus,104.1,78,moderate
ACC03770,21.72312815069541,78.19874447506174,2022-10-22,10:38:27,cloudy,rural,night_unlit,moderate,motorcycle,95.0,54,severe
ACC03771,23.757594463758988,85.65163480478314,2022-05-02,20:41:10,clear,highway,night_lit,moderate,motorcycle,120.1,79,moderate
ACC03772,24.299680518425205,81.53536975905789,2026-05-30,13:15:47,cloudy,urban,night_lit,moderate,motorcycle,35.2,44,moderate
ACC03773,12.943612326239379,73.08085490772272,2024-02-09,10:30:04,cloudy,rural,night_unlit,moderate,car,27.0,44,severe
ACC03774,16.8585346737579,79.56766536275308,2025-07-23,04:00:52,clear,rural,night_lit,moderate,motorcycle,88.5,75,minor
ACC03775,18.740376968824382,73.44530692844948,2023-02-15,12:14:01,cloudy,highway,night_lit,heavy,auto,96.7,61,moderate
ACC03776,14.876347324718589,78.49942582413505,2024-11-18,14:48:19,cloudy,highway,night_lit,low,car,97.8,72,moderate
ACC03777,18.731741938640155,78.45632227685307,2025-12-25,12:28:13,clear,urban,night_unlit,heavy,car,24.9,46,severe
ACC03778,13.138072573209477,82.37364265135433,2025-01-07,09:38:14,clear,highway,night_lit,heavy,car,137.9,87,severe
ACC03779,13.811476528112825,80.79126347140962,2024-04-29,11:47:28,cloudy,urban,daylight,heavy,motorcycle,24.7,49,minor
ACC03780,22.69911620549471,85.99607651742538,2022-12-12,16:56:45,clear,urban,night_lit,heavy,bus,72.0,44,severe
ACC03781,16.20115937856248,72.26040292264756,2023-01-19,20:04:23,rain,urban,night_lit,moderate,motorcycle,42.3,50,moderate
ACC03782,23.382493559673158,84.38398115351438,2024-09-07,16:34:30,heavy_rain,highway,daylight,heavy,car,73.2,71,moderate
ACC03783,12.769736448266688,72.36253345529347,2024-01-11,16:59:58,rain,highway,night_lit,moderate,car,91.8,84,minor
ACC03784,21.003248848696046,76.86863725562185,2022-03-18,19:11:29,clear,rural,dusk_dawn,low,truck,22.8,74,minor
ACC03785,18.263178617389443,86.07461021087302,2022-11-18,08:51:47,cloudy,expressway,night_lit,low,motorcycle,139.0,88,moderate
ACC03786,24.751542270647445,83.04662674683395,2023-12-11,10:34:23,rain,urban,night_unlit,low,car,32.7,52,moderate
ACC03787,24.54322528328899,74.7519468538583,2022-10-21,05:19:04,rain,urban,night_lit,low,car,36.0,52,minor
ACC03788,18.00895427932013,79.85255270579108,2024-06-28,11:46:15,storm,urban,night_unlit,moderate,car,55.6,49,fatal
ACC03789,21.96342422540343,83.55046689564777,2023-05-09,23:52:09,cloudy,highway,night_unlit,heavy,auto,80.8,60,severe
ACC03790,15.64078190111181,86.99749314143247,2023-04-24,10:08:54,clear,rural,daylight,low,motorcycle,31.6,80,fatal
ACC03791,21.286509378886723,82.14913918749126,2022-06-27,19:40:01,clear,highway,daylight,heavy,car,68.9,69,minor
ACC03792,13.30023510316036,72.39480658292683,2024-04-06,06:56:49,fog,urban,dusk_dawn,heavy,bus,45.1,59,minor
ACC03793,18.953668545897763,79.99522975514054,2022-11-06,13:39:08,cloudy,highway,night_lit,heavy,auto,83.7,69,severe
ACC03794,14.923642904609746,74.44738622673324,2024-11-01,11:32:09,heavy_rain,rural,night_lit,heavy,car,23.9,41,severe
ACC03795,26.134098913464364,72.76447280759874,2026-03-21,08:08:31,rain,rural,daylight,heavy,car,73.7,42,minor
ACC03796,19.118413087469307,81.57617015490536,2026-02-06,11:27:04,fog,rural,dusk_dawn,low,auto,101.1,80,minor
ACC03797,21.452379978200558,84.43075044016679,2024-12-30,16:54:04,cloudy,urban,night_unlit,moderate,car,28.6,51,minor
ACC03798,17.766109765280166,72.57696888794247,2025-08-18,14:47:46,fog,urban,daylight,moderate,car,49.5,59,moderate
ACC03799,16.619856563836848,84.53742833544831,2026-02-21,19:27:03,heavy_rain,urban,dusk_dawn,low,motorcycle,59.2,37,minor
ACC03800,15.246716528984537,83.30220607698413,2025-01-24,20:18:35,rain,rural,night_lit,moderate,truck,95.9,74,minor
ACC03801,26.589945322672314,84.03179021069379,2023-02-26,14:48:07,fog,urban,night_lit,moderate,motorcycle,43.7,50,severe
ACC03802,24.791452518831242,75.9156539634512,2024-04-02,23:58:05,cloudy,urban,night_unlit,heavy,car,57.0,49,severe
ACC03803,14.132178310896494,78.29752728789487,2025-11-08,06:17:40,rain,urban,dusk_dawn,low,truck,62.1,41,moderate
ACC03804,23.94759802066877,73.9160132353155,2025-01-01,09:48:23,cloudy,highway,dusk_dawn,heavy,truck,126.9,86,minor
ACC03805,18.696492432586453,75.82225520375147,2023-08-18,12:18:01,rain,urban,daylight,low,car,59.0,46,moderate
ACC03806,12.246346479369118,76.84463474363888,2022-10-04,16:49:40,rain,highway,daylight,moderate,car,139.6,92,minor
ACC03807,20.453877126019552,77.11098623258857,2022-08-25,15:57:58,rain,rural,daylight,moderate,truck,52.7,51,minor
ACC03808,14.080743041357858,74.80063820954899,2023-09-12,15:39:33,cloudy,urban,daylight,heavy,car,28.5,42,moderate
ACC03809,15.358949009497515,75.01938876913829,2025-08-14,20:29:22,rain,rural,daylight,moderate,truck,47.8,59,minor
ACC03810,23.136655382785488,86.42352639667456,2024-06-26,09:18:50,heavy_rain,highway,night_lit,low,car,109.8,76,severe
ACC03811,16.114272594259138,84.54229783704969,2022-04-08,19:03:20,cloudy,urban,dusk_dawn,heavy,truck,46.2,32,minor
ACC03812,26.270211229469066,77.51164325586299,2026-02-17,15:03:36,cloudy,highway,dusk_dawn,low,car,139.2,96,severe
ACC03813,22.514716134786717,87.16229663169537,2023-10-27,14:50:28,heavy_rain,rural,dusk_dawn,heavy,car,137.8,68,moderate
ACC03814,25.316535758572947,75.82276340467718,2023-10-04,10:39:43,rain,highway,daylight,low,car,74.2,100,moderate
ACC03815,21.843032613282944,78.50912725520081,2025-09-07,10:13:31,cloudy,urban,night_lit,low,car,74.5,41,severe
ACC03816,25.901593456352252,85.01640498295313,2023-09-11,12:33:28,cloudy,highway,daylight,low,motorcycle,110.3,72,minor
ACC03817,17.7869548003544,79.08618192325802,2024-10-10,18:52:25,rain,rural,dusk_dawn,moderate,motorcycle,50.0,55,moderate
ACC03818,20.786249230169275,75.75400516653033,2026-02-21,13:38:17,rain,highway,night_lit,heavy,truck,107.4,76,moderate
ACC03819,20.254246407109335,77.89656748194382,2024-04-30,07:54:29,clear,urban,dusk_dawn,moderate,motorcycle,29.5,31,minor
ACC03820,26.460651329247526,80.01153715799491,2024-10-05,18:07:03,clear,highway,dusk_dawn,low,motorcycle,70.5,61,minor
ACC03821,14.638646537737817,81.9303101385654,2023-08-04,17:04:20,heavy_rain,urban,daylight,moderate,truck,72.5,57,minor
ACC03822,21.248972210987077,78.48970399330437,2026-01-02,21:39:04,fog,highway,daylight,moderate,car,109.3,74,moderate
ACC03823,24.070899107631686,78.90086929791958,2022-05-04,15:34:19,cloudy,urban,daylight,moderate,truck,46.8,48,moderate
ACC03824,17.920796168538565,76.2230978048228,2023-03-30,17:41:21,heavy_rain,highway,night_lit,moderate,motorcycle,102.9,90,moderate
ACC03825,25.881304393855622,80.56555677467858,2026-06-16,14:58:01,cloudy,expressway,night_lit,moderate,car,120.5,87,minor
ACC03826,17.968236273243747,75.51129974031274,2024-03-05,17:06:17,clear,urban,night_lit,moderate,motorcycle,56.2,48,minor
ACC03827,14.772940158334658,85.8804194897292,2022-10-14,13:55:40,rain,urban,night_unlit,moderate,auto,38.9,48,moderate
ACC03828,21.344773686480508,83.95787312426083,2023-11-11,07:03:58,clear,highway,dusk_dawn,low,car,126.4,93,minor
ACC03829,18.729088160597,78.56446381462695,2023-02-24,23:31:37,clear,highway,night_unlit,heavy,motorcycle,77.9,88,moderate
ACC03830,12.243041674912073,83.95564555252557,2024-05-12,17:49:42,fog,rural,night_unlit,heavy,motorcycle,114.9,69,severe
ACC03831,13.117417479896051,72.11193506894998,2023-01-23,16:40:40,cloudy,rural,daylight,heavy,motorcycle,42.4,72,minor
ACC03832,15.12443488330544,77.51182756227834,2023-10-18,14:13:56,clear,urban,night_unlit,heavy,car,63.6,41,fatal
ACC03833,24.30927935229044,79.04481837034862,2026-01-30,17:36:56,cloudy,rural,daylight,moderate,car,108.7,56,minor
ACC03834,26.27263225653997,79.51677612073115,2022-05-16,07:54:06,cloudy,highway,dusk_dawn,heavy,car,68.8,78,severe
ACC03835,20.73025398422756,83.97970364336543,2025-06-07,10:12:28,cloudy,expressway,daylight,moderate,truck,133.9,81,minor
ACC03836,13.689047400225975,87.40491884098742,2022-05-09,07:56:54,clear,urban,daylight,moderate,car,30.7,53,moderate
ACC03837,20.550703235869534,78.07995408708484,2024-01-21,07:39:52,clear,rural,dusk_dawn,heavy,motorcycle,83.1,41,moderate
ACC03838,25.68968736955112,77.609597592446,2025-01-02,02:05:32,cloudy,rural,night_unlit,heavy,car,106.0,56,severe
ACC03839,23.991642065961436,81.76824362528635,2026-04-18,18:19:26,cloudy,highway,dusk_dawn,moderate,car,119.3,71,minor
ACC03840,16.657570619158,76.50005782706526,2023-02-15,08:51:03,fog,urban,night_unlit,heavy,motorcycle,65.8,42,moderate
ACC03841,13.982249748613725,74.26160534104302,2022-03-28,19:20:28,clear,expressway,dusk_dawn,moderate,motorcycle,89.0,96,minor
ACC03842,26.410907196195886,87.38465392787518,2025-05-17,20:56:30,heavy_rain,highway,night_lit,moderate,motorcycle,102.9,80,severe
ACC03843,25.665419946115378,84.95247930894435,2026-01-07,08:25:37,storm,urban,night_unlit,heavy,truck,28.6,53,fatal
ACC03844,12.859445842323613,87.33599284838604,2024-07-16,17:20:31,clear,urban,daylight,moderate,motorcycle,30.3,44,minor
ACC03845,25.178791837193028,75.48532605894266,2022-04-10,13:51:12,clear,highway,daylight,heavy,car,125.8,93,minor
ACC03846,13.555402204559032,72.28494743951472,2024-04-02,21:47:58,cloudy,highway,night_lit,heavy,car,73.0,97,minor
ACC03847,13.012538134432592,78.9961852118097,2023-10-05,14:14:13,heavy_rain,rural,daylight,low,car,111.4,79,minor
ACC03848,24.13761435434015,86.9377434078653,2024-01-12,11:46:22,clear,expressway,daylight,heavy,motorcycle,60.1,93,moderate
ACC03849,20.58096995079933,74.21320542194815,2022-03-30,10:15:30,clear,urban,night_lit,low,car,20.5,44,moderate
ACC03850,18.632768385445104,73.87496836535357,2023-06-06,20:53:17,rain,expressway,daylight,heavy,motorcycle,103.7,86,moderate
ACC03851,26.46179513561635,73.10324454793347,2026-06-29,08:00:04,rain,highway,night_lit,heavy,car,67.5,91,minor
ACC03852,25.42885715308406,84.2402879829116,2022-03-17,19:39:36,clear,highway,dusk_dawn,heavy,motorcycle,137.0,78,moderate
ACC03853,12.921975544752906,84.57482454133662,2026-02-10,08:09:14,clear,highway,daylight,heavy,motorcycle,76.3,63,severe
ACC03854,21.857395871058756,83.12601689061543,2024-04-29,16:40:52,clear,urban,dusk_dawn,moderate,auto,71.8,38,fatal
ACC03855,24.356278451319334,72.85266952195738,2024-08-18,13:58:47,fog,urban,daylight,moderate,bus,70.7,43,moderate
ACC03856,20.80784927639923,83.57261337304325,2026-03-13,07:40:25,rain,highway,night_lit,moderate,auto,118.9,90,moderate
ACC03857,27.728087985219013,79.178060935387,2022-12-24,07:26:27,cloudy,urban,dusk_dawn,moderate,truck,43.5,37,moderate
ACC03858,22.976760074360772,74.52631075098569,2026-06-05,09:49:56,heavy_rain,urban,night_lit,moderate,auto,20.2,42,minor
ACC03859,13.666288203152405,76.72201616775364,2023-03-31,18:11:01,cloudy,urban,dusk_dawn,low,car,76.0,41,minor
ACC03860,15.172768191999255,80.01834943892737,2023-07-28,17:32:22,heavy_rain,urban,night_lit,moderate,motorcycle,30.3,59,severe
ACC03861,25.219929939191392,77.2744235563149,2024-01-09,08:57:03,clear,urban,daylight,heavy,truck,28.9,41,severe
ACC03862,27.9481067703088,87.51598762786548,2024-09-14,13:21:08,clear,expressway,daylight,moderate,motorcycle,116.9,80,fatal
ACC03863,13.573428269958235,79.59586786731519,2023-06-15,06:01:55,cloudy,rural,dusk_dawn,heavy,car,107.1,64,moderate
ACC03864,13.605269085520774,77.9544081640343,2025-07-26,17:26:06,clear,expressway,night_lit,moderate,truck,73.3,100,minor
ACC03865,24.214192866292535,82.7706468634886,2022-02-04,18:29:57,rain,expressway,dusk_dawn,heavy,auto,62.0,93,severe
ACC03866,13.029668507464633,82.40872090969464,2024-12-30,20:48:47,cloudy,rural,night_lit,heavy,motorcycle,69.5,44,moderate
ACC03867,13.09696185703756,72.03902848648428,2024-12-13,20:48:38,clear,highway,night_lit,moderate,car,78.4,79,minor
ACC03868,26.2210637281546,81.89557917281189,2024-05-27,10:20:44,rain,urban,night_unlit,moderate,car,32.7,51,minor
ACC03869,24.807196997095215,75.90030359630454,2024-10-04,09:46:11,cloudy,urban,night_unlit,heavy,car,35.4,40,moderate
ACC03870,26.105011197830116,78.00373826540675,2025-05-12,20:08:07,cloudy,highway,daylight,heavy,truck,103.3,62,moderate
ACC03871,22.40821443412406,83.30158225175751,2026-01-24,07:11:22,clear,urban,dusk_dawn,moderate,motorcycle,75.9,40,minor
ACC03872,17.160582751021735,80.91817953617114,2022-12-25,05:36:45,storm,highway,night_lit,heavy,car,70.1,66,fatal
ACC03873,26.50101104532466,77.89848230648155,2024-02-22,10:42:18,rain,urban,daylight,heavy,bus,57.7,41,minor
ACC03874,16.77957639959091,74.67856562939399,2024-07-12,18:48:10,heavy_rain,rural,dusk_dawn,low,motorcycle,82.0,42,minor
ACC03875,16.40817343127759,80.08771499596405,2023-07-21,17:37:47,rain,urban,dusk_dawn,moderate,truck,40.5,51,minor
ACC03876,26.18240670708434,77.10985637611525,2026-05-19,23:07:38,cloudy,expressway,night_lit,heavy,truck,135.2,96,moderate
ACC03877,22.893161479891326,86.6068449345292,2024-04-19,11:40:32,clear,rural,daylight,low,truck,59.4,79,moderate
ACC03878,26.330753355347884,80.5495462446248,2024-08-31,09:25:24,rain,rural,night_unlit,heavy,auto,41.3,40,moderate
ACC03879,14.494420628063558,85.8554239067266,2022-11-16,11:15:46,clear,highway,daylight,low,bus,122.6,100,minor
ACC03880,27.236748764250102,78.24289645573619,2023-11-14,18:20:44,fog,expressway,dusk_dawn,moderate,car,77.9,81,moderate
ACC03881,21.803874507205233,85.23899462060737,2024-10-24,08:48:21,clear,highway,daylight,moderate,car,69.0,66,moderate
ACC03882,22.688560705494844,72.90459043475326,2023-12-05,21:10:07,clear,rural,night_unlit,heavy,auto,115.9,40,fatal
ACC03883,26.624969285223223,76.76990440908824,2025-06-18,14:33:52,cloudy,highway,night_unlit,low,truck,65.4,77,severe
ACC03884,18.09204759511406,73.25081492871519,2022-08-13,18:04:08,cloudy,highway,daylight,moderate,motorcycle,125.6,75,severe
ACC03885,23.513199915133796,72.50640289143799,2022-09-09,19:43:25,rain,highway,dusk_dawn,low,bus,130.6,79,severe
ACC03886,22.245449937991744,86.7017959251699,2023-07-11,14:08:53,rain,rural,daylight,low,motorcycle,23.2,69,minor
ACC03887,24.604043501855365,83.46989991039487,2023-06-07,18:56:25,rain,rural,dusk_dawn,heavy,motorcycle,105.2,44,moderate
ACC03888,26.351084669332916,82.00176103149553,2025-08-31,11:52:49,heavy_rain,urban,daylight,low,car,65.8,36,severe
ACC03889,22.880973686881514,80.51988495058933,2025-11-25,19:51:29,cloudy,rural,dusk_dawn,low,bus,48.3,61,severe
ACC03890,13.08223287204903,81.11286457946947,2024-02-14,19:20:44,cloudy,highway,daylight,low,truck,102.1,66,severe
ACC03891,14.930245533596484,82.21904610218326,2024-04-10,15:46:35,heavy_rain,expressway,night_lit,moderate,bus,105.2,99,moderate
ACC03892,27.263650916273345,85.22527671584166,2023-04-29,08:08:16,clear,urban,daylight,low,truck,66.4,46,moderate
ACC03893,27.498407574035618,81.55021689272846,2024-05-23,22:17:53,clear,expressway,night_unlit,moderate,car,93.8,81,moderate
ACC03894,27.4786130191738,83.97729220977412,2025-03-06,21:07:28,clear,rural,night_lit,heavy,motorcycle,35.4,44,minor
ACC03895,12.588790406401888,76.49564882927575,2025-04-01,16:03:27,rain,urban,daylight,low,car,34.8,45,moderate
ACC03896,18.119170687190692,87.62818780506356,2026-05-11,23:22:39,rain,highway,night_unlit,low,car,123.9,75,fatal
ACC03897,24.154763263807936,72.51035533499247,2024-08-06,14:34:55,clear,urban,night_lit,moderate,truck,30.5,47,severe
ACC03898,24.046172858525296,78.18522552443704,2023-07-13,11:51:52,clear,expressway,night_unlit,heavy,car,129.9,99,fatal
ACC03899,13.374542479199336,86.11279282405926,2022-04-25,13:02:23,clear,urban,dusk_dawn,low,motorcycle,29.2,32,severe
ACC03900,21.751822193432304,74.88836740297904,2025-02-03,05:24:13,cloudy,rural,night_lit,heavy,bus,78.2,80,moderate
ACC03901,14.28591389665372,74.26140948693853,2025-08-13,15:42:19,clear,expressway,daylight,heavy,truck,85.1,91,minor
ACC03902,19.891349325884693,77.84689227039861,2024-06-26,17:12:15,rain,highway,night_lit,low,car,132.0,94,moderate
ACC03903,15.834971213457944,78.85111520826923,2026-02-24,07:44:17,fog,urban,dusk_dawn,moderate,car,41.4,58,minor
ACC03904,12.850578747755643,86.93430497058765,2023-06-05,09:34:25,rain,urban,daylight,heavy,motorcycle,21.7,38,minor
ACC03905,13.280310808425753,85.37791255534114,2022-03-29,17:33:01,heavy_rain,highway,night_lit,heavy,motorcycle,79.3,64,moderate
ACC03906,26.57428719567853,79.42543420304823,2024-11-05,18:07:31,storm,rural,dusk_dawn,low,bus,48.3,48,fatal
ACC03907,23.914335427224543,87.56760161410566,2022-07-19,23:10:50,rain,highway,night_lit,moderate,motorcycle,77.6,78,minor
ACC03908,26.90918370836721,82.27645446654503,2022-05-19,09:52:25,cloudy,rural,dusk_dawn,heavy,car,102.4,52,severe
ACC03909,19.51983891733684,85.97853971171025,2025-02-26,19:52:04,rain,urban,dusk_dawn,moderate,truck,46.5,48,minor
ACC03910,18.612679983244867,75.9369116877892,2023-12-15,08:27:23,cloudy,rural,dusk_dawn,moderate,motorcycle,110.0,51,moderate
ACC03911,17.73451668003353,79.82342518879972,2024-09-19,07:35:20,cloudy,urban,daylight,moderate,truck,32.1,40,severe
ACC03912,21.86091353683344,72.47547541370294,2025-05-12,17:32:35,clear,urban,daylight,heavy,car,66.0,58,moderate
ACC03913,17.624950191541338,72.14208309226318,2023-09-21,13:30:15,cloudy,highway,daylight,moderate,motorcycle,128.1,93,moderate
ACC03914,23.9403717437121,83.28725153503143,2024-09-30,18:42:18,heavy_rain,rural,dusk_dawn,moderate,motorcycle,74.3,55,severe
ACC03915,24.821077219453795,73.8926979594496,2024-06-04,09:34:44,rain,urban,daylight,moderate,motorcycle,39.8,60,minor
ACC03916,26.013513494870097,80.76493179377309,2024-08-10,08:07:10,cloudy,urban,daylight,low,motorcycle,59.1,46,minor
ACC03917,15.884814883924436,83.13611971536032,2025-02-28,15:04:55,cloudy,rural,dusk_dawn,moderate,motorcycle,104.0,53,moderate
ACC03918,20.432352788678006,72.51575337967422,2023-09-17,07:51:17,rain,urban,dusk_dawn,low,truck,60.9,57,minor
ACC03919,15.575113867677421,79.17986238633091,2024-04-08,09:44:49,rain,highway,dusk_dawn,moderate,car,101.6,95,moderate
ACC03920,12.600893174725458,82.94643099177344,2024-08-28,08:11:04,cloudy,highway,daylight,moderate,car,64.2,95,moderate
ACC03921,23.325204866717403,86.23569580567761,2022-08-19,10:03:19,clear,urban,dusk_dawn,heavy,car,67.7,53,severe
ACC03922,20.783700382961996,76.7876816096265,2022-12-14,18:13:22,clear,highway,daylight,heavy,car,68.2,82,minor
ACC03923,23.582836472849337,87.58746447494929,2022-05-27,07:34:27,heavy_rain,highway,dusk_dawn,moderate,motorcycle,83.1,61,moderate
ACC03924,13.401966582504594,85.51266399455515,2022-11-22,16:35:05,clear,highway,night_lit,moderate,car,74.3,84,moderate
ACC03925,27.928418864991073,82.41016115330967,2023-12-22,16:10:14,heavy_rain,urban,dusk_dawn,moderate,car,48.5,59,moderate
ACC03926,27.909577071152512,78.2708081159381,2026-03-20,15:10:52,clear,urban,night_lit,moderate,auto,44.0,46,moderate
ACC03927,19.439997208056205,83.37776601919198,2026-02-24,14:12:55,storm,urban,daylight,low,motorcycle,35.4,49,fatal
ACC03928,25.856939442941375,85.05909230512566,2025-06-06,17:26:26,cloudy,urban,night_lit,low,truck,20.6,47,minor
ACC03929,15.897096892888909,76.85279799818491,2024-07-04,19:13:07,rain,urban,dusk_dawn,heavy,truck,29.4,52,severe
ACC03930,23.801058579572754,87.88528103851247,2022-11-29,08:27:16,rain,urban,dusk_dawn,heavy,car,33.3,43,minor
ACC03931,26.067613709017053,86.53790991607423,2023-08-12,19:00:57,rain,expressway,dusk_dawn,moderate,motorcycle,139.7,98,minor
ACC03932,25.034660257292458,79.76802304548676,2025-06-12,05:56:55,rain,urban,night_lit,low,motorcycle,59.5,42,moderate
ACC03933,24.988385251858517,83.56527865240632,2026-02-01,14:53:48,clear,rural,night_lit,low,car,132.3,66,minor
ACC03934,19.40842611342184,80.38414231390051,2026-04-30,14:20:51,clear,urban,daylight,low,car,67.5,50,minor
ACC03935,25.119839164460366,84.17488883515242,2023-10-01,08:48:42,clear,urban,night_unlit,heavy,car,47.5,57,moderate
ACC03936,23.051277008340808,85.2317152620477,2024-03-10,06:32:37,rain,rural,daylight,moderate,car,116.3,57,minor
ACC03937,14.11922237030727,72.37156088251268,2024-04-16,06:01:46,rain,highway,dusk_dawn,heavy,car,117.4,98,minor
ACC03938,13.826950465032322,73.26611247521039,2022-04-03,04:17:38,clear,expressway,daylight,moderate,car,95.1,99,minor
ACC03939,24.35075417495424,77.38347865402763,2022-07-11,15:03:20,rain,urban,dusk_dawn,moderate,motorcycle,69.3,32,minor
ACC03940,22.00742542036678,86.68181812211759,2022-03-16,07:42:38,clear,highway,dusk_dawn,moderate,car,124.6,83,moderate
ACC03941,20.310017875062037,78.37237733029423,2025-04-25,19:46:17,clear,urban,dusk_dawn,low,truck,42.4,59,moderate
ACC03942,26.516188653581253,86.20019544323078,2023-01-04,20:37:37,clear,rural,night_lit,moderate,car,76.0,68,minor
ACC03943,22.553445709939496,79.39894260210805,2025-02-23,09:00:22,rain,highway,night_lit,heavy,motorcycle,83.5,87,moderate
ACC03944,18.338347921412804,76.62164672498517,2023-09-09,08:14:29,clear,highway,daylight,low,truck,62.3,67,severe
ACC03945,18.62290893081894,86.41032292899992,2025-07-28,12:28:10,heavy_rain,expressway,night_lit,low,motorcycle,89.2,98,fatal
ACC03946,21.68390977308136,80.97073230269883,2022-07-09,20:08:57,rain,urban,night_unlit,moderate,car,59.3,51,severe
ACC03947,24.164404554981573,77.76774872048065,2023-06-18,12:06:44,cloudy,highway,daylight,heavy,car,88.6,89,moderate
ACC03948,21.029652911185984,72.71051205804507,2022-12-03,07:18:06,clear,highway,dusk_dawn,heavy,car,71.2,65,minor
ACC03949,20.140174115506873,73.77493011917159,2023-12-17,23:35:28,rain,urban,night_unlit,low,car,53.4,30,severe
ACC03950,23.63041124246691,74.2289652422645,2024-07-11,14:05:27,heavy_rain,urban,night_lit,heavy,motorcycle,29.0,46,severe
ACC03951,23.284232798512583,77.8373806465697,2022-10-04,11:59:53,cloudy,urban,night_unlit,heavy,motorcycle,47.7,58,minor
ACC03952,25.285549449816976,81.7173272919095,2024-12-31,20:27:45,clear,expressway,dusk_dawn,heavy,motorcycle,110.4,95,fatal
ACC03953,13.00082858043671,76.92144183075088,2026-05-03,21:10:52,clear,highway,night_unlit,low,auto,90.9,75,severe
ACC03954,24.079234113311664,73.0484421402368,2022-03-13,14:01:28,cloudy,highway,daylight,heavy,bus,83.9,72,moderate
ACC03955,20.22016721522704,76.23693979707734,2022-05-22,10:57:09,clear,highway,night_lit,heavy,car,108.4,61,moderate
ACC03956,13.19508992053043,78.53890641439376,2026-04-13,14:35:43,rain,urban,dusk_dawn,moderate,truck,78.1,52,moderate
ACC03957,22.864160450712316,87.87631885875726,2024-12-01,08:51:13,clear,highway,night_lit,low,car,117.8,87,moderate
ACC03958,23.464643104031083,78.28779047601502,2026-02-19,14:46:38,rain,urban,night_lit,low,truck,29.0,47,minor
ACC03959,20.37803471271495,73.4271266999591,2025-03-04,09:59:24,cloudy,rural,daylight,moderate,truck,82.2,62,minor
ACC03960,24.700783642396203,81.29783703158293,2025-03-23,16:53:20,cloudy,highway,night_unlit,heavy,motorcycle,139.3,64,fatal
ACC03961,16.803969738068822,86.71424116202064,2022-09-17,18:45:07,fog,expressway,dusk_dawn,heavy,motorcycle,130.8,82,fatal
ACC03962,15.230515496502978,84.587131181788,2024-04-20,22:51:48,cloudy,expressway,night_unlit,heavy,motorcycle,61.2,94,moderate
ACC03963,17.611743227892454,85.37949294699578,2023-08-23,19:51:41,clear,urban,dusk_dawn,moderate,car,44.3,30,fatal
ACC03964,18.56080821273564,86.85170873763728,2025-09-30,06:15:20,cloudy,rural,dusk_dawn,heavy,motorcycle,35.2,55,minor
ACC03965,23.1349376384347,82.18469605416861,2022-03-12,08:35:44,cloudy,rural,daylight,heavy,bus,55.7,73,severe
ACC03966,25.528319006051643,87.91876369045598,2022-01-30,15:59:59,rain,urban,night_lit,low,motorcycle,39.9,43,moderate
ACC03967,23.534691041258824,72.53250511807441,2024-07-02,09:52:43,heavy_rain,urban,daylight,low,car,64.8,39,severe
ACC03968,14.783800945113624,85.357434818297,2026-05-13,01:06:56,rain,highway,night_unlit,heavy,motorcycle,72.1,95,moderate
ACC03969,17.859473356804116,85.71217071235618,2026-06-22,18:06:28,storm,urban,dusk_dawn,moderate,truck,22.3,55,severe
ACC03970,14.534619415164448,86.66720625219143,2024-09-01,11:12:22,clear,rural,daylight,low,motorcycle,117.8,45,fatal
ACC03971,22.98758719292882,79.65071132217358,2023-12-07,06:44:50,clear,urban,dusk_dawn,heavy,car,47.2,47,severe
ACC03972,15.970750051470306,84.6040947779296,2023-03-25,14:23:39,clear,urban,daylight,moderate,truck,35.9,38,minor
ACC03973,20.40619092562955,75.12128638593887,2026-06-14,22:37:36,rain,urban,night_lit,moderate,car,37.9,44,severe
ACC03974,24.669277491114947,81.65008360285142,2022-10-28,17:08:38,clear,expressway,daylight,heavy,motorcycle,103.6,91,moderate
ACC03975,22.73502839874584,77.73832243781538,2022-07-27,08:03:59,clear,highway,dusk_dawn,low,motorcycle,97.1,94,minor
ACC03976,16.773983850642125,81.5387784105916,2024-04-14,14:46:41,storm,highway,daylight,low,truck,129.8,66,severe
ACC03977,17.325868009861452,82.8089681145328,2023-10-07,20:17:48,clear,highway,night_unlit,moderate,bus,125.2,80,severe
ACC03978,22.45382858564851,77.55309866793885,2024-03-25,05:02:02,clear,expressway,night_lit,heavy,truck,102.3,96,moderate
ACC03979,20.791483989439108,75.45981278884595,2026-01-21,16:12:43,clear,urban,night_lit,moderate,truck,44.4,51,severe
ACC03980,13.54229579952071,77.14700654174936,2023-03-20,17:19:19,clear,highway,daylight,moderate,car,135.9,63,severe
ACC03981,25.98386542837674,82.62331592171908,2025-12-10,17:24:07,clear,urban,night_lit,moderate,truck,37.5,33,moderate
ACC03982,20.20181196885806,82.82998773876497,2022-12-14,07:53:16,clear,urban,dusk_dawn,heavy,truck,54.1,45,moderate
ACC03983,19.573776211159448,83.86107097638558,2023-06-16,20:11:49,clear,highway,night_lit,moderate,truck,88.8,68,moderate
ACC03984,15.175029386116197,74.02458573716329,2022-01-08,10:36:49,rain,rural,daylight,low,truck,94.0,74,moderate
ACC03985,18.031901103528597,85.09627824407139,2025-01-19,05:16:18,cloudy,rural,dusk_dawn,low,car,47.4,42,fatal
ACC03986,17.325197797041586,83.01036482465528,2025-11-10,06:29:11,rain,highway,daylight,moderate,car,112.2,94,minor
ACC03987,16.33177092527083,72.48808122705023,2025-12-26,13:17:25,rain,expressway,daylight,low,truck,115.7,100,minor
ACC03988,21.07850519434837,77.36956559096082,2022-10-02,04:20:19,rain,highway,night_unlit,low,car,100.7,73,severe
ACC03989,19.396405764484513,79.46738009450364,2025-06-13,18:35:27,heavy_rain,highway,dusk_dawn,heavy,car,77.3,74,severe
ACC03990,26.227162965034676,77.76987984618904,2022-08-21,19:35:47,cloudy,urban,daylight,heavy,auto,37.2,31,minor
ACC03991,27.061503632754572,73.87867021133461,2024-10-28,01:08:19,clear,highway,night_unlit,low,auto,72.4,97,minor
ACC03992,15.511574867649454,75.31754055208012,2025-02-27,19:09:10,clear,urban,dusk_dawn,heavy,car,75.0,35,moderate
ACC03993,13.601686860275368,72.39298231856212,2022-09-08,22:14:06,clear,highway,night_lit,moderate,car,72.9,70,minor
ACC03994,24.56540082380399,73.489234581641,2022-07-01,03:53:41,rain,highway,night_lit,heavy,motorcycle,91.0,68,moderate
ACC03995,27.917782458217744,76.26080188359272,2022-04-30,17:19:11,cloudy,expressway,daylight,heavy,car,113.7,89,severe
ACC03996,25.817601117666467,85.1195242501717,2025-03-09,23:34:13,clear,highway,daylight,moderate,car,84.8,60,minor
ACC03997,12.379158433899756,80.4262001589952,2024-10-06,18:26:48,clear,urban,dusk_dawn,moderate,car,46.8,42,moderate
ACC03998,16.020216811303456,78.7919662510577,2022-07-15,14:21:05,heavy_rain,highway,night_lit,moderate,truck,128.8,92,moderate
ACC03999,12.693476432660223,82.59460710333678,2024-04-01,20:02:39,cloudy,rural,night_lit,heavy,motorcycle,90.2,61,severe
ACC04000,25.132470032658667,80.66416896520008,2025-07-30,17:26:00,clear,highway,daylight,low,car,107.7,68,fatal
ACC04001,21.30251162067706,74.10422282809002,2023-01-26,09:59:56,heavy_rain,highway,night_lit,moderate,motorcycle,96.3,77,severe
ACC04002,20.21949665867286,75.56197382118704,2024-09-21,08:56:42,rain,rural,dusk_dawn,low,car,29.0,40,minor
ACC04003,20.87119811194444,75.56035777584972,2023-04-26,14:18:49,cloudy,highway,night_lit,moderate,bus,85.7,61,fatal
ACC04004,16.039220139145456,81.59924020179747,2023-03-05,11:31:39,cloudy,rural,night_lit,moderate,car,120.7,64,minor
ACC04005,21.626213906221807,79.38598985902954,2023-10-06,10:17:24,rain,urban,daylight,heavy,car,29.3,48,moderate
ACC04006,12.49067165542448,78.20136100097366,2023-08-02,08:55:59,clear,rural,night_unlit,low,motorcycle,127.9,55,fatal
ACC04007,22.336187583533434,80.9062267661086,2024-03-24,19:33:47,storm,highway,daylight,moderate,car,69.1,81,severe
ACC04008,23.75094128286129,87.52185257252091,2022-12-04,17:55:05,rain,expressway,night_unlit,low,car,104.0,85,severe
ACC04009,22.768420219389235,77.02709529689403,2023-10-03,10:51:34,cloudy,highway,daylight,moderate,bus,90.3,88,minor
ACC04010,17.313880292995524,80.32312693813628,2024-10-18,09:19:32,rain,highway,dusk_dawn,low,bus,137.0,73,severe
ACC04011,25.220206642040683,79.68592025030586,2023-09-28,07:27:17,storm,rural,dusk_dawn,moderate,bus,34.7,45,minor
ACC04012,23.448703953879715,83.46628850793351,2024-12-13,07:34:27,clear,highway,daylight,moderate,truck,119.4,62,minor
ACC04013,14.052757166788446,83.68464428772666,2022-07-10,16:14:58,clear,urban,night_lit,heavy,car,37.3,42,minor
ACC04014,15.12230752861304,83.66513154260865,2022-08-15,07:49:05,rain,urban,dusk_dawn,moderate,auto,67.8,58,moderate
ACC04015,22.19373461085182,75.22431327901992,2025-11-22,22:33:55,clear,highway,night_lit,low,truck,70.8,68,severe
ACC04016,16.630658136896418,79.185490181779,2024-01-29,09:12:42,rain,highway,daylight,heavy,motorcycle,104.5,90,minor
ACC04017,13.910927063139791,84.9787950564662,2024-09-27,02:28:06,cloudy,urban,night_unlit,low,truck,26.5,41,moderate
ACC04018,14.479503890398275,78.1044827286503,2025-04-29,19:49:18,clear,urban,night_unlit,heavy,motorcycle,42.8,49,moderate
ACC04019,14.64987488864641,87.74808187663886,2022-08-28,11:25:50,clear,urban,dusk_dawn,moderate,truck,76.9,59,moderate
ACC04020,19.644654509094117,77.83658786867518,2026-05-16,11:42:42,rain,rural,dusk_dawn,low,truck,104.1,51,moderate
ACC04021,21.718167254871958,79.96266923747149,2023-11-28,07:59:04,clear,urban,dusk_dawn,heavy,auto,20.1,50,moderate
ACC04022,14.82243639767064,79.59240951684075,2025-12-31,17:20:08,clear,urban,daylight,moderate,truck,78.3,36,severe
ACC04023,23.399945765811538,78.93862083950788,2023-11-16,11:59:55,cloudy,highway,night_unlit,heavy,bus,129.9,95,moderate
ACC04024,16.496201720024455,85.53010189311395,2023-10-28,19:24:09,clear,highway,night_lit,moderate,motorcycle,135.1,88,minor
ACC04025,16.984930214303375,74.48440380076822,2024-09-13,16:33:37,cloudy,highway,night_lit,moderate,car,134.5,97,severe
ACC04026,15.575977937185721,81.08263530262373,2022-11-10,20:46:59,storm,urban,night_unlit,moderate,truck,41.5,30,severe
ACC04027,24.563298175091056,81.89762523768678,2024-09-26,16:04:09,rain,highway,night_lit,moderate,motorcycle,125.4,61,fatal
ACC04028,27.357021326990033,85.61954092910993,2026-06-03,18:42:02,cloudy,rural,dusk_dawn,heavy,car,115.6,60,moderate
ACC04029,19.879997578849483,81.74720255881773,2024-11-25,17:34:49,clear,highway,night_unlit,low,motorcycle,82.2,91,minor
ACC04030,12.672490262911875,87.3603255646045,2022-04-26,13:39:56,storm,highway,night_lit,moderate,motorcycle,110.6,100,severe
ACC04031,16.169109062807614,85.95468339617486,2025-02-19,17:57:30,heavy_rain,highway,daylight,low,motorcycle,116.8,96,minor
ACC04032,14.528804657901537,77.5798391736437,2022-02-24,17:29:13,rain,urban,night_unlit,moderate,truck,32.7,52,severe
ACC04033,25.484196557632288,85.75850312465334,2022-06-19,00:55:03,clear,urban,night_unlit,low,bus,69.5,36,severe
ACC04034,13.357663798931283,87.3356450254953,2023-04-13,17:34:54,clear,urban,daylight,moderate,car,48.2,35,minor
ACC04035,27.46361985101414,76.11515489479338,2023-05-16,09:12:47,clear,expressway,daylight,moderate,truck,126.7,95,severe
ACC04036,21.416220425994016,81.76334090663053,2022-01-06,15:39:53,clear,urban,night_lit,heavy,car,26.3,55,moderate
ACC04037,20.283836593186614,76.50886259747416,2022-01-29,07:11:47,clear,highway,night_lit,heavy,motorcycle,130.9,100,moderate
ACC04038,25.55760995870699,82.39307646531549,2025-07-19,02:53:25,heavy_rain,rural,night_lit,low,truck,125.8,40,moderate
ACC04039,12.440761940663299,73.49828487275235,2024-01-17,01:09:28,clear,rural,night_unlit,moderate,bus,35.5,58,severe
ACC04040,24.434443990512154,83.74700834990492,2022-11-25,08:29:22,clear,highway,night_lit,moderate,car,102.5,80,minor
ACC04041,13.865664729096265,78.71711725752549,2023-12-07,02:49:43,heavy_rain,highway,night_lit,moderate,truck,85.9,98,fatal
ACC04042,25.452449583046914,81.39691485882298,2025-02-11,07:00:06,fog,urban,dusk_dawn,moderate,bus,60.0,31,moderate
ACC04043,20.466819507805788,72.41379844037597,2025-04-20,15:29:02,clear,highway,daylight,low,car,102.1,78,fatal
ACC04044,12.978070437761469,83.12706328336526,2023-04-19,12:30:57,clear,urban,daylight,moderate,motorcycle,66.7,39,fatal
ACC04045,25.33192062082119,79.9358616661639,2022-10-02,22:20:19,rain,highway,night_unlit,low,truck,133.8,70,severe
ACC04046,12.437025873140026,82.00401612300547,2026-04-25,19:40:02,storm,expressway,night_unlit,low,car,102.1,85,severe
ACC04047,14.213931086297656,77.05068755801878,2024-11-02,07:19:40,cloudy,urban,dusk_dawn,heavy,motorcycle,47.1,49,moderate
ACC04048,24.765192381226065,74.33312277474263,2026-06-03,12:22:23,cloudy,rural,night_unlit,heavy,motorcycle,53.1,67,minor
ACC04049,19.437937981726257,78.96686307193828,2023-05-19,12:16:13,rain,highway,dusk_dawn,moderate,motorcycle,71.3,95,moderate
ACC04050,26.10221926967734,87.1036659405818,2022-07-02,11:37:26,rain,urban,night_lit,low,motorcycle,62.9,58,minor
ACC04051,22.166868364657336,75.64470442646089,2023-09-20,14:52:27,clear,rural,daylight,moderate,car,32.1,48,fatal
ACC04052,21.976460069926528,82.81342419256403,2023-06-23,17:10:36,cloudy,highway,night_lit,moderate,car,94.8,87,minor
ACC04053,16.67576169811224,72.79749670455266,2025-03-27,16:24:55,heavy_rain,urban,night_lit,heavy,bus,26.4,56,minor
ACC04054,14.138888376827737,83.48959656427085,2025-03-21,11:13:52,rain,highway,daylight,heavy,motorcycle,120.9,88,moderate
ACC04055,27.37875825434692,75.81499498882388,2022-04-28,17:14:49,clear,urban,daylight,moderate,motorcycle,21.9,50,minor
ACC04056,13.676763026294323,79.22427296366932,2024-08-23,09:58:29,rain,rural,daylight,moderate,truck,60.1,54,severe
ACC04057,20.464169601177083,77.88404960951638,2023-07-17,19:42:33,rain,urban,dusk_dawn,low,car,33.1,40,minor
ACC04058,16.361097453356486,73.80544549307768,2024-10-06,22:56:07,clear,rural,night_unlit,heavy,car,45.4,58,moderate
ACC04059,16.226250617303275,77.5293112401884,2023-10-05,10:38:34,clear,highway,daylight,moderate,motorcycle,137.9,78,moderate
ACC04060,21.51337950884501,77.60199933269097,2024-06-01,18:39:40,clear,rural,dusk_dawn,heavy,car,49.0,62,fatal
ACC04061,24.766945874861904,80.35369022447603,2025-03-21,19:42:53,storm,urban,daylight,heavy,car,78.9,37,severe
ACC04062,24.43487172530046,87.55762452703979,2023-04-27,14:39:02,clear,highway,daylight,low,truck,93.8,100,severe
ACC04063,25.900827027096856,79.52028036017009,2022-11-24,06:49:51,rain,rural,night_lit,heavy,bus,94.4,65,moderate
ACC04064,16.68644380659787,86.63081849012214,2025-03-05,18:19:31,cloudy,highway,dusk_dawn,heavy,car,123.8,73,moderate
ACC04065,19.45202210744118,79.38492253700089,2026-04-05,12:06:05,heavy_rain,highway,daylight,moderate,motorcycle,81.8,85,moderate
ACC04066,12.1493531715204,73.72069281399904,2023-12-31,08:29:59,storm,rural,night_lit,low,truck,133.0,75,severe
ACC04067,23.949721970181848,75.68244632441504,2026-06-27,16:00:27,fog,highway,daylight,low,truck,89.1,77,fatal
ACC04068,16.83748979427653,78.52028281692161,2022-10-31,13:02:24,heavy_rain,highway,daylight,low,car,83.8,73,minor
ACC04069,20.983896532322984,77.20590036752296,2025-09-06,06:03:11,cloudy,highway,dusk_dawn,moderate,truck,114.3,88,moderate
ACC04070,14.708804512311211,85.85326860051987,2026-06-11,23:04:04,clear,rural,night_unlit,low,auto,116.2,69,severe
ACC04071,25.110392114149256,82.85832963514483,2023-05-08,09:42:04,clear,highway,dusk_dawn,heavy,car,133.4,65,moderate
ACC04072,25.076355508452444,81.25293523069877,2022-08-31,14:35:16,rain,urban,night_unlit,moderate,car,30.5,46,moderate
ACC04073,26.039246636047288,79.85967281978705,2024-12-26,17:56:17,clear,highway,night_lit,moderate,truck,125.5,64,moderate
ACC04074,12.734991953707565,78.35632989262507,2025-11-28,07:17:27,cloudy,highway,daylight,heavy,car,107.5,86,severe
ACC04075,27.87933935640022,81.79507903731218,2022-05-17,18:19:36,clear,highway,dusk_dawn,moderate,car,102.8,78,moderate
ACC04076,15.964470631035113,73.9937146471101,2024-11-18,16:29:59,rain,rural,daylight,moderate,truck,21.8,54,minor
ACC04077,16.95093897675759,74.6005310114705,2025-12-01,14:46:47,clear,rural,night_lit,heavy,truck,38.3,75,minor
ACC04078,15.989371667047138,76.8498616543472,2022-02-22,15:55:29,clear,rural,dusk_dawn,moderate,motorcycle,136.2,48,minor
ACC04079,16.280523173864516,74.73895386337719,2024-04-27,22:43:54,cloudy,rural,night_lit,moderate,motorcycle,105.7,72,moderate
ACC04080,20.842581697658346,82.83357950439706,2022-05-07,20:30:33,cloudy,highway,night_unlit,moderate,motorcycle,128.0,65,fatal
ACC04081,15.836968708860473,72.39629314249993,2022-10-17,07:58:25,heavy_rain,highway,dusk_dawn,moderate,truck,135.0,98,moderate
ACC04082,18.300340982406475,74.562839866668,2024-03-09,11:10:13,rain,urban,night_unlit,heavy,bus,75.2,48,severe
ACC04083,22.489705319091446,86.44172975198086,2023-06-22,14:28:25,rain,urban,dusk_dawn,moderate,truck,37.8,49,severe
ACC04084,25.37641925724363,87.9606903715534,2022-05-20,21:14:02,clear,urban,night_lit,low,motorcycle,49.5,60,severe
ACC04085,23.083864004270072,79.80144764524948,2025-08-07,19:09:09,clear,highway,dusk_dawn,heavy,truck,122.3,98,moderate
ACC04086,21.50916551659717,79.92592116834814,2022-11-30,12:23:56,rain,rural,daylight,moderate,truck,89.8,51,minor
ACC04087,14.3636570006571,84.374380195799,2025-11-29,20:45:11,clear,highway,night_lit,heavy,motorcycle,112.5,85,severe
ACC04088,25.05784962466052,72.5790332419292,2022-10-18,11:19:34,rain,urban,daylight,low,car,62.3,50,minor
ACC04089,12.596398207888619,78.83234371041564,2024-05-03,09:49:06,fog,expressway,night_unlit,moderate,motorcycle,123.8,90,fatal
ACC04090,16.227066611764833,73.59724610903936,2025-04-08,16:36:36,clear,highway,night_lit,heavy,motorcycle,99.0,75,moderate
ACC04091,12.912942670911379,78.41482212250378,2024-02-28,11:42:58,rain,highway,night_lit,moderate,car,94.0,97,minor
ACC04092,22.678863609351403,87.741149458062,2023-11-16,16:14:27,cloudy,highway,daylight,low,car,137.1,68,minor
ACC04093,17.89393732149623,84.05813249285377,2025-05-17,12:51:07,clear,urban,night_unlit,heavy,car,30.2,35,moderate
ACC04094,22.432775731277868,87.76073401096349,2022-01-20,18:12:01,cloudy,urban,dusk_dawn,low,car,32.0,48,minor
ACC04095,17.552495348857445,83.93677801072963,2025-09-18,22:22:45,cloudy,expressway,daylight,moderate,motorcycle,104.2,94,moderate
ACC04096,19.29185169279191,81.72976114890541,2025-02-06,09:46:06,storm,rural,dusk_dawn,low,truck,93.3,56,minor
ACC04097,19.327376162658894,84.0675333268359,2025-06-09,14:41:19,clear,rural,night_unlit,low,motorcycle,91.4,41,fatal
ACC04098,12.729290458680714,82.54546676753576,2023-11-23,17:17:50,rain,rural,daylight,low,truck,96.3,76,severe
ACC04099,18.883624421536055,79.42505647843053,2023-09-24,08:15:32,clear,highway,daylight,moderate,motorcycle,106.0,61,minor
ACC04100,22.257029809843242,76.68074134408336,2024-07-28,18:25:52,clear,expressway,night_unlit,heavy,truck,69.4,99,moderate
ACC04101,20.73683593720694,80.32284894934968,2024-11-20,16:26:52,cloudy,urban,dusk_dawn,low,truck,35.2,55,moderate
ACC04102,13.204540260452596,76.13589558242289,2026-02-28,07:03:39,rain,highway,night_unlit,moderate,truck,101.2,84,moderate
ACC04103,22.688895770987983,79.78682154307432,2025-11-08,19:14:56,rain,expressway,dusk_dawn,moderate,truck,90.3,95,moderate
ACC04104,16.941804078644175,74.33816649473738,2022-03-30,12:09:02,fog,urban,dusk_dawn,heavy,car,48.6,57,minor
ACC04105,12.230956844464353,81.04632158352065,2022-09-07,08:09:14,clear,highway,dusk_dawn,heavy,motorcycle,82.3,83,minor
ACC04106,14.489528913347923,75.92453905299368,2026-04-04,08:21:16,cloudy,rural,dusk_dawn,heavy,truck,120.7,49,fatal
ACC04107,19.960954517064952,76.69772966306512,2023-09-30,18:02:54,clear,highway,night_unlit,heavy,car,137.2,71,severe
ACC04108,16.9664265444811,79.98445026851822,2024-08-10,21:40:37,rain,highway,night_unlit,moderate,car,134.3,88,fatal
ACC04109,23.110128220056815,74.60042004834528,2022-04-03,11:40:15,clear,highway,night_unlit,low,motorcycle,138.2,69,fatal
ACC04110,15.850455609052231,87.39807813817471,2022-06-21,06:13:12,clear,urban,dusk_dawn,heavy,motorcycle,40.8,41,minor
ACC04111,24.364738695602696,79.15110904628602,2023-11-03,06:52:48,rain,highway,dusk_dawn,heavy,bus,88.0,73,minor
ACC04112,16.58363490230368,77.63646767402801,2025-03-23,17:35:51,clear,highway,night_lit,low,truck,112.0,65,moderate
ACC04113,21.93381932135065,72.4671456814813,2025-06-22,11:18:00,rain,urban,daylight,low,car,25.2,35,moderate
ACC04114,24.787462084018884,85.49206980979572,2026-01-09,12:11:21,storm,highway,daylight,moderate,motorcycle,84.6,65,severe
ACC04115,18.16889805829998,82.01334264490215,2022-11-20,10:25:32,cloudy,urban,daylight,low,truck,36.0,41,moderate
ACC04116,12.748879069047527,78.66248247746076,2022-11-28,13:57:14,cloudy,urban,daylight,heavy,truck,69.6,52,severe
ACC04117,20.567128336942094,75.9285247894156,2024-06-08,16:00:43,storm,highway,night_unlit,low,motorcycle,95.6,64,severe
ACC04118,27.926544984712002,83.92219869880617,2024-06-17,15:01:45,rain,highway,night_unlit,low,car,81.3,63,severe
ACC04119,27.50386986203062,87.12759321186667,2022-03-02,08:24:50,clear,highway,daylight,low,bus,106.8,68,severe
ACC04120,15.536355103106692,78.09295529043233,2024-01-05,14:55:47,rain,urban,daylight,moderate,motorcycle,51.0,36,minor
ACC04121,24.09114415078804,74.1580170940677,2026-01-13,13:16:50,cloudy,rural,daylight,heavy,car,97.0,41,moderate
ACC04122,17.519229309121055,73.7471159563638,2022-09-27,15:44:21,rain,highway,night_lit,moderate,car,83.1,82,moderate
ACC04123,14.564359682929464,72.10179155734218,2025-09-08,07:34:17,cloudy,highway,dusk_dawn,low,truck,83.5,76,moderate
ACC04124,22.654635209639892,83.90328705234755,2024-01-05,07:11:18,clear,highway,dusk_dawn,heavy,motorcycle,93.7,67,minor
ACC04125,20.013899672428302,87.70232617442673,2024-05-11,15:54:51,rain,urban,night_lit,moderate,car,76.8,59,moderate
ACC04126,20.627688922490837,87.8850840440571,2024-11-19,09:09:38,clear,highway,night_unlit,low,motorcycle,61.8,65,moderate
ACC04127,25.238282595768133,84.5471560694868,2025-03-04,16:30:19,heavy_rain,urban,daylight,low,auto,36.6,55,moderate
ACC04128,17.38469881419877,74.5949404527367,2024-11-12,11:39:43,rain,urban,daylight,moderate,motorcycle,35.7,40,minor
ACC04129,22.673516152890606,87.64335129460994,2022-06-20,08:40:14,storm,highway,night_lit,moderate,motorcycle,131.9,62,moderate
ACC04130,17.859063471402003,77.24501508803121,2023-04-30,17:51:15,clear,urban,night_unlit,moderate,car,45.5,43,moderate
ACC04131,12.683582345286867,77.3379137518807,2025-10-19,12:42:00,cloudy,expressway,night_lit,low,car,77.8,94,moderate
ACC04132,18.048241717381583,82.99739124627902,2022-03-07,08:39:57,clear,highway,night_unlit,heavy,bus,110.5,85,fatal
ACC04133,27.200551411266154,72.78478699319122,2025-03-20,19:09:14,clear,urban,dusk_dawn,moderate,car,24.8,54,minor
ACC04134,19.732199713414673,85.21231567852095,2024-05-04,13:18:45,clear,urban,daylight,low,car,39.0,49,fatal
ACC04135,13.73168698938989,87.95675642380391,2022-07-16,20:20:07,cloudy,highway,night_unlit,moderate,car,65.5,94,severe
ACC04136,23.005229270019612,84.40111644943867,2022-07-21,08:22:02,cloudy,rural,night_unlit,moderate,car,95.9,76,moderate
ACC04137,27.41406959549634,84.50682385931734,2026-05-30,20:06:40,fog,highway,night_lit,heavy,motorcycle,90.5,70,severe
ACC04138,26.527123944708116,78.24501872906481,2022-02-20,19:05:05,clear,highway,night_lit,moderate,bus,63.5,92,minor
ACC04139,21.15137340493022,73.0547422242505,2022-02-06,07:26:08,cloudy,urban,daylight,low,car,41.6,49,moderate
ACC04140,18.0204919095765,84.68267894775077,2022-01-28,15:43:19,rain,expressway,night_lit,heavy,car,139.8,90,severe
ACC04141,21.29084269614785,81.5545293904768,2024-10-29,17:53:35,clear,highway,daylight,moderate,motorcycle,129.5,89,minor
ACC04142,25.054896995187992,86.54941902595336,2026-03-02,14:56:01,rain,urban,daylight,moderate,bus,57.3,35,severe
ACC04143,25.779797472295268,73.85540640266932,2022-10-10,12:28:07,rain,highway,night_lit,low,bus,128.2,90,moderate
ACC04144,25.10150215907906,76.88196900950574,2025-07-30,21:53:20,rain,urban,night_unlit,moderate,auto,28.5,38,moderate
ACC04145,19.287622055067803,77.77049845957418,2025-03-27,17:27:42,rain,urban,daylight,heavy,car,73.3,35,moderate
ACC04146,13.90172783312368,82.93247533671506,2023-01-13,22:28:05,rain,urban,night_lit,heavy,truck,72.6,42,minor
ACC04147,21.106774827820423,84.60392260965048,2022-04-26,19:12:17,storm,expressway,dusk_dawn,heavy,motorcycle,76.5,86,minor
ACC04148,14.502861248533844,87.37632653735072,2024-03-12,19:37:11,clear,urban,dusk_dawn,heavy,car,51.8,48,moderate
ACC04149,12.975333342365696,76.72651453318647,2022-05-14,17:18:18,cloudy,highway,night_lit,moderate,truck,105.5,71,moderate
ACC04150,19.978685334861773,79.89818253702796,2022-07-06,16:29:15,rain,expressway,daylight,moderate,truck,129.4,97,moderate
ACC04151,22.485975200746047,72.46337488130078,2024-02-05,20:56:38,clear,highway,night_unlit,low,truck,90.3,82,moderate
ACC04152,25.666356902502287,76.0478060497422,2025-09-01,16:32:04,cloudy,urban,night_lit,heavy,car,45.3,57,moderate
ACC04153,24.52536886326886,77.98405612991425,2026-06-21,06:18:56,rain,urban,dusk_dawn,heavy,car,61.9,60,moderate
ACC04154,25.715848204104773,81.50089930440717,2024-10-27,16:40:14,clear,rural,daylight,heavy,motorcycle,86.9,79,severe
ACC04155,24.16110033313425,79.53352789758678,2023-03-31,07:43:59,cloudy,urban,daylight,moderate,car,32.2,44,moderate
ACC04156,23.25183035049823,77.83160095643196,2023-06-24,21:36:43,rain,urban,night_unlit,low,car,53.8,42,severe
ACC04157,12.162201106251194,81.98524746446947,2024-10-02,16:02:21,clear,urban,night_lit,heavy,truck,37.2,39,severe
ACC04158,22.017636988947366,85.257850833872,2022-10-12,15:13:18,clear,urban,daylight,heavy,car,75.4,56,fatal
ACC04159,13.927708866225883,75.86689812775663,2024-05-01,08:07:56,rain,expressway,dusk_dawn,moderate,car,62.8,87,moderate
ACC04160,12.938674117320657,77.4860140681666,2025-06-16,14:57:59,rain,highway,dusk_dawn,low,car,93.6,83,minor
ACC04161,14.502594433690486,83.27877839499232,2025-10-14,11:18:36,cloudy,highway,night_lit,heavy,car,131.4,81,moderate
ACC04162,25.172674583068,84.44704958013648,2022-04-08,17:28:02,cloudy,urban,night_lit,moderate,car,48.8,60,severe
ACC04163,23.901590289600342,85.20634994775436,2023-04-19,16:54:54,clear,highway,dusk_dawn,moderate,truck,68.9,90,minor
ACC04164,27.1803584832834,75.34929950235247,2023-02-23,14:59:28,rain,rural,daylight,heavy,truck,50.6,45,minor
ACC04165,27.663620138406568,80.62827137991064,2024-06-30,09:13:01,clear,highway,daylight,moderate,car,67.0,82,severe
ACC04166,26.292543781983714,86.40017757640454,2022-11-01,15:51:48,heavy_rain,urban,night_lit,moderate,motorcycle,50.4,42,minor
ACC04167,14.126816815631987,78.27120728146387,2026-04-10,13:43:01,rain,urban,daylight,heavy,car,65.8,39,moderate
ACC04168,26.054123854799684,78.87812944354489,2026-02-14,19:36:22,clear,rural,daylight,moderate,car,111.4,74,severe
ACC04169,25.418194156618327,87.75716710241097,2023-07-01,20:10:04,cloudy,urban,night_lit,low,truck,67.1,60,minor
ACC04170,25.937373757755157,73.80884233652009,2023-10-31,18:41:26,fog,highway,daylight,low,auto,107.9,83,fatal
ACC04171,14.426969873863863,83.28963183138617,2023-12-23,10:36:48,heavy_rain,highway,daylight,heavy,car,78.1,91,severe
ACC04172,13.86866924437308,85.60294603265427,2022-03-12,04:26:07,cloudy,rural,night_lit,low,truck,87.7,53,moderate
ACC04173,26.780942073345308,74.41269626614428,2025-12-30,21:35:08,clear,expressway,dusk_dawn,heavy,car,91.1,84,moderate
ACC04174,14.781226386152072,83.4312517761158,2025-07-03,23:12:57,rain,urban,night_unlit,moderate,truck,34.1,31,minor
ACC04175,17.89794769668162,79.51581155216708,2023-06-30,07:37:10,rain,urban,daylight,moderate,motorcycle,56.6,44,moderate
ACC04176,19.295757591904966,85.64625415479429,2024-06-17,17:09:06,cloudy,urban,night_lit,low,motorcycle,72.0,36,minor
ACC04177,13.991080445273031,86.5192370693745,2023-09-18,12:17:35,clear,urban,daylight,moderate,truck,44.8,48,moderate
ACC04178,12.330148608520759,85.95975845047317,2023-01-10,07:29:16,heavy_rain,urban,dusk_dawn,moderate,truck,26.7,59,moderate
ACC04179,27.90544751627386,73.0301622012642,2023-05-15,23:09:57,cloudy,highway,dusk_dawn,heavy,auto,91.9,70,severe
ACC04180,26.026515917359376,84.10968442903959,2022-06-25,21:54:09,clear,highway,night_unlit,low,motorcycle,116.0,87,severe
ACC04181,26.597406869610197,86.74444119977326,2025-08-22,23:53:34,clear,urban,night_unlit,moderate,auto,72.1,32,moderate
ACC04182,16.553009108353898,81.9415750507349,2024-12-11,07:28:55,clear,urban,dusk_dawn,heavy,truck,73.8,39,minor
ACC04183,15.521625163927025,81.61401696765584,2026-03-08,14:34:43,cloudy,highway,daylight,moderate,motorcycle,62.3,87,severe
ACC04184,18.813864930806826,72.72008619836977,2022-01-11,20:17:01,clear,rural,daylight,heavy,motorcycle,54.6,72,minor
ACC04185,19.25310990364811,85.69652835529502,2024-11-02,17:12:11,cloudy,highway,night_unlit,heavy,bus,112.7,65,moderate
ACC04186,12.08959102182785,72.74245697326658,2024-07-09,13:57:07,clear,rural,night_unlit,moderate,motorcycle,87.8,45,fatal
ACC04187,24.468049800957324,77.01615370215478,2024-10-21,14:24:54,clear,rural,night_lit,moderate,car,121.9,40,minor
ACC04188,27.946672610272277,86.81380904459544,2026-06-14,04:57:12,clear,rural,night_unlit,moderate,car,41.6,42,moderate
ACC04189,20.45905392163343,87.19592228367219,2023-10-03,16:04:03,clear,rural,daylight,low,car,58.2,71,moderate
ACC04190,18.212139120199218,87.87040864761477,2022-08-20,19:06:22,cloudy,rural,night_lit,low,car,111.6,55,severe
ACC04191,18.284030291539253,79.62243656980618,2022-01-21,00:28:16,cloudy,urban,night_unlit,moderate,car,29.2,31,moderate
ACC04192,13.53723411475361,74.83887274209617,2024-03-18,08:46:09,rain,urban,daylight,heavy,truck,32.9,56,moderate
ACC04193,16.258589093824188,79.80711178926535,2022-10-13,14:25:27,cloudy,rural,night_lit,moderate,motorcycle,98.9,48,minor
ACC04194,20.0341246181541,73.6370068013288,2022-08-20,15:50:54,rain,urban,daylight,moderate,car,34.3,33,moderate
ACC04195,18.909568018155156,85.96057774351952,2022-08-31,11:07:13,clear,urban,night_lit,heavy,car,70.1,57,moderate
ACC04196,20.720555931889763,80.96859573226408,2023-03-31,03:51:58,cloudy,highway,night_lit,moderate,car,99.2,89,minor
ACC04197,25.585050378198506,78.47209438666809,2022-07-10,18:26:39,clear,urban,dusk_dawn,low,motorcycle,77.3,40,severe
ACC04198,15.603876843193792,73.27249123969287,2024-03-08,09:17:22,cloudy,highway,night_lit,low,motorcycle,101.0,74,moderate
ACC04199,12.442626894500991,78.48385082906609,2024-12-09,16:38:40,cloudy,urban,daylight,heavy,auto,43.7,30,moderate
ACC04200,12.611607124523852,85.85906573424174,2023-04-21,15:46:20,rain,urban,night_lit,moderate,motorcycle,76.1,45,minor
ACC04201,14.146700884909734,83.2544949196354,2022-08-12,12:55:12,cloudy,highway,night_lit,moderate,truck,116.6,88,moderate
ACC04202,21.127727756870442,73.31928828017547,2024-07-28,16:05:14,clear,urban,night_lit,heavy,car,21.2,52,moderate
ACC04203,24.930956960606796,74.55851519561881,2022-05-21,17:42:00,clear,rural,night_unlit,moderate,truck,23.6,73,moderate
ACC04204,26.188895028490105,78.27693585132008,2025-04-26,15:18:38,fog,expressway,night_unlit,moderate,truck,111.3,93,severe
ACC04205,22.16181123159954,73.6220013229747,2023-09-21,15:30:04,clear,highway,night_lit,moderate,auto,114.1,88,severe
ACC04206,18.450292039214297,86.94465907189233,2023-11-05,13:27:11,clear,highway,night_unlit,low,truck,83.9,70,fatal
ACC04207,14.472235330498359,82.43667271409402,2023-02-13,12:46:00,clear,rural,daylight,low,bus,38.7,56,severe
ACC04208,18.422693431095666,73.51716802086312,2023-04-10,14:23:03,storm,urban,night_unlit,moderate,bus,43.8,36,moderate
ACC04209,17.31864214252454,84.60891939808737,2022-08-28,13:16:54,heavy_rain,highway,night_unlit,low,bus,128.2,82,fatal
ACC04210,25.920414093714204,77.89449485715109,2024-07-05,13:29:01,clear,urban,daylight,heavy,motorcycle,27.0,46,minor
ACC04211,19.787510038569714,75.91793031285154,2022-08-28,08:40:37,clear,rural,night_lit,low,car,137.9,41,severe
ACC04212,15.619134399272461,81.11975907103506,2025-01-22,17:50:19,rain,highway,dusk_dawn,moderate,motorcycle,109.3,80,moderate
ACC04213,16.620817069052478,72.21395412992867,2023-02-25,07:00:08,clear,urban,night_lit,moderate,bus,79.1,41,minor
ACC04214,14.183522632683024,79.44636256166808,2024-07-17,20:34:17,clear,highway,daylight,moderate,auto,96.8,98,fatal
ACC04215,26.6973671851061,85.50087988952271,2024-05-31,16:04:05,cloudy,expressway,dusk_dawn,low,auto,100.1,99,minor
ACC04216,12.805533539783497,86.8489215357691,2024-11-06,05:37:18,cloudy,rural,night_lit,heavy,motorcycle,23.4,74,severe
ACC04217,12.205539976894308,77.48087527066303,2025-05-29,17:37:49,clear,urban,daylight,moderate,truck,31.8,49,severe
ACC04218,14.9278229364299,82.27898541064071,2024-07-09,11:51:37,rain,expressway,night_unlit,low,motorcycle,79.6,89,moderate
ACC04219,24.973984286570012,75.62917501390133,2025-11-01,21:11:48,rain,highway,night_unlit,low,truck,123.1,67,moderate
ACC04220,20.3754685860973,80.96340913575534,2023-03-02,21:47:41,cloudy,rural,daylight,heavy,motorcycle,31.6,68,minor
ACC04221,22.01349259803178,76.06444361845102,2025-05-18,19:41:55,clear,rural,dusk_dawn,moderate,car,63.2,67,minor
ACC04222,17.723706806651755,81.14170413803924,2023-07-18,15:39:06,clear,rural,daylight,moderate,motorcycle,84.4,42,severe
ACC04223,13.09884776878672,74.7475538766917,2024-10-28,21:38:09,heavy_rain,urban,daylight,low,car,76.1,36,minor
ACC04224,25.69853059987469,87.0597209081719,2024-03-18,16:32:24,clear,highway,daylight,moderate,motorcycle,82.3,71,minor
ACC04225,15.070308354006519,86.19067962251667,2026-01-30,20:03:31,clear,highway,night_lit,moderate,truck,106.4,76,minor
ACC04226,12.528947208721835,77.39069199118144,2023-03-22,08:48:47,clear,highway,night_unlit,low,car,134.7,89,severe
ACC04227,21.1632661749311,84.42660622279908,2024-05-03,20:23:07,clear,rural,night_unlit,heavy,truck,22.6,46,moderate
ACC04228,13.332627526153617,73.52806609171512,2022-09-28,17:06:06,cloudy,urban,daylight,heavy,car,66.6,43,moderate
ACC04229,13.532189629757347,83.84577453928678,2024-11-05,10:36:47,clear,urban,dusk_dawn,moderate,car,73.4,58,severe
ACC04230,24.806032503720402,76.51934607380326,2022-03-02,23:56:32,rain,highway,night_lit,low,car,104.1,69,minor
ACC04231,19.865753429087928,74.1702682988138,2023-11-07,17:42:24,clear,urban,dusk_dawn,moderate,car,50.5,33,minor
ACC04232,15.864135235954288,82.85105948645781,2022-01-17,20:14:13,rain,urban,night_lit,heavy,truck,50.7,38,moderate
ACC04233,17.578022773752302,79.51690908511023,2023-06-22,00:48:41,cloudy,urban,night_unlit,moderate,truck,28.9,34,minor
ACC04234,23.667855661490744,80.48223362768711,2024-03-05,15:50:48,clear,urban,night_unlit,low,truck,27.5,42,minor
ACC04235,13.06166631610563,80.32847654620673,2023-06-29,17:19:01,rain,highway,night_lit,moderate,truck,63.1,89,severe
ACC04236,13.863689854931359,72.95116771369631,2023-09-26,01:31:03,fog,highway,night_unlit,moderate,truck,137.5,66,severe
ACC04237,21.860192559849114,72.82208398548283,2022-09-01,18:50:46,clear,expressway,dusk_dawn,low,truck,105.2,87,severe
ACC04238,21.711547751473717,81.61868006316955,2025-03-19,17:09:53,rain,urban,daylight,heavy,motorcycle,59.7,30,severe
ACC04239,27.55939495256595,81.98183427768666,2025-08-01,09:21:13,cloudy,urban,night_lit,low,car,36.5,30,minor
ACC04240,17.992791700087196,72.75479290424184,2024-01-17,17:27:42,rain,expressway,daylight,moderate,bus,74.6,83,minor
ACC04241,13.041242034840254,78.05502931020509,2022-04-01,07:00:50,clear,urban,dusk_dawn,moderate,motorcycle,48.5,38,minor
ACC04242,20.600598957594045,81.80562047296684,2022-04-13,19:10:06,clear,urban,daylight,moderate,bus,27.4,53,minor
ACC04243,22.213548988188645,82.50689049204922,2025-01-12,19:36:11,clear,urban,night_unlit,low,bus,55.4,50,fatal
ACC04244,14.233644572579985,85.25241214842482,2026-03-06,14:15:07,clear,highway,night_lit,moderate,motorcycle,99.8,90,severe
ACC04245,20.845791576563148,78.7317165375501,2025-11-20,14:14:47,clear,highway,daylight,heavy,auto,89.5,91,minor
ACC04246,15.164273946532234,80.7721244983515,2023-10-28,12:17:46,heavy_rain,rural,daylight,heavy,car,68.9,69,minor
ACC04247,25.515680926097094,81.25696600974108,2024-03-27,11:07:08,clear,urban,night_lit,low,truck,24.7,47,moderate
ACC04248,25.362583932541277,76.9927245328051,2022-09-25,20:38:10,clear,highway,daylight,low,truck,93.6,86,minor
ACC04249,18.87406553597507,72.86120643906578,2022-04-26,10:15:39,clear,rural,daylight,heavy,truck,123.6,71,minor
ACC04250,27.467891048204862,72.06761481928167,2025-06-11,12:39:53,cloudy,highway,night_lit,moderate,motorcycle,98.7,100,minor
ACC04251,27.676381991195868,85.37800665789639,2023-12-05,10:49:46,rain,urban,daylight,moderate,car,30.5,38,severe
ACC04252,14.068017423161912,75.20370916035819,2024-03-26,17:28:10,rain,rural,dusk_dawn,heavy,car,75.5,79,minor
ACC04253,17.88342087731948,82.08407462654617,2023-07-18,19:54:23,cloudy,highway,night_lit,low,motorcycle,126.2,96,minor
ACC04254,21.605143520746314,81.23275965830271,2023-05-30,08:11:03,clear,highway,daylight,heavy,motorcycle,79.3,88,moderate
ACC04255,13.35740495330311,78.39412922784831,2026-06-07,09:57:14,clear,urban,daylight,moderate,motorcycle,28.8,58,minor
ACC04256,18.122488061026193,85.33589293921014,2025-09-02,07:19:33,storm,rural,dusk_dawn,heavy,motorcycle,63.4,74,minor
ACC04257,16.178753344265452,83.17442553109406,2025-02-09,08:18:20,clear,rural,night_unlit,moderate,motorcycle,57.7,51,fatal
ACC04258,27.232803535467266,72.36386341502677,2023-10-01,12:58:36,clear,rural,daylight,heavy,car,30.2,60,severe
ACC04259,18.58537316530353,84.42710517370696,2025-03-30,18:27:17,cloudy,highway,dusk_dawn,moderate,car,112.8,92,minor
ACC04260,24.2027337367602,80.1119810880282,2023-07-12,15:44:33,clear,highway,night_lit,low,bus,117.5,86,minor
ACC04261,18.18728581619478,77.55230862532555,2024-04-26,05:48:37,clear,urban,night_lit,moderate,truck,28.3,41,severe
ACC04262,14.108993126701368,83.63015450418685,2022-08-27,16:26:11,fog,rural,daylight,heavy,motorcycle,50.6,58,minor
ACC04263,25.81042448257356,82.97705007434031,2025-03-10,18:19:02,clear,highway,dusk_dawn,moderate,motorcycle,138.4,93,moderate
ACC04264,12.006670670449662,76.96941180590318,2022-04-10,12:29:20,clear,highway,dusk_dawn,moderate,car,85.1,93,minor
ACC04265,12.8950539835912,87.7286219439661,2025-04-01,09:23:02,clear,highway,night_lit,low,car,76.0,78,moderate
ACC04266,17.830150494352694,82.37933578738806,2024-09-18,18:24:09,clear,highway,dusk_dawn,moderate,truck,134.8,65,minor
ACC04267,22.990372088299786,81.69247539926229,2022-04-19,02:14:17,fog,urban,night_lit,moderate,car,57.5,48,moderate
ACC04268,17.467268724652413,73.11808581570835,2024-04-11,19:54:20,rain,expressway,dusk_dawn,moderate,car,136.1,97,severe
ACC04269,13.0610050819356,76.4691004855158,2023-01-01,18:34:16,heavy_rain,highway,dusk_dawn,heavy,motorcycle,122.3,62,severe
ACC04270,17.08544053974638,79.15158403722306,2024-02-21,20:47:03,heavy_rain,urban,dusk_dawn,low,truck,22.2,48,severe
ACC04271,15.919693743842597,82.09001126895483,2022-01-22,06:39:10,cloudy,urban,night_lit,moderate,motorcycle,60.4,58,moderate
ACC04272,12.086716797091167,80.20421809168604,2025-03-31,07:21:52,cloudy,urban,dusk_dawn,moderate,motorcycle,60.4,49,minor
ACC04273,20.55683061088643,84.20852693554227,2024-04-17,20:19:43,cloudy,highway,night_unlit,low,bus,91.0,71,fatal
ACC04274,13.866334635906977,76.20108339948644,2023-08-18,13:58:26,rain,highway,night_lit,moderate,bus,137.7,82,fatal
ACC04275,16.599940620746658,83.23451192451975,2025-12-09,12:01:01,rain,highway,daylight,heavy,motorcycle,106.7,71,minor
ACC04276,22.259037283558634,85.0655527502586,2024-11-24,15:17:21,cloudy,rural,daylight,low,car,28.4,56,fatal
ACC04277,23.601851021167633,84.24079960932725,2024-09-27,05:44:55,cloudy,urban,night_unlit,low,motorcycle,32.0,43,fatal
ACC04278,16.215290029696362,84.33354535340854,2022-08-30,16:32:48,rain,urban,night_lit,moderate,bus,48.4,56,minor
ACC04279,17.267098737043746,86.21611291619465,2024-04-01,21:36:45,clear,urban,night_lit,moderate,truck,30.6,50,moderate
ACC04280,15.950547810039444,73.34685667968783,2025-02-24,17:01:14,cloudy,highway,daylight,heavy,auto,77.5,79,minor
ACC04281,27.310217605059073,83.15506514198565,2026-03-01,13:13:24,cloudy,highway,night_lit,heavy,motorcycle,126.0,68,minor
ACC04282,15.048315631798445,87.49885121786338,2024-09-19,22:35:01,cloudy,highway,daylight,moderate,car,98.5,98,minor
ACC04283,14.93088965813882,81.17841039799261,2022-10-10,17:18:51,cloudy,highway,daylight,low,motorcycle,64.6,77,minor
ACC04284,19.120564733304512,75.47706099175028,2025-01-18,05:28:06,rain,highway,night_lit,low,bus,122.2,87,severe
ACC04285,15.028901747209106,87.9800608923874,2022-05-03,17:57:37,rain,expressway,dusk_dawn,moderate,car,125.3,93,minor
ACC04286,14.50733530056973,74.79483668514366,2023-05-29,05:38:16,clear,expressway,night_unlit,moderate,motorcycle,128.5,83,severe
ACC04287,13.534072603217368,77.36892315799776,2026-02-15,10:37:34,clear,rural,daylight,low,motorcycle,28.7,62,fatal
ACC04288,22.242739969731993,74.75299501467468,2025-08-09,16:11:49,clear,urban,daylight,heavy,motorcycle,37.9,41,moderate
ACC04289,21.793316078430337,79.4322059000011,2026-01-22,08:35:18,clear,urban,daylight,heavy,motorcycle,66.7,31,severe
ACC04290,22.40260627004746,78.70201615377533,2023-08-02,04:57:01,clear,urban,night_unlit,heavy,motorcycle,50.4,52,moderate
ACC04291,24.372800128150338,79.85985434416916,2025-01-26,16:38:39,rain,urban,daylight,moderate,bus,77.9,54,minor
ACC04292,17.221728204681213,86.84773440088688,2025-02-23,09:47:31,rain,highway,daylight,heavy,car,73.0,82,severe
ACC04293,26.694779737790746,79.6531901733476,2023-02-08,15:57:08,clear,expressway,night_unlit,low,truck,86.9,92,moderate
ACC04294,23.731273777100096,80.23402121941831,2026-03-28,09:54:02,heavy_rain,rural,night_unlit,heavy,car,60.2,76,moderate
ACC04295,24.87533741729899,86.18691369469549,2026-05-12,17:20:31,clear,highway,night_lit,moderate,car,123.3,92,minor
ACC04296,23.53539462122738,85.08412790423732,2022-07-01,20:17:36,rain,urban,night_unlit,moderate,car,76.3,40,fatal
ACC04297,17.73529032692099,75.8355524996071,2025-06-10,06:16:06,cloudy,rural,dusk_dawn,low,car,132.5,49,minor
ACC04298,16.52851980900216,72.2068152836616,2024-01-06,18:46:35,rain,expressway,dusk_dawn,moderate,motorcycle,120.9,87,severe
ACC04299,18.760273113264226,82.07199347523282,2025-01-11,08:22:26,clear,urban,night_lit,low,car,33.0,48,fatal
ACC04300,13.552485768533735,85.51759718140032,2024-06-29,10:49:08,clear,urban,daylight,low,car,68.8,52,minor
ACC04301,19.220488025055154,80.8456018017664,2023-01-02,11:48:36,clear,highway,daylight,moderate,bus,130.9,83,moderate
ACC04302,12.690255729523837,75.37883072020553,2022-06-07,08:39:38,rain,urban,daylight,low,truck,40.5,53,minor
ACC04303,12.063135360435112,83.86168145080491,2024-04-22,06:07:09,heavy_rain,highway,dusk_dawn,low,auto,103.8,88,moderate
ACC04304,26.903983031595082,82.71262852178032,2025-10-06,18:42:40,cloudy,highway,dusk_dawn,heavy,truck,84.9,94,minor
ACC04305,23.029389769406286,81.04052059853684,2025-09-12,18:12:13,rain,urban,dusk_dawn,low,motorcycle,43.0,58,moderate
ACC04306,20.9895511530555,85.81337878433574,2023-03-28,23:33:35,clear,urban,night_unlit,moderate,motorcycle,55.7,48,fatal
ACC04307,17.457632630768927,84.54787764702452,2025-11-13,21:13:48,rain,rural,night_unlit,low,auto,24.6,62,severe
ACC04308,21.128608234961185,82.68723346276448,2023-08-08,13:03:56,rain,urban,night_unlit,heavy,motorcycle,50.3,40,moderate
ACC04309,26.26521242141331,82.63613870437149,2024-07-10,07:38:15,cloudy,highway,dusk_dawn,heavy,motorcycle,92.8,86,severe
ACC04310,22.438082143101834,82.5952421487724,2023-06-17,01:27:20,cloudy,urban,night_unlit,moderate,car,76.1,44,moderate
ACC04311,21.63971196725607,80.40263591866503,2024-05-08,15:38:05,clear,rural,night_unlit,heavy,car,138.4,41,moderate
ACC04312,19.36327204754685,79.42274631430155,2024-05-19,19:29:58,clear,urban,dusk_dawn,moderate,truck,74.3,45,minor
ACC04313,17.531152490413728,83.35360735197952,2025-02-19,09:22:19,clear,urban,daylight,moderate,car,46.9,35,minor
ACC04314,23.176753822747386,81.7679117035237,2024-02-14,08:00:48,rain,highway,daylight,low,car,83.5,86,moderate
ACC04315,27.69569505625303,79.83968899680869,2024-05-17,13:16:56,rain,highway,night_lit,heavy,truck,111.4,97,minor
ACC04316,18.796123096329442,74.02658166257666,2024-12-05,20:52:28,clear,expressway,night_unlit,heavy,truck,99.6,80,severe
ACC04317,18.275283264227212,83.23086061845065,2023-11-17,13:45:41,fog,highway,daylight,low,bus,105.4,89,fatal
ACC04318,18.849815557840678,82.33597712924745,2024-05-11,17:27:28,rain,highway,daylight,low,truck,113.8,62,severe
ACC04319,18.808703488795544,77.47597481557605,2022-05-21,13:01:34,cloudy,highway,night_lit,moderate,car,79.1,92,moderate
ACC04320,27.84999637389592,77.70117065944123,2025-11-29,11:59:14,storm,urban,night_lit,low,motorcycle,69.6,37,moderate
ACC04321,23.30845212014945,75.94755814616404,2022-07-26,13:44:50,heavy_rain,rural,dusk_dawn,moderate,car,66.7,61,minor
ACC04322,17.74695118736947,87.39064410184031,2025-12-04,18:01:07,clear,urban,dusk_dawn,heavy,car,74.8,36,minor
ACC04323,17.94403798122756,85.76322180589956,2025-06-02,18:12:39,fog,rural,dusk_dawn,heavy,bus,43.0,42,fatal
ACC04324,18.89275079590489,80.97678447059548,2026-04-06,13:10:55,cloudy,highway,daylight,moderate,truck,131.6,95,fatal
ACC04325,12.587395001287195,78.42645034493623,2022-02-10,09:54:48,clear,highway,daylight,low,car,63.7,84,severe
ACC04326,20.445062432340002,83.78920421914277,2022-12-23,07:57:45,clear,expressway,dusk_dawn,moderate,motorcycle,79.6,93,moderate
ACC04327,24.982095224364237,80.44365081801595,2022-03-27,00:24:39,rain,urban,night_lit,heavy,auto,63.4,46,severe
ACC04328,22.56908469132017,87.61361654264182,2023-11-17,07:10:56,storm,rural,dusk_dawn,heavy,motorcycle,86.3,75,minor
ACC04329,15.174733548184665,72.88196182275448,2026-01-25,08:38:51,cloudy,urban,daylight,heavy,car,61.9,43,moderate
ACC04330,23.648547862053917,72.54857174485561,2025-06-12,17:16:16,cloudy,highway,night_unlit,heavy,car,70.0,92,moderate
ACC04331,23.511337701312485,81.09777628757398,2025-03-01,19:07:37,clear,expressway,dusk_dawn,moderate,motorcycle,92.9,88,moderate
ACC04332,16.200627450383955,75.2524675630225,2025-10-25,18:15:25,rain,highway,dusk_dawn,low,motorcycle,135.6,63,minor
ACC04333,21.96599450971096,81.66886661680309,2022-01-07,17:15:15,clear,urban,dusk_dawn,heavy,truck,53.9,46,moderate
ACC04334,21.775184529950977,84.50276845675484,2025-07-17,23:03:49,cloudy,highway,night_lit,moderate,car,126.2,100,minor
ACC04335,25.436601981698907,74.20975617895796,2023-05-28,22:42:02,cloudy,urban,daylight,heavy,motorcycle,61.5,32,severe
ACC04336,14.17715698933506,79.04973158703245,2025-02-08,09:21:07,clear,urban,dusk_dawn,heavy,car,28.9,55,moderate
ACC04337,15.117416072184364,83.01867333518969,2025-06-07,07:33:06,fog,highway,dusk_dawn,low,car,99.5,95,moderate
ACC04338,19.775512060284882,85.34181713076754,2025-01-31,07:33:12,storm,expressway,dusk_dawn,low,car,92.2,84,fatal
ACC04339,12.706322382276912,79.94150544058172,2023-11-17,20:46:30,cloudy,highway,night_unlit,heavy,motorcycle,63.1,65,fatal
ACC04340,18.649507161627305,75.29845739049634,2024-10-01,07:45:56,rain,urban,dusk_dawn,moderate,motorcycle,32.4,57,severe
ACC04341,24.611504671995572,81.37278808937013,2024-02-09,11:33:58,rain,highway,night_unlit,low,car,99.2,86,severe
ACC04342,14.379430303743971,79.2722730996,2024-10-28,15:50:54,clear,urban,night_unlit,moderate,auto,42.1,54,moderate
ACC04343,19.3591797909844,84.35080683207177,2024-01-24,16:34:45,clear,urban,night_unlit,low,car,76.6,51,severe
ACC04344,27.836307734119114,80.88921702724717,2023-10-10,16:01:27,rain,urban,daylight,moderate,truck,37.9,42,severe
ACC04345,20.09472021479783,76.47076551952689,2022-11-28,18:51:46,cloudy,urban,daylight,moderate,bus,27.7,33,moderate
ACC04346,19.97318118595345,84.07028671553901,2023-09-29,15:46:16,rain,rural,night_unlit,moderate,car,96.7,55,severe
ACC04347,20.94069733958669,80.28395220739135,2025-03-30,19:25:39,cloudy,expressway,night_lit,heavy,car,80.4,95,moderate
ACC04348,14.97606992532386,74.84074483645324,2025-11-29,06:23:00,rain,rural,dusk_dawn,low,car,130.7,49,moderate
ACC04349,14.354622122975108,81.00915717027192,2022-06-19,19:53:54,clear,highway,dusk_dawn,heavy,bus,60.1,94,minor
ACC04350,22.837674065841735,87.17312095753397,2022-10-28,16:25:58,clear,rural,daylight,heavy,motorcycle,131.1,48,minor
ACC04351,18.33226895849232,83.28826017500378,2024-04-12,08:22:44,clear,highway,daylight,heavy,car,127.6,90,severe
ACC04352,16.638506051447614,76.78085378332766,2025-02-27,22:43:10,cloudy,highway,night_unlit,heavy,car,117.8,70,fatal
ACC04353,12.502265918718361,83.37397080468573,2022-10-07,21:19:15,rain,urban,night_lit,low,car,47.8,35,minor
ACC04354,25.536807954855718,76.52170097603486,2023-06-18,19:24:44,rain,urban,dusk_dawn,moderate,motorcycle,40.4,40,severe
ACC04355,12.517261853517324,80.6830214006602,2022-03-18,20:46:29,cloudy,urban,night_lit,low,truck,79.4,37,severe
ACC04356,23.99972998533311,80.42553222060084,2022-03-28,11:13:32,cloudy,urban,daylight,moderate,motorcycle,43.2,39,minor
ACC04357,18.111816943977296,75.95825406258886,2022-08-24,08:00:24,clear,urban,daylight,low,car,53.8,45,minor
ACC04358,21.5790049680744,77.56609919807708,2025-04-12,08:20:50,cloudy,expressway,dusk_dawn,low,truck,135.2,84,moderate
ACC04359,15.962848011042597,87.07490327657673,2025-11-28,20:10:09,fog,highway,night_lit,heavy,bus,97.5,69,severe
ACC04360,14.48639465971317,76.00957658264694,2024-03-30,19:21:26,clear,urban,night_unlit,heavy,motorcycle,77.9,43,severe
ACC04361,20.53420801335916,84.81643269809578,2022-10-17,22:04:13,rain,highway,night_unlit,moderate,truck,99.7,62,fatal
ACC04362,23.129883119266296,82.67792928019423,2026-02-21,19:35:41,clear,highway,dusk_dawn,moderate,bus,104.9,82,minor
ACC04363,15.127892719122345,80.52206612041223,2023-04-03,16:30:17,clear,expressway,dusk_dawn,heavy,motorcycle,130.6,83,minor
ACC04364,18.981743158921027,74.20023791144261,2022-09-12,07:16:17,rain,highway,dusk_dawn,heavy,car,76.5,70,moderate
ACC04365,19.11447952466233,75.27313204330204,2022-08-15,08:37:10,rain,highway,daylight,low,motorcycle,65.5,83,moderate
ACC04366,15.455666385271405,74.86364197744646,2023-08-03,13:08:51,cloudy,urban,night_lit,low,car,73.5,60,moderate
ACC04367,21.040791140034095,81.38870814358003,2025-04-22,18:00:13,heavy_rain,highway,dusk_dawn,heavy,car,113.1,66,severe
ACC04368,14.33497098850721,87.57413114749565,2023-10-15,08:28:52,rain,urban,daylight,low,truck,74.2,33,minor
ACC04369,20.155986773097283,86.03582820439992,2024-01-02,20:09:54,cloudy,expressway,night_unlit,heavy,bus,100.7,83,fatal
ACC04370,13.814904181855992,72.40403012687324,2023-07-13,17:51:57,clear,rural,night_lit,moderate,motorcycle,137.4,50,severe
ACC04371,19.7686785416822,76.37962599139755,2026-03-30,10:18:20,clear,urban,night_lit,moderate,bus,67.5,51,severe
ACC04372,16.985584878008908,74.51611934299235,2025-01-27,20:25:39,cloudy,urban,night_lit,low,auto,41.7,36,minor
ACC04373,19.23594067330456,87.61084547036643,2024-12-26,16:17:49,rain,rural,dusk_dawn,heavy,truck,96.3,61,moderate
ACC04374,18.939989751090785,75.76976375356504,2023-12-20,17:26:04,clear,highway,daylight,moderate,bus,107.4,76,minor
ACC04375,26.526929965097487,75.2210109606207,2024-05-22,12:05:03,clear,rural,night_lit,heavy,bus,123.6,53,minor
ACC04376,19.838969599303404,81.93400469731614,2025-12-24,12:56:12,clear,urban,dusk_dawn,moderate,car,66.4,38,minor
ACC04377,25.09598246202999,80.89898533719658,2024-12-14,01:10:58,clear,rural,night_unlit,heavy,auto,101.6,42,severe
ACC04378,15.610438286587444,75.61362374049976,2025-08-29,15:23:05,cloudy,highway,daylight,low,auto,131.0,71,fatal
ACC04379,17.63332471414814,82.72583783259587,2022-03-08,18:50:45,rain,rural,daylight,low,car,68.1,48,minor
ACC04380,13.201430090131055,73.55211538071502,2025-11-12,22:25:50,rain,rural,night_unlit,heavy,motorcycle,87.6,68,fatal
ACC04381,18.731964717143896,72.30990505649427,2026-04-10,20:42:54,storm,urban,night_unlit,low,car,55.9,43,fatal
ACC04382,22.699198193198896,73.31863665130155,2025-01-02,06:04:31,rain,highway,night_unlit,low,motorcycle,132.5,65,moderate
ACC04383,25.410672545750337,77.83789161561236,2026-04-20,22:17:31,clear,highway,night_lit,low,motorcycle,90.3,97,minor
ACC04384,21.05463858878648,87.60026124599707,2024-07-21,07:45:44,rain,rural,dusk_dawn,heavy,car,122.2,52,moderate
ACC04385,22.241162713489256,80.75595198094982,2023-03-30,04:15:38,rain,urban,daylight,heavy,motorcycle,41.8,60,minor
ACC04386,14.83627324187117,84.07561764824747,2024-09-22,18:24:47,cloudy,expressway,dusk_dawn,heavy,motorcycle,115.1,97,moderate
ACC04387,12.59529661173503,77.14393203570495,2024-10-28,20:04:21,cloudy,urban,night_unlit,low,car,51.9,59,minor
ACC04388,24.667010322837058,83.50942504773326,2022-08-26,21:30:56,cloudy,highway,daylight,moderate,truck,99.4,64,severe
ACC04389,14.672611319060582,87.45889916995772,2022-11-28,19:20:25,clear,rural,dusk_dawn,moderate,auto,60.6,46,minor
ACC04390,13.458712568524039,77.72417424451285,2023-04-24,08:51:14,clear,rural,night_lit,heavy,car,107.5,64,moderate
ACC04391,27.000997134505525,87.9849509557604,2024-06-17,07:23:45,clear,urban,daylight,moderate,motorcycle,71.9,55,moderate
ACC04392,27.416341824946826,82.21455921650666,2022-09-01,05:49:37,cloudy,rural,night_unlit,moderate,car,23.7,41,severe
ACC04393,21.860116665639914,83.97746259943558,2025-06-19,16:54:02,heavy_rain,highway,daylight,low,car,104.5,86,moderate
ACC04394,18.058196362996696,76.0346758215704,2022-06-29,14:50:09,clear,highway,night_lit,moderate,motorcycle,125.0,78,moderate
ACC04395,25.331832655424833,82.28945230683587,2026-03-24,07:44:02,clear,highway,daylight,heavy,car,82.4,83,severe
ACC04396,15.275519349366599,80.17610002339819,2025-01-14,13:35:34,rain,highway,night_unlit,moderate,motorcycle,67.3,71,severe
ACC04397,18.870277238874912,87.30244232763897,2023-07-11,15:28:52,heavy_rain,urban,night_unlit,moderate,car,23.9,31,severe
ACC04398,17.712276784009628,86.47480076463225,2023-09-04,17:04:19,cloudy,highway,night_unlit,moderate,truck,114.6,95,moderate
ACC04399,26.603199851866904,78.34676158280124,2025-02-12,12:08:06,clear,rural,night_lit,low,car,54.1,65,moderate
ACC04400,26.71643864579638,87.14991602461174,2022-05-26,10:22:51,cloudy,highway,night_lit,moderate,bus,84.4,74,moderate
ACC04401,22.414174821178662,86.15700084400015,2025-03-22,17:39:43,rain,urban,daylight,heavy,motorcycle,73.9,43,severe
ACC04402,13.77184224436307,81.44614160590623,2024-06-25,17:00:32,rain,urban,night_lit,low,car,62.6,55,moderate
ACC04403,19.71508463453284,73.31388654063264,2022-12-30,09:56:11,clear,highway,daylight,moderate,car,83.8,96,minor
ACC04404,15.925253859584908,74.57264385055261,2026-01-13,02:59:40,heavy_rain,urban,night_lit,heavy,motorcycle,39.6,51,minor
ACC04405,26.15865061095171,73.2299879147808,2024-10-29,21:04:21,rain,expressway,night_unlit,moderate,bus,70.0,89,moderate
ACC04406,14.21444478425923,73.72788983438498,2022-09-26,18:05:14,rain,expressway,dusk_dawn,moderate,motorcycle,136.1,91,moderate
ACC04407,12.868964413771318,87.63123799028924,2024-12-12,08:50:17,clear,highway,daylight,heavy,motorcycle,126.7,75,moderate
ACC04408,23.270864536801252,75.39467678745844,2023-11-07,15:11:03,heavy_rain,urban,daylight,moderate,truck,44.1,41,severe
ACC04409,19.252577199490446,83.0536733174506,2025-06-08,16:10:29,cloudy,highway,dusk_dawn,low,car,118.5,99,severe
ACC04410,25.41383820164935,82.18445212292431,2024-03-19,07:11:45,clear,urban,night_lit,moderate,truck,45.9,33,moderate
ACC04411,13.194074098708988,82.09831783764807,2026-06-30,08:42:49,clear,highway,night_unlit,low,car,103.5,90,fatal
ACC04412,24.81721812172548,75.30726399353648,2026-03-03,22:07:43,clear,expressway,night_unlit,moderate,truck,62.3,97,severe
ACC04413,12.597356045506533,81.26954551015375,2022-03-08,14:11:52,clear,urban,daylight,heavy,bus,46.0,44,severe
ACC04414,12.449120190623312,82.00861359335923,2023-11-06,08:23:57,clear,highway,daylight,low,car,137.7,95,moderate
ACC04415,19.381052027696477,81.12648506632178,2022-11-29,18:36:13,clear,expressway,dusk_dawn,heavy,car,75.7,88,moderate
ACC04416,15.540660634890429,74.97859947641086,2024-01-10,13:59:26,cloudy,urban,dusk_dawn,heavy,truck,21.2,60,minor
ACC04417,21.49949931210449,83.56896955319534,2022-08-27,16:14:20,rain,highway,night_lit,low,truck,117.2,64,minor
ACC04418,12.413071907383527,73.17189059066418,2024-05-29,10:15:41,rain,rural,night_lit,moderate,motorcycle,83.1,50,moderate
ACC04419,12.566232677807657,81.45920018911394,2022-09-11,05:32:50,cloudy,urban,daylight,low,motorcycle,30.9,39,severe
ACC04420,23.63437593875105,78.98014931842101,2024-10-20,08:25:53,clear,urban,daylight,heavy,car,46.1,34,moderate
ACC04421,15.362642599876986,76.00458549012917,2024-01-16,22:36:05,cloudy,highway,night_unlit,moderate,truck,103.8,93,moderate
ACC04422,22.502673978571735,84.91822382441822,2026-06-19,16:14:30,rain,highway,night_lit,heavy,car,82.5,89,severe
ACC04423,23.998754584012136,74.81428106675494,2025-12-13,19:37:07,rain,highway,night_lit,heavy,motorcycle,96.5,61,moderate
ACC04424,12.949298651599479,86.92770815836721,2024-09-12,02:55:19,clear,rural,night_unlit,moderate,car,27.8,61,minor
ACC04425,24.31606327142783,86.153040453139,2024-01-07,18:40:28,fog,highway,dusk_dawn,heavy,car,106.1,62,moderate
ACC04426,16.294739487380575,77.76940075459333,2025-03-21,14:44:37,rain,urban,night_unlit,low,truck,25.4,55,severe
ACC04427,18.232735331195972,76.8824468937375,2025-01-02,17:04:47,heavy_rain,expressway,daylight,low,motorcycle,116.2,85,fatal
ACC04428,13.386227076725067,74.19978693470243,2022-08-17,11:54:59,rain,expressway,daylight,moderate,motorcycle,119.6,100,minor
ACC04429,25.418079733837644,86.6612450549433,2023-09-11,16:42:20,cloudy,rural,daylight,heavy,bus,43.7,68,minor
ACC04430,20.971660581212223,82.04050974117236,2026-06-18,03:37:33,fog,rural,daylight,low,motorcycle,90.8,58,moderate
ACC04431,20.074644445554753,72.50853731429444,2023-06-09,04:09:04,heavy_rain,expressway,night_unlit,moderate,truck,62.8,92,fatal
ACC04432,27.496876974444092,80.17599063298577,2022-01-22,18:33:06,rain,rural,dusk_dawn,heavy,bus,106.2,44,minor
ACC04433,17.352092159050734,73.37278316527019,2025-10-01,07:40:58,heavy_rain,urban,night_lit,low,truck,28.4,56,moderate
ACC04434,26.252468583627135,81.18001095924546,2026-03-12,01:37:56,heavy_rain,highway,night_unlit,moderate,car,129.7,82,severe
ACC04435,23.51500609703367,80.143387493133,2024-12-12,20:07:56,rain,highway,night_lit,low,car,117.6,86,moderate
ACC04436,26.85645017363582,73.32553672804355,2024-11-08,09:02:15,clear,urban,night_lit,low,motorcycle,75.7,54,minor
ACC04437,26.524832844199356,85.05376948986836,2023-07-31,16:28:39,cloudy,highway,night_lit,moderate,car,122.6,76,minor
ACC04438,27.856476880417112,76.19707483466044,2023-08-14,19:43:13,cloudy,highway,night_unlit,heavy,car,87.8,97,minor
ACC04439,14.106828032594521,80.66374982666719,2026-02-10,18:23:40,rain,highway,dusk_dawn,low,car,115.5,62,moderate
ACC04440,24.73626227346552,82.22462202608855,2025-11-09,05:41:29,cloudy,urban,night_lit,moderate,car,54.0,44,moderate
ACC04441,24.87190967916005,87.39687253720267,2024-03-29,15:58:56,cloudy,urban,daylight,heavy,motorcycle,74.3,44,minor
ACC04442,22.30997645085579,79.90098708607754,2023-05-30,15:53:22,storm,highway,dusk_dawn,moderate,car,109.0,74,moderate
ACC04443,16.461775331811232,86.67705235660678,2022-11-06,11:37:38,cloudy,urban,night_lit,moderate,car,59.0,53,minor
ACC04444,27.44237234605304,77.67771746156318,2022-01-18,18:43:39,clear,highway,dusk_dawn,moderate,truck,87.1,63,severe
ACC04445,15.270754206243353,85.71899522639993,2024-03-04,22:05:47,rain,urban,daylight,heavy,bus,41.4,32,minor
ACC04446,19.993206053735022,75.77321963122267,2024-06-28,07:05:03,clear,highway,dusk_dawn,heavy,motorcycle,73.4,100,severe
ACC04447,20.34379380510698,83.31967619896669,2025-01-12,07:42:27,clear,urban,night_lit,low,bus,68.7,40,moderate
ACC04448,14.589269517376621,73.41779190007995,2025-08-14,18:48:27,cloudy,rural,dusk_dawn,moderate,car,63.9,69,minor
ACC04449,23.560461157331854,87.77680570693855,2023-08-26,13:11:13,fog,highway,daylight,moderate,truck,106.6,77,severe
ACC04450,13.421874626883836,87.26298239779788,2022-10-01,18:35:48,clear,rural,dusk_dawn,moderate,motorcycle,116.3,71,minor
ACC04451,23.089564461547376,79.07541821627804,2025-10-17,07:17:49,clear,rural,night_lit,moderate,motorcycle,129.6,51,minor
ACC04452,25.57784794065019,80.38296348784405,2025-06-05,04:06:04,cloudy,expressway,night_lit,heavy,truck,121.6,93,minor
ACC04453,17.590342801318393,81.56439779708836,2024-05-25,17:22:41,rain,rural,daylight,heavy,truck,72.7,65,minor
ACC04454,23.350732937587203,76.40060095503472,2022-03-06,23:26:51,clear,urban,night_lit,moderate,car,54.7,32,severe
ACC04455,14.508384130365597,82.79154296328261,2024-02-08,06:46:17,cloudy,highway,dusk_dawn,low,motorcycle,87.6,61,moderate
ACC04456,25.53518402324606,83.17699114567226,2024-10-13,19:51:37,rain,highway,dusk_dawn,moderate,truck,129.4,98,minor
ACC04457,27.232507176851595,80.40122387720442,2025-11-11,11:56:37,storm,highway,daylight,moderate,motorcycle,129.5,90,severe
ACC04458,14.44309909599643,74.36385107976348,2024-04-14,01:06:01,clear,urban,night_lit,moderate,car,51.6,45,moderate
ACC04459,23.069751583557313,86.7069751022656,2024-01-31,14:55:48,cloudy,expressway,dusk_dawn,heavy,car,121.0,86,fatal
ACC04460,20.093297544904413,73.84072131752984,2023-09-16,09:31:45,rain,highway,daylight,heavy,car,70.2,78,moderate
ACC04461,20.503989309318058,82.06675469936818,2023-11-12,17:10:16,clear,urban,night_lit,heavy,motorcycle,25.5,58,minor
ACC04462,23.30383549761101,73.64941754575608,2022-01-27,09:38:18,rain,expressway,night_unlit,heavy,motorcycle,101.1,99,minor
ACC04463,19.819847989382996,74.33761134612676,2022-06-20,14:03:46,clear,highway,daylight,moderate,car,138.6,84,severe
ACC04464,21.60522227228347,72.32861302446126,2025-05-26,08:27:48,clear,highway,daylight,moderate,truck,80.8,91,severe
ACC04465,15.694416310582035,77.81382534170815,2023-08-19,19:49:04,clear,highway,daylight,heavy,truck,62.9,70,minor
ACC04466,18.056105543818084,82.2333210307526,2025-10-29,21:58:21,clear,highway,night_lit,moderate,car,101.5,68,severe
ACC04467,25.843845601144032,80.34470751572596,2023-10-14,12:17:37,rain,urban,dusk_dawn,low,car,32.3,48,minor
ACC04468,13.75844018637417,82.79262641997578,2026-06-25,13:10:07,rain,urban,night_lit,low,bus,22.4,31,minor
ACC04469,21.56120417493824,82.80030177393525,2022-10-24,23:34:59,rain,urban,night_unlit,heavy,bus,25.1,42,minor
ACC04470,14.948592995758244,74.24277990390782,2022-11-05,07:09:12,rain,highway,dusk_dawn,moderate,auto,81.3,94,fatal
ACC04471,25.544633566773953,72.91739845474746,2024-08-23,19:58:51,clear,urban,dusk_dawn,heavy,truck,73.5,48,minor
ACC04472,21.2647032616568,82.00573024695471,2025-08-10,15:19:03,fog,highway,daylight,moderate,bus,119.2,69,moderate
ACC04473,18.448780522724338,82.45158887960389,2022-08-25,20:11:52,heavy_rain,urban,night_lit,low,car,67.5,44,severe
ACC04474,15.997194778429087,80.90725976226727,2024-04-05,09:14:02,clear,highway,night_unlit,heavy,car,135.3,87,severe
ACC04475,18.98951518703415,75.93219946118514,2023-01-03,10:22:40,rain,rural,night_lit,heavy,car,38.3,41,moderate
ACC04476,27.321797214747875,84.97224347171607,2025-04-25,10:44:21,rain,urban,night_lit,low,motorcycle,33.3,44,severe
ACC04477,20.147348635897927,73.21097624794011,2024-07-10,01:52:27,cloudy,highway,night_unlit,low,car,94.5,94,minor
ACC04478,19.511832507197763,82.11698862914174,2024-12-10,08:44:06,clear,urban,night_lit,moderate,motorcycle,34.5,60,moderate
ACC04479,23.940381016004945,73.92658457406995,2023-03-18,23:38:40,clear,urban,night_lit,low,car,49.4,36,minor
ACC04480,18.064753133310507,82.47116346293167,2023-04-20,09:16:37,storm,rural,night_lit,moderate,motorcycle,78.3,52,severe
ACC04481,18.838783198092706,78.68361260517594,2024-11-16,02:56:19,rain,expressway,night_unlit,heavy,bus,123.9,86,severe
ACC04482,17.391163705145907,83.48964888700274,2023-08-03,09:59:28,rain,highway,daylight,low,truck,117.2,62,moderate
ACC04483,14.414716085270262,72.83507523963095,2025-02-07,12:37:33,heavy_rain,urban,night_lit,moderate,motorcycle,39.8,44,moderate
ACC04484,23.42094742724241,80.88132781568589,2022-09-10,15:46:41,clear,highway,night_unlit,low,car,113.7,71,fatal
ACC04485,25.96849462213798,74.31804638208128,2023-05-10,06:18:32,fog,rural,night_unlit,moderate,car,60.6,74,minor
ACC04486,26.48948238788425,82.91810610576758,2022-06-16,18:26:03,cloudy,highway,dusk_dawn,moderate,motorcycle,62.6,62,minor
ACC04487,26.092847008604473,73.91929010098691,2022-05-24,19:48:32,rain,urban,night_lit,low,car,53.3,41,moderate
ACC04488,19.228540839007884,73.17733316723081,2023-03-07,08:25:20,clear,rural,daylight,heavy,truck,67.6,43,minor
ACC04489,16.54505907525114,83.4099647709378,2024-03-14,18:45:24,clear,urban,dusk_dawn,heavy,auto,33.0,34,minor
ACC04490,22.206779993613175,73.01651095309252,2022-08-26,11:51:22,clear,rural,night_unlit,moderate,car,121.1,53,fatal
ACC04491,27.275278590496505,75.59249308690426,2022-06-02,12:56:21,clear,highway,night_unlit,heavy,car,118.0,86,fatal
ACC04492,23.63281037069768,85.19576315401075,2025-12-11,21:17:14,clear,expressway,night_unlit,low,car,122.2,100,fatal
ACC04493,19.917576985442505,84.95501292493162,2024-04-26,20:28:19,clear,rural,night_lit,moderate,truck,57.1,77,moderate
ACC04494,23.02093719221517,85.66601212449241,2025-03-20,11:23:42,cloudy,urban,daylight,heavy,car,44.4,60,minor
ACC04495,24.36060659927035,77.21759823341942,2025-04-07,14:30:13,heavy_rain,highway,night_lit,moderate,truck,66.0,67,severe
ACC04496,26.70830818124913,80.44876846000335,2022-06-16,09:44:45,clear,urban,daylight,heavy,motorcycle,75.0,45,minor
ACC04497,24.211452063554468,84.37355764169843,2024-10-15,14:19:26,clear,urban,daylight,moderate,motorcycle,47.6,45,moderate
ACC04498,18.931048890174488,74.19176824017728,2025-11-14,17:13:36,cloudy,highway,night_lit,heavy,truck,132.6,60,moderate
ACC04499,16.377704295447746,83.5902540674515,2024-01-07,06:16:07,rain,expressway,daylight,low,car,97.0,93,minor
ACC04500,19.99810663567346,73.55978159031447,2025-11-16,21:45:12,cloudy,rural,night_unlit,low,truck,129.7,59,fatal
ACC04501,17.25084711368755,86.61200973802988,2026-04-03,17:59:54,storm,expressway,daylight,moderate,car,121.7,89,minor
ACC04502,27.084233483005022,82.19696292018601,2024-06-16,06:06:49,clear,highway,dusk_dawn,heavy,truck,115.8,93,minor
ACC04503,20.127453495199397,79.8928850030361,2022-06-17,19:58:04,cloudy,urban,dusk_dawn,low,bus,72.5,58,moderate
ACC04504,19.552901375424135,79.75566807467463,2024-10-10,18:01:54,heavy_rain,highway,dusk_dawn,low,car,124.0,61,fatal
ACC04505,17.571139490477805,74.90179276551856,2025-12-15,10:31:50,cloudy,highway,daylight,heavy,motorcycle,61.8,82,moderate
ACC04506,22.230511844665607,77.53467795927446,2024-08-09,14:08:08,cloudy,highway,night_lit,moderate,motorcycle,111.5,79,moderate
ACC04507,20.320820457935163,83.6339786450744,2025-08-06,19:57:14,fog,highway,dusk_dawn,moderate,car,85.4,72,minor
ACC04508,14.064782766372105,80.65509793367022,2024-05-29,22:45:10,clear,urban,daylight,low,motorcycle,51.9,38,minor
ACC04509,25.907324973287913,80.46889926560421,2023-11-21,09:21:51,clear,highway,night_lit,heavy,car,90.0,84,minor
ACC04510,17.744205314300775,75.12393431272928,2026-04-02,16:41:51,clear,highway,night_lit,heavy,truck,70.8,84,moderate
ACC04511,18.92125487933047,83.04579699125894,2022-09-09,19:50:43,rain,urban,dusk_dawn,heavy,motorcycle,45.6,37,minor
ACC04512,15.290672906617266,78.27254241698161,2024-01-05,23:13:15,heavy_rain,rural,night_unlit,low,motorcycle,60.0,49,severe
ACC04513,20.854371321886227,74.92405341501654,2022-09-13,06:38:55,clear,rural,dusk_dawn,moderate,truck,138.0,69,minor
ACC04514,23.232880998857325,87.10055602554127,2024-12-11,14:17:50,cloudy,urban,daylight,moderate,truck,50.6,56,moderate
ACC04515,26.098645130015033,80.10877994984968,2026-02-22,20:43:52,cloudy,highway,daylight,heavy,car,105.7,63,moderate
ACC04516,12.825722639556203,80.44858636019785,2026-06-27,00:34:21,clear,urban,night_lit,heavy,car,64.5,39,minor
ACC04517,27.573310555190055,87.7019505634369,2023-01-19,13:43:42,rain,urban,night_lit,heavy,car,79.9,43,moderate
ACC04518,23.261083872325706,77.86249819472789,2025-04-09,16:38:40,cloudy,highway,daylight,moderate,bus,117.7,63,moderate
ACC04519,16.54877895058428,87.0883309529992,2025-12-06,15:38:09,heavy_rain,highway,night_unlit,low,motorcycle,79.5,92,fatal
ACC04520,15.271596080223457,83.11880577816768,2025-09-30,17:05:34,rain,expressway,daylight,heavy,car,72.5,95,minor
ACC04521,16.737406698473567,82.1295301239168,2024-04-06,06:51:32,clear,highway,dusk_dawn,moderate,motorcycle,136.1,66,moderate
ACC04522,26.01161202666308,75.75069283107969,2022-10-14,18:10:35,rain,highway,dusk_dawn,low,motorcycle,79.4,62,moderate
ACC04523,16.662242771135205,72.82809075820464,2024-01-29,09:23:20,rain,highway,night_lit,heavy,motorcycle,86.3,67,severe
ACC04524,19.40513815291577,79.00454141256222,2025-06-28,19:30:40,clear,rural,dusk_dawn,low,motorcycle,61.6,65,severe
ACC04525,23.291808867875723,72.1627353919316,2024-10-14,12:50:53,clear,urban,night_lit,heavy,car,21.8,38,moderate
ACC04526,25.951837819582167,73.13604017232613,2023-09-30,04:37:36,rain,expressway,night_unlit,heavy,car,130.5,87,fatal
ACC04527,22.537138597537666,81.52522809110997,2022-12-20,22:11:52,rain,rural,daylight,low,truck,84.3,59,minor
ACC04528,24.049747144550764,83.59154932916844,2024-12-06,18:17:46,rain,rural,dusk_dawn,heavy,truck,46.8,68,severe
ACC04529,14.77322874073529,74.68717331078844,2023-12-05,11:11:18,clear,highway,night_lit,moderate,truck,93.5,87,moderate
ACC04530,26.03852524305822,83.72000660278039,2024-02-15,09:35:44,rain,highway,night_lit,moderate,car,86.5,67,minor
ACC04531,16.41150693788977,87.19561322551603,2026-03-21,16:43:40,rain,rural,daylight,heavy,auto,124.7,72,minor
ACC04532,14.054050624904251,83.89081729161914,2022-01-15,23:42:56,clear,expressway,night_lit,heavy,car,65.6,97,severe
ACC04533,27.619908645450707,84.55544351320053,2023-01-27,09:45:20,clear,rural,night_lit,moderate,truck,126.9,61,moderate
ACC04534,15.226238807266576,83.21140128429394,2026-02-19,21:42:09,cloudy,expressway,night_unlit,heavy,truck,123.1,98,fatal
ACC04535,14.186431521247624,75.59579904727602,2026-02-22,10:54:40,rain,urban,daylight,moderate,car,51.0,38,severe
ACC04536,22.016334401628583,77.77423907449338,2023-05-12,17:54:37,clear,urban,night_unlit,heavy,car,60.3,41,moderate
ACC04537,17.101810391937526,87.18827140431708,2026-06-21,11:16:36,heavy_rain,urban,night_unlit,moderate,truck,44.3,38,severe
ACC04538,14.133587282887893,82.5793692635219,2022-12-14,06:18:44,clear,urban,daylight,moderate,motorcycle,54.3,44,fatal
ACC04539,21.617937875454018,84.62439574294515,2022-03-27,21:03:30,rain,highway,night_lit,low,auto,118.9,87,moderate
ACC04540,24.143763635555768,87.49911390151483,2023-05-20,08:16:01,clear,highway,daylight,heavy,truck,81.8,98,moderate
ACC04541,24.691173987314507,75.70299072820265,2024-05-22,21:30:52,rain,highway,daylight,heavy,bus,108.7,78,minor
ACC04542,14.488201616196358,77.14698667722486,2022-01-10,07:39:16,cloudy,highway,dusk_dawn,low,motorcycle,64.6,100,minor
ACC04543,20.909873087039074,82.31682644535199,2022-10-10,09:52:14,rain,highway,daylight,moderate,motorcycle,78.6,78,minor
ACC04544,25.01885393090337,72.38971958054412,2025-07-22,21:35:48,storm,urban,night_unlit,moderate,auto,23.2,55,minor
ACC04545,14.577392182786964,81.13950523733929,2024-10-17,17:58:47,clear,urban,night_lit,low,truck,36.8,40,minor
ACC04546,15.322916028330798,84.93901407223198,2024-09-20,08:33:30,clear,urban,night_unlit,low,car,42.6,38,fatal
ACC04547,12.038582358906842,81.76709398118601,2026-06-13,16:51:41,clear,rural,daylight,heavy,motorcycle,98.3,48,severe
ACC04548,20.39414650232461,76.72629254233777,2023-01-11,08:48:04,cloudy,urban,daylight,low,car,44.4,35,severe
ACC04549,15.114907149791215,83.585665333377,2026-01-12,20:29:16,rain,urban,night_lit,moderate,auto,60.9,43,minor
ACC04550,23.587881211630386,74.33650599487913,2023-08-07,05:52:14,clear,urban,night_unlit,heavy,truck,74.1,40,severe
ACC04551,27.395421689881694,86.31637550845628,2026-02-27,15:51:25,rain,highway,night_unlit,low,motorcycle,124.9,96,severe
ACC04552,15.340087823985124,73.61464049664728,2025-07-09,05:18:21,cloudy,urban,night_lit,moderate,auto,23.7,42,minor
ACC04553,22.385552188216522,85.81585814019896,2022-12-17,17:12:04,fog,rural,night_lit,heavy,car,30.3,63,minor
ACC04554,15.389351383336182,79.96495084377972,2022-12-10,21:07:41,clear,highway,night_unlit,heavy,motorcycle,135.8,60,fatal
ACC04555,12.288109743675264,78.85835205580483,2024-06-09,19:55:35,storm,rural,night_unlit,low,motorcycle,130.5,73,severe
ACC04556,24.136867107433357,80.0105881692069,2024-04-05,11:26:22,cloudy,highway,dusk_dawn,low,car,121.7,89,moderate
ACC04557,18.944074826414287,75.20330084948674,2023-01-21,09:34:53,storm,urban,night_unlit,heavy,car,47.0,42,fatal
ACC04558,27.14858978423445,79.32296927294102,2023-03-04,07:16:21,cloudy,rural,night_lit,low,motorcycle,85.0,52,moderate
ACC04559,20.54857411429449,85.59551705437853,2026-01-16,20:23:07,clear,rural,night_unlit,moderate,car,27.0,42,minor
ACC04560,14.519725903610944,84.81528387550078,2025-05-22,06:24:50,rain,urban,dusk_dawn,low,auto,43.9,47,fatal
ACC04561,19.196391068756448,74.60877655186127,2022-11-10,16:34:07,cloudy,urban,night_unlit,heavy,car,77.9,45,severe
ACC04562,15.246268716896264,82.77473565006498,2025-04-05,11:10:04,clear,highway,daylight,moderate,car,117.6,81,minor
ACC04563,26.04846836298519,85.7093962394468,2022-09-10,23:47:28,cloudy,urban,night_lit,moderate,car,62.4,36,moderate
ACC04564,23.054450894200397,85.11628141790095,2024-01-01,14:23:34,heavy_rain,urban,night_lit,heavy,motorcycle,77.3,50,moderate
ACC04565,17.459820874475255,78.8101190927549,2022-01-20,15:14:16,rain,highway,dusk_dawn,low,truck,113.4,95,severe
ACC04566,20.445125164914245,72.76948544553785,2024-12-02,21:00:50,clear,highway,night_lit,moderate,auto,65.9,72,moderate
ACC04567,22.711683011408454,86.89871076757998,2022-10-26,22:06:16,rain,expressway,night_unlit,heavy,car,104.4,82,moderate
ACC04568,24.525723466326802,78.33416185356899,2023-01-23,16:16:57,cloudy,highway,night_unlit,moderate,car,113.9,96,fatal
ACC04569,13.282355357928667,77.7756261961015,2022-11-08,18:43:38,clear,rural,dusk_dawn,low,car,24.4,64,moderate
ACC04570,12.360301471923949,84.152239111661,2022-10-29,16:51:11,clear,highway,daylight,heavy,motorcycle,121.1,69,moderate
ACC04571,13.831243154718237,76.22355544787236,2022-05-08,12:57:24,clear,urban,night_lit,low,car,50.2,47,minor
ACC04572,18.31994096276101,85.35596677067667,2024-06-29,05:17:04,rain,urban,night_unlit,moderate,car,57.7,52,moderate
ACC04573,19.467305761313472,73.21682497310906,2025-11-25,17:38:50,clear,urban,daylight,low,truck,71.3,54,minor
ACC04574,14.183386083421574,83.85137921145937,2023-05-11,17:16:38,clear,urban,daylight,heavy,truck,22.2,55,severe
ACC04575,18.578450206393683,87.45263184706451,2025-07-04,07:08:25,clear,highway,night_lit,low,car,116.9,79,minor
ACC04576,19.065964581789288,87.93230074998678,2024-06-11,09:32:40,heavy_rain,urban,night_lit,low,motorcycle,75.5,52,moderate
ACC04577,13.745439418839787,86.78086976102666,2023-02-22,17:38:36,cloudy,rural,daylight,moderate,truck,82.9,54,severe
ACC04578,26.666559363131746,85.93219848650095,2022-04-12,07:45:35,cloudy,urban,daylight,low,car,48.6,37,fatal
ACC04579,21.58633484140332,76.46208359132368,2025-07-10,17:06:23,rain,urban,night_lit,heavy,motorcycle,77.7,33,fatal
ACC04580,18.216568487300513,87.46637380207622,2022-02-07,17:44:21,clear,urban,daylight,moderate,car,20.6,49,severe
ACC04581,20.110514935555308,86.84634550102965,2023-11-25,11:18:15,heavy_rain,highway,night_unlit,moderate,motorcycle,86.4,64,fatal
ACC04582,17.027159783500906,80.54996011240299,2022-02-26,09:16:47,clear,highway,night_lit,low,motorcycle,106.4,67,minor
ACC04583,25.669296506313486,78.43324247029888,2025-06-27,11:01:28,clear,highway,night_unlit,heavy,truck,124.6,85,moderate
ACC04584,21.20024066509606,73.74827605693102,2026-06-14,11:12:28,clear,rural,daylight,moderate,motorcycle,111.5,73,minor
ACC04585,19.918333030296694,81.450145245202,2023-06-15,16:29:43,clear,expressway,daylight,moderate,truck,99.6,80,minor
ACC04586,26.574166449529564,83.20873517635516,2023-05-30,18:11:31,clear,highway,night_lit,low,car,93.0,74,moderate
ACC04587,25.407675171745083,78.46394533090447,2024-07-16,19:19:57,rain,highway,daylight,heavy,motorcycle,67.2,95,moderate
ACC04588,25.00483026281359,78.4964729700885,2024-04-04,03:31:14,cloudy,expressway,night_unlit,moderate,bus,103.8,81,fatal
ACC04589,15.609747267709507,81.17298225142886,2023-09-19,17:05:02,clear,highway,daylight,low,motorcycle,116.7,97,minor
ACC04590,14.449969783493708,72.44454553451459,2023-08-24,10:52:25,cloudy,urban,dusk_dawn,low,motorcycle,25.6,35,fatal
ACC04591,23.04154431540396,87.32585434218798,2022-11-05,19:18:31,rain,urban,dusk_dawn,moderate,truck,24.5,35,severe
ACC04592,19.498276101462334,76.63849131354735,2023-02-16,06:45:49,heavy_rain,urban,dusk_dawn,low,bus,23.4,50,moderate
ACC04593,22.9394034073095,74.25425378830208,2024-08-19,15:38:38,clear,urban,daylight,moderate,motorcycle,28.0,49,minor
ACC04594,24.170035713777864,72.08781433815345,2025-04-20,15:45:56,heavy_rain,expressway,night_lit,moderate,motorcycle,88.3,89,moderate
ACC04595,16.725016117516013,85.71026466217141,2025-05-17,10:17:05,rain,urban,daylight,moderate,truck,40.0,35,moderate
ACC04596,16.55440692996494,85.8113180127947,2024-04-28,22:10:32,cloudy,urban,night_lit,heavy,auto,28.0,58,severe
ACC04597,19.85330506013094,73.52490567228337,2025-05-21,07:08:49,clear,highway,dusk_dawn,moderate,bus,120.2,65,moderate
ACC04598,16.376789016423956,74.43586084622082,2024-08-30,07:13:30,cloudy,highway,dusk_dawn,low,car,139.5,92,fatal
ACC04599,22.67672441625919,79.16643570012428,2023-08-09,16:32:16,clear,rural,night_unlit,moderate,truck,69.4,65,minor
ACC04600,23.947687134091467,74.97126676906105,2023-08-04,14:37:46,rain,expressway,night_unlit,heavy,car,76.6,93,minor
ACC04601,19.55262313685191,83.7731381893881,2024-05-01,09:45:52,rain,rural,daylight,heavy,motorcycle,40.2,71,moderate
ACC04602,23.58079624957829,72.92863593129155,2023-05-21,10:57:15,clear,highway,daylight,heavy,motorcycle,109.7,89,fatal
ACC04603,20.16700110513242,80.79534931817386,2025-06-08,08:49:33,clear,rural,night_lit,heavy,car,88.2,60,minor
ACC04604,23.405947551472146,78.12466504182247,2022-11-01,19:21:48,heavy_rain,highway,dusk_dawn,low,truck,86.9,86,minor
ACC04605,15.599491964731605,79.43914373907603,2022-03-31,15:28:09,cloudy,urban,daylight,low,car,28.7,32,moderate
ACC04606,23.82148873492867,78.79611388312964,2024-03-17,09:57:00,cloudy,urban,night_unlit,low,truck,47.0,57,moderate
ACC04607,23.441984375312284,74.45054692055446,2022-04-29,12:42:44,fog,urban,night_unlit,low,motorcycle,57.6,55,moderate
ACC04608,16.265691312786842,75.524503764937,2022-11-11,20:25:45,clear,urban,night_lit,heavy,car,22.7,48,minor
ACC04609,20.8955358566428,73.03692318256682,2023-09-10,20:49:09,cloudy,rural,night_unlit,low,motorcycle,33.8,49,moderate
ACC04610,25.684986685990424,73.84456920478515,2022-01-07,06:08:35,rain,rural,dusk_dawn,moderate,truck,91.0,66,minor
ACC04611,15.992362351559024,87.64631715870264,2023-01-02,17:40:43,clear,highway,daylight,low,motorcycle,79.4,79,minor
ACC04612,23.77567654423482,76.47658898683603,2024-06-13,07:56:57,clear,highway,dusk_dawn,heavy,truck,104.7,86,moderate
ACC04613,27.263467474350193,76.91240862943303,2023-09-08,08:31:48,heavy_rain,urban,daylight,heavy,truck,54.5,40,minor
ACC04614,25.859870716121037,74.03370128691394,2026-01-11,19:36:13,clear,highway,dusk_dawn,heavy,car,90.7,60,moderate
ACC04615,18.424321322884417,84.08262727194803,2022-06-03,20:03:34,clear,highway,night_unlit,moderate,car,109.6,69,fatal
ACC04616,21.715323727810215,86.78628496299652,2025-03-27,06:36:43,cloudy,highway,dusk_dawn,heavy,car,113.0,80,fatal
ACC04617,27.868322148043262,84.63600859306642,2024-08-30,20:17:16,rain,highway,night_lit,heavy,car,93.0,94,severe
ACC04618,21.094998582011495,81.80185327094675,2024-11-23,17:59:09,cloudy,urban,daylight,moderate,motorcycle,54.9,38,minor
ACC04619,13.840441638885865,85.01172664976922,2025-01-07,18:19:26,clear,expressway,dusk_dawn,moderate,car,61.1,93,minor
ACC04620,12.726892076460175,78.46768372692574,2022-03-27,18:18:43,cloudy,rural,night_unlit,moderate,motorcycle,51.2,72,moderate
ACC04621,24.645032155904453,85.751957681291,2025-07-24,14:23:31,cloudy,urban,night_lit,heavy,motorcycle,39.3,47,moderate
ACC04622,18.77805320642954,84.7763015942109,2023-06-29,21:41:36,rain,highway,night_unlit,heavy,motorcycle,133.0,94,moderate
ACC04623,15.94900625006711,72.0275943081011,2024-12-04,08:57:39,heavy_rain,urban,daylight,moderate,auto,31.3,34,fatal
ACC04624,17.56275249057515,79.80470615868028,2023-04-28,14:20:57,clear,urban,night_lit,low,truck,58.0,54,moderate
ACC04625,24.117965864743237,76.23386521726762,2023-10-13,10:12:38,rain,rural,night_lit,low,car,72.9,49,severe
ACC04626,19.443957370141266,73.37972666188313,2025-02-23,19:45:08,rain,urban,dusk_dawn,heavy,motorcycle,66.9,43,moderate
ACC04627,25.895991880414023,85.5391366839644,2026-03-16,06:32:24,rain,urban,dusk_dawn,moderate,car,37.0,46,severe
ACC04628,23.75880942044319,72.12719494881796,2025-12-12,13:27:10,cloudy,highway,daylight,heavy,motorcycle,137.0,82,severe
ACC04629,27.5842264071268,83.68261603288576,2025-04-07,18:59:45,clear,rural,dusk_dawn,moderate,motorcycle,136.2,67,moderate
ACC04630,26.21606026863749,87.81107393595498,2024-06-03,10:29:59,rain,rural,daylight,low,auto,110.6,79,moderate
ACC04631,16.072755388576148,79.71231626729977,2024-05-16,09:37:46,cloudy,urban,night_lit,moderate,car,50.6,42,fatal
ACC04632,22.544947724840853,77.93984847906296,2026-05-05,09:58:14,cloudy,expressway,dusk_dawn,low,car,82.0,85,fatal
ACC04633,12.328688552450302,81.69332727159542,2022-12-06,17:12:41,clear,highway,night_unlit,moderate,car,128.9,99,fatal
ACC04634,27.857707590873574,84.87516524236275,2026-04-16,09:54:01,clear,highway,daylight,moderate,motorcycle,133.0,98,severe
ACC04635,16.176097740841545,75.84403190040446,2024-12-01,12:57:16,clear,rural,daylight,moderate,auto,112.6,57,moderate
ACC04636,22.636721497977344,76.01122286645658,2024-10-08,15:28:18,clear,urban,dusk_dawn,moderate,motorcycle,25.9,33,moderate
ACC04637,25.586457939193046,81.71484822538955,2024-08-29,21:20:28,clear,highway,night_lit,moderate,motorcycle,77.7,79,minor
ACC04638,14.567434603647543,87.03807713366888,2025-08-27,18:09:19,clear,highway,dusk_dawn,heavy,car,98.8,62,moderate
ACC04639,25.566069484967667,76.77503961214022,2025-01-27,08:02:25,clear,highway,night_unlit,low,motorcycle,66.4,78,minor
ACC04640,12.195930652653159,78.02807461166421,2022-06-05,20:59:00,clear,highway,dusk_dawn,heavy,car,95.5,88,minor
ACC04641,19.07163420936652,87.89333282336463,2025-07-06,19:25:49,storm,urban,daylight,moderate,car,66.9,50,minor
ACC04642,19.552601960498215,74.81955464330426,2025-04-11,18:40:23,cloudy,highway,dusk_dawn,moderate,truck,84.5,74,moderate
ACC04643,17.985451412139774,73.23149069400486,2026-02-11,14:14:48,clear,urban,night_unlit,low,car,59.8,51,severe
ACC04644,21.382155940807998,81.4360838220897,2026-03-18,06:19:03,rain,urban,dusk_dawn,low,car,45.7,33,severe
ACC04645,26.637477579242113,72.38827181474613,2026-04-08,17:49:51,cloudy,rural,daylight,heavy,car,76.8,50,severe
ACC04646,17.231825828804624,74.88693170039716,2022-03-12,14:39:37,clear,expressway,daylight,heavy,car,73.1,97,moderate
ACC04647,21.26815819466279,81.95534689104748,2024-10-31,10:13:13,cloudy,highway,night_lit,moderate,motorcycle,104.5,97,moderate
ACC04648,26.039400411893165,82.55219841106133,2026-03-15,01:00:45,clear,highway,dusk_dawn,low,car,70.3,75,fatal
ACC04649,24.36792632162205,80.16680399436191,2026-05-06,09:49:44,cloudy,highway,daylight,heavy,truck,88.3,93,minor
ACC04650,12.651732236887936,78.13996873967014,2024-06-20,16:04:43,clear,highway,daylight,heavy,motorcycle,129.1,79,moderate
ACC04651,27.084652226042596,81.21916135074957,2026-02-05,07:02:52,cloudy,urban,dusk_dawn,moderate,motorcycle,56.3,40,severe
ACC04652,12.746350468137804,82.29417204853182,2025-12-16,17:18:57,clear,highway,daylight,low,car,114.4,77,moderate
ACC04653,21.420135589989272,84.8557127406664,2022-01-05,19:55:09,clear,urban,dusk_dawn,moderate,truck,77.3,31,severe
ACC04654,21.205657925042637,84.68401325135756,2025-12-24,10:38:16,rain,expressway,night_lit,heavy,motorcycle,124.5,81,minor
ACC04655,24.582243691237057,82.63681224823917,2024-11-12,06:02:02,clear,highway,dusk_dawn,low,truck,78.7,63,severe
ACC04656,14.375088829583643,86.30772133165544,2024-07-31,07:55:03,cloudy,highway,dusk_dawn,low,motorcycle,105.0,71,minor
ACC04657,14.86992627300326,85.4084040575267,2022-10-21,11:56:06,clear,rural,daylight,heavy,truck,90.3,59,moderate
ACC04658,24.033710923813768,74.13193613148704,2026-02-17,19:41:41,rain,rural,daylight,moderate,motorcycle,81.6,57,minor
ACC04659,14.392076038586001,87.30687106117574,2023-04-30,16:04:36,cloudy,highway,daylight,low,truck,83.4,86,minor
ACC04660,19.511122033050235,86.26787683708673,2023-11-18,19:00:02,rain,urban,dusk_dawn,moderate,motorcycle,53.7,40,moderate
ACC04661,23.70636944337491,77.13483487212736,2023-05-04,23:52:25,cloudy,highway,night_unlit,heavy,auto,96.2,79,severe
ACC04662,22.4198708605229,72.32295069771263,2026-05-12,08:49:06,storm,urban,night_lit,heavy,bus,45.6,52,moderate
ACC04663,15.369666977809523,81.6636151481326,2024-03-04,17:49:11,clear,rural,night_lit,low,car,55.2,61,fatal
ACC04664,16.863364138977367,79.0146812298622,2022-07-07,13:29:03,rain,highway,daylight,heavy,truck,108.7,74,moderate
ACC04665,27.503598451856654,83.9930666013781,2022-01-18,14:35:31,cloudy,highway,night_lit,moderate,car,90.5,64,minor
ACC04666,19.17872992247814,80.39359623213797,2026-05-29,10:10:04,clear,urban,daylight,low,bus,47.2,47,minor
ACC04667,12.711319622982089,73.22384696401515,2023-01-23,11:02:47,rain,urban,night_unlit,low,car,30.9,48,severe
ACC04668,15.513358391461322,75.91499872407641,2025-06-19,17:13:55,fog,rural,daylight,heavy,motorcycle,89.8,67,fatal
ACC04669,17.4789614345894,86.12038009802447,2022-02-17,16:37:51,rain,urban,daylight,low,car,74.6,48,moderate
ACC04670,27.991830468713374,72.6030351314408,2026-01-12,10:24:49,clear,rural,daylight,low,bus,57.7,71,moderate
ACC04671,16.8430647596307,83.78671471037259,2024-12-04,07:37:45,cloudy,rural,daylight,moderate,auto,106.2,70,moderate
ACC04672,12.42233358052072,76.67109612722291,2023-01-05,16:26:54,clear,urban,daylight,heavy,motorcycle,53.1,40,moderate
ACC04673,20.206745240885375,79.24223684867995,2025-12-31,18:33:53,cloudy,highway,dusk_dawn,low,car,102.3,87,severe
ACC04674,13.337686159583633,80.49608691058573,2023-05-05,15:57:12,cloudy,highway,night_lit,heavy,truck,107.1,84,moderate
ACC04675,16.38508157913155,76.00130171691522,2026-06-27,00:37:36,clear,urban,night_lit,heavy,car,43.7,42,moderate
ACC04676,27.878130817503028,82.4313670879626,2024-09-11,09:57:18,clear,highway,daylight,heavy,auto,70.3,85,moderate
ACC04677,23.274216302882472,83.09507548956601,2024-01-07,18:58:50,fog,highway,dusk_dawn,heavy,car,61.7,64,minor
ACC04678,12.810666068525926,73.3609516747324,2022-04-07,18:37:00,clear,highway,dusk_dawn,low,motorcycle,67.2,96,moderate
ACC04679,19.178987497468736,77.98283321362273,2023-03-04,01:59:25,clear,expressway,night_lit,heavy,car,130.6,94,minor
ACC04680,14.746200202061589,83.91003681930067,2022-04-06,13:14:22,clear,urban,dusk_dawn,moderate,auto,76.2,53,fatal
ACC04681,13.96711450243394,83.54620095745811,2025-11-01,13:31:51,cloudy,rural,daylight,moderate,motorcycle,51.9,65,minor
ACC04682,21.393046613580832,80.71365350248382,2022-06-14,17:04:17,clear,expressway,night_lit,low,auto,138.9,89,minor
ACC04683,20.09049423424345,84.44279647788822,2022-07-05,07:05:53,rain,rural,daylight,moderate,car,98.2,67,severe
ACC04684,23.88586534904813,73.7223182886375,2022-07-24,16:07:29,clear,urban,daylight,low,motorcycle,53.1,52,minor
ACC04685,26.276899651709755,73.89138028551248,2026-05-19,21:08:41,clear,urban,night_lit,moderate,car,28.8,43,moderate
ACC04686,15.946909718906591,82.51982880474152,2026-05-13,11:24:31,clear,rural,night_lit,low,truck,52.9,74,moderate
ACC04687,26.767871786486353,83.09334188632207,2025-03-19,10:43:25,clear,rural,night_lit,moderate,car,65.2,49,moderate
ACC04688,20.287868360865527,85.03242968513712,2022-05-02,03:59:18,cloudy,rural,night_lit,low,motorcycle,86.4,73,moderate
ACC04689,16.141358690961873,74.89659004437212,2024-04-07,05:58:16,clear,urban,dusk_dawn,moderate,truck,61.6,53,moderate
ACC04690,25.53257340964175,80.26834655089769,2026-04-07,21:10:38,rain,rural,night_lit,moderate,car,93.4,46,minor
ACC04691,12.56847868846436,82.57330075416932,2022-06-08,22:26:19,cloudy,urban,night_lit,moderate,truck,78.0,54,moderate
ACC04692,20.95215003956737,75.57919318126424,2025-07-27,00:25:51,clear,urban,night_unlit,heavy,truck,69.6,42,severe
ACC04693,23.545944560479466,80.27084584950386,2022-01-30,20:05:07,clear,highway,night_unlit,moderate,motorcycle,71.7,68,severe
ACC04694,16.479642994498292,82.21512039024954,2025-08-13,08:02:12,cloudy,highway,night_lit,heavy,motorcycle,88.2,71,moderate
ACC04695,25.815870681011486,75.43119218364288,2024-06-13,15:21:02,clear,highway,daylight,moderate,car,86.6,68,moderate
ACC04696,15.844553013727758,78.00901456400226,2025-12-28,17:51:51,cloudy,rural,night_unlit,heavy,motorcycle,70.9,77,severe
ACC04697,25.437988523707826,75.46142096217133,2023-11-11,11:23:24,rain,highway,night_unlit,heavy,truck,107.5,98,minor
ACC04698,13.256719421319316,86.44708647085758,2025-07-13,15:23:02,clear,expressway,night_lit,moderate,car,84.6,80,minor
ACC04699,14.558841469894901,75.78878211087986,2025-10-15,16:59:02,clear,highway,night_unlit,heavy,auto,136.5,80,severe
ACC04700,18.09575334243053,73.93335401577275,2023-06-18,08:22:55,cloudy,highway,night_lit,low,motorcycle,74.6,87,severe
ACC04701,25.664888204770868,72.56248498443429,2024-11-20,23:41:52,clear,urban,night_lit,heavy,car,42.8,55,minor
ACC04702,14.313365842028519,72.71925555858161,2024-01-27,08:58:16,cloudy,highway,night_lit,moderate,car,98.5,89,moderate
ACC04703,26.007011836707864,75.06537975946907,2023-12-11,01:07:38,cloudy,highway,night_unlit,low,motorcycle,77.6,85,minor
ACC04704,15.6757044258047,81.73133618091124,2025-08-06,21:30:15,cloudy,highway,night_lit,moderate,auto,92.1,90,minor
ACC04705,19.24013437751246,72.28239799217796,2023-01-07,12:20:50,rain,urban,night_lit,low,truck,68.5,34,minor
ACC04706,17.643750468165404,76.58790279611435,2022-07-16,12:07:42,clear,highway,night_lit,heavy,motorcycle,76.1,82,minor
ACC04707,13.890019625832377,72.93067026117279,2024-02-28,09:02:26,cloudy,urban,night_unlit,heavy,auto,48.9,53,moderate
ACC04708,27.108955832306243,78.45854032478668,2025-09-11,02:38:55,rain,highway,night_lit,moderate,car,67.0,86,moderate
ACC04709,19.010852652035418,72.77722780527772,2022-09-25,09:39:13,cloudy,highway,night_lit,low,motorcycle,132.1,68,minor
ACC04710,23.045300181699112,81.72066842593324,2023-07-13,12:33:59,rain,highway,night_lit,heavy,truck,106.6,77,fatal
ACC04711,21.2042828266245,83.01478824830424,2024-12-31,14:40:17,cloudy,highway,night_lit,heavy,motorcycle,113.7,60,moderate
ACC04712,20.02745466963532,83.70140079430021,2024-02-22,13:43:53,cloudy,rural,daylight,heavy,car,125.0,62,moderate
ACC04713,21.865241976909584,75.58949437834008,2024-09-21,20:03:51,clear,urban,night_unlit,moderate,truck,44.3,47,fatal
ACC04714,26.373476899238863,85.8960025913879,2024-05-17,20:02:33,cloudy,urban,night_lit,moderate,car,53.3,58,minor
ACC04715,23.188998011105753,83.04461067729483,2025-08-23,10:20:07,cloudy,rural,night_lit,moderate,motorcycle,80.9,75,moderate
ACC04716,20.519681271283538,72.90640350879713,2025-12-08,22:34:45,clear,highway,night_lit,heavy,bus,92.3,80,moderate
ACC04717,22.32297537065562,79.05226733922284,2024-01-09,19:54:41,clear,rural,dusk_dawn,moderate,car,69.0,79,severe
ACC04718,21.702308488144347,84.2841038939597,2023-12-10,21:58:51,clear,rural,night_unlit,low,truck,90.5,40,severe
ACC04719,18.92993931978101,76.97430282752367,2023-04-03,17:49:13,cloudy,rural,daylight,low,bus,52.8,62,minor
ACC04720,21.996224162087206,78.10494038251623,2023-12-30,08:17:14,clear,rural,night_lit,moderate,car,92.8,54,minor
ACC04721,19.097116802626616,82.07366123674468,2025-10-05,08:34:21,rain,highway,night_unlit,moderate,car,72.6,82,minor
ACC04722,24.121830045950595,72.88769408185436,2024-04-03,20:06:22,fog,urban,night_lit,heavy,bus,24.6,36,minor
ACC04723,27.50259973635657,87.47096064812668,2025-02-08,14:29:00,storm,urban,daylight,heavy,motorcycle,35.9,32,moderate
ACC04724,27.35784571995567,74.79169616975565,2023-11-19,20:05:09,clear,urban,night_unlit,low,car,54.8,31,fatal
ACC04725,25.131772582799687,72.42675199434017,2025-03-06,17:59:28,cloudy,highway,night_lit,low,car,137.6,81,minor
ACC04726,21.628142352951762,72.08516771264672,2025-03-15,08:27:58,heavy_rain,highway,dusk_dawn,moderate,car,87.1,97,moderate
ACC04727,23.98931180913185,78.39286999999032,2024-05-17,11:43:07,rain,expressway,night_lit,heavy,motorcycle,119.2,98,minor
ACC04728,14.84877272412087,86.14805384760604,2026-03-15,22:06:14,clear,urban,night_unlit,heavy,truck,27.0,33,moderate
ACC04729,19.664295317022763,85.11619326748686,2025-12-09,02:57:51,rain,highway,night_lit,low,motorcycle,132.3,80,moderate
ACC04730,16.11687623986183,86.59273277199512,2022-09-18,17:31:02,cloudy,highway,daylight,low,car,104.8,94,moderate
ACC04731,12.055919697749554,80.54051710926238,2023-01-10,22:04:05,rain,urban,night_unlit,heavy,bus,44.6,46,severe
ACC04732,27.467801194753214,79.17993974200263,2026-04-17,07:22:53,fog,highway,dusk_dawn,moderate,motorcycle,92.8,82,moderate
ACC04733,25.821576989629463,78.17377561770871,2023-10-22,09:12:15,storm,highway,night_unlit,moderate,car,80.5,63,fatal
ACC04734,20.21917789551883,72.74268921266089,2023-05-25,15:04:18,cloudy,expressway,daylight,low,auto,64.0,94,fatal
ACC04735,16.06643660990411,86.55234010088246,2025-07-31,19:01:00,clear,highway,dusk_dawn,low,motorcycle,65.8,61,moderate
ACC04736,23.08760336318779,79.93881747655564,2024-09-15,14:42:24,cloudy,highway,night_lit,low,motorcycle,113.6,72,moderate
ACC04737,18.95681735279884,79.28107889682417,2022-08-07,05:52:59,cloudy,urban,dusk_dawn,moderate,truck,69.7,54,severe
ACC04738,24.85359253476319,80.24267979222587,2022-05-31,07:39:59,cloudy,highway,daylight,heavy,car,133.6,92,moderate
ACC04739,27.99228976289519,84.7064722898272,2025-08-19,11:41:38,cloudy,highway,night_unlit,moderate,motorcycle,120.7,79,fatal
ACC04740,17.58532171983792,75.59153737572102,2025-06-09,10:02:40,cloudy,urban,daylight,moderate,bus,73.6,55,moderate
ACC04741,15.910448695648764,83.35841086391878,2023-08-02,08:10:38,cloudy,urban,daylight,low,car,31.0,52,severe
ACC04742,16.27811982071613,83.37231585366453,2025-11-17,19:02:41,fog,urban,dusk_dawn,low,bus,76.7,38,moderate
ACC04743,13.493539930890751,85.59284451613092,2022-07-26,02:58:31,rain,rural,daylight,low,car,126.7,47,minor
ACC04744,18.304739144002486,72.13893757542192,2025-11-27,19:44:12,clear,rural,dusk_dawn,low,bus,57.4,55,severe
ACC04745,12.278800843470549,74.72632869176212,2022-05-10,21:57:52,cloudy,urban,night_unlit,heavy,motorcycle,48.0,43,severe
ACC04746,13.83032891842041,79.5367496327161,2024-11-10,16:54:52,cloudy,urban,daylight,low,motorcycle,29.1,31,fatal
ACC04747,16.347131956362723,85.60864619938366,2025-10-16,16:13:08,cloudy,rural,night_lit,low,motorcycle,133.1,65,severe
ACC04748,14.557804414551692,87.44186978604775,2024-10-13,07:30:05,clear,highway,dusk_dawn,heavy,car,84.6,75,minor
ACC04749,23.714545592011604,81.51789783487042,2025-07-02,15:38:47,rain,urban,night_lit,moderate,car,65.0,46,severe
ACC04750,13.689676653886405,75.39414360676832,2023-07-19,11:44:02,rain,highway,night_unlit,low,truck,69.1,80,severe
ACC04751,25.855905680392397,74.95335513319434,2023-04-18,08:40:48,cloudy,highway,night_unlit,low,truck,76.3,98,minor
ACC04752,15.537832059375246,82.23110326378028,2023-03-13,16:27:58,heavy_rain,expressway,daylight,low,car,128.6,91,severe
ACC04753,13.737449871545083,75.36110635295047,2022-07-11,00:00:02,storm,highway,night_lit,low,truck,80.0,67,severe
ACC04754,12.161706310900136,80.84939878273418,2023-04-01,09:56:47,rain,highway,night_lit,moderate,car,103.5,84,minor
ACC04755,23.44328006915434,85.35699086630244,2023-02-10,17:41:07,fog,highway,daylight,moderate,motorcycle,139.6,87,severe
ACC04756,16.105867935016672,78.23711437539345,2025-05-27,13:50:17,cloudy,urban,night_lit,low,motorcycle,25.1,53,severe
ACC04757,20.151977682204397,78.05555503587087,2022-12-16,07:13:32,heavy_rain,rural,dusk_dawn,heavy,truck,92.8,68,moderate
ACC04758,13.785856746754492,72.57824539025718,2022-09-30,00:06:40,fog,urban,daylight,low,motorcycle,63.9,36,moderate
ACC04759,27.764734771779988,76.06535325479288,2025-04-18,09:54:05,cloudy,rural,daylight,moderate,car,102.4,43,moderate
ACC04760,14.006155825119285,83.1710633539084,2024-06-02,15:48:06,clear,urban,night_unlit,low,car,61.9,45,severe
ACC04761,18.59081482627005,77.76625992211514,2022-12-20,15:50:16,clear,expressway,night_lit,low,motorcycle,139.9,93,minor
ACC04762,25.626392037351454,74.53278267663875,2025-03-05,07:26:40,cloudy,rural,night_lit,moderate,motorcycle,112.2,63,severe
ACC04763,15.918191175686509,73.69228374016524,2022-12-21,16:54:24,rain,highway,night_lit,low,car,77.3,93,moderate
ACC04764,16.271548565538772,73.52085405041134,2025-07-13,23:13:16,cloudy,rural,night_unlit,low,car,46.2,64,fatal
ACC04765,24.935992254251726,82.54613492988632,2022-02-22,16:45:09,rain,highway,daylight,moderate,car,136.7,79,moderate
ACC04766,16.373434515072205,81.80194366069678,2024-08-26,15:29:58,rain,urban,night_lit,heavy,car,58.2,40,minor
ACC04767,12.045940977517008,80.29633608963336,2024-09-07,16:09:42,clear,highway,daylight,moderate,motorcycle,84.7,98,minor
ACC04768,18.846619527839195,80.00522317054623,2023-09-05,20:43:59,clear,urban,night_unlit,low,auto,69.7,57,severe
ACC04769,12.2005633548556,74.45018964300594,2025-02-05,21:21:29,rain,expressway,night_lit,moderate,car,126.6,86,moderate
ACC04770,26.55667654126987,80.00966759616139,2023-09-16,04:09:49,clear,rural,night_lit,moderate,car,116.7,80,severe
ACC04771,22.269011586867535,72.95900442560608,2024-12-09,08:42:38,fog,urban,night_lit,low,motorcycle,69.4,32,severe
ACC04772,21.328228259539877,86.81373533764301,2023-01-03,07:46:31,heavy_rain,expressway,daylight,moderate,motorcycle,78.9,80,moderate
ACC04773,15.22543217379781,72.9284408640417,2024-07-22,18:19:28,cloudy,urban,night_lit,moderate,motorcycle,46.4,52,fatal
ACC04774,23.19913896685818,78.77648311830269,2025-05-26,04:58:30,cloudy,highway,night_lit,heavy,car,63.1,95,severe
ACC04775,22.836074298853532,72.00913690245076,2026-05-06,20:42:24,rain,rural,night_unlit,heavy,car,85.9,48,severe
ACC04776,12.967417182805839,84.57840702053191,2023-08-15,02:01:38,heavy_rain,highway,night_unlit,low,bus,124.3,64,severe
ACC04777,26.09354449296916,74.65872301657008,2024-02-16,16:20:29,cloudy,rural,dusk_dawn,heavy,motorcycle,37.1,65,moderate
ACC04778,21.270613806876888,86.79865628514685,2024-02-22,09:58:58,storm,highway,night_lit,moderate,truck,96.5,70,moderate
ACC04779,24.679470096617763,72.70364396576903,2025-11-13,13:10:53,cloudy,highway,daylight,heavy,motorcycle,138.9,70,minor
ACC04780,16.206625154061506,85.13259735303083,2026-04-30,13:57:27,clear,urban,night_lit,moderate,truck,51.0,31,moderate
ACC04781,13.952764796055266,82.50620500504941,2024-11-26,18:31:23,cloudy,highway,dusk_dawn,moderate,truck,88.3,97,fatal
ACC04782,23.239193170988553,75.99577150217425,2025-09-11,14:40:45,rain,highway,night_unlit,moderate,car,89.3,64,fatal
ACC04783,24.702122980082592,75.23871374768952,2022-05-19,12:41:38,storm,highway,night_unlit,heavy,car,105.3,93,severe
ACC04784,18.17653653790866,77.72284693403236,2025-05-31,17:30:13,clear,highway,daylight,moderate,car,123.6,99,severe
ACC04785,12.37907640506098,85.25444613080568,2025-08-23,21:31:50,cloudy,rural,night_unlit,moderate,truck,60.8,72,minor
ACC04786,25.092064394461833,85.79130477336729,2025-03-19,18:34:40,cloudy,urban,dusk_dawn,moderate,car,45.1,44,severe
ACC04787,15.29750250128705,74.8045660723892,2024-08-17,18:38:37,heavy_rain,highway,dusk_dawn,low,motorcycle,61.7,76,severe
ACC04788,17.424511070359813,77.65516863494929,2026-01-17,14:44:46,rain,highway,daylight,moderate,motorcycle,110.7,65,minor
ACC04789,22.051696124434084,75.79986214243607,2024-12-09,20:26:13,clear,highway,night_unlit,low,truck,79.4,93,fatal
ACC04790,13.599275507380844,73.96228556220636,2025-10-21,14:26:47,heavy_rain,urban,night_lit,low,motorcycle,56.8,50,minor
ACC04791,13.15193225821541,82.34319020046284,2022-10-23,21:46:07,rain,urban,night_lit,moderate,motorcycle,51.4,44,minor
ACC04792,12.411260345204388,77.53393637176856,2024-12-28,18:45:47,heavy_rain,highway,night_lit,moderate,car,78.0,77,moderate
ACC04793,26.666237763831287,75.60614471642134,2023-12-20,07:38:35,rain,expressway,dusk_dawn,low,car,67.0,87,minor
ACC04794,16.98212390829849,85.85596437603162,2025-11-26,05:27:34,clear,highway,night_unlit,low,car,60.7,86,minor
ACC04795,22.570541041874108,83.97308689445707,2025-12-16,18:34:43,fog,urban,night_unlit,moderate,bus,37.8,48,fatal
ACC04796,27.827763984283877,84.38017837914148,2025-10-17,17:34:18,cloudy,rural,dusk_dawn,heavy,auto,122.2,63,moderate
ACC04797,22.711212696991097,72.62713425893249,2022-12-20,16:26:46,storm,highway,daylight,moderate,truck,84.3,72,fatal
ACC04798,20.40151673369888,86.64208718769706,2024-03-19,22:10:01,clear,highway,night_lit,heavy,car,111.7,78,minor
ACC04799,20.334718936275817,81.19581404758776,2022-01-01,15:32:41,rain,urban,night_lit,moderate,car,45.4,50,minor
ACC04800,18.030674375288825,80.0608448749523,2026-05-28,11:26:47,clear,urban,night_lit,low,motorcycle,53.9,51,moderate
ACC04801,21.596474495281363,72.1693655364445,2023-02-27,15:03:00,clear,rural,daylight,low,car,92.9,48,severe
ACC04802,27.34066223273127,86.36259536694567,2024-10-22,03:57:41,storm,urban,night_lit,moderate,bus,68.0,30,moderate
ACC04803,24.60870453917296,80.70224752777601,2024-03-11,16:40:46,clear,rural,daylight,heavy,truck,33.2,74,moderate
ACC04804,18.787625872531798,85.20245539744856,2026-01-25,20:06:31,clear,urban,night_lit,moderate,auto,28.1,41,minor
ACC04805,17.319117264520532,82.4881753718127,2025-09-10,00:12:36,heavy_rain,rural,night_lit,moderate,bus,32.2,45,moderate
ACC04806,26.136504473969943,84.74709781617409,2025-06-29,19:34:03,cloudy,highway,dusk_dawn,moderate,motorcycle,94.2,76,moderate
ACC04807,14.1725732100255,83.08690797692483,2024-11-22,18:51:59,cloudy,rural,night_lit,heavy,car,89.3,72,minor
ACC04808,25.593364111428826,86.73542243737323,2022-07-16,07:29:58,storm,highway,dusk_dawn,moderate,truck,69.3,80,severe
ACC04809,16.081228181477318,75.6077469814328,2026-02-18,19:48:45,cloudy,highway,dusk_dawn,moderate,motorcycle,99.3,60,fatal
ACC04810,23.450067772414684,75.23360167572652,2022-04-13,18:07:00,clear,urban,night_lit,heavy,bus,53.7,45,minor
ACC04811,24.899529292397283,83.40066499112196,2024-01-19,14:31:25,rain,expressway,daylight,moderate,car,125.8,86,minor
ACC04812,19.631944276215563,80.0223168093355,2023-09-16,09:49:49,rain,highway,daylight,low,motorcycle,126.9,82,moderate
ACC04813,15.07654361827639,81.58657872535792,2023-10-04,09:50:40,clear,highway,night_lit,heavy,motorcycle,106.5,71,moderate
ACC04814,25.516283895398004,83.33667950705963,2026-05-24,16:14:54,cloudy,expressway,dusk_dawn,heavy,car,104.2,94,moderate
ACC04815,17.880133520853036,80.75885115200003,2023-01-15,09:40:36,clear,rural,daylight,heavy,motorcycle,36.7,78,minor
ACC04816,17.13088416772031,84.60309516265914,2024-08-10,10:02:42,clear,urban,night_lit,moderate,car,76.3,54,moderate
ACC04817,20.160258917655035,77.10187769497364,2022-12-25,21:08:20,clear,urban,daylight,heavy,motorcycle,44.5,49,moderate
ACC04818,18.961379857662685,85.74384709759508,2026-02-05,17:54:48,heavy_rain,urban,night_lit,low,motorcycle,24.1,41,severe
ACC04819,22.92883547261959,73.7228216468096,2025-04-23,18:44:32,clear,expressway,dusk_dawn,heavy,car,89.3,89,minor
ACC04820,14.195164933962646,82.14406363137898,2023-11-13,22:12:48,clear,highway,night_unlit,heavy,truck,99.1,69,fatal
ACC04821,18.971034464765967,86.24212012042877,2022-05-12,00:59:12,fog,rural,night_unlit,moderate,car,77.3,46,moderate
ACC04822,26.267228979603264,76.04310604642727,2022-09-08,09:59:16,clear,urban,night_lit,low,truck,71.0,55,fatal
ACC04823,12.577003351035607,77.22935479878261,2023-02-03,17:02:05,fog,expressway,night_unlit,heavy,car,121.7,100,severe
ACC04824,19.31741333045322,76.88706845588382,2023-10-30,13:01:40,heavy_rain,urban,night_lit,moderate,truck,32.7,39,minor
ACC04825,22.568511462163364,81.02821938840054,2025-12-25,07:14:43,cloudy,highway,dusk_dawn,heavy,motorcycle,94.6,97,minor
ACC04826,26.203377392671765,78.60594904904238,2022-07-16,18:47:17,clear,rural,dusk_dawn,heavy,truck,61.4,65,severe
ACC04827,21.50057963093081,73.72734855991844,2024-08-05,05:35:23,clear,expressway,night_lit,heavy,motorcycle,127.3,93,moderate
ACC04828,25.191748339829257,86.26059554810337,2023-07-25,15:30:34,clear,expressway,night_lit,moderate,motorcycle,109.1,94,moderate
ACC04829,15.563056303348583,75.2748260665388,2022-03-18,15:24:45,clear,highway,dusk_dawn,heavy,truck,92.6,66,fatal
ACC04830,17.644950979645753,80.54528017581647,2024-10-13,16:28:18,cloudy,highway,night_lit,heavy,motorcycle,133.8,94,minor
ACC04831,27.074116382848683,81.51687833499618,2025-03-02,10:38:29,clear,rural,daylight,moderate,motorcycle,31.9,59,minor
ACC04832,26.17560180948298,72.65202949836066,2026-04-25,02:03:11,rain,urban,night_lit,low,motorcycle,61.8,55,minor
ACC04833,20.92724772301927,73.5313972424694,2024-04-11,20:35:48,clear,highway,daylight,heavy,truck,131.0,92,moderate
ACC04834,19.607813404717525,87.54703536687282,2023-06-19,21:13:52,cloudy,highway,night_unlit,low,motorcycle,91.9,75,moderate
ACC04835,19.217078263271336,82.63219744239012,2025-11-04,14:47:44,clear,highway,daylight,low,bus,119.3,63,minor
ACC04836,12.940634585072257,72.53704283274283,2023-02-11,02:11:48,clear,highway,night_lit,low,car,134.3,87,minor
ACC04837,26.27803366330507,84.70718753044798,2025-01-25,16:04:45,rain,highway,night_lit,moderate,car,107.1,88,moderate
ACC04838,25.09039213464537,80.13668494843976,2026-03-30,10:26:50,rain,expressway,daylight,moderate,motorcycle,135.0,94,minor
ACC04839,19.300018315645872,73.20319315325561,2022-01-08,08:26:25,cloudy,urban,night_unlit,low,truck,47.7,48,minor
ACC04840,16.471039563511574,82.89203356876466,2026-02-28,08:31:12,cloudy,highway,daylight,moderate,car,66.4,68,moderate
ACC04841,17.48672970282449,79.9896288938955,2022-12-04,08:51:57,cloudy,urban,daylight,heavy,car,76.4,54,minor
ACC04842,13.970569373966232,75.27871681777478,2024-03-01,10:41:00,heavy_rain,urban,daylight,moderate,auto,66.4,46,minor
ACC04843,23.54863586089156,86.04323635342111,2023-02-28,09:21:24,clear,rural,daylight,moderate,car,134.0,69,moderate
ACC04844,20.90671770487772,76.66207773280406,2022-08-26,19:43:43,rain,rural,dusk_dawn,low,motorcycle,92.2,80,fatal
ACC04845,15.745654765198319,76.55290616725293,2025-02-27,14:30:47,clear,highway,daylight,moderate,car,135.0,96,severe
ACC04846,21.968089153243035,76.36437730867647,2024-03-02,12:13:41,cloudy,expressway,daylight,moderate,car,114.5,86,severe
ACC04847,27.667683428079595,84.27929243342481,2024-04-16,07:01:29,cloudy,highway,daylight,heavy,car,72.7,73,moderate
ACC04848,13.958322167618867,83.29789872608852,2024-03-05,20:00:55,clear,rural,daylight,heavy,car,95.6,49,minor
ACC04849,19.335760170005244,86.45033096752572,2025-05-12,05:13:14,cloudy,expressway,night_lit,moderate,motorcycle,69.6,91,moderate
ACC04850,19.90654113475403,75.66942751334848,2026-05-06,09:49:08,cloudy,rural,dusk_dawn,low,car,67.9,69,severe
ACC04851,14.668755421180839,84.58183352868494,2024-04-22,16:27:37,clear,highway,daylight,heavy,motorcycle,118.5,77,minor
ACC04852,20.505283375957035,81.16872922444954,2022-09-13,17:27:19,storm,highway,daylight,heavy,car,79.9,98,fatal
ACC04853,21.69563613676944,76.93887375444268,2023-06-22,18:23:28,clear,highway,dusk_dawn,heavy,bus,62.7,91,severe
ACC04854,14.517512621095925,72.567266118524,2024-03-25,12:15:27,heavy_rain,highway,night_lit,heavy,car,76.1,78,moderate
ACC04855,14.475582384142022,85.10316079761776,2022-06-20,11:42:15,cloudy,highway,dusk_dawn,low,car,68.4,95,moderate
ACC04856,25.701579450140095,75.85714194421371,2023-01-12,09:00:59,clear,highway,night_lit,heavy,truck,73.6,73,moderate
ACC04857,16.982198986720718,82.10788857943871,2022-11-29,15:36:22,clear,urban,night_unlit,low,truck,68.1,54,fatal
ACC04858,22.085334193258095,80.781886976957,2026-05-17,11:56:40,rain,highway,night_lit,low,motorcycle,102.3,71,minor
ACC04859,22.028369210803426,72.07119261834855,2023-10-21,10:52:09,rain,urban,daylight,moderate,car,56.1,52,minor
ACC04860,25.42673400932216,87.9094980790362,2025-12-14,01:22:59,rain,rural,night_unlit,low,truck,112.9,78,fatal
ACC04861,23.838314099704377,85.02926969280206,2024-06-24,21:51:59,cloudy,highway,night_unlit,moderate,truck,102.6,88,moderate
ACC04862,25.449222935012443,79.78354033018691,2024-04-11,05:14:04,clear,urban,dusk_dawn,low,motorcycle,28.4,46,minor
ACC04863,22.00343663441065,82.88546192387813,2026-03-22,09:14:38,rain,rural,night_lit,low,motorcycle,61.9,40,moderate
ACC04864,19.191314568223902,79.62550778545236,2025-02-10,21:20:35,heavy_rain,urban,night_unlit,low,car,30.2,44,moderate
ACC04865,18.297064341009197,83.9133803404597,2023-01-29,18:01:10,clear,urban,dusk_dawn,moderate,car,22.7,44,minor
ACC04866,18.06447626658297,74.1492567331023,2023-04-08,16:15:46,rain,rural,daylight,moderate,car,53.2,73,moderate
ACC04867,18.694289566546523,79.14161592374448,2024-12-29,17:51:45,cloudy,urban,daylight,moderate,car,57.8,59,moderate
ACC04868,14.068948034460325,77.36859483316576,2022-01-04,06:45:50,cloudy,urban,dusk_dawn,moderate,bus,61.4,48,minor
ACC04869,18.783333936050674,79.35448389590456,2022-09-08,19:19:36,cloudy,rural,night_lit,low,truck,22.6,42,minor
ACC04870,18.23111851524194,79.20756244576583,2022-05-03,09:18:42,clear,rural,daylight,heavy,car,64.1,46,minor
ACC04871,12.553146613091704,74.28950319646711,2025-03-17,22:20:43,clear,urban,night_unlit,low,car,32.4,45,minor
ACC04872,16.40209208522144,87.62381713134447,2023-12-26,09:07:46,rain,urban,night_unlit,heavy,motorcycle,71.5,40,severe
ACC04873,24.03051159584347,72.24787428461005,2022-01-19,16:09:35,fog,rural,daylight,heavy,motorcycle,27.0,69,moderate
ACC04874,21.247129142554005,72.16116711707838,2025-05-02,15:59:44,cloudy,urban,daylight,heavy,truck,41.2,30,fatal
ACC04875,24.898679948096483,77.97506109653852,2024-12-13,07:41:03,clear,urban,dusk_dawn,moderate,auto,33.2,35,minor
ACC04876,20.68300871009224,81.92602158954908,2025-03-26,11:40:37,clear,highway,daylight,heavy,motorcycle,95.9,70,severe
ACC04877,25.665340247604277,74.87445162903884,2022-09-26,18:16:12,cloudy,highway,daylight,low,car,119.7,82,minor
ACC04878,24.737073593627468,80.53110406246658,2025-12-07,08:51:24,rain,urban,daylight,heavy,bus,65.1,47,moderate
ACC04879,13.572553122275954,83.56435148741566,2022-10-24,22:10:46,clear,rural,night_unlit,low,motorcycle,56.3,76,moderate
ACC04880,27.632101888255878,73.50496974464242,2024-07-26,10:58:06,clear,highway,daylight,moderate,motorcycle,61.3,81,fatal
ACC04881,12.23595915042126,87.75075852825493,2024-07-06,16:30:45,rain,expressway,night_lit,moderate,truck,131.1,99,moderate
ACC04882,21.549408606873897,77.38721036382871,2022-12-26,16:19:15,clear,rural,daylight,heavy,motorcycle,71.0,71,moderate
ACC04883,24.680184149068197,82.27864662059598,2023-09-09,13:45:45,cloudy,rural,dusk_dawn,heavy,car,137.4,47,minor
ACC04884,17.310306237614455,73.77151773098521,2022-03-27,17:25:45,rain,rural,daylight,moderate,truck,124.4,73,severe
ACC04885,21.577116676754528,83.35178221954122,2024-02-13,18:16:00,clear,highway,night_unlit,low,car,139.2,81,fatal
ACC04886,17.793960493559172,85.44730155299978,2025-01-16,16:41:14,cloudy,highway,night_lit,heavy,car,135.6,97,minor
ACC04887,12.96983960012003,73.68456227728996,2023-05-23,15:43:48,clear,highway,daylight,heavy,motorcycle,81.2,75,minor
ACC04888,12.135384305429294,74.01381046992105,2024-06-02,16:36:20,clear,urban,night_lit,low,car,57.6,31,fatal
ACC04889,13.517792481779013,76.49675863019564,2026-04-15,12:27:26,heavy_rain,highway,daylight,heavy,truck,130.3,88,severe
ACC04890,13.574553505920749,72.19097304600527,2023-01-21,06:19:00,rain,rural,dusk_dawn,moderate,auto,86.1,51,minor
ACC04891,21.7742364383,87.77682070939568,2023-04-23,08:24:41,clear,rural,daylight,moderate,auto,37.0,51,minor
ACC04892,20.41384369540021,81.5741451992424,2022-07-17,16:52:05,clear,highway,night_lit,low,car,119.3,76,severe
ACC04893,19.287412802770273,81.72143119941673,2024-06-09,21:21:16,clear,urban,night_lit,heavy,auto,32.0,53,severe
ACC04894,23.070743609638683,87.34339471442618,2022-12-01,02:58:28,heavy_rain,urban,night_lit,low,car,70.0,41,minor
ACC04895,12.269218192199174,85.31246806911084,2025-11-03,15:08:46,rain,rural,night_lit,heavy,motorcycle,97.3,72,minor
ACC04896,16.335735702651696,85.0278868954936,2023-04-23,09:09:29,cloudy,expressway,night_unlit,low,car,98.7,100,minor
ACC04897,24.438283700602046,77.432037918426,2024-12-26,15:19:58,clear,highway,night_unlit,moderate,truck,139.1,67,fatal
ACC04898,26.559633704273896,77.35781429543432,2022-11-07,18:00:31,fog,highway,dusk_dawn,low,car,78.2,74,fatal
ACC04899,19.013385539801305,76.66780735700235,2023-06-14,18:52:15,rain,rural,dusk_dawn,heavy,truck,93.1,73,moderate
ACC04900,13.303743682215462,77.54713218842112,2022-10-09,17:20:11,clear,highway,dusk_dawn,low,truck,106.8,76,moderate
ACC04901,24.779659827655806,77.91214018175761,2024-06-26,18:06:47,cloudy,rural,dusk_dawn,moderate,motorcycle,37.4,72,moderate
ACC04902,26.16272693236374,74.2400590236895,2022-02-15,06:37:27,cloudy,highway,dusk_dawn,moderate,truck,77.1,67,moderate
ACC04903,18.618564331099513,77.6951658032335,2022-05-17,14:57:36,cloudy,urban,daylight,moderate,car,26.3,45,severe
ACC04904,15.893684062724432,79.14795256391564,2024-04-03,09:59:22,clear,urban,night_unlit,moderate,car,31.4,47,moderate
ACC04905,12.703546691567125,76.94955741994653,2024-06-15,21:06:16,clear,rural,night_lit,low,motorcycle,86.6,80,moderate
ACC04906,21.457325150317693,74.64555149052076,2023-06-26,18:47:35,rain,highway,daylight,low,truck,80.5,83,fatal
ACC04907,26.557911848999986,77.97456637085597,2023-12-10,07:21:17,rain,rural,dusk_dawn,low,car,81.4,50,minor
ACC04908,22.84620840832521,79.69452437146298,2023-11-15,09:50:59,cloudy,rural,night_lit,low,truck,77.0,63,severe
ACC04909,17.07597756631575,83.53165418667405,2025-05-29,13:36:43,cloudy,rural,daylight,low,car,99.6,63,fatal
ACC04910,22.286213188639472,83.37980418359473,2024-01-04,22:43:49,clear,expressway,night_lit,low,truck,126.5,86,minor
ACC04911,25.31309451916841,75.2431204973332,2025-10-24,07:50:17,cloudy,rural,dusk_dawn,moderate,car,125.7,64,minor
ACC04912,19.613280949591328,72.5864863226918,2022-12-23,15:53:01,rain,rural,night_lit,low,motorcycle,137.4,80,minor
ACC04913,25.115975839965415,76.86079234891311,2022-11-24,11:08:02,cloudy,urban,night_lit,moderate,motorcycle,66.0,39,severe
ACC04914,18.270554826661666,74.51418087774321,2023-10-25,16:43:51,fog,rural,night_unlit,heavy,motorcycle,138.6,50,severe
ACC04915,17.57609085753233,78.33261566745111,2022-05-14,16:08:52,rain,expressway,daylight,heavy,car,110.9,94,moderate
ACC04916,21.327818014056867,87.66953790644166,2025-01-06,09:56:40,rain,urban,daylight,moderate,motorcycle,52.4,48,moderate
ACC04917,19.4349826831117,74.89714193448353,2023-10-04,18:37:35,cloudy,highway,dusk_dawn,low,car,117.1,100,moderate
ACC04918,27.63379072737733,77.1019830947675,2023-08-25,06:11:12,clear,highway,dusk_dawn,moderate,car,88.6,75,minor
ACC04919,20.262230776450796,83.60182906111316,2024-05-27,19:17:45,heavy_rain,rural,dusk_dawn,low,car,135.3,47,minor
ACC04920,18.162752462656343,80.14692452579075,2022-05-15,08:53:30,rain,expressway,daylight,moderate,bus,133.9,81,minor
ACC04921,18.31893669005658,72.70285029717417,2023-09-11,16:38:36,heavy_rain,highway,night_unlit,heavy,car,96.5,82,fatal
ACC04922,20.767039209809866,74.58704029058114,2026-05-16,11:13:01,cloudy,expressway,daylight,moderate,motorcycle,86.2,83,severe
ACC04923,17.678592608131126,86.96399287637114,2024-10-29,16:49:30,cloudy,highway,night_lit,heavy,car,74.9,67,minor
ACC04924,23.566505631438975,73.65063988382445,2024-07-31,09:43:41,clear,urban,night_lit,low,motorcycle,46.0,47,minor
ACC04925,18.090606843226254,82.16148459535529,2024-04-10,15:04:46,clear,expressway,night_unlit,low,car,81.2,88,moderate
ACC04926,18.146310184403887,84.67721038145459,2024-02-09,00:16:08,cloudy,expressway,night_unlit,low,car,123.1,95,severe
ACC04927,21.871571990028876,76.24702500359878,2026-03-18,11:50:01,fog,urban,night_lit,low,auto,29.1,40,minor
ACC04928,12.97354996313616,83.60124805021904,2026-03-08,19:21:51,rain,expressway,daylight,low,auto,86.7,83,minor
ACC04929,22.485678689842338,74.71832286448289,2023-11-04,13:02:18,cloudy,rural,daylight,heavy,car,113.8,48,moderate
ACC04930,20.079555474538992,76.55600439734064,2026-02-27,14:36:28,cloudy,rural,night_lit,moderate,truck,106.6,43,moderate
ACC04931,19.248417828586266,76.98915249414732,2022-05-16,16:53:37,clear,rural,daylight,heavy,bus,80.7,40,moderate
ACC04932,23.50804785132722,87.94295984902757,2023-06-09,13:33:29,clear,urban,night_lit,heavy,auto,25.4,50,minor
ACC04933,24.132092512077776,75.43315672348731,2023-05-11,19:58:56,storm,highway,dusk_dawn,heavy,car,85.7,72,moderate
ACC04934,25.54017381459935,74.06731943413736,2025-02-18,12:06:50,rain,highway,daylight,heavy,truck,91.0,93,moderate
ACC04935,17.996849933079154,86.81106299970257,2024-09-21,21:40:23,cloudy,highway,night_lit,low,car,86.2,66,minor
ACC04936,17.232603076054097,74.59089110112565,2024-02-16,20:38:11,heavy_rain,highway,night_lit,heavy,motorcycle,101.8,88,minor
ACC04937,23.429473623912312,86.06847871407048,2023-02-25,12:59:58,clear,highway,night_lit,moderate,motorcycle,138.2,99,moderate
ACC04938,21.308877746247134,82.40730604234705,2024-04-12,11:31:42,fog,highway,night_unlit,moderate,truck,135.8,92,severe
ACC04939,22.108824741629064,81.2297839691283,2023-03-18,17:49:45,rain,urban,daylight,moderate,bus,46.1,38,minor
ACC04940,20.888366513693363,84.02141938474523,2024-03-27,18:08:27,clear,highway,dusk_dawn,heavy,car,134.7,91,minor
ACC04941,24.36308837126167,83.6159833143688,2023-07-12,08:02:29,rain,highway,daylight,heavy,car,108.3,66,minor
ACC04942,15.04065421587445,73.76841903069302,2025-12-30,09:42:10,clear,highway,dusk_dawn,low,motorcycle,138.8,63,severe
ACC04943,20.891394123862348,87.99145776650703,2025-05-10,07:00:25,cloudy,highway,dusk_dawn,low,motorcycle,89.3,66,fatal
ACC04944,14.529628623098077,87.07023562317966,2022-10-15,18:52:32,clear,urban,night_unlit,low,motorcycle,79.0,49,fatal
ACC04945,18.51603102865587,86.34547140579066,2026-03-24,17:01:07,clear,rural,daylight,heavy,truck,54.1,52,minor
ACC04946,22.6239011746572,81.95662614307851,2024-12-17,08:41:38,cloudy,rural,daylight,low,truck,26.0,48,moderate
ACC04947,19.889145733026727,80.36466130131703,2023-07-30,15:27:36,cloudy,urban,daylight,moderate,truck,57.3,30,fatal
ACC04948,18.073464586754902,80.5804573421067,2024-05-21,18:38:50,clear,expressway,dusk_dawn,moderate,car,75.9,84,moderate
ACC04949,26.159520022649698,72.23899110765171,2022-11-17,21:37:03,rain,rural,night_lit,heavy,car,54.0,78,minor
ACC04950,24.365211431959654,79.99151203112709,2022-03-18,08:26:13,clear,highway,night_unlit,heavy,bus,132.4,93,severe
ACC04951,20.420652560005998,81.98031308255872,2023-11-22,10:28:25,cloudy,highway,daylight,moderate,motorcycle,125.5,63,minor
ACC04952,27.200850490807806,82.53929934039917,2025-07-08,11:30:52,cloudy,urban,night_lit,moderate,motorcycle,39.1,42,minor
ACC04953,18.7898446309599,77.314231440821,2023-08-01,16:40:14,clear,urban,dusk_dawn,heavy,car,79.9,43,moderate
ACC04954,24.609166841409696,79.54051760469679,2023-09-23,07:42:58,storm,rural,dusk_dawn,low,truck,116.8,46,moderate
ACC04955,14.686979836822687,82.18096970660119,2026-06-14,08:26:57,cloudy,highway,night_unlit,moderate,car,91.1,65,fatal
ACC04956,16.572679633769553,78.85288816440291,2026-06-10,18:21:05,clear,expressway,dusk_dawn,heavy,truck,79.2,95,moderate
ACC04957,17.409369301343276,87.3941631837364,2024-02-01,15:02:21,cloudy,urban,daylight,moderate,car,79.9,41,minor
ACC04958,13.693132043272373,83.287073757632,2022-03-14,08:46:15,cloudy,expressway,daylight,heavy,car,89.6,83,fatal
ACC04959,20.028877041217086,72.02037994001425,2025-01-20,12:13:29,clear,urban,daylight,moderate,car,40.3,57,minor
ACC04960,15.07616214602393,72.37247170371604,2025-03-19,07:26:55,clear,highway,dusk_dawn,moderate,car,94.6,86,minor
ACC04961,22.146974231194537,83.04480325549399,2026-02-09,11:59:22,cloudy,urban,night_lit,heavy,auto,33.1,55,fatal
ACC04962,15.041477753168293,78.60232156072804,2026-04-06,12:47:39,rain,highway,night_unlit,heavy,motorcycle,126.8,62,fatal
ACC04963,13.976100117428405,85.43153518739626,2024-10-29,07:20:08,clear,highway,dusk_dawn,heavy,motorcycle,91.2,97,minor
ACC04964,27.505387641582793,74.7682465517802,2022-06-25,05:28:34,cloudy,rural,night_lit,heavy,car,139.8,53,severe
ACC04965,22.531844892977702,72.22123062483666,2023-02-14,20:19:21,clear,urban,night_unlit,low,motorcycle,31.6,52,moderate
ACC04966,26.983214635335816,78.2093176018194,2025-03-22,20:37:55,clear,highway,night_lit,low,car,98.5,88,severe
ACC04967,19.83820467189171,83.77702566891918,2024-09-24,00:09:46,rain,urban,daylight,heavy,motorcycle,55.3,38,moderate
ACC04968,12.534439409013988,87.5476437340411,2023-12-17,16:57:12,clear,urban,daylight,heavy,auto,38.8,42,severe
ACC04969,21.1899387269031,86.13846206961689,2023-10-22,06:59:37,clear,highway,daylight,heavy,car,74.7,94,moderate
ACC04970,20.933262189371334,79.74519379099422,2025-03-11,19:17:20,clear,highway,dusk_dawn,moderate,truck,118.6,88,moderate
ACC04971,12.239609694985504,85.00507653114187,2023-11-25,20:13:26,cloudy,rural,night_lit,moderate,auto,81.3,67,severe
ACC04972,25.779872710429306,73.12528732588183,2022-09-12,16:32:27,cloudy,highway,night_unlit,moderate,auto,110.2,70,severe
ACC04973,21.919530889862795,81.15635756135813,2026-05-28,16:38:49,cloudy,expressway,dusk_dawn,moderate,truck,71.8,81,minor
ACC04974,23.915058710018336,86.78877460823152,2023-07-28,11:38:17,cloudy,highway,night_lit,moderate,bus,82.6,85,minor
ACC04975,19.902737698520234,78.34216235985184,2023-04-03,09:02:00,cloudy,urban,night_lit,heavy,motorcycle,66.8,41,minor
ACC04976,21.89443900653221,87.36161007460984,2022-04-24,14:42:11,clear,urban,night_unlit,moderate,motorcycle,41.3,52,moderate
ACC04977,16.119518291656387,75.53096154766568,2024-02-09,07:03:49,clear,highway,daylight,low,truck,84.9,73,minor
ACC04978,27.580124284298357,73.69014095253429,2026-06-08,17:20:17,clear,urban,daylight,moderate,car,56.5,50,moderate
ACC04979,18.411520120762642,80.39619737730722,2022-09-20,13:43:03,rain,urban,daylight,low,car,34.9,34,fatal
ACC04980,14.597225941402066,86.51594995169958,2023-02-06,08:53:24,clear,urban,daylight,moderate,motorcycle,48.9,42,moderate
ACC04981,12.894646693994037,76.9804674999159,2022-10-21,16:38:52,clear,rural,daylight,heavy,car,98.1,66,moderate
ACC04982,22.17875092936594,84.80256511038324,2022-06-04,18:09:52,cloudy,expressway,night_lit,moderate,motorcycle,109.2,93,fatal
ACC04983,27.734077618823292,74.7071562540845,2024-09-17,16:40:56,cloudy,highway,daylight,heavy,truck,61.7,98,minor
ACC04984,26.332711949540506,83.92912633601503,2023-05-05,15:02:41,rain,urban,night_unlit,heavy,motorcycle,59.5,48,moderate
ACC04985,23.23367307978262,80.91243106219889,2025-05-18,19:13:49,clear,highway,dusk_dawn,moderate,motorcycle,106.7,79,fatal
ACC04986,27.849566863885773,74.80027160630996,2023-10-20,01:07:46,clear,highway,night_unlit,moderate,motorcycle,80.5,84,minor
ACC04987,23.565252192673704,83.48939599100174,2024-11-11,16:59:01,cloudy,highway,night_lit,moderate,car,132.7,60,severe
ACC04988,17.428017974422335,83.42009781530284,2022-05-27,12:22:25,rain,urban,daylight,moderate,car,79.4,42,moderate
ACC04989,21.61949012896277,80.24696366629504,2023-06-25,08:33:31,storm,rural,daylight,low,car,89.8,41,moderate
ACC04990,13.276266279768985,75.6074822022828,2023-11-11,22:47:27,cloudy,urban,night_lit,heavy,bus,38.3,31,severe
ACC04991,15.546919843560653,74.11670227591995,2022-04-08,12:58:49,cloudy,expressway,night_unlit,low,bus,125.8,90,fatal
ACC04992,18.680643774855874,87.31608077535662,2023-11-20,10:59:58,clear,rural,daylight,low,motorcycle,54.6,61,minor
ACC04993,15.229095897008724,82.49300061214649,2024-02-12,08:09:32,storm,highway,daylight,moderate,motorcycle,104.8,65,moderate
ACC04994,27.25601623725073,84.94786373717415,2023-10-26,23:23:05,rain,highway,night_lit,heavy,auto,83.8,87,minor
ACC04995,27.92956042791439,83.15152846480386,2024-04-08,19:24:21,clear,urban,dusk_dawn,moderate,car,65.3,33,moderate
ACC04996,17.934974721946645,85.27157864307662,2025-08-02,06:47:11,cloudy,highway,night_unlit,heavy,car,81.1,98,minor
ACC04997,23.347663777235176,74.59985311598277,2025-06-19,15:20:28,cloudy,highway,night_unlit,moderate,motorcycle,64.7,68,minor
ACC04998,18.52433169061185,79.9512035927527,2022-01-24,07:13:14,clear,highway,dusk_dawn,low,motorcycle,90.5,98,moderate
ACC04999,14.232147270179302,82.6739963280367,2024-11-17,17:45:04,rain,urban,night_lit,low,auto,56.3,60,severe
ACC05000,17.390829563233737,73.65423839832349,2026-01-24,14:29:10,rain,urban,daylight,low,truck,65.3,45,fatal
